time,bike_x,bike_y,bike_dx,bike_dy,bike_speed,tracked_points,flow_mean,flow_median,flow_p90,flow_p95,flow_std,flow_x,flow_y,flow_std_x,flow_std_y,flow_resultant,flow_resultant_angle,flow_resultant_ratio,flow_coherence,flow_angle,angle_change,angle_change_abs,div_abs_mean,div_normalized_mean,div_abs_p90,div_std,div_pos_fraction,div_neg_fraction,curl_abs_mean,curl_normalized_mean,curl_abs_p90,curl_std,delta_flow_x,delta_flow_y,delta_flow_mean,delta_flow_coherence,delta_div_mean,grid_0_0_x,grid_0_0_y,grid_0_0_abs_x,grid_0_0_abs_y,grid_0_0_mag,grid_0_0_p90,grid_0_1_x,grid_0_1_y,grid_0_1_abs_x,grid_0_1_abs_y,grid_0_1_mag,grid_0_1_p90,grid_0_2_x,grid_0_2_y,grid_0_2_abs_x,grid_0_2_abs_y,grid_0_2_mag,grid_0_2_p90,grid_1_0_x,grid_1_0_y,grid_1_0_abs_x,grid_1_0_abs_y,grid_1_0_mag,grid_1_0_p90,grid_1_1_x,grid_1_1_y,grid_1_1_abs_x,grid_1_1_abs_y,grid_1_1_mag,grid_1_1_p90,grid_1_2_x,grid_1_2_y,grid_1_2_abs_x,grid_1_2_abs_y,grid_1_2_mag,grid_1_2_p90,grid_2_0_x,grid_2_0_y,grid_2_0_abs_x,grid_2_0_abs_y,grid_2_0_mag,grid_2_0_p90,grid_2_1_x,grid_2_1_y,grid_2_1_abs_x,grid_2_1_abs_y,grid_2_1_mag,grid_2_1_p90,grid_2_2_x,grid_2_2_y,grid_2_2_abs_x,grid_2_2_abs_y,grid_2_2_mag,grid_2_2_p90
0.5,0.0,0.0,0.0,0.0,0.0,0,7.167652130126953,6.704180717468262,13.007829666137695,14.393974304199219,3.8024585247039795,-1.2991019487380981,0.7639742493629456,4.941445827484131,6.256573677062988,1.5070907493926171,149.54111914192976,0.21026281996276563,0.14934871638276764,183.08051949503462,0.0,0.0,0.2769327759742737,0.0386364645368056,0.6226034164428711,0.3928608000278473,0.5647376543209877,0.43526234567901234,0.2198265641927719,0.030669252571500813,0.47426456212997437,0.2979736328125,0.0,0.0,0.0,0.0,0.0,0.7865091562271118,-4.755001068115234,1.9689056873321533,4.851982593536377,5.657933712005615,8.338293075561523,-3.0562446117401123,-1.251374363899231,3.4219532012939453,5.674566745758057,6.964190483093262,10.424320220947266,1.9619522094726562,-0.20470641553401947,2.462691068649292,1.5198137760162354,3.1875035762786865,4.8906378746032715,-2.1300253868103027,-4.184500217437744,2.7184414863586426,4.611135482788086,5.568001747131348,12.396132469177246,-6.195835590362549,0.1303544044494629,6.4110026359558105,4.938689231872559,8.630054473876953,10.829505920410156,0.8249941468238831,4.253304481506348,2.97672176361084,4.780470848083496,6.070468902587891,9.917885780334473,-4.689841270446777,-3.2160117626190186,4.689841270446777,3.221113920211792,5.9608235359191895,8.492741584777832,-2.053903341293335,10.159673690795898,5.025005340576172,10.612801551818848,12.146039962768555,15.421581268310547,2.8604772090911865,5.944028377532959,7.6439924240112305,6.023638725280762,10.323854446411133,15.40395736694336
1.0,0.0,0.0,0.0,0.0,0.0,0,8.676286697387695,7.980635166168213,14.508466720581055,16.20111083984375,3.8087525367736816,-7.968648910522461,1.0614573955535889,4.650354385375977,1.8795511722564697,8.039033353690368,172.4126270733012,0.9265522952475516,0.8613249800444185,169.25333072126517,-13.82718877376945,13.82718877376945,0.10073934495449066,0.011610881112762298,0.21349307894706726,0.19091670215129852,0.5192283950617284,0.4807716049382716,0.0735330879688263,0.008475178617113636,0.13794532418251038,0.1756199598312378,-6.669546961784363,0.2974831461906433,1.5086345672607422,0.7119762636616509,-0.027025583424043306,-11.434191703796387,-1.7275505065917969,11.434191703796387,1.7287479639053345,11.580179214477539,16.050037384033203,-4.879432678222656,0.9334077835083008,4.879449844360352,0.96221524477005,5.01932954788208,7.3431196212768555,-9.848404884338379,3.9512076377868652,9.848404884338379,3.9512076377868652,10.616981506347656,14.339035987854004,-11.98921012878418,-0.7184329628944397,11.98921012878418,0.7920987010002136,12.025389671325684,16.835487365722656,-5.8628950119018555,1.1646087169647217,5.8628950119018555,1.1646641492843628,5.998697757720947,6.799605369567871,-6.2783403396606445,2.3082845211029053,6.883247375488281,2.599529266357422,7.553915023803711,10.607705116271973,-12.669622421264648,0.23418661952018738,12.669622421264648,0.45816677808761597,12.682669639587402,16.942752838134766,-6.327963829040527,1.115203857421875,6.327963829040527,1.115203857421875,6.434144496917725,7.195873260498047,-2.4277775287628174,2.2922000885009766,5.2779741287231445,2.3276095390319824,6.175282001495361,9.055497169494629
1.5,0.0,0.0,0.0,0.0,0.0,0,5.435516834259033,5.028738021850586,8.076330184936523,9.08301067352295,1.9266767501831055,-5.203526020050049,1.0226261615753174,1.936545729637146,1.1765514612197876,5.30306018329758,168.881605831016,0.9756312683779021,0.9581607370397406,167.90846738898162,-1.344863332283552,1.344863332283552,0.05344122275710106,0.009831854919189338,0.0952586680650711,0.12996284663677216,0.4285648148148148,0.5714351851851852,0.038581084460020065,0.007097959318034215,0.06525316089391708,0.10943130403757095,2.765122890472412,-0.038831233978271484,-3.240769863128662,0.0968357569953221,-0.0017790261935729593,-5.388017654418945,-0.20375163853168488,5.388017654418945,0.5084307789802551,5.421724796295166,6.991125583648682,-2.9369101524353027,1.4310749769210815,2.9369585514068604,1.4311974048614502,3.2884278297424316,4.588283538818359,-6.906487941741943,2.8237788677215576,6.906487941741943,2.8237788677215576,7.488907814025879,9.894294738769531,-5.702445983886719,-0.14924120903015137,5.702445983886719,0.5399877429008484,5.735606670379639,7.466140270233154,-3.5694739818573,1.565109372138977,3.5694739818573,1.565109372138977,3.910961866378784,4.373711585998535,-6.5400800704956055,1.9494154453277588,6.5400800704956055,1.9494154453277588,6.836310863494873,8.834100723266602,-6.130799770355225,0.00051699741743505,6.130799770355225,0.4192929267883301,6.153651237487793,8.133455276489258,-3.692866802215576,1.3000200986862183,3.692866802215576,1.3000200986862183,3.926682949066162,4.285144805908203,-5.964653968811035,0.486711710691452,5.965536594390869,1.2342231273651123,6.157382488250732,9.46720027923584
2.0,0.0,0.0,0.0,0.0,0.0,0,1.6352481842041016,1.4041544198989868,2.7817065715789795,3.2478508949279785,0.8824217915534973,-0.9919933676719666,0.9578517079353333,0.905480146408081,0.8551491498947144,1.3789600196886798,136.00314283953426,0.8432726194157734,0.8471439708897385,140.28553452851176,-27.62293286046986,27.62293286046986,0.03625932335853577,0.022173576791101525,0.057628754526376724,0.10552426427602768,0.42169753086419753,0.5783024691358025,0.03004510886967182,0.018373413153112316,0.04640673100948334,0.08363427966833115,4.211532652378082,-0.06477445363998413,-3.8002686500549316,-0.11101676615000211,0.012341721871912186,-0.7259030342102051,0.23078152537345886,0.7259030342102051,0.3564735949039459,0.8450774550437927,1.1209555864334106,-0.3731519281864166,1.0058008432388306,0.3734847605228424,1.005859613418579,1.0835288763046265,1.7097309827804565,-1.8063443899154663,1.9806618690490723,1.8063443899154663,1.9806618690490723,2.7130484580993652,3.407808542251587,-1.0084549188613892,0.049558695405721664,1.0084549188613892,0.3141418993473053,1.0853025913238525,1.4768317937850952,-0.610356330871582,1.0988032817840576,0.610356330871582,1.0988032817840576,1.265073537826538,1.643711805343628,-1.6047580242156982,1.7340269088745117,1.7044782638549805,1.7340269088745117,2.463606595993042,3.0891149044036865,-1.4283180236816406,-0.0631721019744873,1.4283180236816406,0.304554283618927,1.4713913202285767,1.930153489112854,-0.851710855960846,0.8985849618911743,0.851710855960846,0.8985849618911743,1.255321741104126,1.5554474592208862,-0.5189430117607117,1.6856188774108887,1.7810556888580322,1.6863079071044922,2.534884452819824,4.601438999176025
2.5,0.0,0.0,0.0,0.0,0.0,0,1.134117841720581,0.7402201890945435,2.483203887939453,2.955226182937622,0.9516071081161499,0.9360508322715759,-0.1419629156589508,0.9424939751625061,0.6380752325057983,0.9467547887487553,351.3761524850902,0.8347940169184046,0.7661082267666212,342.2530614587462,-158.03247306976562,158.03247306976562,0.04374115541577339,0.03856840553800634,0.08578505367040634,0.11093127727508545,0.47137345679012344,0.5286265432098766,0.032362278550863266,0.02853517405791988,0.0638662725687027,0.07227811962366104,1.9280441999435425,-1.099814623594284,-0.5011303424835205,-0.08103574412311731,0.016394828746904816,1.7258764505386353,-0.47173628211021423,1.7258764505386353,0.475534588098526,1.8174976110458374,2.876591205596924,0.30921515822410583,-0.4432624578475952,0.3172624707221985,0.44328415393829346,0.6163806915283203,0.9292712211608887,0.6481546759605408,0.33695489168167114,0.6481546759605408,0.4252626597881317,0.8105000257492065,1.2630112171173096,1.6955556869506836,-0.4343792796134949,1.6956446170806885,0.43439239263534546,1.8117754459381104,2.7441604137420654,0.2285768836736679,-0.4913213849067688,0.23142382502555847,0.49229705333709717,0.5704330801963806,0.7124093770980835,0.5043931007385254,0.26088428497314453,0.5044328570365906,0.3347410559654236,0.6430291533470154,0.8323057889938354,2.0516865253448486,-0.34430447220802307,2.0516865253448486,0.3613820970058441,2.106933116912842,3.296346664428711,0.3014146685600281,-0.3996191620826721,0.30565354228019714,0.40044277906417847,0.5498427748680115,0.7554240822792053,0.9595842361450195,0.7091176509857178,0.9598023891448975,0.7531550526618958,1.28066885471344,3.8172097206115723
3.0,0.0,0.0,0.0,0.0,0.0,0,1.783864974975586,1.0823359489440918,4.1696906089782715,4.8251051902771,1.4554113149642944,0.6398240923881531,0.9648768305778503,1.87751305103302,0.6595292091369629,1.1577401121954276,56.45105355497423,0.6490065831419065,0.6651478156055199,82.53299728134782,100.27993582260166,100.27993582260166,0.05034913495182991,0.028224729692778065,0.11809667944908142,0.09649217128753662,0.300462962962963,0.6995370370370371,0.03629080206155777,0.020343906196234527,0.08212297409772873,0.07531671971082687,-0.29622673988342285,1.1068397462368011,0.6497471332550049,-0.10096041116110122,-0.010343675845228276,2.586343765258789,1.945883870124817,2.586343765258789,1.9499403238296509,3.2980663776397705,4.932777404785156,0.043974146246910095,0.7284170389175415,0.23719269037246704,0.7285146713256836,0.7814086675643921,1.4481308460235596,-1.0719413757324219,1.3464174270629883,1.0719413757324219,1.3464174270629883,1.7511446475982666,2.911426067352295,2.636319398880005,1.4593138694763184,2.636319398880005,1.4593138694763184,3.0569825172424316,4.632219314575195,0.07865863293409348,0.6832572817802429,0.19159959256649017,0.6832572817802429,0.7212612628936768,0.9771785736083984,-0.8926321268081665,0.688927948474884,0.8926321268081665,0.6967417001724243,1.1808511018753052,1.8284597396850586,3.183642864227295,1.111859917640686,3.183642864227295,1.1132302284240723,3.4040369987487793,5.959395408630371,0.2746596336364746,0.5425084829330444,0.28971320390701294,0.5425084829330444,0.6443132758140564,1.017105221748352,-1.0806077718734741,0.17730560898780823,1.0806084871292114,0.42679858207702637,1.2167198657989502,3.1791958808898926
3.5,0.0,0.0,0.0,0.0,0.0,0,2.9360899925231934,2.2601242065429688,5.520113945007324,6.095012664794922,1.6963119506835938,-1.774223804473877,1.9289283752441406,1.625270962715149,1.409948706626892,2.6208080405065455,132.60777648628357,0.8926184303548191,0.902628828473106,129.4515459703903,46.918548689042495,46.918548689042495,0.07408364117145538,0.025232065818161172,0.15451520681381226,0.1892506182193756,0.5868981481481481,0.4130864197530864,0.053796809166669846,0.01832259603113948,0.10927078872919083,0.13354374468326569,-2.41404789686203,0.9640515446662903,1.1522250175476074,0.23748101286758605,-0.0029926638746168924,-3.5840682983398438,2.581096887588501,3.5840682983398438,2.581096887588501,4.451030731201172,6.384861946105957,-1.3037090301513672,1.1408052444458008,1.3037502765655518,1.140821933746338,1.740763783454895,2.562641143798828,-1.4181420803070068,1.9902435541152954,1.4195427894592285,1.9902435541152954,2.5622997283935547,3.324784755706787,-3.494091272354126,3.199035882949829,3.494091272354126,3.199035882949829,4.7694573402404785,6.523171901702881,-1.5263985395431519,1.345460295677185,1.5263985395431519,1.345460295677185,2.0487327575683594,2.3127965927124023,-0.9977312684059143,1.6429213285446167,1.0604162216186523,1.6429213285446167,1.98296058177948,2.155327796936035,-2.7917187213897705,1.7250295877456665,2.8280906677246094,3.215855121612549,4.389396667480469,6.590509414672852,-1.2076694965362549,1.6055763959884644,1.2076694965362549,1.6055763959884644,2.0420851707458496,2.709606647491455,0.3555137813091278,2.1301867961883545,1.0739649534225464,2.130258083343506,2.4380805492401123,4.738361358642578
4.0,0.0,0.0,0.0,0.0,0.0,0,4.2288689613342285,4.021134853363037,6.432450771331787,7.08580207824707,1.6594111919403076,-2.726691246032715,2.7958126068115234,2.009190320968628,1.1613439321517944,3.905305786183418,134.28290580426074,0.9234870651918416,0.8854054982061581,129.7253534280983,0.27380745770798853,0.27380745770798853,0.06097004562616348,0.014417574005261478,0.1172543466091156,0.13347870111465454,0.24618827160493828,0.7538117283950617,0.048518821597099304,0.011473235649410081,0.09501111507415771,0.10962562263011932,-0.9524674415588379,0.8668842315673828,1.2927789688110352,-0.01722333026694789,-0.010814491812899694,-0.9094200134277344,3.7365620136260986,0.948456883430481,3.7365620136260986,3.885610342025757,4.3138251304626465,-2.283383846282959,2.950439691543579,2.283457040786743,2.95047926902771,3.771287441253662,5.486120700836182,-5.888579845428467,3.617276668548584,5.888579845428467,3.617276668548584,6.957192897796631,8.773788452148438,-0.9327880144119263,3.1228792667388916,0.9837520122528076,3.1229019165039062,3.327775001525879,3.866511344909668,-2.8493330478668213,3.3364856243133545,2.8493330478668213,3.3364856243133545,4.401546955108643,4.805796146392822,-4.976689338684082,2.379261016845703,4.976689338684082,2.379261016845703,5.574284553527832,7.013932228088379,-0.6557725667953491,2.132112979888916,0.7751436829566956,2.158440351486206,2.3524250984191895,3.7662458419799805,-2.1964786052703857,2.855684518814087,2.1964786052703857,2.855684518814087,3.6256515979766846,4.107492923736572,-3.847774028778076,1.0316098928451538,3.847774028778076,1.3775578737258911,4.164046287536621,5.729403972625732
4.5,0.0,0.0,0.0,0.0,0.0,0,5.684475421905518,5.544339179992676,8.413578987121582,9.460872650146484,2.096652030944824,-3.926717758178711,3.659712076187134,2.3453500270843506,1.5478805303573608,5.367737403504942,137.01570264819034,0.9442801674926761,0.91049527457243,134.1467191346063,4.4213657065079985,4.4213657065079985,0.06058589369058609,0.01065813088028903,0.11074519157409668,0.16247308254241943,0.22132716049382717,0.7786728395061728,0.04489034414291382,0.0078970059529011,0.07885649800300598,0.14407967031002045,-1.200026512145996,0.8638994693756104,1.455606460571289,0.025089776366271854,-0.0037594431249724485,-2.685436725616455,5.552649974822998,2.685436725616455,5.552649974822998,6.173122406005859,6.457643032073975,-2.4262118339538574,3.387265682220459,2.426245927810669,3.3873090744018555,4.194310188293457,6.393496036529541,-7.534140586853027,4.0252251625061035,7.534140586853027,4.0252251625061035,8.62646198272705,10.764387130737305,-2.948234796524048,4.828018665313721,2.9482853412628174,4.828018665313721,5.675485134124756,6.246431350708008,-2.9778363704681396,4.055118560791016,2.9778363704681396,4.055118560791016,5.057023525238037,5.403233528137207,-6.3447265625,2.806709051132202,6.3447265625,2.806709051132202,7.0061421394348145,9.005220413208008,-2.021273136138916,3.0823464393615723,2.0500967502593994,3.1789655685424805,3.811220169067383,5.424455165863037,-2.6693549156188965,3.6033339500427246,2.6693549156188965,3.6033339500427246,4.515928268432617,4.866611957550049,-5.733246326446533,1.5967413187026978,5.734419345855713,1.7332041263580322,6.100582599639893,9.43911361694336
5.0,0.0,0.0,0.0,0.0,0.0,0,3.5719168186187744,3.438161849975586,5.562551498413086,6.1952338218688965,1.504415512084961,-3.463418960571289,-0.07212512195110321,1.531394124031067,0.822323203086853,3.4641698759820034,181.19300261003806,0.9698349798978702,0.9189180468087086,180.4130215617541,46.26630242714782,46.26630242714782,0.04992535710334778,0.013977185265324335,0.09816353768110275,0.12371804565191269,0.4918827160493827,0.5081172839506173,0.04232676699757576,0.01184987145475343,0.07113392651081085,0.12262538075447083,0.4632987976074219,-3.731837198138237,-2.112558603286743,0.00842277223627863,0.003319054385035306,-5.079894542694092,0.14138126373291016,5.079894542694092,0.19003115594387054,5.086444854736328,6.768185138702393,-1.9591330289840698,0.12084458023309708,1.9592076539993286,0.14502792060375214,1.9699145555496216,3.524773359298706,-4.500247478485107,-1.00335693359375,4.500247478485107,1.0060839653015137,4.632251739501953,5.747547149658203,-4.617128849029541,0.5095900893211365,4.617128849029541,0.5259370803833008,4.665460109710693,6.167446613311768,-2.5054209232330322,0.1609911471605301,2.5054209232330322,0.2509811818599701,2.52205753326416,2.8517777919769287,-3.976901054382324,-0.7908880710601807,3.976901054382324,0.7929902672767639,4.061863422393799,5.314434051513672,-3.1229779720306396,0.9777651429176331,3.1638894081115723,0.9887349605560303,3.5243446826934814,5.469724178314209,-2.320087194442749,0.06664266437292099,2.320087194442749,0.26001572608947754,2.3384392261505127,2.615635395050049,-3.0889790058135986,-0.8320960998535156,3.200322151184082,0.8990124464035034,3.3464767932891846,4.596470355987549
5.5,0.0,0.0,0.0,0.0,0.0,0,4.481760501861572,3.882314443588257,7.558135032653809,8.489786148071289,2.053523063659668,-3.2552239894866943,-2.8245413303375244,2.120539903640747,1.1099234819412231,4.309816347423001,220.94801032639953,0.9616346847701587,0.9432725625255626,223.99847310143144,43.58545153967734,43.58545153967734,0.06477640569210052,0.014453336186049747,0.14364591240882874,0.14335569739341736,0.618641975308642,0.38135802469135804,0.05025288835167885,0.011212753809145243,0.10647521167993546,0.11659422516822815,0.20819497108459473,-2.752416208386421,0.9098436832427979,0.024354515716853986,0.0004761509207254124,-6.076808929443359,-3.637636661529541,6.076808929443359,3.637636661529541,7.114120960235596,9.348712921142578,-1.4316272735595703,-1.8261669874191284,1.4316784143447876,1.826306700706482,2.334808588027954,4.393991947174072,-2.146515130996704,-4.156136989593506,2.146515130996704,4.156136989593506,4.6872878074646,6.041223526000977,-5.6056742668151855,-2.756044387817383,5.6056742668151855,2.7562928199768066,6.297882080078125,8.461724281311035,-1.7615296840667725,-2.194931983947754,1.7615296840667725,2.194931983947754,2.826786994934082,3.2474284172058105,-2.241123676300049,-3.2053916454315186,2.241123676300049,3.2053916454315186,3.9137825965881348,4.491793632507324,-5.439574718475342,-2.1415750980377197,5.439574718475342,2.2032179832458496,5.955501079559326,9.056307792663574,-1.8830491304397583,-2.0737011432647705,1.8830491304397583,2.0737011432647705,2.817690372467041,3.348984718322754,-2.711113214492798,-3.4292898178100586,2.711113214492798,3.4292898178100586,4.387988090515137,5.753446578979492
6.0,0.0,0.0,0.0,0.0,0.0,0,2.477454423904419,2.2141952514648438,3.8829996585845947,4.595433712005615,1.3729889392852783,-0.190015971660614,-2.095545768737793,1.6072570085525513,1.0060746669769287,2.1041430888513726,264.81880988078376,0.8493165680663803,0.8700359978733656,266.01579605300503,42.01732295157359,42.01732295157359,0.04384849965572357,0.017699006501848268,0.09216374158859253,0.09139366447925568,0.6453395061728395,0.3546604938271605,0.03655977174639702,0.014756984684220702,0.0725863054394722,0.0858037993311882,3.0652080178260803,0.7289955615997314,-2.0043060779571533,-0.07323656465219697,0.00324567031579852,-1.6063662767410278,-1.649927020072937,1.6063662767410278,1.6514431238174438,2.3826980590820312,3.03594970703125,0.14187152683734894,-1.5078620910644531,0.2935567796230316,1.5079141855239868,1.5435659885406494,2.6984317302703857,0.8873706459999084,-3.8853600025177,0.8894324898719788,3.8853600025177,4.0067925453186035,4.946898937225342,-0.9943545460700989,-1.3562642335891724,1.0148147344589233,1.3577712774276733,1.7837779521942139,2.2669591903686523,0.39427903294563293,-1.8421332836151123,0.3990434408187866,1.8421332836151123,1.8932048082351685,2.270437240600586,0.9337069392204285,-2.9823131561279297,0.9337069392204285,2.9823131561279297,3.1386220455169678,3.8405191898345947,-2.2177910804748535,-1.217529296875,2.2431161403656006,1.2788413763046265,3.0240938663482666,9.680206298828125,0.34715256094932556,-1.709233045578003,0.36105719208717346,1.709233045578003,1.7642804384231567,2.182143211364746,0.40398725867271423,-2.7092888355255127,0.4435426890850067,2.7092888355255127,2.7600536346435547,3.3329014778137207
6.5,0.0,0.0,0.0,0.0,0.0,0,4.98418664932251,4.455895900726318,7.55812931060791,8.687629699707031,1.8462707996368408,4.273120403289795,-2.484215259552002,1.6748778820037842,1.0073391199111938,4.942760710048844,329.8280539865929,0.9916885256936965,0.9734782067091992,329.03204762725886,63.01625157425383,63.01625157425383,0.045381758362054825,0.009105146426062725,0.08195897191762924,0.10983267426490784,0.6032561728395062,0.39674382716049383,0.027568446472287178,0.005531181490735907,0.04634460061788559,0.08611022680997849,4.463136374950409,-0.388669490814209,2.506732225418091,0.10344220883583355,-0.008593860075785543,3.751666307449341,-1.6936887502670288,3.751666307449341,1.6936887502670288,4.154341697692871,4.8374762535095215,2.422816753387451,-2.055041551589966,2.42289137840271,2.055109977722168,3.178905487060547,5.225268840789795,6.209420680999756,-4.180469989776611,6.209420680999756,4.180469989776611,7.504797458648682,9.428666114807129,4.065873146057129,-1.823169231414795,4.065873146057129,1.823169231414795,4.486219882965088,5.532352447509766,3.288282871246338,-2.4887678623199463,3.288282871246338,2.4887678623199463,4.125098705291748,4.561635494232178,5.769914150238037,-2.988450527191162,5.769914150238037,2.988450527191162,6.5186004638671875,8.405606269836426,4.828643321990967,-2.8357057571411133,4.828643321990967,2.8357057571411133,5.621255397796631,9.961029052734375,3.1016759872436523,-2.2061989307403564,3.1016759872436523,2.2061989307403564,3.8079349994659424,4.019290924072266,5.01978874206543,-2.0864453315734863,5.01978874206543,2.0864453315734863,5.460525035858154,7.044363498687744
7.0,0.0,0.0,0.0,0.0,0.0,0,10.304123878479004,10.298919677734375,16.683185577392578,18.807918548583984,5.293931484222412,4.701739311218262,-7.1886820793151855,4.140774250030518,6.578081130981445,8.589732393277597,303.1865910010524,0.8336208390524058,0.7397775559470743,302.41306072799586,-26.618986899263007,26.618986899263007,0.2103976160287857,0.020418775831047828,0.499050498008728,0.3269859850406647,0.5925617283950617,0.4074382716049383,0.18544238805770874,0.01799690805815253,0.45071664452552795,0.3622889220714569,0.4286189079284668,-4.704466819763184,5.319937229156494,-0.23370065076212487,0.011313629404985103,1.6101411581039429,-3.881880760192871,2.4522011280059814,6.626297950744629,7.385887622833252,11.161115646362305,5.683452606201172,-9.04926586151123,5.683464527130127,9.221256256103516,11.090837478637695,19.8738956451416,0.797623336315155,-1.8059040307998657,2.038600444793701,3.90380597114563,4.6733269691467285,8.403857231140137,1.4709452390670776,-9.31151294708252,1.9701813459396362,9.31151294708252,9.60460090637207,15.915913581848145,7.688023567199707,-13.720760345458984,7.688023567199707,13.720760345458984,15.779004096984863,19.09113121032715,4.937848091125488,-4.629648208618164,5.399160861968994,5.104783535003662,8.488256454467773,14.857451438903809,3.518568754196167,-8.988248825073242,3.57147216796875,8.988248825073242,9.842473983764648,14.881150245666504,7.834481239318848,-12.61964225769043,7.834481239318848,12.61964225769043,14.90646743774414,17.543704986572266,8.774569511413574,-0.6912774443626404,8.774569511413574,6.115241050720215,10.966259002685547,18.241352081298828
7.5,0.0,0.0,0.0,0.0,0.0,0,8.461182594299316,8.014049530029297,15.193522453308105,16.937946319580078,4.323028564453125,-0.9878621697425842,-3.6695973873138428,5.262526035308838,6.938601970672607,3.8002390255599856,254.93306024576748,0.44913804698179893,0.3421774416997168,250.03645961884078,-52.376601109155075,52.376601109155075,0.2817433178424835,0.033298334057224196,0.6148805022239685,0.38094958662986755,0.5144753086419753,0.4855246913580247,0.21562224626541138,0.02548369786121718,0.4780884385108948,0.29827338457107544,-5.689601480960846,3.5190846920013428,-1.8429412841796875,-0.3976001142473575,0.012879558226176369,-2.4565305709838867,-2.0600810050964355,5.106822490692139,3.6930747032165527,7.229428768157959,9.57755184173584,0.0691390112042427,-4.290348529815674,5.217656135559082,6.869632720947266,9.67254638671875,16.306468963623047,-1.0404421091079712,-4.649966716766357,1.9960533380508423,6.489501476287842,7.34028959274292,15.555013656616211,-0.7162086963653564,2.106618642807007,5.339511394500732,2.46098256111145,6.175395965576172,9.93015193939209,-0.24335452914237976,-8.495217323303223,2.26992130279541,8.565698623657227,9.283162117004395,18.557798385620117,-4.023238182067871,-6.171658515930176,4.619819641113281,7.234649181365967,10.007347106933594,17.879758834838867,-0.10945159941911697,4.383251190185547,6.632162094116211,4.826931953430176,8.678730964660645,12.691690444946289,2.754192590713501,-7.106256484985352,3.685344934463501,7.106256484985352,8.741392135620117,13.982772827148438,-3.124866008758545,-6.74271821975708,3.919785976409912,6.743679523468018,9.022353172302246,14.720932006835938
8.0,0.0,0.0,0.0,0.0,0.0,0,5.875889778137207,5.643224716186523,9.840738296508789,11.199706077575684,2.9809460639953613,0.21062840521335602,0.8508954644203186,4.719475269317627,4.513345241546631,0.8765771024010331,76.09663297395487,0.14918201931945163,0.1245010729395008,78.49204137117951,-171.54441824766127,171.54441824766127,0.31438469886779785,0.05350417676883113,0.6832582354545593,0.436707466840744,0.4927314814814815,0.5072685185185185,0.2318108081817627,0.03945117718053501,0.50413978099823,0.3159298002719879,1.1984905749559402,4.520492851734161,-2.5852928161621094,-0.217676368760216,0.020205842711606935,-2.3109569549560547,7.047787189483643,4.727080821990967,7.047787189483643,8.712230682373047,11.952178955078125,4.060835838317871,-3.337768077850342,4.697813510894775,4.449911117553711,7.200423240661621,12.104829788208008,1.2318400144577026,-1.1962450742721558,3.315768241882324,2.4813406467437744,4.502186298370361,6.535890579223633,-2.367262125015259,4.807290554046631,3.6651451587677,4.946381092071533,6.533404350280762,8.909392356872559,4.698835849761963,-1.7758615016937256,4.80518913269043,2.782646417617798,6.209208011627197,10.826288223266602,1.1420856714248657,1.6931356191635132,2.408160448074341,2.549697160720825,3.7679004669189453,6.562994480133057,1.0846691131591797,0.5111647248268127,3.7751235961914062,2.1124439239501953,4.82484245300293,10.147110939025879,-2.62790846824646,0.22419890761375427,4.18516206741333,3.146738290786743,5.682190895080566,8.791229248046875,-3.0164833068847656,-0.31564217805862427,3.3616249561309814,3.855435848236084,5.450618267059326,8.184308052062988
8.5,0.0,0.0,0.0,0.0,0.0,0,6.482998847961426,5.37543249130249,12.62161922454834,15.689595222473145,4.4372992515563965,-1.1744799613952637,0.549301028251648,4.746443271636963,6.124462604522705,1.2965858241386636,154.93463808786217,0.1999978489193121,0.1628292803498891,142.83116407127397,64.33912270009446,64.33912270009446,0.40108904242515564,0.06186781610850689,0.8831299543380737,0.6070694327354431,0.5046913580246913,0.49530864197530866,0.3232303857803345,0.04985815106597203,0.6802312731742859,0.5887944102287292,-1.3851083666086197,-0.30159443616867065,0.6071090698242188,0.03832820741038831,0.008363639339675759,-0.057959865778684616,8.398865699768066,2.872257709503174,9.91136360168457,10.903223991394043,20.479524612426758,-4.526995658874512,-3.0706021785736084,6.133788585662842,3.811948299407959,8.193501472473145,14.85528564453125,1.3098000288009644,1.9812126159667969,1.9061685800552368,2.788780927658081,3.9810264110565186,8.051854133605957,-3.673931837081909,1.5671929121017456,3.8111298084259033,2.2212884426116943,4.742841720581055,7.364302635192871,1.1282607316970825,-3.83833909034729,4.334875106811523,5.115288734436035,7.491085052490234,13.71041202545166,1.7681617736816406,-1.5738617181777954,3.390951156616211,2.2800753116607666,4.579205513000488,7.625333786010742,-3.636476755142212,2.125544548034668,4.254322052001953,2.379725933074951,5.427650451660156,8.933721542358398,-0.819381594657898,-0.7691836953163147,2.526533842086792,7.8774333000183105,8.45630168914795,15.558514595031738,-2.0617973804473877,0.12288070470094681,3.4511568546295166,2.3205089569091797,4.572154998779297,10.881169319152832
9.0,0.0,0.0,0.0,0.0,0.0,0,9.654409408569336,8.989904403686523,15.854869842529297,18.900663375854492,4.879823207855225,1.6267634630203247,-3.768838882446289,8.767794609069824,4.826548099517822,4.10493677009243,293.3467270881497,0.42518776616712084,0.43320877028299337,276.1793158521501,133.34815178087615,133.34815178087615,0.35539743304252625,0.03681192512046852,0.7893408536911011,0.5591367483139038,0.4058024691358025,0.5941975308641976,0.33041906356811523,0.03422467551978446,0.7364168763160706,0.6127384901046753,2.8012434244155884,-4.318139910697937,3.17141056060791,0.27037948993310423,-0.02505589098803837,7.758155345916748,-4.2036333084106445,8.471176147460938,5.104298114776611,10.952649116516113,19.335283279418945,5.414567947387695,-1.2977688312530518,9.195731163024902,2.0923328399658203,9.968886375427246,21.839038848876953,-2.875606060028076,3.7446210384368896,5.395784854888916,5.005949974060059,8.503914833068848,12.137670516967773,2.1678647994995117,-2.9947445392608643,7.699182510375977,5.8013081550598145,10.527811050415039,17.388036727905273,7.428494930267334,-3.3943674564361572,7.799725532531738,3.4041872024536133,9.215514183044434,18.788612365722656,-4.1752705574035645,-4.031863212585449,4.88576078414917,4.071920394897461,6.690117359161377,10.457387924194336,-0.5418312549591064,-8.063802719116211,3.7568957805633545,8.105059623718262,9.375044822692871,12.618294715881348,7.3126630783081055,-7.65806770324707,7.429596424102783,7.662392616271973,11.307476043701172,15.031787872314453,-7.848167419433594,-6.019924163818359,7.852365493774414,6.019924163818359,10.348272323608398,16.021900177001953
9.5,0.0,0.0,0.0,0.0,0.0,0,7.794919013977051,6.437968730926514,14.949990272521973,18.42229461669922,4.937960147857666,2.483145236968994,2.2662224769592285,6.861547946929932,5.173161029815674,3.3618112057278027,42.384888354845145,0.43128237762313465,0.1862286253939291,54.80175667667124,138.6224408245211,138.6224408245211,0.3223244547843933,0.04135057886500877,0.6943334937095642,0.4733971357345581,0.46217592592592593,0.5378240740740741,0.30014944076538086,0.0385057755855331,0.6319319009780884,0.5074464678764343,0.8563817739486694,6.035061359405518,-1.8594903945922852,-0.24698014488906428,0.0045386537445402525,7.210390567779541,7.422521591186523,8.95416259765625,7.422533988952637,12.058066368103027,22.200428009033203,4.4689788818359375,3.441073179244995,6.073242664337158,5.266424655914307,8.361440658569336,19.36656951904297,4.046001434326172,3.5055489540100098,4.20229434967041,4.152935981750488,6.417457103729248,9.472838401794434,6.974114894866943,2.5777132511138916,8.348846435546875,3.607400417327881,9.540905952453613,15.221479415893555,4.186107158660889,0.6363071203231812,6.216464996337891,5.7404656410217285,9.016403198242188,16.7280216217041,-1.2570654153823853,4.448450088500977,3.3565657138824463,4.646083354949951,6.133634090423584,10.452289581298828,3.1990294456481934,-1.6919493675231934,5.188129425048828,3.155735492706299,6.754525661468506,11.904947280883789,-1.4795016050338745,-1.8744902610778809,3.185452938079834,3.847440242767334,5.54917049407959,8.092789649963379,-4.999748229980469,1.9308260679244995,5.207989692687988,3.098827600479126,6.322666645050049,10.5997314453125
10.0,0.0,0.0,0.0,0.0,0.0,0,7.121249198913574,7.015038967132568,11.3611478805542,12.726017951965332,3.2814254760742188,-0.64412921667099,-3.8166704177856445,5.407357215881348,4.154340744018555,3.870642779406184,260.4206125044497,0.5435342411548656,0.48848883763004824,259.95839826278416,-154.84335841388707,154.84335841388707,0.3374745845794678,0.04738979465023617,0.7478978633880615,0.47450634837150574,0.49949074074074074,0.5005092592592593,0.23955103754997253,0.03363890199876964,0.5288605690002441,0.3355865180492401,-3.127274453639984,-6.082892894744873,-0.6736698150634766,0.30226021223611915,0.0060392157852273975,-3.070726156234741,-4.821815490722656,3.4951069355010986,5.122004985809326,6.445319175720215,11.86913776397705,-2.5725889205932617,-1.023524522781372,5.279372215270996,3.3471038341522217,6.586750030517578,11.935829162597656,-1.715149164199829,-1.382581353187561,4.176172733306885,5.4498724937438965,7.558299541473389,10.186324119567871,-0.49816566705703735,-6.482410907745361,3.9222171306610107,6.482410907745361,7.9653754234313965,11.247819900512695,-1.1725624799728394,-3.4813570976257324,3.6211583614349365,3.798945903778076,5.765836715698242,9.062393188476562,2.0177435874938965,-1.4311357736587524,5.001447677612305,2.4717178344726562,6.082113265991211,10.300077438354492,-2.098392963409424,-7.111774444580078,5.471128463745117,7.111774444580078,9.860979080200195,12.719744682312012,0.5681737065315247,-5.572023868560791,3.314157009124756,5.580345153808594,7.0028910636901855,11.18162727355957,2.7445051670074463,-3.04341197013855,5.093368053436279,3.2515430450439453,6.823676586151123,12.100126266479492
10.5,0.0,0.0,0.0,0.0,0.0,0,8.585922241210938,7.76195764541626,14.591375350952148,15.904646873474121,3.9259438514709473,2.4787440299987793,5.386895179748535,5.019874572753906,5.3636860847473145,5.929823913393432,65.29079089746467,0.6906449588992671,0.6044546651352062,63.45206470159472,163.49366643881058,163.49366643881058,0.30093327164649963,0.03504961122900241,0.681281566619873,0.43126237392425537,0.4880401234567901,0.5119598765432098,0.22940219938755035,0.02671840790358569,0.5100579857826233,0.3219890892505646,3.1228732466697693,9.20356559753418,1.4646730422973633,0.11596582750515794,-0.01234018342123376,-1.3280020952224731,1.771540880203247,3.9315481185913086,2.872925043106079,5.18671178817749,8.277799606323242,4.811147689819336,6.317202568054199,5.764610290527344,6.453290939331055,9.61742877960205,13.976531982421875,-3.5465645790100098,8.146711349487305,3.9358420372009277,8.150070190429688,9.530604362487793,14.953035354614258,2.390406608581543,4.776980876922607,3.611377000808716,4.792602062225342,6.583614349365234,9.497629165649414,5.663569927215576,6.449532985687256,5.766932964324951,6.670841693878174,10.196615219116211,15.287453651428223,2.175269842147827,3.165083646774292,2.657637357711792,4.236876487731934,5.812302589416504,10.201786994934082,5.7586798667907715,7.939178466796875,7.254540920257568,7.953038215637207,11.282098770141602,17.522098541259766,3.237119197845459,9.838125228881836,4.398575305938721,9.838125228881836,11.325247764587402,16.59542465209961,3.1470699310302734,0.07770214229822159,3.3761229515075684,6.24341344833374,7.738667964935303,13.080788612365723
11.0,0.0,0.0,0.0,0.0,0.0,0,10.691805839538574,10.203452110290527,16.939407348632812,18.341388702392578,4.519769668579102,1.3550763130187988,5.733921527862549,7.965708255767822,6.047845363616943,5.891866249482434,76.70345709607521,0.551063715326195,0.49221328984691126,84.87983063941445,21.427765937819743,21.427765937819743,0.31137001514434814,0.02912230082504801,0.6960583925247192,0.4332018196582794,0.5545061728395062,0.44549382716049385,0.2566930651664734,0.024008389696792493,0.5525097250938416,0.37630507349967957,-1.1236677169799805,0.34702634811401367,2.1058835983276367,-0.11224137528829492,-0.005927310403954399,-7.440743446350098,-2.290708303451538,9.297933578491211,2.634303331375122,9.786907196044922,12.258481979370117,14.054303169250488,6.821835041046143,14.054303169250488,6.826000213623047,16.01359748840332,20.31826400756836,5.894181728363037,6.866424083709717,5.894181728363037,6.866424083709717,9.188138008117676,13.193371772766113,-5.631693363189697,1.0635005235671997,5.7371063232421875,3.3092057704925537,7.34745979309082,10.309152603149414,8.929048538208008,7.245927810668945,8.930355072021484,7.251141548156738,12.322697639465332,18.337411880493164,2.7623589038848877,7.505346775054932,3.0578064918518066,8.770831108093262,9.50369930267334,15.698277473449707,-1.709350347518921,6.694863796234131,2.9618351459503174,6.694863796234131,7.743366241455078,13.817770004272461,1.6589127779006958,10.628604888916016,2.598050594329834,10.628604888916016,11.362634658813477,17.23940086364746,-6.321331977844238,7.069502830505371,6.506242275238037,10.10789680480957,12.95775032043457,17.040803909301758
11.5,0.0,0.0,0.0,0.0,0.0,0,7.963651657104492,7.662250995635986,13.843618392944336,14.856555938720703,3.7763302326202393,-2.041461229324341,6.732016563415527,3.226091146469116,4.217242240905762,7.034743133969815,106.86974943635737,0.8833564596831677,0.8096488416446193,108.63449341420284,23.754662774788386,23.754662774788386,0.18012550473213196,0.022618453175684318,0.4172080457210541,0.30302590131759644,0.4725462962962963,0.5274537037037037,0.1712626963853836,0.02150554572876777,0.40889906883239746,0.26876235008239746,-3.3965375423431396,0.9980950355529785,-2.728154182434082,0.317435551797708,-0.006503847649363691,-3.2726361751556396,11.18291187286377,3.6695237159729004,11.18291187286377,11.821653366088867,16.39258575439453,-2.6715517044067383,7.0015411376953125,2.6715517044067383,7.001543045043945,7.548244953155518,10.473307609558105,-1.8440033197402954,2.9578049182891846,3.3165183067321777,3.735560655593872,5.281833648681641,8.519538879394531,-3.6028106212615967,9.80976676940918,3.6028106212615967,9.80976676940918,10.723346710205078,14.534000396728516,-2.3308045864105225,6.773982048034668,2.343637704849243,6.773982048034668,7.31007719039917,9.305850982666016,-2.129669189453125,2.612308979034424,3.328866958618164,3.0924763679504395,4.715704441070557,8.525772094726562,-3.4355409145355225,9.109869003295898,3.4355409145355225,9.109869003295898,10.16341781616211,13.869318962097168,1.4267452955245972,7.0872039794921875,3.8119993209838867,7.0872039794921875,8.619694709777832,12.19544792175293,-0.5128805637359619,4.052764415740967,2.8645646572113037,4.166530132293701,5.488888263702393,7.933757305145264
12.0,0.0,0.0,0.0,0.0,0.0,0,9.343409538269043,8.299840927124023,16.68639373779297,17.056055068969727,5.263041019439697,-5.383856773376465,2.801812171936035,7.4778547286987305,4.716411113739014,6.069272213621709,152.50708636409382,0.6495778857560492,0.3981798746334665,149.77866859740504,41.14417518320221,41.14417518320221,0.22983096539974213,0.024598187616651654,0.555057168006897,0.3445541560649872,0.4386574074074074,0.5613425925925926,0.18967249989509583,0.020300135493161633,0.45212453603744507,0.2851043939590454,-3.342395544052124,-3.930204391479492,1.3797578811645508,-0.41146896701115276,0.001979734440967336,-2.270536422729492,7.460294246673584,5.250769138336182,7.460294246673584,9.764713287353516,14.47015380859375,-12.9370698928833,3.842399835586548,12.9370698928833,6.017739772796631,14.384114265441895,17.452587127685547,1.0736347436904907,-1.3652784824371338,4.378050804138184,3.8192451000213623,6.177079677581787,9.513553619384766,-5.973730087280273,7.2483415603637695,8.187536239624023,7.253002166748047,11.625160217285156,17.006351470947266,-12.2549409866333,2.753690004348755,12.2549409866333,5.475771903991699,13.808233261108398,16.381715774536133,-0.2907218337059021,-0.2642803192138672,2.1153502464294434,2.5461623668670654,3.6057677268981934,6.024543762207031,-6.866304397583008,1.6816569566726685,7.602968692779541,3.5848007202148438,8.893627166748047,15.984041213989258,-10.32708740234375,2.6602256298065186,10.508838653564453,4.645512580871582,11.795913696289062,15.264639854431152,1.3920462131500244,1.1992591619491577,2.4167940616607666,2.562927722930908,4.03607702255249,6.847333908081055
12.5,0.0,0.0,0.0,0.0,0.0,0,6.904118537902832,6.416260242462158,12.805282592773438,14.155974388122559,3.837449789047241,-2.5715460777282715,0.5780267715454102,5.304049015045166,5.226181983947754,2.6357094260374887,167.3317283535009,0.381759005377405,0.29097599816654524,168.87480100699844,19.096132409593395,19.096132409593395,0.2719065845012665,0.039383238225892556,0.5801554918289185,0.36860352754592896,0.49950617283950616,0.5004938271604938,0.2236975133419037,0.032400585203345586,0.4816097319126129,0.2955596148967743,2.8123106956481934,-2.223785400390625,-2.439291000366211,-0.10720387646692126,0.014785050609240902,-2.054671287536621,7.914224624633789,2.475449323654175,8.048605918884277,8.813740730285645,14.429377555847168,-0.13278605043888092,0.8690005540847778,3.571657419204712,1.618683934211731,4.426026344299316,8.11982536315918,-5.76962423324585,-4.371783256530762,5.832613945007324,4.530185222625732,7.905666351318359,11.827594757080078,-0.9434149265289307,4.287826061248779,1.8658583164215088,4.725348472595215,5.513907432556152,9.2308349609375,-6.992852687835693,-3.8848717212677,7.441259860992432,3.907761573791504,9.28410816192627,14.694341659545898,-4.3293585777282715,-2.0442306995391846,4.404087543487549,3.0525333881378174,6.151941299438477,9.549978256225586,2.4178309440612793,2.323244571685791,3.1008498668670654,3.2388417720794678,4.865882873535156,7.121989727020264,-7.064508438110352,-2.0037038326263428,7.536211013793945,3.825005531311035,9.408309936523438,14.301362991333008,1.7254718542099,2.1125354766845703,4.2897844314575195,3.3664350509643555,5.767487049102783,13.756576538085938
13.0,0.0,0.0,0.0,0.0,0.0,0,10.370612144470215,11.188112258911133,15.70167350769043,16.3842830657959,4.190386772155762,-4.300045013427734,5.567661285400391,3.931447744369507,7.7565083503723145,7.034858868978898,127.67981275483864,0.6783455760352587,0.6319220346149154,133.63020739371484,-35.2445936132836,35.2445936132836,0.20638468861579895,0.019900914800379643,0.4759199023246765,0.3333044648170471,0.2659104938271605,0.7340895061728395,0.16899031400680542,0.01629511309048433,0.4096660912036896,0.25958842039108276,-1.728498935699463,4.9896345138549805,3.466493606567383,0.3409460364483701,-0.019482323425512912,-2.751878499984741,14.49073600769043,4.6323442459106445,14.49073600769043,15.421977043151855,16.74115753173828,-9.511861801147461,9.185517311096191,9.5126953125,9.194872856140137,13.449956893920898,16.358623504638672,-2.591787815093994,4.728588104248047,2.633518934249878,4.908695697784424,6.126062393188477,10.036275863647461,-2.583477020263672,11.811269760131836,3.5472350120544434,11.811269760131836,12.541487693786621,14.016018867492676,-6.589681148529053,6.627792835235596,6.946076393127441,7.2095136642456055,10.231792449951172,13.362186431884766,-2.874685764312744,-0.36995381116867065,3.5497145652770996,2.7321488857269287,4.912998199462891,7.611921310424805,-2.330798387527466,10.44970703125,2.8706271648406982,10.44970703125,10.997170448303223,12.099528312683105,-4.306789398193359,1.651268482208252,5.064615726470947,6.094766616821289,8.514036178588867,11.756101608276367,-5.159444808959961,-8.465975761413574,5.193171501159668,8.956901550292969,11.140029907226562,16.304330825805664
13.5,0.0,0.0,0.0,0.0,0.0,0,11.197335243225098,10.449268341064453,18.819717407226562,20.954891204833984,6.130954742431641,5.563238620758057,6.487625598907471,6.098607540130615,7.262023448944092,8.546280469484577,49.38640399832903,0.7632423504204243,0.518949994831115,46.402376210960675,-87.22783118275416,87.22783118275416,0.22398784756660461,0.020003672543291495,0.5078212022781372,0.35107457637786865,0.45314814814814813,0.5468518518518518,0.21156375110149384,0.01889411432379729,0.4857836663722992,0.42667916417121887,9.863283634185791,0.9199643135070801,0.8267230987548828,-0.11297203978380033,0.00010275774291185202,4.812752723693848,6.688774108886719,7.8411970138549805,7.433945178985596,11.064030647277832,23.955062866210938,6.902116775512695,11.654722213745117,7.401553630828857,11.654746055603027,13.944036483764648,19.2258358001709,-1.5663326978683472,-4.055264949798584,3.604485034942627,4.2724199295043945,6.175485134124756,9.524592399597168,8.662585258483887,7.237198829650879,8.753036499023438,7.265758991241455,11.505048751831055,21.178102493286133,8.389389038085938,13.514245986938477,8.457646369934082,13.514245986938477,16.467914581298828,18.157344818115234,-0.16618739068508148,-0.4983116388320923,2.066692590713501,4.585519790649414,5.561161041259766,9.955460548400879,10.4892578125,5.46709680557251,10.4892578125,5.483726978302002,12.075958251953125,18.102746963500977,8.73766040802002,12.824369430541992,8.73766040802002,12.824369430541992,15.825026512145996,17.978010177612305,3.8079068660736084,5.555798530578613,3.968864917755127,6.081634044647217,8.157352447509766,12.808428764343262
14.0,0.0,0.0,0.0,0.0,0.0,0,10.0611572265625,10.292341232299805,13.956640243530273,14.440657615661621,3.2483270168304443,9.091679573059082,2.8725883960723877,4.099581718444824,2.0153310298919678,9.534694622924716,17.534345346022317,0.9476737524538561,0.8828189467203107,20.085747327968537,-26.31662888299215,26.31662888299215,0.1339033544063568,0.013308940321884422,0.31169968843460083,0.22540266811847687,0.4291358024691358,0.5708641975308641,0.10971401631832123,0.0109047103571699,0.2524610161781311,0.24568569660186768,3.5284409523010254,-3.615037202835083,-1.1361780166625977,0.36386895188919566,-0.006694732221407073,6.7154927253723145,3.96604323387146,8.114883422851562,4.229761600494385,9.209550857543945,14.600593566894531,6.602713108062744,3.8435137271881104,6.602715969085693,3.8435356616973877,7.672181129455566,10.311356544494629,12.668411254882812,1.1341379880905151,12.668411254882812,1.4542754888534546,12.803421974182129,14.875502586364746,8.221090316772461,3.0120630264282227,8.918495178222656,3.4831058979034424,9.72645378112793,13.752398490905762,7.956165313720703,3.975539445877075,7.956165313720703,3.975539445877075,8.975674629211426,10.765673637390137,12.01342487335205,1.3471235036849976,12.01342487335205,1.5148520469665527,12.233354568481445,14.411149978637695,8.505743026733398,3.0781991481781006,8.634298324584961,3.078223466873169,9.63359546661377,12.828338623046875,8.071934700012207,3.0939579010009766,8.071934700012207,3.0939579010009766,8.749272346496582,11.215498924255371,11.070134162902832,2.402719020843506,11.070134162902832,2.6080217361450195,11.546915054321289,13.943218231201172
14.5,0.0,0.0,0.0,0.0,0.0,0,8.0962495803833,6.645711898803711,17.17146110534668,17.86144256591797,4.909969806671143,3.3853423595428467,-5.526556968688965,3.283752679824829,6.072121620178223,6.48100106615326,301.4899286560515,0.8004942290633326,0.750774973784401,304.6445364075962,-75.44121092037233,75.44121092037233,0.24904415011405945,0.030760430107916566,0.5498639941215515,0.39068955183029175,0.5162962962962963,0.4837037037037037,0.22317954897880554,0.02756579070311329,0.5014153718948364,0.33461683988571167,-5.706337213516235,-8.399145364761353,-1.9649076461791992,-0.13204397293590975,0.017451489786032143,2.1798834800720215,-4.366392612457275,3.4092776775360107,4.624173641204834,6.275850772857666,9.89332103729248,4.907497406005859,-5.289393424987793,4.931246757507324,5.313587188720703,7.681332588195801,13.570941925048828,0.45057010650634766,-5.301278114318848,1.4000906944274902,5.307656764984131,5.672079563140869,8.553141593933105,2.776676654815674,-0.7159281969070435,2.9174866676330566,5.264128684997559,6.491443634033203,9.99059772491455,5.661118507385254,-10.691486358642578,5.666163921356201,10.785103797912598,12.579195976257324,18.600772857666016,3.5817830562591553,-2.8127388954162598,3.6402246952056885,3.555323600769043,5.6273040771484375,8.117788314819336,2.6095004081726074,-0.8837962746620178,4.07138204574585,3.15529727935791,5.6727375984191895,10.13312816619873,5.298071384429932,-12.954304695129395,5.392426013946533,12.954304695129395,14.1643705368042,17.854564666748047,3.002981662750244,-6.723695755004883,3.0706076622009277,7.434136867523193,8.701939582824707,14.659567832946777
15.0,0.0,0.0,0.0,0.0,0.0,0,6.524899482727051,6.133066654205322,10.83605670928955,13.784428596496582,3.6152279376983643,-0.33656251430511475,-2.2113678455352783,4.502363204956055,5.510851860046387,2.2368330456926637,261.3461916437743,0.3428149432208249,0.3510431853315855,263.21958175027163,-41.42495465732458,41.42495465732458,0.30197247862815857,0.0462800129178293,0.6771054863929749,0.4255678653717041,0.5033179012345679,0.4966820987654321,0.21839237213134766,0.03347060582908256,0.48081791400909424,0.2954319417476654,-3.7219048738479614,3.3151891231536865,-1.57135009765625,-0.39973178845281543,0.015519582809912735,-4.155974864959717,-3.0852339267730713,4.752592086791992,3.143113613128662,6.46400785446167,9.512151718139648,3.3356316089630127,6.6405348777771,3.552856922149658,7.529767036437988,8.680619239807129,17.514507293701172,2.0371620655059814,-3.667680501937866,2.190744638442993,4.1393351554870605,5.224453449249268,8.10239315032959,-4.371639728546143,-2.2957117557525635,4.720076084136963,3.0169527530670166,6.145297527313232,8.426766395568848,0.9305192232131958,-4.600137233734131,2.6728882789611816,4.710630416870117,5.88032341003418,8.281517028808594,1.2013598680496216,-3.735663890838623,1.84569251537323,4.26563024520874,5.1259355545043945,8.863028526306152,-3.6075825691223145,-5.311332702636719,3.937466859817505,5.584339141845703,7.228075981140137,12.775955200195312,0.5360527038574219,-6.2604546546936035,5.8786516189575195,6.27218770980835,9.469791412353516,15.992680549621582,1.0654091835021973,2.4133670330047607,1.7139580249786377,3.8800997734069824,4.505590438842773,7.017518520355225
15.5,0.0,0.0,0.0,0.0,0.0,0,8.397127151489258,8.0033540725708,13.79251766204834,15.18863582611084,3.8918185234069824,3.0883915424346924,-0.6477135419845581,7.210044860839844,4.869861125946045,3.1555815869427812,348.15530142728323,0.3757929980116031,0.30188212118713753,345.0013257374014,81.78174398712974,81.78174398712974,0.3862035572528839,0.04599233812864813,0.8624569773674011,0.5491011738777161,0.47555555555555556,0.5244444444444445,0.2880952060222626,0.034308778051835256,0.6378152370452881,0.42940765619277954,3.424954056739807,1.5636543035507202,1.872227668762207,-0.049161064144447986,-0.00028767478918117345,9.097311973571777,0.5311480760574341,9.097311973571777,2.0172054767608643,9.409875869750977,14.232771873474121,-0.8054279685020447,-5.331838607788086,3.0561251640319824,5.672619342803955,6.892032146453857,10.33249282836914,-1.743444800376892,0.1820690631866455,3.1019630432128906,3.9406919479370117,5.496098518371582,8.331928253173828,9.8167142868042,-0.22990410029888153,9.817119598388672,3.4854624271392822,10.765145301818848,15.500332832336426,-0.1528049111366272,-0.3051019608974457,6.204470634460449,3.081779718399048,7.302618503570557,10.504709243774414,-0.5310721397399902,3.4642715454101562,4.579520225524902,6.825200080871582,8.620779991149902,13.885908126831055,9.470663070678711,-0.4505802392959595,9.68882942199707,2.2463459968566895,10.20900821685791,18.580156326293945,0.7956748604774475,-2.8516674041748047,7.236175060272217,3.2953011989593506,8.357834815979004,13.27376937866211,1.847908616065979,-0.8378183841705322,5.924194812774658,5.763374328613281,8.520746231079102,13.794254302978516
16.0,0.0,0.0,0.0,0.0,0.0,0,6.382197380065918,5.540134906768799,11.533699989318848,13.95767879486084,3.801109790802002,-0.33103811740875244,0.4431672692298889,5.499065399169922,4.963383197784424,0.5531577204506937,126.75908126437537,0.0866719857612709,0.09440039128147802,103.96376138789724,118.96243565049588,118.96243565049588,0.35438525676727295,0.05552714529748176,0.7794206738471985,0.5135294795036316,0.4720987654320988,0.5279012345679013,0.27424153685569763,0.04296976065680759,0.6141742467880249,0.3851161003112793,-3.419429659843445,1.090880811214447,-2.01492977142334,-0.2074817299056595,0.009534807168833634,-0.5946546792984009,-2.0180413722991943,4.780136585235596,4.231337547302246,6.778500556945801,13.696887969970703,2.6064279079437256,-0.03298236429691315,5.819951057434082,2.647258996963501,6.9041852951049805,15.03565788269043,-4.059982776641846,2.923642635345459,4.724515914916992,3.1062917709350586,6.1791839599609375,9.1864013671875,4.054377555847168,1.1581876277923584,4.718952178955078,4.5728373527526855,7.243236541748047,13.165164947509766,1.0702348947525024,1.2194830179214478,3.898151159286499,3.2520203590393066,5.658524990081787,10.62636947631836,-4.46660041809082,-1.2157955169677734,4.825257301330566,2.6323459148406982,6.224672317504883,11.790462493896484,0.6831821799278259,2.248208522796631,1.8236048221588135,4.817047595977783,5.359615325927734,8.581579208374023,-1.5178285837173462,4.059911727905273,2.6954188346862793,6.188318252563477,7.337156772613525,10.891074180603027,-0.7545005083084106,-4.354108810424805,1.6592081785202026,5.293401718139648,5.754701614379883,8.76409912109375
16.5,0.0,0.0,0.0,0.0,0.0,0,6.071434020996094,4.969264984130859,12.361934661865234,15.381803512573242,4.195199966430664,-0.8523095846176147,0.08040279895067215,5.017861843109131,5.343236923217773,0.85609359191046,174.6109391486906,0.14100352387095647,0.20109750207207172,213.8386093291588,109.87484794126158,109.87484794126158,0.3792648911476135,0.062467092184310395,0.8588348627090454,0.5583174824714661,0.5250462962962963,0.4749537037037037,0.30696362257003784,0.05055866059811288,0.6837526559829712,0.5009325742721558,-0.5212714672088623,-0.36276447027921677,-0.3107633590698242,0.1066971107905937,0.006939946886828634,-0.5690189599990845,2.4132790565490723,5.7097883224487305,3.7930572032928467,7.23414945602417,14.000458717346191,-1.9180160760879517,0.6444864273071289,4.336129665374756,2.2205588817596436,5.243104934692383,11.628307342529297,-0.39678478240966797,-2.611976146697998,2.3322179317474365,4.570580005645752,5.368226051330566,10.496685981750488,-4.452242851257324,0.47378572821617126,4.543434143066406,2.2247931957244873,5.5162553787231445,9.086910247802734,-2.052823066711426,-2.5226452350616455,3.2582619190216064,2.767944097518921,4.748189926147461,7.174431800842285,0.5549706220626831,-3.4914307594299316,2.5173497200012207,3.8372628688812256,5.051720142364502,8.327699661254883,0.746254563331604,8.597800254821777,6.427618503570557,10.334586143493652,12.813949584960938,17.467546463012695,1.7896599769592285,-1.7403054237365723,3.224839925765991,2.340402841567993,4.612848281860352,7.870077133178711,-1.3727858066558838,-1.0393682718276978,2.0373964309692383,3.107851028442383,4.054463863372803,7.465881824493408
17.0,0.0,0.0,0.0,0.0,0.0,0,9.073294639587402,7.422163009643555,17.77672576904297,23.186595916748047,6.435262680053711,2.3294379711151123,-1.417646884918213,9.192732810974121,5.638700485229492,2.7269037297989094,328.6761867869303,0.3005417368351781,0.2736311406218322,298.3032094498469,84.46460012068815,84.46460012068815,0.5243281126022339,0.057788055567654484,1.1690340042114258,0.7947758436203003,0.468858024691358,0.5311419753086419,0.41711631417274475,0.04597186410997545,0.9210249781608582,0.7451870441436768,3.181747555732727,-1.498049683868885,3.0018606185913086,0.07253363854976047,-0.004679036616655911,-1.5074586868286133,-1.5833234786987305,4.262545108795166,3.787043571472168,6.253349781036377,12.3941011428833,13.21728515625,2.380197048187256,16.888273239135742,4.449482440948486,17.755352020263672,29.053709030151367,-3.7775044441223145,-1.0086313486099243,5.360558986663818,1.9411245584487915,6.121732711791992,15.902338981628418,4.716360569000244,-1.1030458211898804,5.41762113571167,3.496791124343872,7.068083763122559,11.325150489807129,9.489847183227539,1.4321866035461426,11.540966033935547,3.271503448486328,12.3101167678833,25.86410903930664,-1.9592958688735962,-1.448315143585205,4.134923458099365,2.7825615406036377,5.497409343719482,9.22429370880127,-0.5502010583877563,-4.19984245300293,3.6871039867401123,8.959588050842285,10.45531177520752,15.960268020629883,2.7697839736938477,-0.906097948551178,5.436861038208008,5.809478282928467,9.006335258483887,13.374496459960938,-1.4338741302490234,-6.3219475746154785,2.951900005340576,6.323736667633057,7.191961765289307,10.858345985412598
17.5,0.0,0.0,0.0,0.0,0.0,0,9.299614906311035,9.124737739562988,15.35254192352295,16.936935424804688,4.54353141784668,1.2997901439666748,-3.6404292583465576,7.781505584716797,5.6242780685424805,3.865511557786185,289.6487547503285,0.41566361583025524,0.3954686188869491,280.6584199942002,-17.64478945564673,17.64478945564673,0.37203487753868103,0.04000540251196886,0.8319978713989258,0.5215743780136108,0.5216975308641976,0.4783024691358025,0.273067831993103,0.029363345190180374,0.5885288715362549,0.4159564971923828,-1.0296478271484375,-2.2227823734283447,0.2263202667236328,0.12183747826511693,-0.017782653055685625,10.921427726745605,-5.545984745025635,10.930495262145996,6.119001388549805,13.479985237121582,19.206565856933594,-7.427268981933594,-4.908658504486084,8.441238403320312,5.078341960906982,10.273478507995605,16.759567260742188,1.0773460865020752,-4.330446720123291,2.194309949874878,4.492987155914307,5.27487850189209,11.813642501831055,8.510489463806152,0.9661853313446045,9.500404357910156,2.291633129119873,10.226097106933594,17.80835723876953,-5.51869010925293,-3.308791399002075,6.075985431671143,4.031790256500244,8.138582229614258,13.347589492797852,0.6439346075057983,-8.88220500946045,3.1657121181488037,8.88510799407959,9.73476791381836,13.675873756408691,3.083374261856079,4.477235317230225,7.516696929931641,4.899563312530518,9.525306701660156,13.73920726776123,0.42999356985092163,-0.8235967755317688,3.8115222454071045,3.8038229942321777,6.0294084548950195,9.824614524841309,-0.022495685145258904,-10.407599449157715,3.020193099975586,10.407599449157715,11.014029502868652,13.807412147521973
18.0,0.0,0.0,0.0,0.0,0.0,0,8.799276351928711,7.988173007965088,16.213146209716797,17.983280181884766,4.835175037384033,0.5914815068244934,2.843405246734619,7.601550579071045,5.881140232086182,2.904273363523712,78.24898858658503,0.33005820562586663,0.29433742584564626,49.94274180056481,129.28432180636463,129.28432180636463,0.3306123912334442,0.0375726753471383,0.7194070219993591,0.465635746717453,0.5408487654320988,0.45915123456790125,0.2611614167690277,0.029679871008019068,0.5585076808929443,0.3784504234790802,-0.7083086371421814,6.483834505081177,-0.5003385543823242,-0.10113119304130286,-0.0024327271648305615,-3.870638847351074,3.4576046466827393,5.1667094230651855,6.550441265106201,10.0690279006958,17.266698837280273,2.030996084213257,5.080917835235596,3.9205658435821533,5.138383388519287,7.20827054977417,10.898277282714844,7.183132648468018,0.11239475011825562,7.183132648468018,2.6155545711517334,8.05635929107666,12.577882766723633,-1.8065030574798584,3.088655710220337,5.274600505828857,6.905730247497559,10.260348320007324,18.59564971923828,-3.3159432411193848,4.2159013748168945,7.008077621459961,4.563440322875977,9.383953094482422,16.822973251342773,6.584900856018066,2.2761919498443604,7.155052185058594,4.2480316162109375,8.695252418518066,14.603581428527832,-2.335653781890869,1.4383583068847656,5.100075721740723,5.388164043426514,8.243321418762207,17.6276912689209,-5.036123275756836,3.602978229522705,7.650566577911377,5.07465124130249,9.77625846862793,18.518159866333008,5.88916540145874,2.3176419734954834,6.297710418701172,3.3452579975128174,7.500697612762451,11.70358943939209
18.5,0.0,0.0,0.0,0.0,0.0,0,10.4259033203125,10.060197830200195,17.103219985961914,18.80356788635254,4.8179850578308105,-7.347593784332275,-3.484847068786621,6.509793281555176,4.837741374969482,8.132114947071825,205.37424282001106,0.7799914019179758,0.6879620128046992,206.63038583657828,156.68764403601347,156.68764403601347,0.27941271662712097,0.026799854290121286,0.6256639361381531,0.40687063336372375,0.5044598765432099,0.4955401234567901,0.2559303641319275,0.024547545830945858,0.5624005198478699,0.37490206956863403,-7.939075291156769,-6.32825231552124,1.626626968383789,0.3936245869590529,-0.010772821057017011,-9.285725593566895,-3.3104405403137207,9.285725593566895,4.560735702514648,10.483888626098633,21.42245101928711,-12.434697151184082,-3.1972298622131348,12.458970069885254,3.32836651802063,13.289422988891602,17.830961227416992,-5.200960159301758,-5.688192367553711,5.200960159301758,5.811733722686768,8.185646057128906,10.727669715881348,-9.873442649841309,-1.7123768329620361,9.873442649841309,3.3541340827941895,10.768229484558105,18.262907028198242,-10.00804328918457,-1.6049177646636963,10.012374877929688,3.7853424549102783,11.109375,17.267330169677734,-6.218050003051758,-7.229801654815674,6.84663200378418,7.229801654815674,10.495501518249512,13.558785438537598,-6.988808631896973,-2.5484957695007324,6.988808631896973,5.462536811828613,9.205202102661133,11.989690780639648,1.13051176071167,1.4002695083618164,4.500406265258789,3.737389087677002,6.342618942260742,10.261478424072266,-7.249124526977539,-7.472440242767334,9.741161346435547,7.7008562088012695,13.95324420928955,17.77567481994629
19.0,0.0,0.0,0.0,0.0,0.0,0,7.080820560455322,6.588708877563477,12.183024406433105,13.438898086547852,3.6386311054229736,-0.6516925096511841,-0.06211920082569122,6.191434383392334,4.961374759674072,0.6546464100922583,185.4449713534947,0.09245346701034918,0.1242416616023939,217.1305420375989,10.500156201020616,10.500156201020616,0.3392733633518219,0.04791440660594833,0.7527105808258057,0.49852314591407776,0.4879783950617284,0.5120216049382716,0.2635476589202881,0.037219926624353604,0.5746659636497498,0.38272300362586975,6.695901274681091,3.42272786796093,-3.3450827598571777,-0.5637203512023052,0.021114552315827047,2.2993710041046143,-2.8637521266937256,4.65578031539917,4.040535926818848,7.065586090087891,11.040390014648438,-0.8024134039878845,-0.7289544939994812,3.1773078441619873,2.90218448638916,4.739537715911865,6.869403839111328,-0.007340732030570507,2.1831533908843994,3.7791078090667725,3.207794666290283,5.381671905517578,9.162203788757324,-1.763878345489502,1.086322546005249,8.52778434753418,3.833901882171631,10.048736572265625,16.169984817504883,-1.3508254289627075,-0.49008554220199585,2.9173970222473145,2.0543630123138428,3.8787896633148193,6.146096229553223,-6.122128486633301,-2.317819595336914,6.128307342529297,3.8577027320861816,7.828087329864502,11.468453407287598,0.658185601234436,6.905310153961182,8.278839111328125,6.911519527435303,11.20024299621582,14.340068817138672,4.426955699920654,1.0291591882705688,4.567077159881592,4.578562259674072,6.941240310668945,10.35571575164795,-3.203158378601074,-5.362406253814697,3.3802525997161865,5.364379405975342,6.643492221832275,10.478605270385742
19.5,0.0,0.0,0.0,0.0,0.0,0,8.504654884338379,7.633913040161133,14.396389961242676,18.704627990722656,4.493097305297852,-3.641740083694458,-2.3293251991271973,6.805895805358887,5.244887351989746,4.322965038081603,212.60374332446318,0.5083057568911461,0.4718843041156812,208.4193122503129,-8.711229787285987,8.711229787285987,0.379871129989624,0.04466625518490055,0.8814473748207092,0.5468605160713196,0.4715432098765432,0.5284567901234568,0.26158058643341064,0.03075733927284706,0.5709514617919922,0.3778795599937439,-2.990047574043274,-2.267205998301506,1.4238343238830566,0.3476426425132873,-0.0032481514210477846,-6.812859058380127,-5.150117874145508,8.697402954101562,5.247550964355469,11.25267505645752,21.832632064819336,-2.9354307651519775,-0.3115285634994507,4.118689060211182,4.0840678215026855,6.412448406219482,9.776542663574219,-5.467307090759277,0.7089514136314392,5.678361892700195,5.771334171295166,8.634349822998047,12.044363975524902,-1.418016791343689,-8.86740779876709,8.46410083770752,8.86740779876709,13.184123992919922,20.07888412475586,-5.502681255340576,-4.393781661987305,5.548959255218506,5.130939483642578,8.062463760375977,11.417415618896484,-2.411245346069336,-2.1536173820495605,4.019522190093994,3.1855015754699707,5.819530010223389,9.460421562194824,3.84104061126709,-2.017848253250122,6.590321063995361,4.010045051574707,8.755152702331543,17.409564971923828,-9.149419784545898,-1.0100786685943604,9.149419784545898,2.5576558113098145,9.670675277709961,12.240293502807617,-2.9197399616241455,2.2315030097961426,3.108583688735962,3.040710926055908,4.750478744506836,6.737297534942627
20.0,0.0,0.0,0.0,0.0,0.0,0,8.10094165802002,7.604775905609131,13.450260162353516,14.695297241210938,3.7232818603515625,2.2295448780059814,0.42998388409614563,4.019885063171387,7.62711238861084,2.2706290986475786,10.915888106888291,0.28029199499290697,0.2506537980657285,19.131237869204696,170.71192561889177,170.71192561889177,0.3280563950538635,0.04049607667930895,0.7107009291648865,0.45748043060302734,0.48520061728395064,0.5147993827160494,0.24686427414417267,0.03047352444838928,0.5335381627082825,0.34451672434806824,5.8712849617004395,2.759309083223343,-0.4037132263183594,-0.2212305060499527,-0.0041701785055916,3.8103950023651123,-0.8649613261222839,3.837606906890869,7.270576000213623,8.409537315368652,13.582551002502441,2.354055643081665,4.937333106994629,4.058611869812012,5.172060012817383,7.349330425262451,12.172375679016113,0.9312586784362793,-4.174385070800781,4.985232353210449,4.558485984802246,7.571802616119385,10.127203941345215,2.5634078979492188,-4.409688949584961,3.8767528533935547,7.397776126861572,8.644975662231445,14.993948936462402,1.851866364479065,7.881406784057617,2.8650076389312744,8.037575721740723,8.93423080444336,14.310648918151855,0.8463075757026672,2.380615472793579,3.79880690574646,4.078488349914551,6.298206329345703,11.905717849731445,3.056225538253784,-9.005263328552246,4.4635419845581055,9.542142868041992,10.916223526000977,14.973596572875977,0.09989610314369202,1.6008999347686768,2.8419530391693115,5.837161540985107,6.979123115539551,13.514484405517578,4.552492618560791,5.523898124694824,4.576642990112305,5.618289947509766,7.805037021636963,11.260451316833496
20.5,0.0,0.0,0.0,0.0,0.0,0,6.56256628036499,5.918805122375488,11.480838775634766,13.237181663513184,3.648710012435913,2.5457968711853027,-1.2879406213760376,5.220799446105957,4.580801486968994,2.8530462235174827,333.164757513579,0.4347455098554532,0.404968844480241,327.97325763641555,-51.15798023278916,51.15798023278916,0.31930574774742126,0.04865561511312421,0.6989985704421997,0.47127845883369446,0.5245524691358024,0.47544753086419755,0.2439551055431366,0.037173730206628605,0.5251883268356323,0.362962543964386,0.3162519931793213,-1.7179245054721832,-1.5383753776550293,0.1543150464145125,0.008159538433815262,0.9116221070289612,-2.8449816703796387,3.0569872856140137,3.4412841796875,5.332397937774658,7.8999505043029785,9.593734741210938,-0.5673249363899231,9.60111141204834,1.6143169403076172,9.841282844543457,16.104259490966797,3.8608243465423584,-0.11174363642930984,3.86346435546875,2.9931743144989014,5.079081058502197,8.061884880065918,1.44524085521698,-3.1664106845855713,1.8290029764175415,3.9123361110687256,4.606117248535156,6.983164310455322,2.054708957672119,-2.739809274673462,4.675346851348877,3.1322693824768066,6.189992904663086,10.468438148498535,2.0013587474823,-4.482494831085205,4.280112266540527,4.544246673583984,6.565485000610352,11.224257469177246,2.89217209815979,5.1967644691467285,3.225067377090454,5.558448791503906,6.7558135986328125,12.178832054138184,2.175201177597046,-0.7629593014717102,4.197174072265625,6.193662166595459,7.984297275543213,13.653481483459473,-2.022690534591675,-2.1125059127807617,5.378539562225342,3.1856706142425537,6.708627223968506,11.337644577026367
21.0,0.0,0.0,0.0,0.0,0.0,0,8.125303268432617,8.24526596069336,13.414956092834473,14.274055480957031,3.950970411300659,-1.526202917098999,5.450771808624268,4.6837544441223145,5.258608341217041,5.660407110257579,105.642117896786,0.6966394881836183,0.5971892501824256,104.40846656241985,136.4352089260043,136.4352089260043,0.24015644192695618,0.029556609081087707,0.5194917321205139,0.3443286120891571,0.49549382716049384,0.5045061728395062,0.19605708122253418,0.024129198703884833,0.4494936168193817,0.2785715162754059,-4.071999788284302,6.738712430000305,1.562736988067627,0.19222040570218463,-0.019099006032036504,-4.773126125335693,3.6941678524017334,6.072402477264404,4.694437503814697,7.895392894744873,14.21612548828125,-3.7348952293395996,10.512094497680664,4.254450798034668,10.512094497680664,11.653697967529297,13.623205184936523,2.3948466777801514,3.7589941024780273,3.822636604309082,3.869910478591919,5.774486541748047,9.97268009185791,-4.813233375549316,2.5159835815429688,5.40613317489624,3.460624933242798,6.91354513168335,12.487452507019043,-1.499885082244873,11.437557220458984,3.201531410217285,11.437557220458984,12.083189964294434,14.37838077545166,-0.09076178818941116,4.062039852142334,2.946596384048462,4.200915813446045,5.615024089813232,8.17206859588623,-2.6378021240234375,-0.9490069150924683,3.3709988594055176,4.204404354095459,6.051461696624756,9.284611701965332,1.4498454332351685,11.349248886108398,3.7705435752868652,11.349248886108398,12.157721519470215,14.700352668762207,-0.03081336058676243,2.6758642196655273,3.2885615825653076,3.1649978160858154,4.983208656311035,7.9725260734558105
21.5,0.0,0.0,0.0,0.0,0.0,0,7.497679233551025,7.144876003265381,12.598897933959961,14.44965648651123,3.5700864791870117,2.7844862937927246,-0.30747124552726746,5.989058971405029,5.024338722229004,2.8014108029965246,353.698757966551,0.373637056978994,0.3175095180026322,343.2361386551753,-121.17232790724455,121.17232790724455,0.2675453722476959,0.035683753362869414,0.5841621160507202,0.3746379315853119,0.5520833333333334,0.4479166666666667,0.22612455487251282,0.030159268977708386,0.4999631345272064,0.3112352192401886,4.310689210891724,-5.758243054151535,-0.6276240348815918,-0.2796797321797934,0.006127144281781707,-0.08460600674152374,-3.5077707767486572,4.018698692321777,5.600924491882324,7.81154727935791,11.413731575012207,8.515036582946777,5.910506725311279,8.515036582946777,5.916030406951904,10.721524238586426,15.464845657348633,2.2073302268981934,-1.407639741897583,2.450270175933838,4.014441967010498,5.198875904083252,9.289316177368164,-3.4580013751983643,-0.876567542552948,5.070088863372803,2.2762608528137207,6.16188907623291,10.585467338562012,8.850743293762207,1.7362654209136963,8.923404693603516,2.9019153118133545,9.611593246459961,14.402831077575684,4.1595611572265625,-3.031073570251465,4.437316417694092,4.347233295440674,7.015143871307373,10.897616386413574,-5.004692554473877,4.8226165771484375,5.0100483894348145,4.8226165771484375,7.321650505065918,10.156293869018555,5.8240180015563965,-2.886474609375,6.568248271942139,3.594688653945923,7.771409034729004,14.148530006408691,4.0509867668151855,-3.527103900909424,4.055175304412842,3.654872417449951,5.865480899810791,8.11901569366455
22.0,0.0,0.0,0.0,0.0,0.0,0,7.531221866607666,6.934679985046387,12.705520629882812,14.832691192626953,3.6599254608154297,-1.6985334157943726,-0.2376309335231781,5.02372407913208,6.475729942321777,1.7150755741766006,187.96419298465935,0.22772872776209055,0.1936218758182911,199.48727960149273,-143.74885905368257,143.74885905368257,0.2799749970436096,0.03717523727587157,0.6134234070777893,0.39720553159713745,0.5814197530864198,0.41858024691358026,0.2368907779455185,0.031454490478014845,0.514674961566925,0.33793872594833374,-4.483019709587097,0.06984031200408936,0.033542633056640625,-0.12388764218434112,0.0014914839130021548,-4.858624458312988,-4.692482948303223,5.17507791519165,4.711611270904541,8.30716323852539,14.701622009277344,-1.1144212484359741,-4.800191879272461,1.9394586086273193,4.800312042236328,5.39552116394043,8.156878471374512,2.0251049995422363,-0.28114378452301025,5.722085475921631,5.895805835723877,8.542317390441895,15.724117279052734,-2.6499745845794678,-1.9370250701904297,3.1189632415771484,5.420953750610352,6.84201717376709,10.289019584655762,-1.8129361867904663,-0.8506300449371338,2.6193251609802246,4.879570960998535,6.110141754150391,10.188185691833496,-2.0194339752197266,4.828718662261963,4.933619976043701,5.9659199714660645,8.111038208007812,13.075572967529297,-1.1627408266067505,1.681696891784668,5.394390106201172,6.037188529968262,8.639206886291504,11.858556747436523,-4.473543643951416,-0.2287551313638687,4.561057090759277,6.939061641693115,8.918477058410645,14.010771751403809,0.7797699570655823,4.1411356925964355,4.16292142868042,4.615800857543945,6.915120601654053,15.355978965759277
22.5,0.0,0.0,0.0,0.0,0.0,0,6.136634349822998,6.155550003051758,9.945516586303711,11.465865135192871,3.0834100246429443,2.5820553302764893,1.3632491827011108,4.443423748016357,4.346978664398193,2.919838704919242,27.83273459125692,0.47580457600565046,0.42302917545269436,28.686005798180766,-170.80127380331197,170.80127380331197,0.26035916805267334,0.04242702282451621,0.5553605556488037,0.3583436608314514,0.5046604938271605,0.4953395061728395,0.20907267928123474,0.034069594714840785,0.45713603496551514,0.3059808909893036,4.280588746070862,1.600880116224289,-1.394587516784668,0.22940729963440326,0.0052517855486446385,3.7436859607696533,3.516826629638672,4.346063137054443,3.7494382858276367,6.604855537414551,8.99661636352539,1.975721001625061,-0.4554649889469147,2.249448537826538,1.6638069152832031,3.065303325653076,4.512310981750488,1.6829659938812256,3.1817562580108643,3.5313472747802734,4.201348304748535,6.141331195831299,10.495771408081055,1.6810541152954102,6.319809913635254,2.702261209487915,6.319809913635254,7.251900672912598,8.676055908203125,1.8882747888565063,-0.8697023987770081,2.8371944427490234,1.6399368047714233,3.5602941513061523,6.501127243041992,6.857586860656738,-4.305800914764404,6.857586860656738,4.373185634613037,8.34961986541748,12.018741607666016,-2.3138272762298584,5.130370616912842,2.8211560249328613,5.262535572052002,6.571751117706299,9.853728294372559,1.7419681549072266,0.572465181350708,5.738334655761719,1.959206223487854,6.219305515289307,10.093841552734375,5.9810686111450195,-0.8210183382034302,6.088004112243652,2.9771862030029297,7.4653449058532715,13.959487915039062
23.0,0.0,0.0,0.0,0.0,0.0,0,7.771808624267578,7.269231796264648,13.283696174621582,15.529468536376953,4.325695514678955,-1.6360828876495361,2.0102431774139404,5.042088985443115,6.8536224365234375,2.591880561985629,129.1412165690355,0.3334977335767696,0.2445953553188575,147.4165133856776,118.73050758749685,118.73050758749685,0.2931431829929352,0.03771878071711789,0.6426026225090027,0.41549843549728394,0.450108024691358,0.549891975308642,0.25864896178245544,0.03328040370093738,0.5512791275978088,0.3662673830986023,-4.218138217926025,0.6469939947128296,1.63517427444458,-0.17843382013383685,-0.004708242107398314,0.6144793033599854,7.228877544403076,3.397193431854248,8.314973831176758,9.357973098754883,19.53868865966797,-4.255197525024414,-2.3683414459228516,4.282193660736084,3.6200320720672607,6.109807968139648,9.939679145812988,-2.8694872856140137,3.0200841426849365,5.01304817199707,8.297449111938477,9.953285217285156,13.233846664428711,-1.5735214948654175,-0.17910990118980408,4.725516319274902,6.210819244384766,8.393753051757812,13.483816146850586,2.359865427017212,1.5676920413970947,3.6711556911468506,6.169339179992676,7.488743305206299,11.913989067077637,-4.158216953277588,6.0758843421936035,4.88252067565918,7.249854564666748,8.93421459197998,13.753846168518066,-2.2725532054901123,-2.531825304031372,2.292235851287842,3.3798937797546387,4.31117057800293,7.176319599151611,2.3808560371398926,1.412267804145813,2.972686529159546,5.632035732269287,6.787899494171143,11.556479454040527,-4.950970649719238,3.8666598796844482,6.896271705627441,4.054375171661377,8.60942554473877,14.083979606628418
23.5,0.0,0.0,0.0,0.0,0.0,0,5.813082218170166,5.614119052886963,9.612749099731445,10.669892311096191,2.84204363822937,-1.017953634262085,-1.4485633373260498,4.537113666534424,4.260184288024902,1.770470373587926,234.90301123102074,0.3045665461351813,0.1911627504114125,231.86501606441982,84.44850267874222,84.44850267874222,0.2598564028739929,0.044701992578009254,0.5625142455101013,0.37360042333602905,0.5582253086419753,0.4417746913580247,0.20612841844558716,0.0354593957645891,0.4296968877315521,0.3324563205242157,0.6181292533874512,-3.4588065147399902,-1.958726406097412,-0.053432604907445,0.006983211860891361,-3.852454900741577,-6.810854911804199,3.9231536388397217,6.810854911804199,8.044588088989258,10.04624080657959,-0.5784340500831604,-0.772533655166626,1.9308396577835083,2.6514956951141357,3.6216468811035156,6.747500419616699,1.560900092124939,1.2228569984436035,2.238936185836792,2.508460283279419,3.5776827335357666,5.7900896072387695,-3.472553253173828,-5.348975658416748,3.5959548950195312,5.348975658416748,6.911860942840576,9.761211395263672,0.39720967411994934,-2.52728009223938,4.488117694854736,4.3055219650268555,6.965763568878174,10.572478294372559,1.234719157218933,3.383798837661743,2.3920016288757324,3.7959866523742676,4.8450469970703125,8.997750282287598,-3.009079933166504,-1.3271414041519165,4.259678363800049,1.6423892974853516,4.890490531921387,8.192153930664062,1.7595809698104858,-1.811376690864563,6.492085933685303,3.7260918617248535,8.054841995239258,11.548645973205566,-3.2014713287353516,0.954437792301178,4.647270202636719,1.7474772930145264,5.405819416046143,9.287715911865234
24.0,0.0,0.0,0.0,0.0,0.0,0,6.74198579788208,6.3163251876831055,11.090070724487305,12.810701370239258,3.6869149208068848,-0.7802446484565735,-1.5052053928375244,5.094058513641357,5.497622966766357,1.6954129249455097,242.59939152066323,0.25147085380661954,0.219269163980568,263.13651014600094,31.271494081581125,31.271494081581125,0.3084244728088379,0.045746822421207645,0.6748150587081909,0.43902504444122314,0.5054012345679012,0.49459876543209874,0.24698679149150848,0.03663412565107612,0.5383103489875793,0.36391595005989075,0.23770898580551147,-0.05664205551147461,0.9289035797119141,0.028106413569155497,0.0010448298431983902,-0.4446592628955841,-8.515089988708496,2.286790609359741,8.515089988708496,8.994775772094727,11.672780990600586,-3.9533679485321045,1.4609215259552002,4.208488464355469,5.964391231536865,8.087154388427734,12.710098266601562,2.4334168434143066,-2.2071354389190674,3.279893159866333,2.7696266174316406,4.764194488525391,7.854055404663086,1.8435885906219482,-0.06782796233892441,2.7247514724731445,4.29696798324585,5.685450077056885,9.187976837158203,-3.982936143875122,-2.4436209201812744,4.34019136428833,4.789638519287109,7.16920804977417,11.522926330566406,1.6529780626296997,-2.640052080154419,2.064216375350952,2.9094362258911133,4.161513328552246,6.759363174438477,3.2181813716888428,2.8325018882751465,3.294734239578247,5.551924705505371,6.633142948150635,9.40400505065918,-6.621273994445801,-2.012542247772217,8.228835105895996,3.358687162399292,9.837665557861328,19.32537269592285,-1.168129563331604,0.04599636420607567,2.290363311767578,4.452540874481201,5.3447675704956055,9.51931381225586
24.5,0.0,0.0,0.0,0.0,0.0,0,6.230607509613037,5.8578572273254395,10.782876014709473,12.647604942321777,3.396653413772583,1.5065425634384155,-2.695855140686035,4.064941883087158,4.929165840148926,3.0882528126782165,299.1980574081382,0.49565837808166124,0.3760155718056649,302.32340731246904,39.1868971664681,39.1868971664681,0.24697750806808472,0.039639387980649046,0.5366142392158508,0.3343122899532318,0.4820833333333333,0.5179166666666667,0.20283164083957672,0.0325540660316939,0.43460434675216675,0.2638602554798126,2.286787211894989,-1.1906497478485107,-0.511378288269043,0.1567464078250969,-0.006107434440558598,3.9889090061187744,0.21882987022399902,4.037755966186523,2.3686935901641846,4.867608070373535,7.6957478523254395,-3.5172526836395264,2.1640608310699463,4.286849498748779,2.8977761268615723,5.746621131896973,9.281198501586914,1.2193231582641602,-7.17142915725708,2.899606704711914,7.17189884185791,8.312681198120117,10.951875686645508,3.4204046726226807,-1.1594535112380981,3.8463101387023926,2.410592555999756,4.809454441070557,8.018867492675781,1.3451988697052002,-3.1846365928649902,2.749258041381836,3.7254104614257812,5.157450199127197,8.937520027160645,0.8036741614341736,-4.120779514312744,2.4841628074645996,4.303531169891357,5.401124477386475,7.959597587585449,2.6628170013427734,-0.8057742118835449,4.770627498626709,4.996584892272949,7.302024841308594,11.628966331481934,4.845545768737793,-7.472313404083252,4.857499599456787,8.097969055175781,10.121891021728516,16.437753677368164,-1.2097368240356445,-2.731201171875,1.849851369857788,3.661745309829712,4.3566179275512695,7.643352031707764
25.0,0.0,0.0,0.0,0.0,0.0,0,7.685730457305908,7.6180877685546875,12.55960464477539,13.847838401794434,3.832767963409424,-0.5798869132995605,-2.249417304992676,6.802845478057861,4.699543476104736,2.322960835704426,255.54422350086776,0.3022433389524172,0.28463280630608584,267.9626818218402,-34.36072549062885,34.36072549062885,0.2771689295768738,0.03606279130575169,0.5850932002067566,0.3810294568538666,0.4640432098765432,0.5359567901234568,0.2548981308937073,0.03316511021880761,0.5482558012008667,0.35119062662124634,-2.086429476737976,0.4464378356933594,1.455122947692871,-0.09138276549957908,-0.0035765966748973546,2.7156403064727783,-2.786935567855835,3.6753883361816406,3.524733066558838,5.407433032989502,9.079771041870117,4.629631996154785,-0.5110021233558655,6.585183143615723,3.9910011291503906,8.077374458312988,12.741253852844238,-2.688586950302124,-4.419732093811035,5.618759632110596,4.608474254608154,8.407987594604492,12.052778244018555,4.050475597381592,-0.7606362700462341,4.5973100662231445,4.246609210968018,6.549965858459473,12.600336074829102,-0.12865112721920013,-1.6123912334442139,4.051884651184082,2.664580821990967,5.286025047302246,9.078725814819336,-5.328404903411865,-3.513460636138916,6.537499904632568,3.6149885654449463,8.328478813171387,12.256032943725586,4.999908924102783,1.1833784580230713,5.628839015960693,6.363857746124268,8.972858428955078,12.22537612915039,-5.861207485198975,-5.818256378173828,5.924304485321045,6.053733825683594,8.991774559020996,12.560124397277832,-7.607788562774658,-2.0057196617126465,7.748719215393066,3.1102025508880615,9.149672508239746,16.72036361694336
25.5,0.0,0.0,0.0,0.0,0.0,0,6.958916187286377,6.519211769104004,12.71947956085205,14.135058403015137,3.984123945236206,-2.025641441345215,1.027523398399353,6.005203723907471,4.803983211517334,2.271349286911477,153.10322049076493,0.32639411451184436,0.3034514135778861,160.9550553102288,-107.00762651161139,107.00762651161139,0.26535776257514954,0.038132047764549634,0.5803059339523315,0.36460500955581665,0.5481172839506173,0.45188271604938274,0.24108090996742249,0.03464345148522047,0.5320507287979126,0.3319225609302521,-1.4457545280456543,3.276940703392029,-0.7268142700195312,0.018818607271800236,0.0020692564587979426,-2.9522643089294434,0.34671759605407715,3.268563747406006,2.981884717941284,4.761654853820801,8.384479522705078,-0.8294976949691772,-2.227602005004883,4.41591215133667,6.347219944000244,8.389960289001465,11.801429748535156,0.272248774766922,-0.828530490398407,1.177935242652893,2.470445394515991,2.915414571762085,5.875053882598877,-5.740256309509277,1.6719579696655273,5.962190628051758,4.050807952880859,7.577139854431152,11.739648818969727,-0.8131634593009949,1.0180805921554565,3.2079169750213623,5.503683090209961,6.783953666687012,10.136700630187988,1.8641220331192017,2.844564914703369,2.8888680934906006,3.519932508468628,4.913384437561035,7.904726982116699,-10.205986022949219,3.8105523586273193,10.2064847946167,5.35228157043457,11.889874458312988,14.593263626098633,-4.6751556396484375,-0.4923652112483978,4.707607269287109,2.681318521499634,5.753354072570801,9.547929763793945,4.849180221557617,3.104334831237793,8.38440227508545,3.8065226078033447,9.645509719848633,16.589994430541992
26.0,0.0,0.0,0.0,0.0,0.0,0,5.535931587219238,4.806612968444824,10.244036674499512,12.677080154418945,3.574026107788086,-0.8456956744194031,-0.004787627607584,5.427606105804443,3.6395151615142822,0.8457092260994897,180.3243577254785,0.15276728275543938,0.08789530461875703,166.34732797411087,5.392272663882068,5.392272663882068,0.2854635715484619,0.05156557943055688,0.6179338097572327,0.3963555097579956,0.529783950617284,0.47021604938271605,0.2185898870229721,0.03948564827679238,0.4575308561325073,0.3072684705257416,1.1799457669258118,-1.032311026006937,-1.4229846000671387,-0.21555610895912905,0.013433531666007248,-2.0942342281341553,0.9436944127082825,2.2683160305023193,1.9024723768234253,3.2555341720581055,6.0973429679870605,0.6497508883476257,-0.5903611779212952,2.312427043914795,2.6356592178344727,3.836571455001831,6.326574325561523,-0.5201124548912048,-2.9112162590026855,7.265259265899658,3.997194766998291,8.677584648132324,16.05085563659668,-3.1430304050445557,1.0304871797561646,4.711358070373535,1.9899649620056152,5.37130880355835,11.532310485839844,-0.5226399302482605,-0.11127875745296478,1.8298753499984741,2.8867850303649902,3.7389588356018066,6.5819501876831055,2.408616304397583,-3.2130887508392334,3.806133270263672,3.8275415897369385,5.792132377624512,9.44575023651123,-5.047239780426025,3.1256234645843506,6.033187389373779,3.1842339038848877,7.108129501342773,13.740424156188965,-1.823928713798523,0.7155234813690186,5.981385707855225,2.6764540672302246,7.005427360534668,11.24171257019043,2.4815571308135986,0.967528223991394,3.657275676727295,2.851329803466797,5.037740707397461,7.863576889038086
26.5,0.0,0.0,0.0,0.0,0.0,0,6.434981346130371,5.39930534362793,11.817462921142578,14.93558120727539,4.079277992248535,-0.15831874310970306,0.5093120336532593,4.620002269744873,6.03494930267334,0.5333512651563272,107.2677644576598,0.08288310975090148,0.06098347572345427,204.21863432534258,37.87130635123171,37.87130635123171,0.32091349363327026,0.049870143595071276,0.6989754438400269,0.48855671286582947,0.5088117283950617,0.4911882716049383,0.2481331080198288,0.038560029332332484,0.5226840972900391,0.36650192737579346,0.6873769313097,0.5140996612608433,0.8990497589111328,-0.026911828895302754,-0.0016954358354856064,-2.195032835006714,-5.039975166320801,2.5388875007629395,5.053764820098877,6.151549816131592,9.298439979553223,0.6817378997802734,0.9266507029533386,2.6953554153442383,6.534585475921631,7.2183427810668945,14.888422966003418,-0.28909894824028015,4.523306369781494,1.4005924463272095,5.235974311828613,5.58829927444458,9.786989212036133,0.6568955779075623,1.2845475673675537,3.2714343070983887,3.0952579975128174,4.9623188972473145,11.238909721374512,-0.5713791847229004,0.4856909513473511,2.6761300563812256,3.877920150756836,5.194201469421387,8.552325248718262,2.2662079334259033,7.425940990447998,3.6661040782928467,8.501063346862793,9.682178497314453,18.290973663330078,3.4960286617279053,-3.643113136291504,4.728839874267578,4.852660179138184,7.534370422363281,11.459717750549316,-4.3870038986206055,-0.8200350999832153,6.552447319030762,2.4693808555603027,7.284839630126953,14.247867584228516,-1.0832242965698242,-0.5592043995857239,3.4808053970336914,2.0180087089538574,4.2987284660339355,7.2588419914245605
27.0,0.0,0.0,0.0,0.0,0.0,0,8.107756614685059,7.671657085418701,14.481334686279297,16.116979598999023,4.173009872436523,1.9870375394821167,2.874380588531494,6.789438247680664,4.9842634201049805,3.4943356952413436,55.34418827252554,0.43098675272420955,0.45805855820573693,66.37652125043557,-137.842113074907,137.842113074907,0.2952287793159485,0.0364131234980705,0.6373870372772217,0.41532087326049805,0.5088425925925926,0.49115740740740743,0.2400929182767868,0.02961274000617902,0.5235657095909119,0.3502817451953888,2.1453562825918198,2.365068554878235,1.6727752685546875,0.3970750824822827,-0.013457020097000776,-0.5366458296775818,4.14525842666626,2.1972033977508545,5.225728988647461,6.179941177368164,10.403223991394043,8.517135620117188,0.9031595587730408,9.585729598999023,5.393740177154541,12.366114616394043,16.304065704345703,2.115777015686035,5.80385160446167,3.460892915725708,5.826267242431641,7.171938896179199,11.419273376464844,0.8239659070968628,5.0119781494140625,2.3600902557373047,5.0119781494140625,5.784234523773193,9.216312408447266,9.074162483215332,2.4516053199768066,10.137506484985352,3.360748052597046,11.651605606079102,17.374784469604492,-2.4269216060638428,4.119259357452393,2.6756627559661865,4.746432304382324,6.019861698150635,9.633833885192871,2.85307240486145,3.5667338371276855,3.2001991271972656,3.9212613105773926,5.634914875030518,9.021766662597656,5.593203067779541,1.004461407661438,6.498103141784668,3.5405941009521484,7.955654144287109,12.086593627929688,-8.130414009094238,-1.1368802785873413,8.153922080993652,5.47418737411499,10.205547332763672,15.153496742248535
27.5,0.0,0.0,0.0,0.0,0.0,0,8.343620300292969,7.871220588684082,14.731589317321777,16.98078727722168,4.485901355743408,-2.0953967571258545,2.5152292251586914,6.924934387207031,5.573826313018799,3.2736929643547725,129.79713284979567,0.39235881386402777,0.3411088065163637,131.56675947010328,65.19023821966772,65.19023821966772,0.2644442021846771,0.031694176025869214,0.586764931678772,0.36106443405151367,0.5596604938271605,0.4403395061728395,0.2190852016210556,0.026257807459857136,0.46648478507995605,0.30848926305770874,-4.082434296607971,-0.35915136337280273,0.23586368560791016,-0.11694975168937322,-0.004718947472201286,-2.993363380432129,4.256086826324463,3.727088212966919,4.256086826324463,5.936166286468506,9.998781204223633,-1.7302303314208984,-3.5159013271331787,2.048250675201416,4.230591297149658,5.349092960357666,8.561697959899902,3.7682812213897705,-1.997516393661499,6.585252285003662,2.4982471466064453,7.247843265533447,10.501577377319336,-2.918731451034546,3.1688034534454346,2.9655675888061523,3.191122055053711,4.631666660308838,7.567890644073486,-7.703571319580078,3.1516683101654053,7.703573703765869,5.88779878616333,10.200236320495605,16.450220108032227,3.093566656112671,0.22899755835533142,5.878188610076904,3.3713161945343018,7.156836032867432,9.913944244384766,-4.919314384460449,6.144425868988037,5.139444828033447,6.366927146911621,8.48437786102295,13.845901489257812,-11.317617416381836,10.107955932617188,11.317617416381836,10.107955932617188,15.35205078125,18.691537857055664,5.862411022186279,1.0925438404083252,7.949061870574951,5.6127800941467285,10.734318733215332,13.572437286376953
28.0,0.0,0.0,0.0,0.0,0.0,0,6.382374286651611,5.755934715270996,11.955317497253418,14.144561767578125,3.6854400634765625,-0.5216355919837952,1.9957191944122314,5.464366436004639,4.494759559631348,2.062764842091723,104.6481053222027,0.32319709710630473,0.15402328125231352,73.39014783414508,-58.176611635958196,58.176611635958196,0.24992844462394714,0.03915915836955856,0.5477041602134705,0.37413230538368225,0.5158024691358025,0.48419753086419753,0.22261427342891693,0.0348795336266895,0.4725069999694824,0.35871145129203796,1.5737611651420593,-0.51951003074646,-1.9612460136413574,-0.1870855252640502,0.007464982343689343,2.8751773834228516,-1.490317940711975,3.0807688236236572,1.8967944383621216,3.828054428100586,5.967191696166992,-2.6985299587249756,0.31157341599464417,4.975374698638916,3.2842001914978027,6.330426216125488,15.453451156616211,-0.026563484221696854,5.100605010986328,5.409561634063721,5.195705890655518,8.053444862365723,10.260403633117676,2.7515769004821777,0.19093041121959686,4.361136436462402,2.129936456680298,5.211236953735352,7.136670112609863,-4.763179302215576,2.1079978942871094,6.475420951843262,4.5738959312438965,8.235480308532715,14.21486759185791,-1.0437508821487427,5.531309604644775,3.5761842727661133,5.584099292755127,6.980448246002197,10.363840103149414,0.9040408730506897,0.41492384672164917,3.5235679149627686,1.6314233541488647,4.178955554962158,6.202575206756592,-3.1226415634155273,2.8856592178344727,3.826906204223633,4.199819564819336,6.603928565979004,13.436363220214844,0.4291495680809021,2.9087905883789062,4.801977157592773,5.478590965270996,8.019391059875488,14.460061073303223
28.5,0.0,0.0,0.0,0.0,0.0,0,7.319919109344482,7.232229232788086,11.574321746826172,14.639495849609375,3.5043771266937256,-0.1324266940355301,-0.2791295349597931,6.3186211585998535,5.083448886871338,0.3089500389707861,244.61905677918259,0.042206755888379396,0.0562699186708401,120.0600698119334,46.669921977788306,46.669921977788306,0.30715903639793396,0.04196207496934565,0.6617720127105713,0.4245077967643738,0.410679012345679,0.589320987654321,0.21776512265205383,0.029749658384120706,0.45731887221336365,0.2948087155818939,0.3892088979482651,-2.2748487293720245,0.9375448226928711,-0.09775336258147341,0.0028029165997870906,-0.8964711427688599,5.150525093078613,4.531715393066406,5.216725826263428,7.802726745605469,9.917619705200195,-1.612977147102356,1.4075857400894165,4.8460373878479,2.5295441150665283,5.852637767791748,9.70444107055664,-1.7301093339920044,2.642503261566162,3.466613531112671,2.9811344146728516,5.112532615661621,7.983502388000488,1.2815735340118408,-0.2013932317495346,3.63897705078125,3.7424087524414062,5.818615436553955,8.926982879638672,-4.203065395355225,0.5096635222434998,5.785507678985596,1.920363187789917,6.528303623199463,10.158116340637207,0.13838011026382446,0.807827353477478,6.019359588623047,3.641176700592041,7.3575592041015625,10.67704963684082,4.056936264038086,-9.756844520568848,5.735505104064941,9.756844520568848,11.99978256225586,15.899659156799316,-2.6577954292297363,-1.6277133226394653,8.14232063293457,3.1349215507507324,9.336383819580078,15.739778518676758,4.43168830871582,-1.4443200826644897,5.092538833618164,2.7322466373443604,6.070734024047852,9.96703052520752
29.0,0.0,0.0,0.0,0.0,0.0,0,7.9210429191589355,6.706740379333496,14.864067077636719,18.186351776123047,5.041570663452148,-1.3321908712387085,-1.984724998474121,6.068119525909424,6.754584789276123,2.3903693934159733,236.12962312672164,0.3017745791572842,0.20186567240966805,230.79049622768446,110.73042641575103,110.73042641575103,0.31194552779197693,0.039381870745276666,0.6752746105194092,0.43180960416793823,0.5369907407407407,0.46300925925925923,0.24192126095294952,0.030541588131812424,0.5162204504013062,0.3719612956047058,-1.1997641772031784,-1.705595463514328,0.6011238098144531,0.14559575373882794,-0.0025802042240689813,-2.4078102111816406,-3.1438965797424316,6.028988838195801,3.518728494644165,7.46960973739624,14.947303771972656,3.6116182804107666,-2.2145588397979736,4.202037811279297,2.660339117050171,5.343925476074219,7.983645915985107,-5.605587005615234,-3.6989762783050537,7.593410491943359,3.927375316619873,8.914274215698242,15.268777847290039,0.08510972559452057,-7.206604480743408,1.8540751934051514,9.931272506713867,10.29676628112793,21.108413696289062,-1.954393982887268,-1.10512113571167,2.5595247745513916,3.397496461868286,4.68341588973999,8.129822731018066,-5.432511806488037,0.41236409544944763,8.185525894165039,2.4009127616882324,8.761286735534668,15.504616737365723,4.211733818054199,-6.278655529022217,4.281091213226318,12.379643440246582,13.396658897399902,25.106788635253906,-3.1830761432647705,0.7901510000228882,3.293513298034668,2.5471603870391846,4.717551231384277,7.459583759307861,-1.3148009777069092,4.582772254943848,5.483210563659668,4.6623101234436035,7.705897331237793,10.590739250183105
29.5,0.0,0.0,0.0,0.0,0.0,0,7.838386058807373,7.704187870025635,12.07131290435791,13.018588066101074,3.5148978233337402,1.510866641998291,-2.3859784603118896,5.748953819274902,5.724396228790283,2.8241124664176334,302.3431062949812,0.36029259661743784,0.3259290056973441,312.7851499967633,81.99465376907887,81.99465376907887,0.3332503139972687,0.04251516434402429,0.7254852652549744,0.5019970536231995,0.4403395061728395,0.5596604938271605,0.2648516893386841,0.03378905473175011,0.582391083240509,0.40587496757507324,2.8430575132369995,-0.40125346183776855,-0.0826568603515625,0.12406333328767608,0.003133293598747623,5.007071018218994,-2.9942424297332764,5.007071018218994,4.1306538581848145,7.104485034942627,9.58170223236084,0.9759731292724609,0.49325281381607056,3.9261515140533447,2.4910807609558105,4.97498893737793,8.595840454101562,3.9102978706359863,6.260587215423584,4.280296802520752,6.366025447845459,8.262062072753906,10.915327072143555,4.8055500984191895,-3.2612736225128174,4.938235759735107,4.376964092254639,7.215212821960449,10.889816284179688,-3.8808341026306152,-3.5949220657348633,4.966278553009033,4.265118598937988,7.041025161743164,10.662142753601074,5.481760501861572,-0.8168865442276001,5.960914134979248,3.4593756198883057,7.412930011749268,11.059971809387207,-0.6262848377227783,-6.7341108322143555,2.5338969230651855,7.984226226806641,8.548587799072266,13.024606704711914,-6.423964500427246,-3.527930736541748,6.967403888702393,5.17413854598999,10.080421447753906,18.555875778198242,4.348231315612793,-7.298278331756592,4.635443210601807,7.314886569976807,9.90575885772705,12.982805252075195
30.0,0.0,0.0,0.0,0.0,0.0,0,7.011490345001221,6.036473274230957,12.020087242126465,15.175354957580566,4.531880855560303,0.25872763991355896,0.4518607258796692,7.088920593261719,4.378929615020752,0.5206900299100625,60.20529360908957,0.07426238991846916,0.09739992030439677,109.69501169628676,156.90986169952345,156.90986169952345,0.31042978167533875,0.0442744298467482,0.6796486973762512,0.43441542983055115,0.5070524691358025,0.4929475308641975,0.2540275752544403,0.036230177398071946,0.5536441802978516,0.3661312758922577,-1.252139002084732,2.837839186191559,-0.8268957138061523,-0.22852908539294736,0.001759265502723914,-3.416475772857666,-0.26386189460754395,3.636272668838501,2.234355926513672,4.679060459136963,8.98865795135498,3.9710514545440674,0.6358345150947571,4.399561405181885,2.875784158706665,5.685644626617432,8.722513198852539,0.8084874153137207,3.76369309425354,3.156583547592163,4.09564733505249,5.762305736541748,9.344741821289062,-2.456836462020874,2.020887613296509,4.994183540344238,5.303857326507568,7.745480060577393,10.733338356018066,0.43306225538253784,-1.332808017730713,3.2647271156311035,3.544217824935913,5.225758075714111,8.832088470458984,0.16175265610218048,0.3495936989784241,5.752976894378662,2.6899912357330322,6.805005073547363,10.94323444366455,0.008841213770210743,1.9622997045516968,8.883418083190918,4.806426525115967,10.520990371704102,15.296334266662598,-3.6775271892547607,-2.7293577194213867,3.999774932861328,3.4384403228759766,5.897517204284668,11.019847869873047,6.496192455291748,-0.3395344614982605,9.302616119384766,2.963012218475342,10.781649589538574,26.037939071655273
30.5,0.0,0.0,0.0,0.0,0.0,0,7.249386310577393,6.801190376281738,12.62435531616211,14.698366165161133,4.129333972930908,0.030357560142874718,-0.3220217823982239,5.767282009124756,6.019869804382324,0.32344954752906563,275.3854577851013,0.044617507423646154,0.0749367806455084,286.20468560917345,176.50967391288668,176.50967391288668,0.3163161277770996,0.04363349814619105,0.6903409957885742,0.4442705512046814,0.4853549382716049,0.5146450617283951,0.2367711365222931,0.03266084792804855,0.5199570655822754,0.32796719670295715,-0.22837007977068424,-0.7738825082778931,0.23789596557617188,-0.022463139658888368,-0.0006409317005571513,2.372469425201416,1.3227319717407227,3.6831178665161133,3.370474100112915,5.8072967529296875,9.823028564453125,1.467848300933838,3.667276382446289,3.9445385932922363,4.135286331176758,6.2015604972839355,10.20539665222168,-5.912388324737549,-4.673478126525879,5.952635288238525,4.972456455230713,8.303176879882812,13.995559692382812,3.767223834991455,1.5447574853897095,5.343787670135498,6.978633880615234,9.478151321411133,14.021036148071289,-0.4421720802783966,2.30129075050354,2.7527642250061035,4.168088912963867,5.299018383026123,11.641386032104492,-2.3970015048980713,-4.298691749572754,3.405428647994995,4.315327167510986,5.887844085693359,9.028324127197266,6.104393482208252,-2.8401355743408203,6.810922145843506,9.02657699584961,12.00210952758789,19.87802505493164,-0.3049357533454895,-0.2375132441520691,2.3370838165283203,3.0409743785858154,4.186428070068359,6.489166736602783,-4.382219314575195,0.3155668079853058,7.518228054046631,1.9429104328155518,8.078889846801758,12.309206008911133
31.0,0.0,0.0,0.0,0.0,0.0,0,8.490814208984375,7.649317741394043,16.230640411376953,18.3975830078125,4.975582599639893,-0.5822898149490356,3.3668999671936035,7.738595962524414,5.028857231140137,3.4168811535787533,99.81198316094385,0.4024209068151854,0.3990796723864174,101.3662497021338,175.16156409296036,175.16156409296036,0.3435286283493042,0.040458851110763396,0.7393805384635925,0.5336436033248901,0.5674845679012346,0.4325,0.23934507369995117,0.028188703653177296,0.5078455209732056,0.4029223620891571,-0.6126473750919104,3.6889217495918274,1.2414278984069824,0.324142891740909,-0.0031746470354276565,0.1638248711824417,0.7115747928619385,4.79111909866333,2.333667039871216,5.760134696960449,11.022866249084473,8.014410972595215,-0.07618603110313416,9.166464805603027,2.4578216075897217,9.855996131896973,18.829191207885742,-5.4285478591918945,3.0569796562194824,5.458150863647461,3.3348586559295654,6.753628253936768,11.618805885314941,-5.615890979766846,1.6751998662948608,6.0683722496032715,6.281667709350586,9.538419723510742,19.06941795349121,7.281168460845947,0.48257309198379517,7.917806148529053,4.031168460845947,9.80720043182373,15.64013957977295,-4.954463005065918,6.322607517242432,4.978436470031738,6.323012351989746,8.453930854797363,12.194433212280273,-8.094021797180176,6.76649284362793,8.596360206604004,7.5808000564575195,11.80194091796875,19.79755401611328,2.8775906562805176,4.706549167633057,4.222353935241699,5.451475620269775,7.424498081207275,11.500861167907715,0.51531982421875,6.656309604644775,1.7816739082336426,6.656309604644775,7.021575450897217,10.620038032531738
31.5,0.0,0.0,0.0,0.0,0.0,0,6.005734920501709,5.739310264587402,10.117433547973633,11.287055015563965,2.9532625675201416,1.8496525287628174,-0.762169361114502,4.6224188804626465,4.407010078430176,2.0005290830628715,337.6053593327541,0.3331031271849325,0.2765871456436339,335.6512020165451,-125.71504768558873,125.71504768558873,0.3098607063293457,0.051594127752367186,0.6698592901229858,0.4171305298805237,0.5401543209876544,0.4598456790123457,0.20572930574417114,0.034255469848728355,0.4497706890106201,0.28742173314094543,2.431942343711853,-4.1290693283081055,-2.485079288482666,-0.12249252674278349,0.01113527664160379,3.8938965797424316,1.3023031949996948,5.845711708068848,2.2202281951904297,6.512640953063965,11.057011604309082,1.6872730255126953,-4.035170555114746,3.488466262817383,4.127147197723389,5.717438220977783,9.03481388092041,-0.8119717240333557,-5.2940216064453125,3.5662856101989746,5.315386772155762,6.792596340179443,12.059978485107422,2.1928577423095703,-1.5525474548339844,4.429815769195557,3.64768385887146,6.3045148849487305,9.401581764221191,4.486008167266846,-2.0113062858581543,5.083914279937744,4.028750419616699,7.242193698883057,11.336429595947266,0.456638365983963,-3.2867910861968994,4.278160095214844,4.034411430358887,6.5520782470703125,11.040462493896484,3.693497896194458,2.5445494651794434,3.7131524085998535,2.9449493885040283,4.962174892425537,8.055872917175293,2.626706600189209,3.202805519104004,3.8116519451141357,3.27942156791687,5.602766990661621,8.612910270690918,-1.5780338048934937,2.2706542015075684,2.398592233657837,3.1711089611053467,4.365211486816406,8.076244354248047
32.0,0.0,0.0,0.0,0.0,0.0,0,7.948629856109619,6.9708943367004395,15.696487426757812,17.649120330810547,4.922893524169922,4.653181076049805,1.2336506843566895,6.279326915740967,4.981130123138428,4.813936864721197,14.84864335879687,0.6056310272167249,0.45878508410688534,14.157109335016486,38.50590731847137,38.50590731847137,0.2926149070262909,0.036813246497838806,0.642905056476593,0.43554577231407166,0.547145061728395,0.45285493827160495,0.23584575951099396,0.02967124323426266,0.49732527136802673,0.40186718106269836,2.8035285472869873,1.9958200454711914,1.9428949356079102,0.18219793846325144,-0.01478088125452838,1.956710934638977,-3.0684964656829834,2.6354856491088867,3.296154737472534,4.6122050285339355,7.430732727050781,8.019317626953125,0.6710479855537415,8.130487442016602,3.764151096343994,9.3268404006958,17.319868087768555,3.6754679679870605,-1.6844115257263184,8.703547477722168,5.029597282409668,10.678865432739258,17.962305068969727,2.902099132537842,0.8868790864944458,2.9688737392425537,2.2996342182159424,4.132349014282227,7.505936145782471,9.414955139160156,5.8762617111206055,9.496929168701172,5.882546424865723,11.433561325073242,18.204883575439453,1.9882184267044067,-1.5175487995147705,6.572861194610596,5.177314281463623,8.778039932250977,12.803668022155762,1.9004571437835693,3.696582794189453,2.524878978729248,3.7019429206848145,4.709226131439209,10.794870376586914,10.148330688476562,5.784375190734863,10.148330688476562,5.908435344696045,12.203192710876465,17.584365844726562,1.8730751276016235,0.45816564559936523,3.742281436920166,3.780583381652832,5.663390636444092,8.513521194458008
32.5,0.0,0.0,0.0,0.0,0.0,0,5.663493633270264,5.0283203125,10.989917755126953,13.377654075622559,3.5317392349243164,-1.3216743469238281,1.003716230392456,3.643397092819214,5.340386390686035,1.6595991535517753,142.78595339765573,0.29303452268445035,0.2296235168385301,172.88511714150357,158.72800780648708,158.72800780648708,0.2463771402835846,0.043502670389451645,0.5339672565460205,0.3346547484397888,0.4995524691358025,0.5004475308641976,0.20683123171329498,0.036520071988461425,0.4504230320453644,0.27988842129707336,-5.974855422973633,-0.2299344539642334,-2.2851362228393555,-0.22916156726835524,0.006689423891612839,-0.9919736981391907,1.5583990812301636,2.18349552154541,3.760739803314209,4.606444358825684,7.524206638336182,-1.7199678421020508,0.16310271620750427,2.2154552936553955,2.6962902545928955,3.776916742324829,6.671812057495117,-5.275663375854492,1.0101344585418701,5.8047027587890625,3.5293641090393066,7.564406394958496,10.757038116455078,1.2063132524490356,-0.024471638724207878,1.9480204582214355,2.0204622745513916,3.117140054702759,5.74897575378418,-1.2759931087493896,-1.3068150281906128,1.9707807302474976,2.614076614379883,3.609790563583374,6.36189079284668,-3.7278618812561035,5.365411281585693,4.655983924865723,5.96711540222168,8.579181671142578,12.754098892211914,1.4333322048187256,-4.918086051940918,2.2459828853607178,4.989921569824219,6.310600280761719,12.167068481445312,-2.674492120742798,-1.329756259918213,2.8416948318481445,1.9016247987747192,3.8294339179992676,6.412688732147217,1.1312377452850342,8.515527725219727,2.5684397220611572,8.555078506469727,9.577526092529297,14.112351417541504
33.0,0.0,0.0,0.0,0.0,0.0,0,7.358800888061523,7.073941230773926,12.934257507324219,14.339390754699707,4.029151439666748,0.4106544256210327,2.914577007293701,5.508220672607422,5.601975440979004,2.943364773304058,81.98000356655268,0.39997885770753716,0.31584693973063055,76.60563121153311,-96.27948592997046,96.27948592997046,0.27230021357536316,0.03700333528711061,0.5998145937919617,0.374786376953125,0.5527314814814814,0.4472685185185185,0.22267720103263855,0.03025998041799394,0.49811846017837524,0.31556305289268494,1.7323287725448608,1.9108607769012451,1.6953072547912598,0.08622342289210044,-0.006499335102341033,3.1428418159484863,6.791262626647949,5.75620698928833,6.821383476257324,9.518234252929688,15.256741523742676,2.878248453140259,-0.48506543040275574,3.035884141921997,1.3856542110443115,3.5953662395477295,9.404044151306152,4.84523868560791,-4.490291118621826,4.873067378997803,5.428323745727539,8.09160041809082,11.654397010803223,-0.5529868006706238,6.45675802230835,2.6202332973480225,6.459587574005127,7.210981845855713,10.076516151428223,-3.928807020187378,3.482215166091919,4.197103500366211,3.997269868850708,6.28833532333374,13.159125328063965,3.987687110900879,-0.6113277673721313,6.120972156524658,2.491063356399536,7.131817817687988,11.03278923034668,-4.904228687286377,10.815892219543457,4.963634014129639,10.815892219543457,12.132011413574219,16.32583999633789,-1.6975018978118896,1.1905441284179688,4.05446195602417,4.581913471221924,6.578372955322266,11.612614631652832,-0.0746026262640953,3.0812036991119385,3.89951229095459,3.4957149028778076,5.682490348815918,9.762563705444336
33.5,0.0,0.0,0.0,0.0,0.0,0,7.2704081535339355,7.125604152679443,13.991941452026367,14.823533058166504,4.848783016204834,0.6162304878234863,-0.9542248249053955,2.454547643661499,8.309900283813477,1.1359071399497869,302.854039288872,0.15623705244081176,0.12767500571603704,298.939882226602,-137.66574898493116,137.66574898493116,0.10492930561304092,0.014432379718552404,0.2539338767528534,0.2208670824766159,0.5072222222222222,0.49277777777777776,0.17156590521335602,0.02359783357308891,0.32603567838668823,0.3063886761665344,0.2055760622024536,-3.8688018321990967,-0.08839273452758789,-0.1881719340145935,-0.022570955568558208,0.7187846302986145,5.834743499755859,1.237960934638977,7.126812934875488,7.407035827636719,14.299450874328613,-2.002667188644409,-0.21761776506900787,2.002979278564453,0.6011115312576294,2.129727602005005,5.610814094543457,-2.7380805015563965,-9.929642677307129,2.746652603149414,9.929642677307129,10.543142318725586,14.370882987976074,1.0251747369766235,5.177481651306152,1.5248279571533203,9.58458137512207,9.749032974243164,14.184292793273926,-0.13452792167663574,0.19330920279026031,0.8718079328536987,1.2648022174835205,1.6679540872573853,3.6315252780914307,0.1516798734664917,-9.870477676391602,1.0023692846298218,9.870477676391602,9.948108673095703,15.120977401733398,2.5963714122772217,7.934140682220459,2.703930616378784,8.83471393585205,9.413849830627441,14.67583179473877,3.133391857147217,1.7776825428009033,3.1333961486816406,3.0483148097991943,4.576714992523193,7.4315104484558105,2.795948028564453,-9.487642288208008,2.802055597305298,9.487642288208008,9.998103141784668,14.866606712341309
34.0,0.0,0.0,0.0,0.0,0.0,0,13.431090354919434,14.251039505004883,21.138832092285156,24.247798919677734,6.7624616622924805,-11.229927062988281,-2.008878231048584,7.893118381500244,5.803182125091553,11.40819238912184,190.14214475540584,0.8493869140671322,0.7443750755897856,187.7944354316423,-111.14544679495967,111.14544679495967,0.19293004274368286,0.014364435297584213,0.4430605471134186,0.42292797565460205,0.5259259259259259,0.4740740740740741,0.18824739754199982,0.014015793100316459,0.4551651179790497,0.41607505083084106,-11.846157550811768,-1.0546534061431885,6.160682201385498,0.6167000698737485,-6.79444209681912e-05,-19.30891227722168,-3.8077635765075684,19.30893898010254,3.808023452758789,19.732816696166992,28.22583770751953,-7.174893856048584,-4.1061906814575195,7.174968719482422,4.129786968231201,8.295526504516602,18.15744400024414,-2.033440113067627,3.868363618850708,6.615518569946289,7.974489688873291,11.121840476989746,17.322261810302734,-18.347179412841797,-1.8048412799835205,18.347192764282227,2.191690683364868,18.53825569152832,24.88134002685547,-6.964608192443848,-4.2080817222595215,6.964823246002197,4.208277225494385,8.154365539550781,15.798846244812012,-7.9969282150268555,2.7043299674987793,8.051532745361328,7.747014045715332,12.052764892578125,16.14859390258789,-14.913480758666992,-0.39723753929138184,14.913480758666992,1.861615538597107,15.063973426818848,17.381526947021484,-9.800846099853516,-5.741091728210449,9.800846099853516,5.741127014160156,11.437797546386719,13.327363014221191,-14.529047012329102,-4.587392807006836,14.529047012329102,6.941376209259033,16.482471466064453,18.576444625854492
34.5,0.0,0.0,0.0,0.0,0.0,0,12.478222846984863,12.540891647338867,19.296680450439453,20.878387451171875,5.717500686645508,-11.57131576538086,-4.324765682220459,5.407381534576416,2.5606882572174072,12.353094622331014,200.4931705124071,0.9899722719983252,0.9086407061207046,200.98891974595958,13.194484314317265,13.194484314317265,0.13364028930664062,0.010709880744680853,0.2644285559654236,0.350279837846756,0.3948456790123457,0.6051543209876543,0.11485335975885391,0.009204303526467523,0.2275354415178299,0.4166993498802185,-0.3413887023925781,-2.315887451171875,-0.9528675079345703,0.16426563053091903,-0.0036545545529033593,-10.836860656738281,-5.577665328979492,10.836953163146973,5.672221660614014,12.299019813537598,21.86136245727539,-5.61059045791626,-3.359433650970459,5.610667705535889,3.359569787979126,6.557427406311035,11.70543098449707,-14.828237533569336,-2.9942989349365234,14.828237533569336,2.9942989349365234,15.205709457397461,19.34434700012207,-12.829448699951172,-4.662783622741699,12.829468727111816,4.686872959136963,13.781811714172363,19.739974975585938,-6.931971073150635,-3.4798202514648438,6.932084560394287,3.4799482822418213,7.764893531799316,12.048360824584961,-14.987751960754395,-4.208738803863525,14.987751960754395,4.208738803863525,15.615589141845703,20.33346176147461,-12.279008865356445,-3.7628958225250244,12.279008865356445,3.977891445159912,12.985028266906738,16.912555694580078,-10.56988525390625,-5.017920017242432,10.56988525390625,5.017932891845703,11.706284523010254,12.467374801635742,-15.268088340759277,-5.859335899353027,15.268088340759277,5.859335899353027,16.388235092163086,21.158536911010742
35.0,0.0,0.0,0.0,0.0,0.0,0,3.2209129333496094,2.7542099952697754,6.528979301452637,7.538362979888916,2.192579746246338,-1.7712150812149048,-2.245727300643921,1.4207464456558228,2.2321901321411133,2.860156284677562,231.73699881787576,0.8879955291753645,0.8175115074086846,226.72007334960009,25.731153603640507,25.731153603640507,0.04977497458457947,0.015453680419462707,0.10234576463699341,0.11831481754779816,0.482391975308642,0.517608024691358,0.05430258437991142,0.016859371440403288,0.0952899158000946,0.15284796059131622,9.800100684165955,2.079038381576538,-9.257309913635254,-0.09112919871201997,0.004743799674781854,-2.541339635848999,-4.334727764129639,2.5413763523101807,4.33481502532959,5.0266432762146,8.727692604064941,-0.22193525731563568,-1.611572504043579,0.23276492953300476,1.611611008644104,1.648999571800232,3.2470951080322266,-1.4572550058364868,-0.0843396708369255,1.4572550058364868,0.7258398532867432,1.722663164138794,2.927332639694214,-2.497068405151367,-4.526308059692383,2.633270025253296,4.5263237953186035,5.279675483703613,7.6910858154296875,-1.0774694681167603,-1.7118277549743652,1.0774990320205688,1.7118364572525024,2.0403032302856445,3.4607222080230713,-2.0041420459747314,-0.30700427293777466,2.0041420459747314,0.6398902535438538,2.1584722995758057,2.984757423400879,-1.4393415451049805,-4.445430278778076,2.4187655448913574,4.445430278778076,5.1171369552612305,6.266039848327637,-2.009981393814087,-2.3873345851898193,2.009981393814087,2.3873345851898193,3.1250455379486084,3.9539480209350586,-2.6924021244049072,-0.8029993772506714,2.6924021244049072,0.8164849877357483,2.8692758083343506,3.8814096450805664
35.5,0.0,0.0,0.0,0.0,0.0,0,2.2988498210906982,2.307145595550537,3.680873155593872,4.235001564025879,1.1270066499710083,0.8577489256858826,-2.0363073348999023,0.8606598973274231,0.9653173089027405,2.2095883738113824,292.8421707290675,0.961171257704444,0.8803243593946796,291.0096128908607,64.28953954126061,64.28953954126061,0.03117881342768669,0.013562782387459917,0.06735657900571823,0.07728792726993561,0.5791666666666667,0.42083333333333334,0.030683118849992752,0.013347155269272772,0.06210155040025711,0.07987890392541885,2.6289640069007874,0.20941996574401855,-0.9220631122589111,0.06281285198599496,-0.0018908980320027895,0.14188313484191895,-2.1862878799438477,0.15300528705120087,2.18637752532959,2.20757794380188,3.746929407119751,0.6939007043838501,-1.6360231637954712,0.6939917206764221,1.6360746622085571,1.7823193073272705,2.8772506713867188,1.6431419849395752,-1.8841121196746826,1.6431419849395752,1.8841121196746826,2.5198967456817627,2.790658712387085,1.1074777841567993,-2.5631797313690186,1.1074997186660767,2.5631895065307617,2.903010368347168,4.205536365509033,0.4456281065940857,-1.7026530504226685,0.44576698541641235,1.7026735544204712,1.7688443660736084,2.4441347122192383,1.1313142776489258,-1.6015722751617432,1.1313142776489258,1.6015722751617432,1.975272297859192,2.2083523273468018,1.8124606609344482,-2.9943158626556396,1.8124606609344482,2.9943158626556396,3.622673511505127,5.106006622314453,0.31485211849212646,-2.0841524600982666,0.31485211849212646,2.0841524600982666,2.111715078353882,2.3411383628845215,0.42908143997192383,-1.6744688749313354,0.6116387844085693,1.6744688749313354,1.7983371019363403,2.007087469100952
36.0,0.0,0.0,0.0,0.0,0.0,0,8.218450546264648,7.687108516693115,14.414224624633789,16.412960052490234,4.565411567687988,-2.7159485816955566,-3.162235975265503,5.81727409362793,6.096650123596191,4.168466512001443,229.34171838587665,0.5072083221205297,0.47116131796438926,224.93917821879018,-66.07043467207052,66.07043467207052,0.28710871934890747,0.03493464890955045,0.6495683193206787,0.4182572364807129,0.48521604938271606,0.514783950617284,0.2192714959383011,0.02668039042439348,0.4861994981765747,0.32375794649124146,-3.573697507381439,-1.1259286403656006,5.91960072517395,-0.4091630414302903,0.02137186652209053,0.11300869286060333,-4.115817546844482,4.59120512008667,7.342229843139648,9.3583402633667,21.84319496154785,3.08170485496521,-3.789893627166748,4.635758399963379,4.283177375793457,6.84239387512207,14.267772674560547,-4.485631942749023,-3.0545859336853027,4.491219520568848,3.922377109527588,6.280246257781982,8.566254615783691,-2.3448362350463867,1.0526334047317505,3.413827419281006,4.184884071350098,5.872249126434326,9.641773223876953,-0.8593170642852783,-5.748260498046875,5.043332576751709,8.440156936645508,10.467074394226074,14.788867950439453,-5.731738090515137,-5.166642665863037,5.7569780349731445,5.226155757904053,8.04980754852295,10.680541038513184,-3.660142660140991,-1.7420719861984253,4.0169758796691895,3.776684522628784,6.6358418464660645,11.784615516662598,-6.0984883308410645,0.08449073135852814,7.41184139251709,6.878458023071289,11.067047119140625,18.3366641998291,-4.458096504211426,-5.979974269866943,6.035949230194092,6.580202579498291,9.393059730529785,14.78830623626709
36.5,0.0,0.0,0.0,0.0,0.0,0,6.959542751312256,6.687655925750732,11.826972007751465,13.593688011169434,3.696132183074951,-1.46624755859375,0.7221421599388123,4.645429611206055,6.151848793029785,1.6344329910532354,153.77927457624608,0.23484775501164282,0.15431046745255206,166.6929236581329,-58.24625456065726,58.24625456065726,0.29113858938217163,0.04183299937259192,0.6373755931854248,0.412422239780426,0.48506172839506173,0.5149382716049383,0.24795223772525787,0.0356276570110656,0.5333092212677002,0.3399377167224884,1.2497010231018066,3.884378135204315,-1.2589077949523926,-0.3168508505118372,0.006898350463041471,0.9783767461776733,3.4044766426086426,1.7432050704956055,6.777381896972656,7.18128776550293,14.395050048828125,-0.45478111505508423,2.159011125564575,4.725523948669434,4.616430282592773,7.055649757385254,11.234968185424805,-2.6404058933258057,-1.9698302745819092,3.951751947402954,2.94795298576355,5.344827651977539,10.729230880737305,-2.986722230911255,2.167940378189087,3.1001904010772705,8.245452880859375,9.21847915649414,15.006184577941895,-1.611350178718567,0.827307403087616,3.227285146713257,5.582211017608643,7.0045247077941895,10.660794258117676,-1.983132004737854,-1.7908480167388916,3.1294336318969727,2.8513412475585938,4.865560531616211,9.44228744506836,-4.239748477935791,-1.059725046157837,4.978157043457031,4.477528095245361,7.831491470336914,10.619489669799805,-2.1706440448760986,-0.06291096657514572,3.7386133670806885,4.590031623840332,7.282756805419922,12.403465270996094,1.9121782779693604,2.8238584995269775,3.889518976211548,5.089044570922852,6.8513102531433105,12.862212181091309
37.0,0.0,0.0,0.0,0.0,0.0,0,9.883027076721191,9.099395751953125,16.305208206176758,17.920177459716797,4.550663948059082,-2.655040979385376,0.22490966320037842,8.513887405395508,6.228694915771484,2.664550048097533,175.15800960717843,0.2696086965474072,0.21311226337492933,166.61663879571543,-0.07628486241748078,0.07628486241748078,0.3317320942878723,0.033565835461830264,0.7429312467575073,0.47713249921798706,0.5181944444444444,0.48180555555555554,0.29893097281455994,0.030246901100956274,0.6870671510696411,0.4406672716140747,-1.188793420791626,-0.49723249673843384,2.9234843254089355,0.058801795922377276,-0.008267163910761655,-3.3252322673797607,0.14660529792308807,3.8928794860839844,6.222766876220703,8.443415641784668,13.135327339172363,5.531396865844727,-4.146312236785889,5.644528388977051,5.613226413726807,8.194376945495605,13.724117279052734,2.2453174591064453,-0.24462154507637024,11.205275535583496,5.2406086921691895,12.632589340209961,18.131446838378906,-9.11109447479248,6.65729284286499,9.159697532653809,6.693831920623779,11.732680320739746,20.820791244506836,-6.1927385330200195,-3.842359781265259,7.5103840827941895,4.489424705505371,9.551776885986328,15.273531913757324,2.664165496826172,1.8420006036758423,5.652921676635742,5.538266658782959,8.731539726257324,12.610424995422363,-10.260618209838867,4.883440971374512,10.260618209838867,5.343020915985107,11.94187068939209,17.92749786376953,-8.062593460083008,-4.296390056610107,8.062593460083008,5.514413833618164,10.64932918548584,15.542379379272461,2.616028070449829,1.024531364440918,5.6945366859436035,3.2583556175231934,7.0696563720703125,10.925756454467773
37.5,0.0,0.0,0.0,0.0,0.0,0,6.538475036621094,6.014357089996338,11.144783973693848,12.710012435913086,3.3749208450317383,-0.36328914761543274,-1.454201340675354,5.06850528717041,5.119113445281982,1.498893106261132,255.97344243205706,0.22924200182244928,0.2516000103524154,255.90722857636362,89.29058978064819,89.29058978064819,0.3205399215221405,0.04902364400004543,0.7074840664863586,0.45633575320243835,0.4379166666666667,0.5620833333333334,0.24345751106739044,0.03723459560053732,0.5236849188804626,0.3510739505290985,2.2917518317699432,-1.6791110038757324,-3.3445520401000977,0.03848774697748608,0.015457808538215163,-1.233575701713562,2.8023457527160645,1.7192163467407227,5.367288589477539,6.1895904541015625,14.404812812805176,0.9588066339492798,3.8146138191223145,6.082116603851318,4.515880107879639,8.130406379699707,12.06627368927002,-0.2116961032152176,-2.8385536670684814,8.001063346862793,3.898691415786743,9.31741714477539,14.501470565795898,-2.213902235031128,1.381725549697876,3.2707247734069824,3.772520065307617,5.5499587059021,8.636794090270996,0.9583996534347534,-3.6207315921783447,3.039146900177002,3.954688549041748,5.752986431121826,8.818220138549805,-0.8107939958572388,-2.108657121658325,3.044442892074585,2.561450958251953,4.4448394775390625,7.641550540924072,-1.3286924362182617,-2.1434030532836914,4.5657548904418945,3.4752118587493896,6.2447190284729,10.175522804260254,-0.7778666615486145,-6.29520845413208,3.5631039142608643,6.29520845413208,7.696454048156738,11.468465805053711,1.3897182941436768,-4.0799431800842285,3.0553948879241943,4.175644397735596,5.519906520843506,9.109028816223145
38.0,0.0,0.0,0.0,0.0,0.0,0,8.740163803100586,9.396544456481934,13.970115661621094,15.58633804321289,4.393982887268066,0.5845044851303101,5.1240034103393555,5.9228644371032715,5.8326802253723145,5.157233409717539,83.49229477705657,0.5900614137103475,0.4568842802591385,80.30462255677928,-175.60260601958436,175.60260601958436,0.2939346432685852,0.033630331909109024,0.6767048835754395,0.43135571479797363,0.5144907407407407,0.48550925925925925,0.2300107181072235,0.02631651957244867,0.5176807641983032,0.346540629863739,0.9477936327457428,6.5782047510147095,2.201688766479492,0.2052842699067231,-0.015393312090936404,3.6160225868225098,3.699594259262085,5.851247310638428,5.461540222167969,9.203237533569336,17.26538848876953,-1.9161547422409058,11.412172317504883,2.4802355766296387,11.412172317504883,11.827534675598145,13.37948226928711,-2.0299267768859863,7.183760643005371,8.140804290771484,7.183760643005371,11.323036193847656,15.167223930358887,1.7663267850875854,2.0997471809387207,5.685957908630371,4.208250522613525,7.474731922149658,12.599818229675293,0.42615610361099243,11.841992378234863,3.3563485145568848,11.841992378234863,12.50346851348877,17.78414535522461,-1.8310595750808716,2.1275570392608643,5.011959552764893,2.5310611724853516,6.2221245765686035,12.454180717468262,1.2959394454956055,2.029564142227173,6.702030181884766,4.859793663024902,8.698807716369629,13.266669273376465,4.442983627319336,6.099175930023193,4.589897155761719,6.309084415435791,8.251564979553223,12.642741203308105,-0.5097468495368958,-0.3775349259376526,1.7899670600891113,2.3042492866516113,3.1569628715515137,4.819548606872559
38.5,0.0,0.0,0.0,0.0,0.0,0,9.829549789428711,9.828407287597656,15.293205261230469,16.870203018188477,4.123288631439209,-1.6031608581542969,1.277613878250122,7.9191389083862305,6.834205627441406,2.049980965525129,141.44745666615376,0.20855288486658888,0.13469703403167715,141.55125743087544,61.24663487409617,61.24663487409617,0.35792654752731323,0.03641331686410827,0.7954981327056885,0.5010204911231995,0.5561728395061728,0.44382716049382714,0.24850492179393768,0.02528141184856533,0.558596134185791,0.36799436807632446,-2.187665343284607,-3.8463895320892334,1.089385986328125,-0.32218724622746137,0.0027829849549992486,-0.03310977667570114,-7.954073905944824,3.406593084335327,7.95674467086792,8.919593811035156,14.517809867858887,-0.133965402841568,-3.952179431915283,6.1576313972473145,4.297163963317871,8.248373031616211,12.291013717651367,-9.57040023803711,0.2556133270263672,9.57040023803711,3.584883451461792,10.812925338745117,18.80396270751953,4.413331985473633,0.5521618127822876,4.913632869720459,5.543896675109863,7.770378112792969,13.012826919555664,-0.538964569568634,4.008991241455078,8.594747543334961,4.706384181976318,10.382797241210938,14.068103790283203,-7.826730728149414,7.263638019561768,7.826730728149414,7.476691722869873,11.509491920471191,17.455821990966797,4.8066205978393555,-0.8161529302597046,5.995392799377441,6.123655796051025,9.130270957946777,15.33971118927002,-0.7719054222106934,2.9244260787963867,9.712580680847168,3.405771493911743,10.7201509475708,16.961341857910156,-4.773322582244873,9.216102600097656,4.773398399353027,9.382866859436035,10.971965789794922,14.639911651611328
39.0,0.0,0.0,0.0,0.0,0.0,0,7.265440940856934,6.771169662475586,12.287178993225098,13.866844177246094,3.754960298538208,0.4183231592178345,-0.37310081720352173,6.840023517608643,4.448172569274902,0.5605341072012705,318.2703518860806,0.07715073479561689,0.08188548068873593,311.5834319644684,170.03217453359298,170.03217453359298,0.31919237971305847,0.04393296131348767,0.7009264230728149,0.44957613945007324,0.48138888888888887,0.5186111111111111,0.2618020474910736,0.03603387785935496,0.5734255313873291,0.3694841265678406,2.0214840173721313,-1.6507146954536438,-2.5641088485717773,-0.05281155334294123,0.007519644449379401,0.33284664154052734,-1.6200532913208008,5.165398597717285,2.6261138916015625,6.091464996337891,9.291247367858887,4.8949456214904785,0.18617643415927887,4.898190498352051,2.0504424571990967,5.5472283363342285,8.404308319091797,-5.820696830749512,0.16950581967830658,7.703734874725342,2.377127170562744,8.384081840515137,11.955978393554688,6.7661333084106445,-2.7297422885894775,6.94801139831543,3.6378071308135986,8.420843124389648,14.701876640319824,1.2875540256500244,-2.3336963653564453,2.668907880783081,3.058055877685547,4.5066938400268555,8.195650100708008,-4.686882972717285,2.461977243423462,5.659219264984131,4.854527950286865,7.90398645401001,12.379888534545898,8.67306900024414,-2.2650279998779297,9.145801544189453,3.2151167392730713,10.546141624450684,16.470226287841797,-2.7392737865448,-1.063249945640564,3.511141061782837,5.180149078369141,6.8618998527526855,10.956781387329102,-4.942786693572998,3.836202621459961,4.967450141906738,4.470587253570557,7.1266279220581055,11.967175483703613
39.5,0.0,0.0,0.0,0.0,0.0,0,6.907032489776611,6.178050518035889,12.748100280761719,16.145336151123047,4.044602394104004,3.0272958278656006,1.195694923400879,5.344815254211426,4.990455627441406,3.2548742493772482,21.552596715283812,0.47124061660270516,0.4254918151516759,42.19643378501206,90.61300182054367,90.61300182054367,0.3552910387516022,0.051439020713810533,0.7878395915031433,0.5328847169876099,0.5177469135802469,0.48225308641975306,0.2756524682044983,0.03990895202875489,0.5904241800308228,0.45025014877319336,2.608972668647766,1.5687957406044006,-0.35840845108032227,0.34360633446294,0.007506059400322861,4.844229221343994,-3.8276307582855225,5.01597261428833,5.891986846923828,8.109596252441406,17.2615966796875,5.597222328186035,-0.5177119970321655,7.378438949584961,3.1301848888397217,8.282451629638672,17.940580368041992,1.4654117822647095,5.661829471588135,2.307945489883423,5.711981296539307,6.442107677459717,10.38291072845459,1.9546172618865967,0.7749015092849731,4.307377815246582,4.478943347930908,6.833067893981934,13.068487167358398,4.4615478515625,1.105895757675171,5.50169563293457,2.7009942531585693,6.657234191894531,14.093009948730469,3.302032947540283,4.843048572540283,4.287844181060791,4.9146013259887695,7.085284233093262,9.243354797363281,1.076180100440979,2.3275604248046875,4.581338882446289,3.0051708221435547,5.855043411254883,8.354909896850586,2.066270112991333,1.673810362815857,4.212454319000244,3.7276649475097656,6.15477991104126,9.617942810058594,2.4781510829925537,-1.280449390411377,4.6439361572265625,3.955258846282959,6.743729591369629,10.425949096679688
40.0,0.0,0.0,0.0,0.0,0.0,0,5.910821437835693,5.459463119506836,10.23658561706543,11.840524673461914,3.050191879272461,-0.24945011734962463,-2.520745277404785,4.576672077178955,4.108426570892334,2.533057858518883,264.348474372196,0.4285458265249826,0.3791195827660061,242.48332505750557,-159.7131087275065,159.7131087275065,0.3032890260219574,0.051310799674945014,0.6683929562568665,0.4168742597103119,0.5289969135802469,0.4710030864197531,0.2491452395915985,0.04215068921657974,0.5448868274688721,0.33997994661331177,-3.276745945215225,-3.716440200805664,-0.996211051940918,-0.04637223238566979,-0.00012822103886551972,-2.0270841121673584,-5.979284763336182,2.7948570251464844,6.459150791168213,7.637434005737305,11.955448150634766,-2.3574631214141846,0.40832215547561646,3.115433931350708,3.4616637229919434,5.044783115386963,7.353597164154053,-1.0927854776382446,-3.101425886154175,2.0390470027923584,3.7269325256347656,4.826629638671875,7.639393329620361,-2.8247134685516357,-0.3298068642616272,3.951622486114502,3.3030121326446533,5.823037624359131,8.801010131835938,0.08921875059604645,-2.951262950897217,2.939802408218384,3.893440008163452,5.564246654510498,10.726269721984863,-0.16404524445533752,-3.693556785583496,3.6866815090179443,5.15391206741333,6.738844394683838,10.40612506866455,-0.053013578057289124,-1.71192467212677,3.2786662578582764,2.910291910171509,4.734724521636963,7.653632164001465,3.4707767963409424,-1.9821010828018188,4.966579914093018,2.359501361846924,5.881585597991943,10.61182689666748,2.714057683944702,-3.3456673622131348,5.092442989349365,3.6118805408477783,6.946106910705566,12.794244766235352
40.5,0.0,0.0,0.0,0.0,0.0,0,7.826905250549316,7.443207740783691,13.419785499572754,14.982359886169434,3.892836332321167,0.8449480533599854,-0.08385875076055527,6.8419718742370605,5.374112129211426,0.8490992303352709,354.33211374986223,0.10848466963052587,0.14019247357647693,45.917435678699896,163.43411062119435,163.43411062119435,0.35825467109680176,0.04577219397148884,0.7897886633872986,0.4989051818847656,0.5547530864197531,0.44524691358024693,0.2770068943500519,0.03539162032643622,0.6081303358078003,0.3989578187465668,1.09439817070961,2.43688652664423,1.916083812713623,-0.23892710918952917,-0.00553860570345617,-7.366855144500732,-6.444774150848389,8.17161750793457,6.580740451812744,11.295342445373535,15.479938507080078,-2.7576258182525635,-1.0690102577209473,3.927934408187866,3.898484945297241,5.903043270111084,10.590410232543945,4.130007266998291,-0.6815692782402039,4.567305564880371,2.985551118850708,5.841564655303955,11.115965843200684,-5.870108127593994,-1.2686327695846558,6.239866733551025,2.787891149520874,7.1465582847595215,12.802190780639648,0.9640182256698608,4.788928031921387,2.531075954437256,5.052546977996826,5.999197959899902,8.675362586975098,6.516502857208252,-2.522366762161255,6.80569314956665,4.235762119293213,9.150251388549805,11.890301704406738,-0.42207038402557373,0.4860270917415619,4.351067066192627,5.239734172821045,7.662782192230225,14.763678550720215,4.341388702392578,3.658078908920288,4.5028839111328125,5.024357318878174,7.334352016448975,10.996004104614258,8.06927490234375,2.2985904216766357,8.29012680053711,3.8979172706604004,10.109054565429688,16.08704948425293
41.0,0.0,0.0,0.0,0.0,0.0,0,8.044662475585938,7.541412830352783,14.245488166809082,16.250831604003906,4.049421787261963,-2.9578773975372314,2.037708044052124,4.962063312530518,6.602352142333984,3.591836963401368,145.4366980726881,0.44648696875747473,0.37281799831147744,149.44305131925447,103.52561564055458,103.52561564055458,0.382515013217926,0.04754891418128157,0.8389682769775391,0.5427646636962891,0.46978395061728395,0.530216049382716,0.2764798104763031,0.034368101452020725,0.6097501516342163,0.40967297554016113,-3.802825450897217,2.1215667948126793,0.2177572250366211,0.2326255247350005,0.0017767202097927273,-4.9931206703186035,7.307197093963623,4.996694564819336,7.307407379150391,9.308194160461426,15.9608154296875,-4.437778472900391,-2.594982385635376,4.748313903808594,4.093750953674316,6.810555458068848,10.028067588806152,-0.7218047976493835,5.463993072509766,2.291734457015991,5.463993072509766,6.254208087921143,9.402828216552734,-7.682971477508545,5.944551944732666,7.682971477508545,7.465338230133057,11.108650207519531,17.66550064086914,-4.061403751373291,2.308952808380127,5.105991363525391,4.249599933624268,7.045563697814941,13.42947769165039,1.290905475616455,4.291254997253418,2.287933588027954,5.255196571350098,6.192173480987549,10.449592590332031,-4.294425964355469,-1.2518450021743774,4.475824356079102,5.488875865936279,7.722919940948486,11.315197944641113,-4.967889308929443,4.370369911193848,6.238024711608887,5.124550819396973,8.72529125213623,13.151968002319336,3.247593402862549,-7.500121116638184,4.15269660949707,7.507934093475342,9.234407424926758,14.29133129119873
41.5,0.0,0.0,0.0,0.0,0.0,0,8.65151596069336,8.632741928100586,13.75819206237793,15.864062309265137,4.175900936126709,0.5625541806221008,2.2414019107818604,7.080889701843262,6.066920757293701,2.3109196722932577,75.9107503622326,0.26711153083373074,0.2781352874589364,64.01497981704246,-85.428071502212,85.428071502212,0.3560240566730499,0.04115163367194244,0.7881563305854797,0.4929088354110718,0.5127006172839507,0.4872993827160494,0.2725037634372711,0.031497801446306345,0.6159166693687439,0.3927612900733948,3.5204315781593323,0.20369386672973633,0.6068534851074219,-0.09468271085254104,-0.006397280509339132,3.15205979347229,5.227999687194824,3.7805259227752686,5.227999687194824,7.1313042640686035,11.094019889831543,0.6218420267105103,-5.451653957366943,2.6470203399658203,6.260149955749512,7.508009910583496,12.780397415161133,-6.195781230926514,2.2778992652893066,7.458101749420166,3.6352062225341797,9.473397254943848,17.7402286529541,2.70339035987854,9.334952354431152,3.0092132091522217,9.535685539245605,10.629464149475098,13.981910705566406,-0.31591030955314636,-2.434917688369751,3.030189275741577,4.137143611907959,5.740476131439209,10.673582077026367,4.215573787689209,0.3763349950313568,6.715965747833252,2.851954221725464,7.704995632171631,11.894184112548828,-2.804567575454712,5.804876327514648,4.609012603759766,6.093136787414551,8.149393081665039,11.246018409729004,-5.011112213134766,2.5804009437561035,8.736268043518066,3.558819055557251,9.888969421386719,17.370718002319336,8.697492599487305,2.456726312637329,8.697492599487305,6.168643474578857,11.63763427734375,14.257412910461426
42.0,0.0,0.0,0.0,0.0,0.0,0,8.270896911621094,7.940699577331543,13.875286102294922,15.548428535461426,4.762665271759033,-1.1667479276657104,0.49177688360214233,6.907613754272461,6.463160037994385,1.266153714980004,157.14488414450514,0.15308541848719986,0.22889699240490874,142.62270581212837,78.6077259950859,78.6077259950859,0.3887036442756653,0.04699654722246227,0.8248555064201355,0.677339494228363,0.4840895061728395,0.5159104938271605,0.33385777473449707,0.040365360363765035,0.6821521520614624,0.5890204906463623,-1.7293021082878113,-1.749625027179718,-0.3806190490722656,-0.04923829505402766,0.005844913550519831,5.6291069984436035,-4.15492057800293,6.966142654418945,4.817704200744629,9.064193725585938,14.519756317138672,-6.852087497711182,-0.5414957404136658,6.879111289978027,3.8742942810058594,8.352925300598145,12.72114372253418,-0.9888079762458801,7.756325721740723,3.361262321472168,7.773868083953857,8.812371253967285,14.529518127441406,2.7307443618774414,-1.8195849657058716,3.8321428298950195,2.702740430831909,4.967583656311035,10.731014251708984,-6.739261627197266,-0.7472396492958069,6.740283012390137,3.5446903705596924,8.244375228881836,11.965147018432617,-1.0753364562988281,5.676945209503174,3.5890746116638184,5.933238983154297,7.412590026855469,10.647485733032227,5.846903324127197,-6.066130638122559,7.02419900894165,7.5234808921813965,11.369392395019531,19.039770126342773,-8.030611991882324,1.281894564628601,8.032323837280273,6.299342632293701,10.839852333068848,14.573282241821289,-1.021379828453064,3.0401978492736816,1.9263304471969604,4.705413341522217,5.374787330627441,9.412609100341797
42.5,0.0,0.0,0.0,0.0,0.0,0,8.14900016784668,7.380501747131348,13.849907875061035,16.914813995361328,4.74614953994751,-1.0268257856369019,-0.651658833026886,7.291396617889404,5.855650424957275,1.2161539494286089,212.40061155997037,0.1492396520283751,0.10007677976023971,261.730977957219,119.10827214509061,119.10827214509061,0.40829965472221375,0.050104257725870995,0.9086846113204956,0.6200355291366577,0.5050308641975308,0.49496913580246915,0.3088635504245758,0.03790201327289673,0.6758350133895874,0.44930484890937805,0.1399221420288086,-1.1434357166290283,-0.12189674377441406,-0.12882021264466903,0.003107710503408724,-2.790353298187256,5.932084560394287,7.419818878173828,6.248622894287109,10.205887794494629,15.646453857421875,-0.3638630509376526,0.13335753977298737,4.431272029876709,4.441615104675293,6.544482231140137,11.784894943237305,-1.5777332782745361,-5.717037677764893,3.366938591003418,6.703705310821533,7.919282913208008,15.003984451293945,-4.338697910308838,0.45341673493385315,6.9239959716796875,4.51551628112793,8.943527221679688,16.155261993408203,-0.4258599579334259,-2.601344347000122,4.342432022094727,4.010789394378662,6.424156665802002,11.826064109802246,3.576087713241577,-0.018647223711013794,3.932265043258667,3.300443172454834,5.699970722198486,8.796172142028809,-6.88430643081665,-3.5843217372894287,9.3785982131958,4.887794494628906,11.364828109741211,23.202566146850586,-3.3989882469177246,-2.3148393630981445,5.317474842071533,5.083039283752441,8.019004821777344,12.698738098144531,6.962282657623291,1.8524032831192017,6.962921142578125,3.671694278717041,8.219857215881348,11.67782211303711
43.0,0.0,0.0,0.0,0.0,0.0,0,8.451016426086426,7.467309474945068,15.130668640136719,18.226909637451172,4.935555934906006,3.1176187992095947,0.1633014976978302,6.973886013031006,6.11539888381958,3.1218927522154614,2.9984241763636503,0.36941032827469916,0.3799865721184732,15.911041183901796,114.18006322668282,114.18006322668282,0.3474830985069275,0.041117309430024826,0.7574888467788696,0.47948938608169556,0.47680555555555554,0.5231944444444444,0.2707717716693878,0.03204013883980113,0.6026908159255981,0.38541027903556824,4.144444584846497,0.8149603307247162,0.3020162582397461,0.2799097923582335,-0.008986948295846169,8.630941390991211,0.3296472132205963,8.630941390991211,4.132972717285156,9.737348556518555,13.651179313659668,4.9010467529296875,0.5705291628837585,6.44218635559082,3.928849220275879,7.827204704284668,11.917596817016602,0.17903569340705872,3.1121175289154053,3.0561459064483643,3.353599786758423,4.8671722412109375,9.225403785705566,6.651122093200684,-2.5595762729644775,7.747033596038818,4.709283351898193,9.322516441345215,19.16777229309082,6.891862869262695,-4.3199782371521,6.945477485656738,5.186188220977783,9.029380798339844,16.723793029785156,-0.0043216790072619915,6.101724147796631,2.626068353652954,6.19441556930542,7.4774932861328125,12.699204444885254,-4.704024314880371,0.6172681450843811,11.44002628326416,5.342219352722168,12.98218822479248,22.80025291442871,4.851816177368164,-5.304981708526611,4.869415760040283,6.224135875701904,8.523585319519043,13.69871997833252,0.6610897779464722,2.9229633808135986,2.736504554748535,4.997705936431885,6.292264461517334,9.939011573791504
43.5,0.0,0.0,0.0,0.0,0.0,0,6.784989833831787,6.4482421875,11.642621040344238,13.500505447387695,3.7552340030670166,-0.7170512080192566,-1.0229783058166504,6.194940090179443,4.494434356689453,1.24925859976763,234.97166937237228,0.1841209243289489,0.17890793647213638,217.53131274865245,-158.37972843524938,158.37972843524938,0.3578942120075226,0.05274792859305953,0.7875833511352539,0.5374670624732971,0.48689814814814814,0.5131018518518519,0.2650544345378876,0.039064818365892984,0.5880435705184937,0.40342679619789124,-3.8346700072288513,-1.1862798035144806,-1.6660265922546387,-0.20107863564633682,0.011630619163034706,-6.373713970184326,1.7687822580337524,7.042060852050781,2.5038037300109863,7.679764747619629,12.052160263061523,6.776561737060547,-2.0540244579315186,6.858828067779541,3.3818235397338867,8.723200798034668,17.299983978271484,-3.2233831882476807,-1.554304599761963,3.4007177352905273,3.709296941757202,5.759149074554443,8.808795928955078,-2.3551676273345947,0.9590969681739807,3.9065821170806885,4.000085353851318,6.34490442276001,10.714424133300781,5.725582122802734,-1.356569766998291,5.956988334655762,3.738487720489502,7.618732452392578,14.244751930236816,-3.5984532833099365,-0.49965816736221313,4.291180610656738,2.3804008960723877,5.2918219566345215,8.393767356872559,-1.037062168121338,-1.604821801185608,3.1201589107513428,3.8591954708099365,5.5594096183776855,10.2727632522583,1.4060039520263672,-3.0782980918884277,4.087011814117432,4.349586486816406,6.807822227478027,10.373800277709961,-3.7738280296325684,-1.78700590133667,6.295948505401611,2.52204966545105,7.28010368347168,11.314912796020508
44.0,0.0,0.0,0.0,0.0,0.0,0,7.248105525970459,6.538723945617676,13.951464653015137,15.96144962310791,4.633338451385498,1.7609843015670776,-1.3857167959213257,5.7737812995910645,5.970346450805664,2.2408205525798253,321.8008279306939,0.30915948237105706,0.24050896451995502,319.54518190800917,102.01386915935672,102.01386915935672,0.3592297434806824,0.04956187415203374,0.7962095737457275,0.5591995716094971,0.4930555555555556,0.5069444444444444,0.24886907637119293,0.03433573657885381,0.5443246364593506,0.39642393589019775,2.4780355095863342,-0.3627384901046753,0.4631156921386719,0.06160102804781864,-0.003186054441025793,2.1680667400360107,-5.584879398345947,5.2627458572387695,5.58908748626709,7.986477851867676,12.790616989135742,-1.6281293630599976,3.94862961769104,3.3045928478240967,4.19491720199585,5.586705207824707,14.989175796508789,1.875707983970642,0.45760464668273926,2.398892402648926,3.533397912979126,4.6053853034973145,7.940657138824463,-0.591344952583313,-8.251340866088867,4.390702247619629,8.251340866088867,9.588821411132812,15.56773853302002,6.193591594696045,0.9999158978462219,6.738480567932129,4.964076519012451,9.50199031829834,17.89486312866211,0.26721328496932983,-0.5399312376976013,2.5211493968963623,1.6630980968475342,3.3121774196624756,5.549665451049805,0.37813708186149597,-2.5257768630981445,4.92183256149292,6.971689224243164,9.15307903289795,14.32319450378418,6.6943769454956055,-3.235628843307495,7.3152642250061035,6.421438694000244,10.62751293182373,15.14880657196045,0.4912409484386444,2.259958028793335,3.6954634189605713,2.488884210586548,4.8708038330078125,7.109126567840576
44.5,0.0,0.0,0.0,0.0,0.0,0,7.635217189788818,7.03829288482666,13.524012565612793,17.132795333862305,4.893065929412842,1.8461252450942993,-0.1453833281993866,7.279719352722168,5.080846786499023,1.851840903720624,355.4972202789848,0.24253938790336413,0.25416638365557376,335.47890640131544,15.933724493306272,15.933724493306272,0.346548467874527,0.04538815515946796,0.7573062181472778,0.4839200973510742,0.44939814814814816,0.5506018518518518,0.23906069993972778,0.03131026435622267,0.5448094606399536,0.33516958355903625,0.08514094352722168,1.240333467721939,0.3871116638183594,0.013657419135618742,-0.0041737189925657794,-1.8616536855697632,-2.4214067459106445,4.103919506072998,2.7334251403808594,5.338263034820557,8.36570930480957,6.652398109436035,6.010382175445557,7.993247985839844,6.171268939971924,10.479863166809082,24.156635284423828,3.486137866973877,-2.3325915336608887,4.633610248565674,2.789919376373291,5.826642990112305,9.54786491394043,-2.4795234203338623,-2.7856554985046387,6.67190408706665,2.8471951484680176,7.6319708824157715,14.127972602844238,6.410436630249023,4.09692907333374,9.745474815368652,4.274721145629883,10.99756908416748,20.35506820678711,2.189408779144287,0.29011231660842896,2.754333734512329,3.2554688453674316,4.53532075881958,8.321328163146973,-2.7072255611419678,-5.019601821899414,6.402303695678711,5.693854331970215,9.74777603149414,13.945152282714844,4.372378349304199,1.7630643844604492,6.265336036682129,3.3696935176849365,7.697628021240234,11.137369155883789,0.5527694225311279,-0.9096835851669312,4.214117527008057,4.229742527008057,6.461921691894531,9.477737426757812
45.0,0.0,0.0,0.0,0.0,0.0,0,6.119739532470703,5.501802444458008,11.699678421020508,13.908445358276367,4.376121997833252,-1.0648326873779297,0.9075660705566406,4.789085388183594,5.631053924560547,1.3991228768532538,139.5587591204673,0.22862457943343062,0.26621033533019484,160.3484247692147,-175.13048163210075,175.13048163210075,0.2895302176475525,0.04731086491516028,0.6778823137283325,0.46161267161369324,0.5513734567901235,0.44862654320987655,0.20664900541305542,0.03376760898874673,0.46116921305656433,0.3828403353691101,-2.910957932472229,1.0529493987560272,-1.5154776573181152,0.012043951674621078,0.0019227097556923228,-1.2765557765960693,1.7341760396957397,1.284244418144226,1.835373044013977,2.3915207386016846,6.028942108154297,-0.5499309301376343,-5.221013069152832,3.235170364379883,5.2210693359375,6.467414379119873,10.796853065490723,3.907417058944702,-3.030935287475586,5.021605968475342,6.822475910186768,9.552617073059082,13.723647117614746,-1.9399718046188354,1.3689073324203491,2.1244425773620605,2.0299439430236816,3.0980148315429688,6.450822830200195,-2.777613639831543,0.39428454637527466,3.220160484313965,2.8013269901275635,4.833540439605713,8.91596508026123,1.404829502105713,3.3499879837036133,4.075725078582764,5.49782133102417,7.256985187530518,13.047198295593262,-3.4157581329345703,-0.5386563539505005,4.599206924438477,5.2877702713012695,7.631493091583252,17.525922775268555,-5.013187885284424,2.9581222534179688,5.013187885284424,3.1560723781585693,6.189399242401123,12.949286460876465,0.07727821171283722,7.153221607208252,2.044316530227661,7.165746688842773,7.656672477722168,11.472393035888672
45.5,0.0,0.0,0.0,0.0,0.0,0,5.787098407745361,5.0096435546875,12.371349334716797,15.86850643157959,4.999050617218018,-1.0519005060195923,-0.07755265384912491,6.690709114074707,3.5500595569610596,1.0547554639267418,184.2165727932895,0.18225981132705013,0.09952391987370679,165.9571672382159,5.608742469001214,5.608742469001214,0.28463196754455566,0.04918387390470756,0.6728070378303528,0.47856324911117554,0.4530092592592593,0.5469907407407407,0.22111515700817108,0.038208287335143074,0.479614794254303,0.4988724887371063,0.012932181358337402,-0.9851187244057655,-0.3326411247253418,-0.16668641545648805,0.0018730089895472798,-0.48239490389823914,0.3674968183040619,0.48524028062820435,0.392452597618103,0.6480721831321716,3.4932401180267334,3.569244146347046,-0.3303041458129883,3.7862629890441895,4.447572231292725,6.219501495361328,13.146090507507324,2.7645816802978516,3.6321213245391846,3.084881067276001,3.641818046569824,5.230656623840332,7.469781875610352,-3.067797899246216,-0.1910436600446701,3.400729179382324,0.9883113503456116,3.7566490173339844,14.777266502380371,2.9594192504882812,-2.510956048965454,5.035896301269531,2.811591863632202,6.06003475189209,12.910120010375977,-3.1313281059265137,1.0922774076461792,3.360908269882202,2.35334849357605,4.557468414306641,7.013308048248291,-9.582024574279785,-1.6935511827468872,11.191030502319336,2.1734790802001953,11.594305992126465,22.477582931518555,3.3730411529541016,-3.2464306354522705,5.462027072906494,3.332240581512451,6.888144493103027,10.379185676574707,-5.869846343994141,2.1824164390563965,5.895289897918701,3.0543766021728516,7.129055500030518,10.037252426147461
46.0,0.0,0.0,0.0,0.0,0.0,0,6.824349880218506,6.278460502624512,11.24759578704834,13.59955883026123,5.173243522644043,2.214787244796753,-0.47198206186294556,6.61660623550415,4.94233512878418,2.264519729751717,347.96994279757604,0.33182937122198225,0.3786366635715352,354.02342070740394,-171.93374653081196,171.93374653081196,0.40134167671203613,0.058810234666478015,0.8729969263076782,0.757483959197998,0.5034104938271605,0.4965895061728395,0.3539155125617981,0.051860685180722454,0.6630353927612305,0.9317833185195923,3.266687750816345,-0.39442940801382065,1.0372514724731445,0.2791127436978284,0.009626360761770453,-4.845621109008789,-2.4096899032592773,7.562321186065674,3.9955203533172607,10.029953002929688,28.69557762145996,4.884970188140869,-4.574533939361572,5.2891340255737305,4.677487850189209,7.372234344482422,10.862314224243164,3.337691068649292,2.5109543800354004,3.4027597904205322,3.1577460765838623,5.037402153015137,8.53054141998291,3.73218035697937,-1.251701831817627,4.12681770324707,3.0027995109558105,5.593753814697266,10.551956176757812,3.474169969558716,-3.5126800537109375,4.404146194458008,3.6068761348724365,6.36012601852417,10.314193725585938,1.644997000694275,4.725553512573242,2.9657704830169678,4.931551456451416,6.134366512298584,8.551313400268555,-0.306730717420578,2.581132173538208,4.447000503540039,3.3352653980255127,5.909892559051514,11.534516334533691,3.90386962890625,-3.6702158451080322,5.353548049926758,5.694293022155762,9.085210800170898,13.684011459350586,4.107560157775879,1.35334312915802,4.8385844230651855,2.6141295433044434,5.896213054656982,9.596746444702148
46.5,0.0,0.0,0.0,0.0,0.0,0,7.950092792510986,7.400486946105957,14.436042785644531,17.262859344482422,4.81019926071167,1.371146321296692,-0.07584786415100098,6.644779682159424,6.3484721183776855,1.3732425615679553,356.833789435888,0.17273289726398594,0.053233347488740215,28.6130476610343,34.589626953630386,34.589626953630386,0.40675750374794006,0.05116386225922352,0.9200875759124756,0.6117329001426697,0.5014506172839506,0.49854938271604937,0.287936806678772,0.03621803895571765,0.6248756051063538,0.5429670810699463,-0.843640923500061,0.3961341977119446,1.1257429122924805,-0.325403316082795,-0.0076463724072544925,2.973024368286133,-2.131892681121826,10.745481491088867,2.4468345642089844,11.527800559997559,20.302032470703125,-0.47359657287597656,2.915358543395996,1.4748711585998535,3.849353313446045,4.517014980316162,10.753448486328125,0.2873600125312805,-8.185712814331055,5.028546333312988,8.187219619750977,9.937236785888672,14.12016487121582,5.5126237869262695,-0.5342309474945068,7.89660120010376,3.386331081390381,9.627204895019531,19.278120040893555,-1.9067015647888184,7.001188278198242,3.407867908477783,7.667789936065674,8.793695449829102,14.764777183532715,-0.4283521771430969,-4.06542444229126,3.3767800331115723,4.70607852935791,6.219852447509766,9.399847030639648,4.934258937835693,-1.1984621286392212,5.084219932556152,7.588615417480469,9.64846134185791,14.085811614990234,-0.030013224110007286,2.6112921237945557,3.829651117324829,3.94934344291687,6.35690450668335,10.49140453338623,1.4717124700546265,2.9052534103393555,2.8356401920318604,3.568427801132202,4.922665596008301,10.036498069763184
47.0,0.0,0.0,0.0,0.0,0.0,0,5.8217453956604,5.682710647583008,11.62256908416748,12.937214851379395,4.3168745040893555,-1.3420816659927368,2.263049840927124,5.280714988708496,4.2094645500183105,2.631079204568749,120.66968488903834,0.4519399296523664,0.35206447755326,116.4117548088873,87.79870714785301,87.79870714785301,0.31720390915870667,0.054486040373581755,0.7174346446990967,0.5674926042556763,0.48214506172839505,0.5178549382716049,0.23528170585632324,0.04041428290859682,0.5168965458869934,0.5473468899726868,-2.7132279872894287,2.338897705078125,-2.128347396850586,0.2988311300645198,0.0033221781143582332,-3.2973551750183105,3.5648622512817383,4.998948574066162,3.6879117488861084,6.477292537689209,13.721339225769043,0.21298488974571228,0.1639336496591568,0.2134653627872467,0.16475960612297058,0.27022799849510193,0.002645279746502638,0.8449328541755676,3.8109843730926514,3.8458473682403564,3.935485601425171,5.954686641693115,8.675559997558594,-5.011066436767578,3.73181414604187,5.338857650756836,4.437621593475342,8.007645606994629,11.835508346557617,3.1867663860321045,4.939067840576172,4.046421527862549,5.292571544647217,7.278750896453857,13.883302688598633,-2.347149133682251,1.9478166103363037,4.747619152069092,3.1055619716644287,6.220489501953125,9.807596206665039,-3.2119712829589844,2.0245962142944336,3.785170078277588,2.318164587020874,4.661835193634033,8.254520416259766,1.056268572807312,1.9424101114273071,4.4550461769104,5.6346540451049805,7.602585315704346,12.18333911895752,-3.5121452808380127,-1.7580387592315674,4.40805196762085,3.178870916366577,5.922196388244629,10.65578556060791
47.5,0.0,0.0,0.0,0.0,0.0,0,7.653646945953369,8.08333683013916,15.119378089904785,18.302162170410156,5.903746604919434,-1.9609016180038452,0.14048418402671814,7.250983238220215,6.082014560699463,1.9659275066623771,175.90217999449146,0.2568615354934553,0.20704574913190035,194.16010938484482,77.74835457595753,77.74835457595753,0.2637164294719696,0.03445630519383917,0.6541893482208252,0.49212023615837097,0.5421913580246913,0.45780864197530863,0.19590556621551514,0.02559636497509585,0.47034764289855957,0.4530331492424011,-0.6188199520111084,-2.122565656900406,1.8319015502929688,-0.14501872842135963,-0.020029735179742582,-3.069197654724121,-5.177048683166504,6.391716003417969,5.178088665008545,9.111740112304688,16.000370025634766,-0.6210017800331116,-0.11457331478595734,0.6213609576225281,0.11532333493232727,0.632684588432312,0.0017352247377857566,-1.8665469884872437,-4.52289342880249,2.13785457611084,4.531461238861084,5.092660427093506,11.74895191192627,-2.6944918632507324,-2.8621280193328857,5.247977256774902,4.598782539367676,8.012308120727539,14.022034645080566,-1.7293858528137207,2.939600944519043,4.338248252868652,3.01882266998291,5.733800411224365,14.15986442565918,-2.4494919776916504,-3.025805950164795,4.704901218414307,5.13526725769043,7.1854095458984375,13.924291610717773,-8.946744918823242,1.2336211204528809,8.992513656616211,2.9307444095611572,9.652661323547363,16.733257293701172,-0.1712629497051239,10.622820854187012,7.6970930099487305,10.622820854187012,13.475427627563477,20.49547004699707,3.900009870529175,2.170764207839966,8.340200424194336,4.757868766784668,9.986132621765137,19.603351593017578
48.0,0.0,0.0,0.0,0.0,0.0,0,5.770148754119873,3.6216578483581543,16.017566680908203,18.231338500976562,6.211362361907959,0.07842856645584106,0.9088221192359924,7.107707500457764,4.530344486236572,0.9121999147384956,85.06776913004163,0.15808949710129863,0.17470911430328695,76.37844258164063,-117.78166680320419,117.78166680320419,0.23892632126808167,0.04140729988809889,0.6541327238082886,0.4575830399990082,0.47685185185185186,0.5231481481481481,0.16873770952224731,0.02924321147848355,0.39421284198760986,0.48631736636161804,2.0393301844596863,0.7683379352092743,-1.883498191833496,-0.0323366348286134,0.006950994694259714,-1.2799274921417236,2.5256094932556152,2.2727460861206055,3.3230504989624023,4.510568141937256,8.487584114074707,-0.11694110929965973,-0.04864046350121498,0.11725713312625885,0.04891251400113106,0.12744230031967163,0.001268709427677095,2.7582433223724365,3.2085909843444824,2.758540630340576,3.2091476917266846,4.274282932281494,16.497081756591797,-4.385417461395264,-1.2323741912841797,6.324317455291748,4.069155693054199,8.047724723815918,17.43731689453125,-2.28991436958313,-0.948609471321106,2.89103627204895,1.4814106225967407,3.294119358062744,16.02745819091797,3.150123119354248,4.010673999786377,3.193751096725464,4.012854099273682,5.369956970214844,16.117340087890625,-3.5793163776397705,-4.6282148361206055,7.563824653625488,5.039150238037109,10.190263748168945,15.27686595916748,-1.9066102504730225,2.556980848312378,5.560728549957275,2.721247911453247,6.610085487365723,14.950339317321777,8.355616569519043,2.735381603240967,8.596572875976562,3.0050714015960693,9.506892204284668,19.01533317565918
48.5,0.0,0.0,0.0,0.0,0.0,0,7.077095031738281,5.318950653076172,19.54485511779785,23.306032180786133,7.727156639099121,-5.276301860809326,-2.4782745838165283,7.309414863586426,4.73132848739624,5.829340120388494,205.15940501263609,0.8236910899522975,0.5006453374944971,206.07747294707153,129.69903036543087,129.69903036543087,0.2463616579771042,0.034811122651474416,0.6580516695976257,0.4822644293308258,0.4795833333333333,0.5204166666666666,0.20114274322986603,0.02842164954775401,0.4515646994113922,0.5859823822975159,-5.354730427265167,-3.3870967030525208,1.3069462776184082,0.3259362231912102,-0.006596177236624472,-2.7831597328186035,-2.9839000701904297,3.3650784492492676,3.8172829151153564,5.892837047576904,9.755206108093262,-0.0010796667775139213,0.0014925376744940877,0.001314599416218698,0.001606040634214878,0.00217483751475811,0.0010201906552538276,-0.9325878024101257,-0.9966102838516235,0.932805061340332,0.9969614744186401,1.3778014183044434,4.257406711578369,-4.758475303649902,-0.6155616641044617,6.144476890563965,2.5120291709899902,7.272089958190918,12.346830368041992,-1.332199215888977,-0.055396828800439835,1.4719793796539307,1.109156847000122,1.971294641494751,9.086129188537598,-5.085180759429932,-5.060550212860107,5.085292816162109,5.060579299926758,7.206835746765137,22.803754806518555,-7.1150031089782715,0.8086199760437012,7.409372329711914,4.426273345947266,8.952866554260254,16.01168441772461,-7.00752067565918,-4.804168701171875,8.230655670166016,5.090418338775635,10.363031387329102,16.985017776489258,-18.471515655517578,-8.598395347595215,18.471515655517578,8.598395347595215,20.654922485351562,27.739917755126953
49.0,0.0,0.0,0.0,0.0,0.0,0,8.054418563842773,8.886495590209961,16.85302734375,18.552658081054688,6.648787021636963,-2.495415687561035,-0.7233510613441467,7.687901020050049,6.5746378898620605,2.598140914514341,196.16539226976832,0.3225733668942535,0.23302954805774861,216.95646301292854,10.87899006585701,10.87899006585701,0.27410808205604553,0.03403200936868855,0.6681337356567383,0.554982602596283,0.4300925925925926,0.5699074074074074,0.18769079446792603,0.023302833057082334,0.470502644777298,0.3580687344074249,2.780886173248291,1.7549235224723816,0.9773235321044922,-0.2676157894367485,-0.0007791132827858691,-6.8906097412109375,6.438759803771973,6.8929314613342285,6.439111232757568,9.666119575500488,19.418943405151367,0.00010773263056762516,8.282100316137075e-05,0.00027546181809157133,0.0002737549366429448,0.00042728689732030034,0.0008793235756456852,4.026036262512207,3.634779691696167,4.027220249176025,4.027726173400879,5.809756278991699,16.202917098999023,-9.440552711486816,4.163201808929443,9.829511642456055,4.524430274963379,11.12952709197998,16.556903839111328,-0.8451918363571167,-2.4121503829956055,1.1898009777069092,2.426064968109131,2.9312450885772705,9.956585884094238,4.507772445678711,-0.9798429608345032,6.032688140869141,3.816446304321289,7.711469650268555,14.13732624053955,-10.004631042480469,0.28028711676597595,10.004631042480469,2.8139703273773193,10.520340919494629,14.759702682495117,-5.129611492156982,-7.560105323791504,5.26745080947876,7.560105323791504,9.928869247436523,15.066658973693848,1.3179389238357544,-10.075173377990723,9.863755226135254,10.156030654907227,14.792009353637695,21.086748123168945
49.5,0.0,0.0,0.0,0.0,0.0,0,6.478299140930176,6.201915740966797,15.051465034484863,15.827125549316406,5.727958679199219,-4.933282375335693,-1.3115965127944946,5.913311004638672,3.70851469039917,5.104660655437583,194.88862784540618,0.7879630971632839,0.5137874492744506,206.28924180990344,-10.667221203025093,10.667221203025093,0.20255009829998016,0.0312659330215746,0.5288732051849365,0.39016491174697876,0.48419753086419753,0.5158024691358025,0.1800875961780548,0.02779858794134185,0.40633344650268555,0.5152137279510498,-2.437866687774658,-0.5882454514503479,-1.5761194229125977,0.280757901216702,-0.002766076347113948,-1.524033784866333,3.219578504562378,1.5415700674057007,3.219914197921753,3.7183995246887207,11.032803535461426,0.0001625472359592095,-0.0002631350071169436,0.00033371031167916954,0.0004670711059588939,0.0006580085027962923,0.0010730222566053271,-4.562873363494873,-0.4605181813240051,4.584595203399658,0.8855636119842529,4.721024513244629,12.941287994384766,-7.246171474456787,-0.21943409740924835,7.247198581695557,1.5068353414535522,7.506657123565674,13.963923454284668,-7.5225067138671875,-2.1112141609191895,7.524334907531738,2.1112349033355713,7.939034938812256,16.76827049255371,-5.089707374572754,-4.059513092041016,6.342820167541504,4.227924346923828,8.691314697265625,14.61670207977295,-4.301527976989746,0.8749192953109741,4.405458927154541,1.9223103523254395,5.225719451904297,8.296365737915039,-12.335892677307129,-2.8926706314086914,12.377726554870605,2.908440113067627,12.936339378356934,16.12783432006836,-1.8169872760772705,-6.155253887176514,3.6229007244110107,6.1956400871276855,7.565549373626709,11.51380729675293
50.0,0.0,0.0,0.0,0.0,0.0,0,6.867930889129639,5.197933197021484,18.389892578125,20.508256912231445,6.67304801940918,3.134450674057007,-3.8071353435516357,4.591232776641846,6.804378509521484,4.9314359523587505,309.4649507893008,0.7180380862836119,0.47312329859690977,313.6667907062064,107.37754889630298,107.37754889630298,0.2590424716472626,0.03771768209543071,0.6407079100608826,0.4484741985797882,0.46401234567901234,0.5359876543209876,0.2167285531759262,0.03155659617401824,0.5425872206687927,0.39519307017326355,8.0677330493927,-2.495538830757141,0.3896317481994629,-0.04066415067754087,0.006451749073856108,1.1261422634124756,1.1010479927062988,1.127107858657837,1.1568626165390015,1.7082611322402954,5.563294410705566,0.5536997318267822,-1.0570751428604126,0.554473876953125,1.057159185409546,1.2156059741973877,5.552012920379639,4.330555438995361,-6.05866813659668,5.22341775894165,6.641602993011475,8.540279388427734,23.420883178710938,3.437695264816284,0.651942789554596,3.6428911685943604,1.7804815769195557,4.325284481048584,6.457902908325195,5.338749408721924,-6.999392509460449,5.68502950668335,7.046027183532715,9.514917373657227,18.62052345275879,2.140387535095215,-3.5288000106811523,5.955445766448975,6.70747709274292,9.459136962890625,21.324220657348633,4.630107402801514,-0.7379806637763977,4.6314616203308105,2.165766716003418,5.371009349822998,8.003458023071289,6.799291133880615,-13.902474403381348,6.802743911743164,13.902474403381348,15.729394912719727,19.944276809692383,-0.14657236635684967,-3.732820749282837,3.2229557037353516,4.3162150382995605,5.947488784790039,12.901357650756836
50.5,0.0,0.0,0.0,0.0,0.0,0,6.420999050140381,6.2603278160095215,11.046024322509766,12.333881378173828,3.9050493240356445,-1.2163046598434448,1.8993037939071655,5.233158588409424,4.899585247039795,2.2553828781621603,122.63529583622719,0.3512510842238563,0.34399819463916576,120.15991822108872,166.4931275148823,166.4931275148823,0.290948748588562,0.04531206141046534,0.6507070064544678,0.42935171723365784,0.4693827160493827,0.5306172839506172,0.21536804735660553,0.03354120007395063,0.46495190262794495,0.33791181445121765,-4.350755333900452,5.706439137458801,-0.4469318389892578,-0.12912510395774401,0.007594379315034636,-6.965295791625977,4.4644927978515625,6.965595722198486,4.522279739379883,8.799768447875977,11.465763092041016,1.9455227851867676,-0.31098124384880066,3.659430980682373,2.2751123905181885,4.694542407989502,9.268095970153809,0.23722486197948456,3.09653639793396,3.444854497909546,3.2041170597076416,5.4006733894348145,11.998390197753906,-2.0383667945861816,1.2757353782653809,3.0999929904937744,3.965324640274048,5.575423240661621,8.976539611816406,-2.1736650466918945,1.9171351194381714,5.205427646636963,3.773409605026245,6.8450446128845215,10.264774322509766,1.9866361618041992,2.7996459007263184,3.929347276687622,2.9484050273895264,5.411975383758545,9.05698299407959,1.7390981912612915,-1.4245920181274414,3.630078077316284,8.713760375976562,9.685890197753906,18.260833740234375,-5.868503570556641,2.448554754257202,5.868503570556641,3.913468360900879,7.737666606903076,11.248600959777832,0.19060780107975006,2.827207088470459,1.9582446813583374,2.882049083709717,3.638007164001465,7.624075889587402
51.0,0.0,0.0,0.0,0.0,0.0,0,9.44675064086914,7.815160751342773,19.370891571044922,20.862192153930664,6.8070526123046875,7.155141353607178,-1.737932801246643,8.544432640075684,2.890205144882202,7.363182614314856,346.34764800598964,0.7794407722015845,0.4854109851835643,333.4423065810858,-146.71761164000293,146.71761164000293,0.22073917090892792,0.02336667452481253,0.5175957679748535,0.36197972297668457,0.5561882716049382,0.4438117283950617,0.2203364074230194,0.023324039394640797,0.4623749554157257,0.5867913365364075,8.371446013450623,-3.6372365951538086,3.0257515907287598,0.14141279054439854,-0.021945386885652812,13.799880027770996,-4.705193996429443,13.799880027770996,4.800169467926025,14.823470115661621,20.825448989868164,5.2313079833984375,-2.2001965045928955,7.684900283813477,2.2433745861053467,8.823261260986328,21.64370346069336,1.0342977046966553,-0.935106635093689,5.456205368041992,1.7732446193695068,5.936028957366943,12.792534828186035,14.933972358703613,-3.7738025188446045,14.933972358703613,3.7738025188446045,15.497969627380371,19.908859252929688,7.462386131286621,0.2925935387611389,9.128296852111816,1.9481861591339111,9.980212211608887,20.81101417541504,1.801145315170288,-2.1469173431396484,4.444851875305176,2.165817975997925,5.115251541137695,9.412759780883789,9.162762641906738,-0.6662459373474121,9.389525413513184,1.4249831438064575,9.707737922668457,17.21941566467285,9.310577392578125,1.1888870000839233,10.579567909240723,1.8224937915802002,11.134231567382812,19.457706451416016,1.6599416732788086,-2.69541335105896,2.611915111541748,2.6970064640045166,4.002593994140625,9.744112014770508
51.5,0.0,0.0,0.0,0.0,0.0,0,6.829793453216553,6.328787803649902,13.31364917755127,15.715665817260742,4.480768203735352,2.3246567249298096,0.7103278636932373,5.539944648742676,5.488514423370361,2.4307600792139867,16.99118592156222,0.35590535729439937,0.27541299957957394,10.815852644199035,37.373546063113224,37.373546063113224,0.31160470843315125,0.045624317183718205,0.6650758385658264,0.5082075595855713,0.45848765432098765,0.5415123456790123,0.23607425391674042,0.03456535266673496,0.5108922719955444,0.3666588366031647,-4.830484628677368,2.4482606649398804,-2.616957187652588,-0.20999798560399036,0.022257642658905674,3.562760591506958,-1.4291960000991821,3.562760591506958,3.8315837383270264,5.551843643188477,8.870238304138184,-1.7790087461471558,8.050445556640625,3.719210624694824,8.050480842590332,9.183304786682129,15.641674041748047,8.136421203613281,2.1787545680999756,8.720721244812012,3.9077489376068115,10.063956260681152,19.14399528503418,3.370501756668091,-2.996919870376587,3.387892007827759,3.2178614139556885,5.011817932128906,9.389694213867188,-1.207298755645752,2.0838828086853027,4.08064079284668,3.5042366981506348,6.008103370666504,9.176239967346191,6.89750862121582,1.0437828302383423,8.008131980895996,3.341583728790283,9.37745475769043,16.152006149291992,2.926800012588501,-3.282855272293091,3.9362213611602783,3.834733009338379,5.970344066619873,10.928489685058594,-1.3454147577285767,-1.7763599157333374,2.8332600593566895,3.7264153957366943,4.89293098449707,8.084371566772461,0.3596395254135132,2.5214154720306396,2.1287195682525635,4.575995922088623,5.408390998840332,9.39656925201416
52.0,0.0,0.0,0.0,0.0,0.0,0,5.882206916809082,5.763642311096191,10.031265258789062,11.96729564666748,3.3831772804260254,1.0167208909988403,0.5787473917007446,4.796679496765137,4.655045032501221,1.1699016683439214,29.64980293390909,0.1988882208479938,0.21037369498133168,43.975970956689395,33.16011831249037,33.16011831249037,0.22184668481349945,0.03771486624598005,0.5131930708885193,0.3468223810195923,0.5758796296296296,0.42412037037037037,0.17725922167301178,0.030134810632326217,0.43063783645629883,0.31467771530151367,-1.3079358339309692,-0.13158047199249268,-0.9475865364074707,-0.06503930459824225,-0.007909450937738156,0.30256175994873047,-5.865233421325684,3.4864327907562256,6.080252647399902,7.332738876342773,13.785026550292969,1.6310878992080688,-0.6863399147987366,2.054389476776123,1.6777610778808594,3.07110857963562,8.561349868774414,-2.1512389183044434,4.272302150726318,3.3393192291259766,4.27245569229126,5.733344078063965,9.004820823669434,-0.17191995680332184,-1.9594080448150635,2.6403026580810547,3.3255417346954346,4.478821754455566,9.577949523925781,5.6960577964782715,0.21533437073230743,6.3224382400512695,3.0293819904327393,7.566709995269775,8.76408863067627,1.1046147346496582,4.686315536499023,3.736248254776001,4.688747406005859,6.364798545837402,9.789417266845703,-4.018017768859863,0.5671799182891846,4.049166202545166,3.274700403213501,5.843537330627441,9.70211124420166,5.279523849487305,1.7373378276824951,6.387250900268555,2.1442935466766357,6.831258773803711,10.474199295043945,1.4778178930282593,2.2412381172180176,3.4734385013580322,3.8332035541534424,5.717543601989746,11.211898803710938
52.5,0.0,0.0,0.0,0.0,0.0,0,4.504762649536133,3.752553939819336,8.424827575683594,11.604026794433594,3.330815315246582,0.7363400459289551,-0.7396095991134644,3.7711429595947266,4.009548664093018,1.0436565634055273,314.8730774504594,0.23167848000004956,0.39835405568533594,312.93558474904916,-91.04038620764027,91.04038620764027,0.1910254806280136,0.04240521711892343,0.45493829250335693,0.3301742970943451,0.5721296296296297,0.42787037037037035,0.1572793424129486,0.03491400540606477,0.3885972797870636,0.26122358441352844,-0.28038084506988525,-1.318356990814209,-1.3774442672729492,0.18798036070400426,0.00469035087294338,0.4796672761440277,-0.7620829343795776,1.975402593612671,2.4016571044921875,3.4417312145233154,5.059975624084473,-0.35553526878356934,-0.9850673675537109,1.212023138999939,1.1052078008651733,1.7116721868515015,5.254921913146973,0.6987866163253784,-3.1610655784606934,2.1317672729492188,3.1611247062683105,4.191460132598877,7.649927139282227,1.3410136699676514,2.23358416557312,2.748006820678711,2.864227533340454,4.53071928024292,8.203226089477539,1.8132609128952026,-2.0562968254089355,2.142979860305786,2.2027151584625244,3.3477516174316406,4.371738910675049,1.1725914478302002,-2.263054847717285,3.6970582008361816,2.266826629638672,4.709414005279541,7.148807525634766,-2.965785026550293,3.929933786392212,4.871156692504883,6.461121082305908,8.59286117553711,16.767133712768555,2.5703563690185547,-1.284891128540039,3.1901893615722656,1.496021032333374,3.911257266998291,5.931466579437256,1.872704267501831,-2.3075459003448486,4.8249382972717285,2.5849626064300537,6.10599946975708,11.155500411987305
53.0,0.0,0.0,0.0,0.0,0.0,0,7.020028114318848,6.337980270385742,13.778738975524902,17.600082397460938,5.393409252166748,3.4572970867156982,1.7837300300598145,7.2981696128845215,3.1578121185302734,3.890320805017247,27.290654850606835,0.5541745334441192,0.42809275766629507,32.72969324906004,79.7941085000109,79.7941085000109,0.2829534411430359,0.040306590832492696,0.6146841645240784,0.5070371627807617,0.4786574074074074,0.5213425925925926,0.2593318521976471,0.036941706077640676,0.5277542471885681,0.6149789690971375,2.720957040786743,2.523339629173279,2.515265464782715,0.029738701980959126,-0.0020986262864307326,1.1110762357711792,4.554833889007568,1.8486236333847046,4.774810314178467,5.306246280670166,8.202983856201172,5.554485321044922,1.2809659242630005,5.554644584655762,2.0035862922668457,6.100420951843262,14.746429443359375,3.3638741970062256,0.6175117492675781,3.4071364402770996,0.6196970343589783,3.5230774879455566,20.863920211791992,-0.9959794282913208,-1.1799441576004028,2.571380853652954,2.5358636379241943,4.0298357009887695,6.521862506866455,9.621789932250977,3.87229323387146,9.626371383666992,4.033721446990967,10.744346618652344,18.31294822692871,7.311807632446289,3.238337993621826,8.316620826721191,3.4500153064727783,9.359530448913574,17.75069236755371,-7.878098011016846,1.3940200805664062,8.151359558105469,2.2444937229156494,9.056925773620605,12.621685028076172,9.339118957519531,1.468261957168579,9.339118957519531,3.1305716037750244,10.03945541381836,15.224327087402344,3.687600612640381,0.8072893023490906,4.206730842590332,2.22520112991333,5.020410060882568,10.960233688354492
53.5,0.0,0.0,0.0,0.0,0.0,0,6.389359474182129,6.201234817504883,12.789754867553711,14.91319465637207,4.689235687255859,4.0145087242126465,1.770575761795044,5.814208507537842,3.1235570907592773,4.387621089501184,23.799599078944773,0.6867075028773243,0.48659484817761683,35.25061745660572,2.5209242075456757,2.5209242075456757,0.18181456625461578,0.0284558316891471,0.44740402698516846,0.32346245646476746,0.5903240740740741,0.40967592592592594,0.1707506626844406,0.026724218076973904,0.3879932463169098,0.37742331624031067,0.5572116374969482,-0.013154268264770508,-0.6306686401367188,0.05850209051132177,-0.011850759143345595,3.442211389541626,0.26158320903778076,4.0118584632873535,1.942408561706543,4.680995464324951,8.26423168182373,-0.878522515296936,0.9292473196983337,2.5896482467651367,1.055311918258667,2.972586154937744,7.81475305557251,0.28543493151664734,0.10359799861907959,0.28654390573501587,0.10440689325332642,0.31044405698776245,0.007244436535984278,0.8226080536842346,1.6835358142852783,3.601526975631714,2.774613618850708,4.8912858963012695,8.705753326416016,4.447868347167969,3.539691209793091,5.023178577423096,3.6048920154571533,6.288451671600342,8.374238014221191,9.275664329528809,2.9420557022094727,9.275664329528809,2.9420557022094727,9.814864158630371,12.559337615966797,-1.2525392770767212,-1.5932724475860596,2.9896888732910156,4.951019763946533,6.107396602630615,8.224739074707031,7.0945281982421875,4.42100715637207,7.326228618621826,4.634843826293945,8.993315696716309,14.795897483825684,12.893326759338379,3.6477365493774414,12.893326759338379,3.647977352142334,13.444897651672363,18.365049362182617
54.0,0.0,0.0,0.0,0.0,0.0,0,4.275223731994629,4.086572647094727,8.209091186523438,9.677679061889648,3.0674519538879395,-0.9657283425331116,0.7778826355934143,3.9515388011932373,3.2456748485565186,1.2400534772055225,141.1489715228695,0.2900558087580995,0.21210322009379545,108.05558134570427,72.80496388909856,72.80496388909856,0.15693669021129608,0.03670840717139948,0.41338831186294556,0.2620360255241394,0.5934876543209876,0.40651234567901234,0.133571594953537,0.031243175114029256,0.3567371070384979,0.21088038384914398,-4.980237066745758,-0.9926931262016296,-2.1141357421875,-0.2744916280838214,0.008252575482252382,-5.738107681274414,-2.9869534969329834,6.474255561828613,3.4386789798736572,7.978931427001953,13.034453392028809,-1.5169508457183838,-0.121583491563797,1.6489969491958618,1.040576457977295,2.0549800395965576,6.517739772796631,0.005525474902242422,0.007928814738988876,0.006238603964447975,0.008763092570006847,0.012634300626814365,0.0035055605694651604,-3.002707004547119,-1.5924140214920044,3.1797919273376465,4.175971508026123,5.493029594421387,9.368474006652832,-1.2721731662750244,3.160778522491455,2.5729310512542725,3.3362457752227783,4.748035907745361,8.029664039611816,1.5906387567520142,1.6215497255325317,1.5907294750213623,1.6215522289276123,2.493459701538086,3.3078269958496094,-3.8665051460266113,0.40151116251945496,3.8677196502685547,2.781841993331909,5.052103519439697,7.663520812988281,0.8735402226448059,4.687007427215576,3.1245977878570557,4.687007427215576,5.891995429992676,8.077674865722656,4.235185146331787,1.823119044303894,4.246639728546143,1.8567166328430176,4.751842498779297,7.3095598220825195
54.5,0.0,0.0,0.0,0.0,0.0,0,5.95305061340332,6.008932113647461,11.328337669372559,13.034791946411133,4.2122039794921875,-0.6354442834854126,0.3610529899597168,6.482983112335205,3.2585666179656982,0.7308547728332495,150.39520151997974,0.12276978985996301,0.07596984802899501,325.52248667675354,-142.53309466895075,142.53309466895075,0.18020321428775787,0.030270729365428243,0.45372310280799866,0.2860080599784851,0.5748302469135802,0.42516975308641974,0.15029767155647278,0.025247164196943454,0.3543111979961395,0.29801884293556213,0.330284059047699,-0.4168296456336975,1.6778268814086914,-0.13613337206480045,-0.00643767780597124,-7.2244486808776855,3.4910085201263428,7.4576215744018555,4.168987274169922,8.8699951171875,12.6629056930542,-0.6518042683601379,-0.6343855857849121,0.8964940905570984,1.007689356803894,1.4752579927444458,4.3863725662231445,0.0038491524755954742,-0.0030935509130358696,0.004961739759892225,0.003486679634079337,0.006410445552319288,0.004003752488642931,-7.423402786254883,3.9624180793762207,7.423402786254883,4.702320098876953,9.685009002685547,12.500033378601074,1.0167485475540161,-1.5848597288131714,3.4228932857513428,1.7607184648513794,4.187180995941162,6.562442779541016,5.730276107788086,-1.9312673807144165,5.73029088973999,1.9313641786575317,6.068314552307129,9.242487907409668,-7.295759677886963,0.9175202250480652,7.819992542266846,3.7014360427856445,9.44194221496582,14.858965873718262,2.5009729862213135,0.38740047812461853,5.677311897277832,1.4906398057937622,6.0536088943481445,9.8784761428833,7.624569416046143,-1.3552641868591309,7.625300407409668,1.4318996667861938,7.789737224578857,10.865601539611816
55.0,0.0,0.0,0.0,0.0,0.0,0,5.631711959838867,5.46347188949585,10.498517036437988,11.627819061279297,3.6391139030456543,-3.1033132076263428,-0.22134751081466675,4.5338945388793945,3.837132453918457,3.111197130554724,184.07978055186067,0.5524425170785441,0.38708760099543266,186.87315395441325,-138.6493327223403,138.6493327223403,0.24654507637023926,0.04377799048502879,0.5581300258636475,0.3956432342529297,0.4991203703703704,0.5008796296296296,0.20897400379180908,0.03710665037121994,0.46928122639656067,0.4008796215057373,-2.46786892414093,-0.5824005007743835,-0.3213386535644531,0.3111177529664376,0.013507261119600548,-1.100953221321106,0.7740045189857483,2.2970781326293945,1.8966729640960693,3.3756120204925537,5.504274845123291,-1.2853219509124756,-1.7790712118148804,2.503751516342163,1.7796741724014282,3.2111876010894775,8.966504096984863,-0.8761907815933228,1.0046000480651855,1.2841633558273315,1.7046693563461304,2.2495973110198975,6.3760986328125,-3.0867035388946533,-1.964388132095337,3.8987483978271484,2.999509572982788,5.621043682098389,9.344061851501465,-7.928706645965576,-3.195889472961426,7.9377851486206055,3.2360999584198,8.786603927612305,13.306259155273438,-2.857489585876465,-0.17485986649990082,4.202597141265869,3.070667028427124,5.770677089691162,9.310563087463379,-1.6998724937438965,6.457492351531982,4.47952127456665,6.458652496337891,8.853769302368164,11.499140739440918,-6.658185958862305,-0.9011713862419128,6.686898708343506,1.7234950065612793,7.065021514892578,11.569087028503418,-2.4363954067230225,-2.212843894958496,4.779153823852539,2.8174962997436523,5.751895427703857,9.379121780395508
55.5,0.0,0.0,0.0,0.0,0.0,0,5.322765827178955,4.878218650817871,10.6569185256958,12.43768310546875,3.9024784564971924,0.9410537481307983,0.7549682855606079,4.564520359039307,4.612024307250977,1.2064656103981364,38.73862227692828,0.2266614105466966,0.1476208517781904,33.24035782671136,-153.6327961277019,153.6327961277019,0.25620967149734497,0.04813467878943986,0.5780834555625916,0.4044407606124878,0.4229783950617284,0.5770216049382716,0.23128686845302582,0.04345237654823345,0.5309017896652222,0.3945559561252594,4.044366955757141,0.9763157963752747,-0.3089461326599121,-0.23946674921724226,0.00435668830441107,6.4615020751953125,2.9884262084960938,6.4615020751953125,5.100310325622559,8.50550651550293,15.411168098449707,0.8877611756324768,0.6782704591751099,1.1849464178085327,0.7224442362785339,1.5716986656188965,5.665122985839844,0.6056739687919617,3.134446144104004,1.0678160190582275,3.155712366104126,3.4834601879119873,10.053537368774414,4.1900105476379395,1.8104190826416016,4.424476623535156,2.9959733486175537,5.6204047203063965,12.021215438842773,-2.7054994106292725,0.9241938591003418,4.780998229980469,2.4386208057403564,5.841123104095459,10.50949764251709,-0.144012451171875,2.8869519233703613,2.29449200630188,3.3455827236175537,4.5567240715026855,7.4480204582214355,1.1017634868621826,-2.5199224948883057,2.593700647354126,2.856395721435547,4.157344818115234,8.414223670959473,-2.6769649982452393,-2.142411231994629,5.6204447746276855,4.835085868835449,8.053332328796387,11.212308883666992,0.7492488622665405,-0.9656596779823303,2.0052273273468018,5.627222061157227,6.115296363830566,10.469389915466309
56.0,0.0,0.0,0.0,0.0,0.0,0,7.703042984008789,7.227015495300293,16.956666946411133,18.507488250732422,6.016478061676025,-4.330754280090332,-3.3229551315307617,7.206069469451904,3.716179132461548,5.458705289781392,217.4987550327246,0.7086427144588765,0.5281429169226696,233.31591567354988,-159.92444215316146,159.92444215316146,0.23516881465911865,0.030529335564916896,0.5678207278251648,0.40853026509284973,0.47876543209876543,0.5212345679012346,0.23221464455127716,0.030145828718276237,0.4631418287754059,0.6644037961959839,-5.27180802822113,-4.07792341709137,2.380277156829834,0.38052206514447917,-0.017605343224522965,-4.397878170013428,-7.565696716308594,4.569222450256348,7.57572603225708,8.98245906829834,15.017573356628418,-0.31953904032707214,-0.24555626511573792,0.6266217231750488,0.3844941258430481,0.8218489289283752,2.7472522258758545,-0.09260693937540054,0.028506508097052574,0.8175317645072937,0.1409377157688141,0.8521043658256531,0.027826819568872452,-2.5460917949676514,-5.115474224090576,3.0619795322418213,5.243163108825684,6.500944137573242,10.120159149169922,-11.51704216003418,-3.954594612121582,11.77798843383789,3.970533847808838,13.511199951171875,18.678451538085938,-5.726883888244629,-0.2966086268424988,9.199156761169434,1.221534013748169,9.582873344421387,21.061059951782227,2.613018751144409,-5.075950622558594,4.575221538543701,5.131086826324463,7.9034528732299805,11.085708618164062,-12.11418628692627,-4.234100341796875,12.114502906799316,4.24144983291626,13.736727714538574,18.096933364868164,-4.875579357147217,-3.4471240043640137,5.392609119415283,3.452003002166748,7.4357829093933105,11.241790771484375
56.5,0.0,0.0,0.0,0.0,0.0,0,5.272907733917236,5.105517387390137,10.386956214904785,11.967901229858398,3.9102718830108643,-1.8631013631820679,0.2452802211046219,3.98512864112854,4.866335391998291,1.8791777660338607,172.50005219384488,0.35638358584321783,0.2523742786060936,169.92767246606354,-63.38824320748634,63.38824320748634,0.2665208578109741,0.05054531972014167,0.5983878374099731,0.479775995016098,0.5003086419753087,0.49969135802469133,0.19286346435546875,0.03657629480952362,0.4354384243488312,0.33160024881362915,2.467652916908264,3.5682353526353836,-2.4301352500915527,-0.27576863831657594,0.02001598415522477,0.22401678562164307,6.677265167236328,4.4545135498046875,6.836643218994141,8.580718040466309,15.00329303741455,-2.001136302947998,-3.233506441116333,2.2553293704986572,3.33262038230896,4.494459629058838,10.092225074768066,-0.2093416452407837,-0.16919836401939392,0.3034926950931549,0.4038570821285248,0.5578045845031738,0.6811956167221069,-3.412977695465088,2.431165933609009,3.9560139179229736,3.4546165466308594,5.616038799285889,8.332206726074219,-0.30819281935691833,-6.8304524421691895,1.8253713846206665,6.8304524421691895,7.24432897567749,9.910037994384766,-3.7888195514678955,-1.5124852657318115,4.07903528213501,2.769033670425415,5.474422931671143,10.687063217163086,-4.567622661590576,1.6860500574111938,4.929436206817627,2.1944026947021484,5.681731700897217,11.177709579467773,-0.0970151498913765,0.4194049835205078,2.8921148777008057,3.153158187866211,4.60377836227417,7.85467529296875,-2.606823682785034,2.7392778396606445,3.4329781532287598,2.868934392929077,5.202885627746582,9.623249053955078
57.0,0.0,0.0,0.0,0.0,0.0,0,6.512020111083984,6.531465530395508,12.456214904785156,13.383649826049805,4.313717365264893,3.8811824321746826,-0.9169484972953796,4.66752815246582,4.829530715942383,3.9880285378258815,346.70732848448444,0.6124103534382418,0.506499827913892,348.60350640376697,178.67583393770343,178.67583393770343,0.2623535990715027,0.04028758423785754,0.5799861550331116,0.42017507553100586,0.4691975308641975,0.5308024691358024,0.21226249635219574,0.032595486521213496,0.46924033761024475,0.3361648619174957,5.7442837953567505,-1.1622287184000015,1.239112377166748,0.2541255493077984,-0.010257735482284126,4.441831111907959,3.0363593101501465,5.1424455642700195,3.167574882507324,7.023824691772461,14.573174476623535,5.674246311187744,-4.162674427032471,5.730820178985596,4.4418792724609375,7.780668258666992,13.580827713012695,0.2681104242801666,0.7218204140663147,0.5843225717544556,0.879973292350769,1.1802974939346313,7.495735168457031,3.8436951637268066,-0.11703111231327057,3.878922462463379,3.0773322582244873,5.476118564605713,9.232147216796875,8.662004470825195,-1.2386072874069214,8.662004470825195,2.5558884143829346,9.287873268127441,12.14892864227295,0.8665313720703125,0.1371501386165619,2.3927359580993652,3.195434808731079,4.465366363525391,8.541145324707031,4.5278801918029785,-4.695017337799072,4.537175178527832,5.922549247741699,7.989753246307373,11.983283996582031,7.407977104187012,3.2467479705810547,7.416973114013672,3.7096431255340576,8.719656944274902,13.04683780670166,-0.7616315484046936,-5.1812849044799805,2.467442512512207,5.7719316482543945,6.6846208572387695,11.348580360412598
57.5,0.0,0.0,0.0,0.0,0.0,0,7.054580211639404,7.087933540344238,12.119345664978027,13.225114822387695,3.833657741546631,-1.5330842733383179,-0.46886545419692993,5.392657279968262,5.728272438049316,1.6031787808278188,197.0052822488798,0.22725360442889603,0.19305886857895566,179.3768105726989,-169.22669583106807,169.22669583106807,0.2729291319847107,0.038688211787030385,0.5859054923057556,0.4036261737346649,0.4887345679012346,0.5112654320987654,0.2531285583972931,0.035881443675161676,0.5541033148765564,0.3806670606136322,-5.4142667055130005,0.4480830430984497,0.5425601005554199,-0.3134409593349364,-0.001599372450827155,-3.3851208686828613,2.2276132106781006,3.811016082763672,2.456556558609009,4.8905253410339355,8.633954048156738,-4.9859232902526855,-1.565333366394043,5.111426830291748,5.02284049987793,7.663383960723877,11.576839447021484,1.3835325241088867,-1.018693447113037,2.761600971221924,3.2844724655151367,4.636697769165039,9.736467361450195,-0.7120173573493958,-0.04748562350869179,3.647179365158081,2.234158992767334,4.719184398651123,7.262706756591797,-4.296727657318115,2.014477491378784,5.599626064300537,3.174452543258667,6.967813491821289,10.321595191955566,-4.34290885925293,-4.575296401977539,5.631551742553711,7.171462535858154,9.451119422912598,15.18173885345459,6.204600811004639,-6.332618236541748,6.2053070068359375,6.7814788818359375,9.716435432434082,14.374310493469238,-0.5774117708206177,6.9027814865112305,3.7915472984313965,6.962949275970459,8.492419242858887,12.455987930297852,-3.0857810974121094,-1.8252346515655518,4.626737117767334,4.660721778869629,6.953644752502441,12.505317687988281
58.0,0.0,0.0,0.0,0.0,0.0,0,6.848847389221191,6.327035427093506,10.872303009033203,12.602743148803711,3.7754099369049072,1.1595932245254517,1.4258157014846802,5.9141411781311035,4.775537967681885,1.8378266678241408,50.879090779995295,0.2683410161418602,0.26908996432539467,57.37666637879741,-122.00014419390149,122.00014419390149,0.296030193567276,0.04322335329150697,0.6271127462387085,0.41099828481674194,0.4837962962962963,0.5162037037037037,0.22898605465888977,0.03343424202808622,0.4949135482311249,0.3229406177997589,2.6926774978637695,1.89468115568161,-0.2057328224182129,0.07603109574643901,0.004535141504476585,-2.4640815258026123,-3.821603536605835,6.192615032196045,3.9822351932525635,7.782855987548828,11.366806030273438,3.579944372177124,4.38715934753418,3.967372417449951,5.832542419433594,7.972572326660156,10.56885814666748,-0.6256963610649109,3.026822328567505,5.028550148010254,5.122695446014404,7.649202823638916,10.623796463012695,1.944517970085144,-1.0859405994415283,4.121345043182373,2.682600975036621,5.224620342254639,8.733628273010254,3.0856521129608154,4.466170310974121,4.26296854019165,4.988175868988037,7.064069747924805,11.204585075378418,-1.9999704360961914,0.7608336210250854,3.9534575939178467,2.9232518672943115,5.3248443603515625,10.484131813049316,7.3254289627075195,2.9757776260375977,7.7606096267700195,3.042222023010254,9.016042709350586,21.675960540771484,-0.154922753572464,5.1729350090026855,2.175159215927124,5.1729350090026855,5.815885543823242,8.331317901611328,-0.25453314185142517,-3.0498123168945312,3.297743320465088,4.2849507331848145,5.789536476135254,10.314922332763672
58.5,0.0,0.0,0.0,0.0,0.0,0,10.40782642364502,9.104299545288086,19.396751403808594,23.339248657226562,6.148778915405273,5.088321685791016,-4.661773204803467,7.507071495056152,6.4923834800720215,6.90095261475651,317.5049862936364,0.6630541607687251,0.5404758143514432,323.7271950841572,-93.6494712946402,93.6494712946402,0.3011873662471771,0.028938543462291154,0.6598012447357178,0.4175778031349182,0.5210185185185185,0.4789814814814815,0.22972066700458527,0.022071913537180146,0.539109468460083,0.338349848985672,3.928728461265564,-6.087588906288147,3.558979034423828,0.27138585002604854,-0.014284809829215817,5.853386402130127,-4.603705406188965,5.853386402130127,8.751548767089844,11.044644355773926,17.73615074157715,6.85316276550293,-2.821108341217041,6.853165626525879,3.3826751708984375,7.833161354064941,11.391680717468262,4.681765556335449,3.0485165119171143,5.345633506774902,3.781315565109253,7.447458744049072,10.475725173950195,3.7433922290802,-11.525254249572754,6.565548896789551,11.564470291137695,13.759685516357422,17.685684204101562,10.802022933959961,-7.23206901550293,11.287921905517578,7.294009685516357,13.643168449401855,23.748380661010742,2.5952515602111816,0.9033564329147339,3.317913055419922,2.879776954650879,4.72967004776001,7.938043117523193,-3.0405614376068115,-10.158740997314453,7.141501426696777,10.158740997314453,12.715592384338379,16.803802490234375,12.96756649017334,-8.193291664123535,13.787365913391113,8.521573066711426,16.665245056152344,24.960674285888672,1.3389118909835815,-1.3736599683761597,5.303761959075928,1.952880859375,5.83180570602417,9.75947380065918
59.0,0.0,0.0,0.0,0.0,0.0,0,8.040307998657227,7.834146022796631,13.015730857849121,14.410094261169434,3.794583797454834,0.6021447777748108,0.41379642486572266,5.369420051574707,7.048470497131348,0.7306201575600895,34.49701317536088,0.0908696728635404,0.12040595147942296,337.37404133375895,13.646846249601765,13.646846249601765,0.2607637941837311,0.032432061283624795,0.5629793405532837,0.3599057197570801,0.5406481481481481,0.45935185185185184,0.21894589066505432,0.027231029392231,0.4835013747215271,0.3114051818847656,-4.486176908016205,5.0755696296691895,-2.367518424987793,-0.42006986287202025,0.0034935178213336415,0.49659276008605957,-1.92020845413208,3.027711868286133,2.406790018081665,4.138463497161865,8.155679702758789,-2.420894145965576,0.4458167552947998,5.207169055938721,3.906730890274048,6.769959449768066,12.437910079956055,-2.46065616607666,0.5747711062431335,5.059210777282715,3.644864797592163,6.596925258636475,9.60180377960205,0.54144287109375,-4.5020012855529785,2.232809543609619,4.533211708068848,5.429508686065674,9.426467895507812,2.6574463844299316,0.8591364026069641,5.189333438873291,7.727222442626953,9.951009750366211,13.973451614379883,-0.17968635261058807,3.4078028202056885,5.062798500061035,4.614560604095459,7.60296106338501,10.376529693603516,-0.024871401488780975,-7.78205680847168,3.731881618499756,7.78205680847168,9.03540325164795,12.08511734008789,4.935853004455566,4.501158714294434,5.229929447174072,9.126456260681152,11.728177070617676,16.36096954345703,1.8740756511688232,8.139747619628906,4.684475421905518,8.748930931091309,11.11036205291748,13.548569679260254
59.5,0.0,0.0,0.0,0.0,0.0,0,6.484761714935303,6.140128135681152,10.94987678527832,12.70008659362793,3.480806589126587,-3.4445018768310547,0.2871204614639282,3.8686771392822266,5.220579624176025,3.456447792009004,175.23505926331822,0.5330107633790655,0.43224687459955263,167.43294801555993,-169.94109331819902,169.94109331819902,0.2685537040233612,0.04141303480616877,0.5706591606140137,0.38200098276138306,0.5292283950617284,0.4707716049382716,0.2199835330247879,0.03392314301927123,0.47158241271972656,0.3256911635398865,-4.0466466546058655,-0.12667596340179443,-1.5555462837219238,0.3118409231201297,0.008980973522543977,-5.109927177429199,-4.082145690917969,5.109928607940674,4.111358165740967,6.859630584716797,10.117257118225098,-0.23562072217464447,0.917245090007782,2.355158805847168,2.4524896144866943,3.761354684829712,6.605496406555176,-2.994809627532959,-1.5709929466247559,3.208397388458252,4.19106388092041,5.843423843383789,8.205431938171387,-2.312746286392212,2.1694092750549316,2.6728527545928955,3.238986015319824,4.639957904815674,7.318330764770508,-0.8893795013427734,2.4574055671691895,2.532869577407837,4.028461933135986,5.0347466468811035,8.613991737365723,-2.589078664779663,-4.153254985809326,3.693127155303955,4.935795307159424,6.5463457107543945,11.4866361618042,-2.502577304840088,6.319767951965332,2.9485397338867188,6.321459770202637,7.136632442474365,12.550155639648438,-6.877284049987793,5.191854476928711,6.937072277069092,5.231393337249756,9.037007331848145,13.290499687194824,-7.48909330368042,-4.665205001831055,7.639135837554932,4.923987865447998,9.503756523132324,14.403635025024414
60.0,0.0,0.0,0.0,0.0,0.0,0,6.731193542480469,6.054349899291992,11.90234375,12.941422462463379,3.4726550579071045,2.3882057666778564,3.481025218963623,4.835079669952393,4.021100044250488,4.221500131357822,55.54738766190286,0.6271547690191931,0.5974024662327955,54.57969798798623,-112.8532500275737,112.8532500275737,0.2714925706386566,0.04033349042659086,0.5882543921470642,0.36704620718955994,0.4658641975308642,0.5341358024691358,0.22815755009651184,0.03389555132549103,0.4807077944278717,0.3128174841403961,5.832707643508911,3.193904757499695,0.24643182754516602,0.16515559163324284,-0.0010795443795779125,4.795839786529541,4.767495632171631,5.626673221588135,4.861489772796631,8.06048583984375,13.462864875793457,3.6085803508758545,5.552848815917969,3.707383871078491,5.587064743041992,7.361291885375977,11.624972343444824,-1.9247838258743286,6.6490983963012695,3.568166732788086,6.6490983963012695,7.865206718444824,12.736230850219727,2.188985586166382,3.1064906120300293,3.4579243659973145,3.2482173442840576,5.360782146453857,9.32126235961914,2.1494832038879395,4.990079879760742,3.012768030166626,5.424729347229004,6.792749404907227,10.728588104248047,1.213611364364624,1.5645697116851807,4.443789005279541,2.8325531482696533,5.743511199951172,8.827676773071289,2.450315475463867,2.4403069019317627,2.481569766998291,2.578284502029419,3.8418610095977783,6.498809337615967,1.5483345985412598,4.159743309020996,6.582988262176514,4.905975341796875,8.857919692993164,13.175544738769531,5.463485240936279,-1.9014039039611816,5.477776050567627,2.9108219146728516,6.696934700012207,10.508397102355957
60.5,0.0,0.0,0.0,0.0,0.0,0,8.721283912658691,7.712012767791748,15.84926986694336,17.842199325561523,4.735424995422363,-0.5099073052406311,4.119020938873291,5.582944869995117,7.077388763427734,4.150462498904715,97.05693263926192,0.47590039958227237,0.3794683764954532,112.11853405383177,57.538836065845544,57.538836065845544,0.25457191467285156,0.029189725736783103,0.5548313856124878,0.3514614403247833,0.5132561728395062,0.4867438271604938,0.22672158479690552,0.025996351118838665,0.4976712167263031,0.325395792722702,-2.8981130719184875,0.637995719909668,1.9900903701782227,-0.2179340897373423,-0.011143764689807757,6.961501121520996,0.7473670244216919,8.153386116027832,5.874148845672607,11.315999031066895,17.268083572387695,0.313774436712265,9.162744522094727,3.3973324298858643,9.162744522094727,10.833836555480957,16.907249450683594,-7.187507629394531,0.6921151876449585,7.187507629394531,3.341116189956665,8.350759506225586,11.527605056762695,2.2090141773223877,-2.8318443298339844,3.8965282440185547,4.566046237945557,6.403284072875977,11.414066314697266,0.512729823589325,9.241195678710938,3.258734703063965,9.241195678710938,10.147491455078125,15.568365097045898,-2.7481868267059326,2.310560941696167,4.153368949890137,3.570164918899536,6.096879482269287,8.921625137329102,-3.604083776473999,-0.4931086003780365,3.727900981903076,2.8782129287719727,5.2582292556762695,9.166740417480469,-1.5461868047714233,11.786836624145508,3.3985016345977783,11.786836624145508,12.901511192321777,20.948856353759766,0.49978065490722656,6.455321311950684,2.5960590839385986,6.455321311950684,7.183565616607666,10.921650886535645
61.0,0.0,0.0,0.0,0.0,0.0,0,8.294556617736816,7.504741668701172,14.460140228271484,18.76567840576172,4.663733005523682,0.12221715599298477,-4.370404243469238,6.420864105224609,5.49610710144043,4.3721127941251625,271.60184328557773,0.5271062692821911,0.4757442067128027,266.4828853837818,154.36435132995007,154.36435132995007,0.2602267861366272,0.031373196513840185,0.5620710849761963,0.3453795611858368,0.5133641975308642,0.4866358024691358,0.2096891850233078,0.025280333766675534,0.46444955468177795,0.28459349274635315,0.6321244612336159,-8.48942518234253,-0.426727294921875,0.09627583021734953,0.0021834707770570817,7.843262195587158,-10.800724983215332,8.845351219177246,10.800724983215332,14.645872116088867,22.41581153869629,-1.7921696901321411,-1.6434673070907593,4.948239326477051,3.2555859088897705,6.3017683029174805,9.39063835144043,2.1551547050476074,-4.523787021636963,2.58481502532959,5.864475727081299,6.636842250823975,12.127691268920898,2.3647584915161133,-9.886822700500488,6.293942451477051,10.068364143371582,12.55228328704834,18.90861701965332,-1.1323305368423462,-1.1309438943862915,5.211826801300049,1.6560322046279907,5.633151531219482,8.839461326599121,-0.2626743018627167,-5.664706707000732,2.227566957473755,5.837826251983643,6.688314437866211,10.115202903747559,-4.3758721351623535,-0.0877341702580452,4.826218605041504,4.780937194824219,7.355024814605713,14.585220336914062,-1.4314626455307007,0.0867924839258194,6.623438358306885,2.3180012702941895,7.267232894897461,10.046768188476562,-2.268712043762207,-5.682241916656494,4.178431510925293,5.800363063812256,7.57050895690918,10.897452354431152
61.5,0.0,0.0,0.0,0.0,0.0,0,7.715411186218262,6.909541130065918,14.960098266601562,16.179141998291016,4.397655487060547,4.034911632537842,1.3808119297027588,6.289936065673828,4.5952677726745605,4.26463989893621,18.891774927150387,0.5527430484267605,0.44451129308814796,19.062846364894874,112.57996098111306,112.57996098111306,0.23234480619430542,0.030114373747825662,0.5036492347717285,0.3803243339061737,0.4517283950617284,0.5482716049382717,0.23729091882705688,0.03075544288494662,0.49106040596961975,0.4389653205871582,3.912694476544857,5.751216173171997,-0.5791454315185547,-0.031232913624654746,-0.0012588227660145224,8.711535453796387,-2.3583929538726807,8.711638450622559,2.765300989151001,9.266549110412598,16.658836364746094,7.937586307525635,3.757258892059326,7.938093662261963,3.9779558181762695,8.956918716430664,16.9764461517334,3.7496728897094727,3.325922966003418,3.8246896266937256,3.7295048236846924,5.867997169494629,9.17407512664795,1.6552244424819946,-3.28519344329834,4.404206275939941,3.9332306385040283,6.5927019119262695,11.791824340820312,10.017348289489746,4.242243766784668,10.046097755432129,4.3577752113342285,11.335844039916992,15.602612495422363,3.306567907333374,4.1355299949646,3.4714865684509277,4.228939533233643,5.926993370056152,8.91299057006836,-4.847569465637207,-3.233070135116577,5.207083702087402,4.132047653198242,7.203141212463379,10.12652587890625,5.569213390350342,3.895606517791748,6.1396708488464355,4.926140308380127,8.885272979736328,12.488436698913574,0.2146254926919937,1.947401762008667,3.1708269119262695,3.702179193496704,5.40327787399292,9.01741886138916
62.0,0.0,0.0,0.0,0.0,0.0,0,7.472519874572754,6.982863426208496,14.66290283203125,16.021963119506836,4.938840389251709,1.9307208061218262,-1.5081819295883179,6.958203315734863,5.080533027648926,2.449958277997496,322.00483727337473,0.3278623970388,0.18494725514883018,312.45152162801054,-66.61132473688434,66.61132473688434,0.2880268096923828,0.03854479827182161,0.6294586062431335,0.4644867181777954,0.4955555555555556,0.5044444444444445,0.23246446251869202,0.03110924230532622,0.5136027336120605,0.3542492091655731,-2.1041908264160156,-2.8889938592910767,-0.2428913116455078,-0.2595640379393178,0.00843042452399595,10.89794921875,-4.239911079406738,10.89795970916748,4.696933746337891,12.388370513916016,16.986873626708984,1.892888069152832,3.8979194164276123,1.906789779663086,3.9655399322509766,4.6204705238342285,14.306448936462402,-0.6038278341293335,1.2498524188995361,4.65944766998291,2.312950372695923,5.481344223022461,8.582640647888184,9.803513526916504,-4.91702127456665,9.803513526916504,4.919052600860596,11.62401294708252,15.573657989501953,-2.03613543510437,0.26826632022857666,4.073098182678223,3.6930034160614014,6.074406147003174,12.632185935974121,-1.1223547458648682,0.7464118003845215,2.254305839538574,2.782654047012329,3.880350112915039,6.937208652496338,5.5215253829956055,-1.4984182119369507,6.698537349700928,4.663932800292969,9.088506698608398,14.839166641235352,-4.814708232879639,-4.917018890380859,5.991880416870117,5.5001983642578125,8.507452011108398,15.68036937713623,-2.162362575531006,-4.163717269897461,3.2833197116851807,4.217444896697998,5.587769985198975,9.276463508605957
62.5,0.0,0.0,0.0,0.0,0.0,0,9.830053329467773,8.273475646972656,21.01337242126465,25.732576370239258,7.156406879425049,4.76030158996582,-3.1817593574523926,9.777230262756348,4.412008762359619,5.725736968824798,326.2414507107132,0.582472625215636,0.48858243746829294,310.3281361573734,-2.1233854706371176,2.1233854706371176,0.26947349309921265,0.027413225203792208,0.6071617603302002,0.4102550446987152,0.4778703703703704,0.5221296296296296,0.23176750540733337,0.02357743890718475,0.48044440150260925,0.5892730355262756,2.829580783843994,-1.6735774278640747,2.3575334548950195,0.30363518231946274,-0.011131573068029404,-4.7234368324279785,-8.384681701660156,5.373154163360596,8.384681701660156,11.097969055175781,14.141819953918457,3.651088237762451,-0.48122870922088623,3.758105516433716,0.8010779619216919,4.019680976867676,20.325130462646484,5.178422451019287,-0.23745985329151154,5.178653240203857,1.9172567129135132,5.867685317993164,8.060198783874512,-4.494131088256836,-7.798296928405762,5.0376434326171875,7.798296928405762,9.568296432495117,14.539115905761719,18.063419342041016,-1.691963791847229,18.099071502685547,2.5105795860290527,18.839574813842773,27.10719871520996,4.25398588180542,-2.5878546237945557,4.4253830909729,2.7619261741638184,6.039798736572266,9.900213241577148,-0.9060389399528503,-6.671092510223389,3.01643443107605,7.240904331207275,8.388788223266602,13.488566398620605,19.111858367919922,0.2846719026565552,19.111858367919922,1.6492904424667358,19.262380599975586,26.843732833862305,2.707547664642334,-1.0679268836975098,4.543846130371094,2.0105018615722656,5.3863043785095215,9.464778900146484
63.0,0.0,0.0,0.0,0.0,0.0,0,6.1554694175720215,5.644345283508301,12.29439640045166,14.671185493469238,4.246140003204346,-2.475172758102417,-0.28431880474090576,6.03538179397583,3.645045518875122,2.4914488485982655,186.5527470487587,0.4047536718297918,0.3623300400799094,209.55620539635322,-100.7719307610202,100.7719307610202,0.22704392671585083,0.0368849025848144,0.5272622108459473,0.3453056514263153,0.49799382716049384,0.5020061728395062,0.1958552896976471,0.03181808641928308,0.4245316684246063,0.35374337434768677,-7.235474348068237,2.897440552711487,-3.674583911895752,-0.12625239738838356,0.009471677381022194,0.570865273475647,1.6184842586517334,6.618223667144775,3.437346935272217,7.638019561767578,15.157578468322754,-3.4278221130371094,0.7122631669044495,3.428290843963623,0.7454016804695129,3.5338521003723145,11.423413276672363,0.5960227847099304,-3.615687370300293,3.9092817306518555,3.620975971221924,5.4921064376831055,8.21672248840332,-1.3537760972976685,0.4919951260089874,3.661235809326172,2.5184261798858643,4.792349338531494,10.249189376831055,-8.937175750732422,1.378582239151001,9.01878833770752,2.004561424255371,9.356359481811523,13.809125900268555,-2.467334508895874,-2.4363226890563965,2.741316080093384,2.4397048950195312,3.895005941390991,5.942899227142334,1.3040071725845337,1.3006168603897095,4.330935001373291,2.748641014099121,5.547994613647461,10.787137985229492,-6.477221488952637,2.8112568855285645,8.02764892578125,3.578981637954712,9.110212326049805,17.6309757232666,-2.084118127822876,-4.820057392120361,2.8503358364105225,4.820057392120361,6.033320426940918,8.452743530273438
63.5,0.0,0.0,0.0,0.0,0.0,0,8.507031440734863,8.25263786315918,16.242902755737305,19.10222816467285,5.504637241363525,-2.877065896987915,2.047048568725586,7.937754154205322,5.214859962463379,3.530993630457629,144.5679350436943,0.41506765962447306,0.292577948508929,145.4613923822439,-64.09481301410932,64.09481301410932,0.2746066451072693,0.0322799574376077,0.6213172674179077,0.4462636709213257,0.47771604938271606,0.5222839506172839,0.25269055366516113,0.029703725173914227,0.545793890953064,0.5322316288948059,-0.40189313888549805,2.3313673734664917,2.351562023162842,-0.06975209157098039,-0.004604945147206704,3.873943328857422,3.2957239151000977,5.173738956451416,3.501791477203369,7.070254802703857,14.22513484954834,-2.7728657722473145,1.7282605171203613,2.7741055488586426,1.72870671749115,3.329772710800171,18.811838150024414,-3.7575571537017822,-0.530998170375824,3.92553448677063,3.0266199111938477,5.526904106140137,9.61562728881836,6.63646936416626,-0.47119271755218506,7.486205577850342,2.2044763565063477,8.08017349243164,11.801573753356934,-11.517131805419922,5.484511852264404,11.517131805419922,5.484511852264404,13.0441255569458,22.306440353393555,-7.0401930809021,-0.04423190653324127,7.053003311157227,3.8249690532684326,8.462512969970703,15.432801246643066,4.073489665985107,2.8540947437286377,7.2708659172058105,3.6126511096954346,8.44548225402832,11.884669303894043,-10.01266860961914,9.112638473510742,10.01266860961914,9.136996269226074,14.20492172241211,17.85413360595703,-5.377076625823975,-3.005368947982788,5.392841815948486,5.618546009063721,8.399140357971191,11.488920211791992
64.0,0.0,0.0,0.0,0.0,0.0,0,6.3780293464660645,5.571594715118408,13.677040100097656,17.91941261291504,5.511588096618652,-1.6658883094787598,1.2910219430923462,7.128716468811035,3.974461317062378,2.1075866571042665,142.22520736889473,0.33044480396943254,0.17470821724384972,108.87293683218044,-36.58845555006346,36.58845555006346,0.24717243015766144,0.03875372438367506,0.5773661732673645,0.3932400047779083,0.5228858024691359,0.4771141975308642,0.22064456343650818,0.03459446748458367,0.4582615792751312,0.5787353515625,1.2111775875091553,-0.7560266256332397,-2.129002094268799,-0.11786973126507927,0.006473766946067362,2.526163101196289,2.6901721954345703,2.549759864807129,2.6905500888824463,3.8029260635375977,11.228463172912598,-0.5385491847991943,0.057601477950811386,0.5440473556518555,0.059644587337970734,0.5500430464744568,0.014159008860588074,0.020461764186620712,-0.730315625667572,4.158851146697998,3.343712091445923,5.593329906463623,11.662735939025879,1.362256407737732,6.048129558563232,4.559853553771973,6.160459995269775,8.280755043029785,12.581145286560059,-11.639945983886719,-0.5874851942062378,11.87258243560791,2.379394769668579,12.535759925842285,23.334625244140625,1.836830735206604,-1.4853678941726685,4.090939521789551,3.115319013595581,5.786874771118164,7.7173967361450195,-1.250602126121521,4.347278118133545,3.3916282653808594,5.036741733551025,6.605014801025391,10.895767211914062,-9.508539199829102,1.7419722080230713,9.508539199829102,2.4052906036376953,10.459342002868652,19.090301513671875,2.1989316940307617,-0.4627866744995117,3.4803249835968018,1.021854281425476,3.788217544555664,7.029987335205078
64.5,0.0,0.0,0.0,0.0,0.0,0,6.808955669403076,6.26627779006958,14.521269798278809,17.988250732421875,5.501225471496582,-2.797390937805176,-3.1202166080474854,5.4807000160217285,5.3875908851623535,4.1906023123233584,228.1225849196614,0.6154544860901904,0.4130764147306661,227.2600076569047,118.38707082472422,118.38707082472422,0.22725851833820343,0.033376408365090475,0.5251576900482178,0.40061885118484497,0.5003086419753087,0.49969135802469133,0.20084482431411743,0.02949715118861595,0.4550486207008362,0.3817296624183655,-1.131502628326416,-4.4112385511398315,0.4309263229370117,0.23836819748681637,-0.005377316018584585,-0.0704084262251854,-1.8598504066467285,1.2169077396392822,1.866165041923523,2.3083198070526123,5.917547225952148,-0.30917656421661377,-0.4710436463356018,0.3095282018184662,0.47135087847709656,0.5676025748252869,0.7272844910621643,-2.7662353515625,2.5972089767456055,2.78350830078125,2.7444581985473633,4.109719276428223,7.776101589202881,-2.891235589981079,-8.278948783874512,7.463170528411865,8.33207893371582,11.475395202636719,20.21429443359375,-7.343940734863281,-7.9071431159973145,7.343940734863281,7.9071431159973145,10.853714942932129,16.264219284057617,-2.2307379245758057,2.0517210960388184,3.669360876083374,3.1977157592773438,5.448509216308594,9.462301254272461,-2.927532434463501,-9.435123443603516,6.091836929321289,9.435123443603516,11.815424919128418,18.37297821044922,-7.724789142608643,-5.341793537139893,7.72537088394165,5.692315101623535,10.043341636657715,17.668323516845703,1.0875357389450073,0.5630249977111816,3.8546552658081055,2.1091668605804443,4.658571720123291,7.662066459655762
65.0,0.0,0.0,0.0,0.0,0.0,0,7.071609020233154,6.175092697143555,14.194437026977539,15.812548637390137,5.270725727081299,4.286701202392578,1.161166787147522,6.486945152282715,3.997952699661255,4.441184020750375,15.156374377885141,0.6280301990739793,0.3751773627154096,15.196662159729504,147.9366545028248,147.9366545028248,0.20414592325687408,0.02886837971448874,0.4812062382698059,0.36963480710983276,0.4772067901234568,0.5227932098765432,0.23032048344612122,0.03256973769581929,0.4624164402484894,0.5460581183433533,7.084092140197754,4.281383395195007,0.2626533508300781,-0.03789905201525651,-0.004508028650601736,9.171302795410156,1.6281980276107788,9.171686172485352,1.629639744758606,9.325905799865723,20.06072425842285,1.581472396850586,0.6568194627761841,1.7342778444290161,0.7814169526100159,1.9651453495025635,8.52926254272461,2.5898282527923584,5.507803440093994,2.682452917098999,6.409942626953125,7.4653801918029785,12.567398071289062,10.178154945373535,1.558504581451416,10.178154945373535,1.624753713607788,10.320966720581055,13.994844436645508,8.005999565124512,0.5448663234710693,9.08025074005127,3.3624250888824463,10.2741060256958,14.30448055267334,0.5398764610290527,0.3017878532409668,2.8560280799865723,4.058568477630615,5.577377796173096,8.615503311157227,1.1768215894699097,2.1368963718414307,2.054757833480835,2.2808549404144287,3.438009262084961,5.648538589477539,7.850991725921631,1.2121938467025757,8.40247917175293,4.3365678787231445,10.1216459274292,16.52299690246582,-2.514137029647827,-3.096569061279297,3.1902501583099365,3.3921966552734375,5.155944347381592,7.808278560638428
65.5,0.0,0.0,0.0,0.0,0.0,0,6.332228660583496,6.409104347229004,11.133480072021484,12.886581420898438,4.173287391662598,3.0573790073394775,2.7875373363494873,5.075263977050781,3.8258609771728516,4.137382118690819,42.35670834008183,0.6533848255425398,0.4969082651263241,49.6412426363105,34.444580476580995,34.444580476580995,0.19044318795204163,0.030075218076422838,0.43807893991470337,0.34052908420562744,0.522391975308642,0.47760802469135805,0.20495189726352692,0.03236646619741224,0.44812217354774475,0.4283473789691925,-1.2293221950531006,1.6263705492019653,-0.7393803596496582,0.1217309024109145,0.001206838361934099,4.61744499206543,4.050055980682373,4.617546558380127,4.050142288208008,6.166971683502197,12.377647399902344,1.116755723953247,0.49848270416259766,1.1174732446670532,0.5748472809791565,1.305359125137329,7.737835884094238,0.5407689213752747,-0.14362949132919312,2.3632099628448486,3.512173891067505,4.716429710388184,8.429882049560547,3.267883777618408,5.955745220184326,4.245574951171875,5.955745220184326,7.598543167114258,10.424400329589844,9.842775344848633,4.818150520324707,9.842775344848633,4.867813587188721,11.273265838623047,16.706180572509766,2.078829288482666,-1.89122474193573,3.9366068840026855,2.7221193313598633,5.4451093673706055,9.618552207946777,-2.7705631256103516,5.368542671203613,2.8934051990509033,5.444652080535889,6.349820613861084,8.912149429321289,7.586310863494873,5.120511054992676,7.612085342407227,5.257908344268799,9.760857582092285,12.239927291870117,1.2362054586410522,1.3112024068832397,2.9356889724731445,2.637277603149414,4.373700141906738,6.384340286254883
66.0,0.0,0.0,0.0,0.0,0.0,0,8.353312492370605,8.150205612182617,15.735456466674805,17.065372467041016,6.0645246505737305,7.192800045013428,-1.9976837635040283,6.5306172370910645,2.86010479927063,7.465059471063361,344.47822772369335,0.8936645765235625,0.7153844903857097,339.51394128464995,-70.12730135166055,70.12730135166055,0.18919944763183594,0.022649628534190523,0.4377235472202301,0.3400210440158844,0.4887345679012346,0.5112654320987654,0.22333620488643646,0.026736241264070575,0.43075186014175415,0.6091485619544983,4.13542103767395,-4.785221099853516,2.0210838317871094,0.21847622525938565,-0.007425589542232314,8.915047645568848,0.37005695700645447,8.915285110473633,0.762208104133606,8.962732315063477,24.215978622436523,0.5657501816749573,-0.041439302265644073,0.5661954879760742,0.11386830359697342,0.5845509171485901,1.2353030443191528,6.299018859863281,-2.5832653045654297,6.326512813568115,3.209569215774536,7.312991619110107,14.28508186340332,13.042825698852539,-2.082143783569336,13.042825698852539,2.082143783569336,13.248934745788574,15.942346572875977,11.806058883666992,-2.7529356479644775,11.806058883666992,2.7598986625671387,12.216184616088867,15.776350021362305,5.057828426361084,-4.7077131271362305,5.077845096588135,4.883323669433594,7.476507663726807,11.687901496887207,6.264657974243164,-0.22612230479717255,6.7771453857421875,2.495666027069092,7.466248989105225,11.536846160888672,11.738971710205078,-1.6010465621948242,11.739903450012207,2.029385805130005,12.079119682312012,16.706520080566406,1.0450382232666016,-4.354544162750244,2.781916856765747,4.767124652862549,5.832531452178955,9.33729076385498
66.5,0.0,0.0,0.0,0.0,0.0,0,7.815575122833252,6.308197975158691,16.381669998168945,18.280803680419922,6.085188865661621,-3.710089683532715,-3.45809268951416,7.226302146911621,4.491117000579834,5.071801505296432,222.98659968669256,0.6489351615953549,0.43917311061817627,231.74463245026502,-107.76930883438493,107.76930883438493,0.2378087192773819,0.030427535416438757,0.5304244756698608,0.40166112780570984,0.4944598765432099,0.5055401234567901,0.21685512363910675,0.027746530803476308,0.467355340719223,0.44504112005233765,-10.902889728546143,-1.4604089260101318,-0.5377373695373535,-0.27621137976753346,0.007777906882248234,2.4299426078796387,-1.0987685918807983,7.971619606018066,2.6093392372131348,8.63312816619873,18.056066513061523,-1.1418864727020264,-0.7976624965667725,1.143629789352417,0.7983308434486389,1.4005484580993652,4.343904972076416,-0.34620368480682373,-1.6449856758117676,1.227001428604126,4.217464923858643,4.582727432250977,8.571582794189453,-6.142669200897217,-3.472543716430664,9.42249584197998,4.342875003814697,10.552495002746582,18.67208480834961,-10.676124572753906,-9.29642391204834,10.676438331604004,9.29642391204834,14.479772567749023,19.171096801757812,0.7184183597564697,-2.0093233585357666,1.2039893865585327,2.636035680770874,3.1256515979766846,6.190148830413818,-8.402884483337402,-4.484800815582275,8.438556671142578,5.469520568847656,10.385815620422363,14.850762367248535,-10.09034538269043,-7.753495216369629,10.09034538269043,7.753495216369629,13.115252494812012,17.67620086669922,0.2609444558620453,-0.564828634262085,2.3959553241729736,2.8108177185058594,4.064789295196533,5.634776592254639
67.0,0.0,0.0,0.0,0.0,0.0,0,7.765216827392578,7.903867721557617,13.091171264648438,14.253228187561035,4.111432075500488,-2.3425583839416504,-1.610207200050354,6.693929672241211,4.930863857269287,2.842595118772513,214.50351208139182,0.36606770705294084,0.2784496954933789,232.8560563797227,1.1114239294576862,1.1114239294576862,0.2338854819536209,0.030119629243183187,0.5221909284591675,0.34344494342803955,0.4393518518518518,0.5606481481481481,0.19144442677497864,0.024654096128461377,0.40941932797431946,0.312576025724411,1.3675312995910645,1.8478854894638062,-0.05035829544067383,-0.16072341512479738,-0.00030790617325556977,-7.800222873687744,1.2858660221099854,7.800251007080078,1.650446891784668,8.140806198120117,14.298372268676758,-1.229242205619812,-1.330749273300171,1.3486595153808594,1.3389071226119995,1.9891200065612793,8.06563949584961,2.4353277683258057,6.219123840332031,2.8672938346862793,6.768681526184082,7.7722930908203125,12.641654968261719,-8.645893096923828,-4.033647060394287,8.681147575378418,4.1278462409973145,9.871660232543945,13.483561515808105,-4.08353853225708,-4.502481937408447,5.487361431121826,4.507363796234131,7.578751564025879,12.470612525939941,4.224320411682129,2.489009380340576,4.224320411682129,3.9465792179107666,6.27331018447876,8.812994003295898,-5.980837821960449,-4.25358772277832,6.632351398468018,4.25358772277832,8.64771842956543,13.521102905273438,-6.192847728729248,-6.098818302154541,7.568737030029297,6.1171464920043945,11.522686004638672,16.26873207092285,6.189908981323242,-4.266579627990723,6.189908981323242,4.337482452392578,8.090601921081543,10.321488380432129
67.5,0.0,0.0,0.0,0.0,0.0,0,7.8632426261901855,8.284388542175293,13.01657485961914,13.998329162597656,4.0994744300842285,3.2145731449127197,1.1956045627593994,6.714931011199951,4.667227745056152,3.4297158445686353,20.401808906469185,0.43617067507814705,0.3791021925361968,25.151576676431006,152.29552029670833,152.29552029670833,0.21612976491451263,0.027486082740034536,0.49045196175575256,0.3260900378227234,0.5216512345679012,0.47834876543209875,0.2077123373746872,0.02641560496521532,0.4528668522834778,0.39076778292655945,5.55713152885437,2.8058117628097534,0.09802579879760742,0.10065249704281792,-0.0026335465031486517,6.984359264373779,-0.4194400906562805,6.993655681610107,2.91123104095459,8.018498420715332,12.350532531738281,3.9219915866851807,-0.430697500705719,3.9221885204315186,0.9644942283630371,4.125975608825684,10.624378204345703,1.7410920858383179,6.149986743927002,2.440777540206909,6.149988174438477,6.871723175048828,9.496893882751465,1.34312903881073,-1.6578586101531982,6.414228916168213,4.153600692749023,8.103129386901855,10.753558158874512,11.272759437561035,-1.8421056270599365,11.272759437561035,2.729283332824707,11.714360237121582,14.27169132232666,0.1100897565484047,4.9346795082092285,2.5850255489349365,5.056988716125488,6.115152359008789,9.633228302001953,-4.267709255218506,-0.004550917074084282,7.210671424865723,2.806978464126587,7.944973945617676,13.120930671691895,9.973669052124023,-0.940903902053833,9.973669052124023,2.5331318378448486,10.735631942749023,14.265114784240723,-2.1482231616973877,4.971331596374512,2.855523109436035,5.969316482543945,7.139733791351318,14.55527400970459
68.0,0.0,0.0,0.0,0.0,0.0,0,6.920460224151611,6.702418327331543,12.477472305297852,14.015164375305176,4.072256088256836,0.8793120980262756,1.590944766998291,6.440621376037598,4.437356472015381,1.8177719926807698,61.070655983019655,0.2626663449833805,0.320836379730899,75.54141287812669,50.38983620169569,50.38983620169569,0.26038658618927,0.03762561161105142,0.5589995384216309,0.3988814949989319,0.5224074074074074,0.47759259259259257,0.20623528957366943,0.029800801260750086,0.45394957065582275,0.329157292842865,-2.335261046886444,0.3953402042388916,-0.9427824020385742,-0.0582658128052978,0.010139528871016885,8.042394638061523,-1.5329126119613647,8.042394638061523,3.655651092529297,8.959502220153809,13.249621391296387,0.5300048589706421,1.9310680627822876,2.2262561321258545,1.98336923122406,3.177553415298462,9.388995170593262,-2.5653727054595947,0.2500024139881134,2.926453113555908,1.7051174640655518,3.764646291732788,7.464031219482422,6.162290096282959,4.378339767456055,6.165290832519531,4.599200248718262,8.131152153015137,10.248224258422852,1.6973328590393066,3.7189905643463135,4.555802345275879,3.719614028930664,6.0745015144348145,9.77676010131836,-4.890131950378418,-1.9659342765808105,5.195940971374512,2.718092441558838,6.093061923980713,10.27778148651123,5.2517218589782715,6.305777072906494,6.05447244644165,6.305777072906494,9.174957275390625,14.360922813415527,2.0849218368530273,4.982921123504639,3.9188895225524902,4.985316753387451,6.769376277923584,11.069845199584961,-8.39935302734375,-3.7497503757476807,8.502890586853027,4.7723493576049805,10.139386177062988,15.66014289855957
68.5,0.0,0.0,0.0,0.0,0.0,0,8.074665069580078,6.9104485511779785,17.66202735900879,18.65817642211914,5.598475456237793,3.4211068153381348,0.5144462585449219,8.094217300415039,4.365566730499268,3.4595703194015153,8.551733703200242,0.4284475318282681,0.1923667340145828,6.888234734003744,-68.65317814412295,68.65317814412295,0.25264182686805725,0.03128820742443358,0.5810659527778625,0.3836648464202881,0.5424228395061729,0.4575771604938272,0.23222458362579346,0.028759651684007074,0.5059282183647156,0.494917094707489,2.541794717311859,-1.0764985084533691,1.1542048454284668,-0.12846964571631622,-0.006337404186617844,1.7253243923187256,-3.275874614715576,3.1385397911071777,5.265427589416504,6.830420970916748,10.353681564331055,6.076809883117676,-0.26191842555999756,6.108243465423584,1.108072280883789,6.29848575592041,18.182701110839844,-0.8151492476463318,1.5321533679962158,2.4915034770965576,2.231923818588257,3.702989339828491,10.126514434814453,4.763002872467041,-3.1316049098968506,5.0735979080200195,3.3780996799468994,7.125437259674072,14.778824806213379,14.311013221740723,1.107465386390686,14.567215919494629,1.9163180589675903,15.099349021911621,19.757997512817383,-4.613452911376953,3.979193687438965,5.30029296875,5.105942726135254,8.10946273803711,11.583701133728027,3.0543434619903564,-0.8804762959480286,5.190211772918701,2.6737701892852783,6.216580867767334,10.00645923614502,10.770279884338379,0.8369589447975159,11.395766258239746,3.22900652885437,12.262395858764648,19.574321746826172,-4.482210159301758,4.724118709564209,4.482210159301758,4.776025295257568,7.026866436004639,10.593425750732422
69.0,0.0,0.0,0.0,0.0,0.0,0,6.577691078186035,5.504186153411865,14.624602317810059,16.15834617614746,4.823235511779785,-3.2752623558044434,-1.2246496677398682,6.151454925537109,4.057352066040039,3.49672851506162,200.5012163440745,0.531604247371546,0.3071479953385414,215.25833150439098,-151.62990322961275,151.62990322961275,0.22508388757705688,0.03421928009119111,0.47456228733062744,0.35299554467201233,0.5302314814814815,0.46976851851851853,0.18781861662864685,0.02855387792498225,0.4311680495738983,0.368865430355072,-6.696369171142578,-1.73909592628479,-1.496973991394043,0.11478126132395863,0.002931072666757531,-3.178891658782959,1.1532756090164185,6.210102558135986,4.872526168823242,8.547992706298828,15.073225975036621,-5.586885929107666,-4.136261940002441,5.58744478225708,4.136491298675537,7.139987945556641,17.641361236572266,-0.7988999485969543,0.10995250940322876,0.9174561500549316,0.6890777349472046,1.2244055271148682,4.2369513511657715,-4.3425374031066895,1.3314261436462402,5.459394454956055,2.6652374267578125,6.780843257904053,12.442983627319336,-9.905953407287598,-5.15210485458374,9.905953407287598,5.15210485458374,11.405412673950195,15.847896575927734,0.4041105806827545,-3.2369961738586426,2.349379539489746,3.5095648765563965,4.666214942932129,6.472173690795898,-0.08653337508440018,0.5723103880882263,3.509474754333496,3.9799890518188477,5.972990036010742,9.138312339782715,-9.207301139831543,-0.6632026433944702,9.207301139831543,1.8851263523101807,9.485252380371094,16.53306770324707,3.2255330085754395,-1.0002467632293701,3.4432690143585205,1.5222686529159546,3.976116418838501,5.592941761016846
69.5,0.0,0.0,0.0,0.0,0.0,0,6.36258602142334,6.092247009277344,12.80262279510498,14.72811508178711,4.5650410652160645,-2.5455567836761475,2.236252784729004,5.819620132446289,3.9966771602630615,3.388316079725721,138.7009336328801,0.5325375670076581,0.2744830899899945,130.8601095385739,-84.39822196581707,84.39822196581707,0.23874834179878235,0.03752378411405574,0.5539701581001282,0.3583834171295166,0.5033179012345679,0.4966820987654321,0.2227616161108017,0.03501117004148556,0.5090757012367249,0.35861706733703613,0.7297055721282959,3.460902452468872,-0.2151050567626953,-0.032664905348546935,0.0033045040228646336,2.665348768234253,2.640042781829834,3.4724462032318115,3.113255739212036,5.2207818031311035,7.846643447875977,0.9981688261032104,-0.6779335141181946,3.34128737449646,2.3528051376342773,4.233570575714111,9.753850936889648,0.5574327707290649,-0.13599197566509247,1.0689613819122314,0.8794414401054382,1.4560903310775757,6.545584678649902,-0.6823132038116455,2.103956460952759,5.220151901245117,4.239711284637451,7.314448833465576,13.08867359161377,-4.852329254150391,2.286604166030884,6.011844158172607,2.848200798034668,6.938488483428955,12.986028671264648,-2.8970470428466797,3.1956229209899902,3.9852473735809326,3.8802292346954346,6.205325603485107,11.215821266174316,-6.418054580688477,3.9136555194854736,7.800599575042725,5.037845134735107,9.556829452514648,18.724367141723633,-8.248099327087402,5.058454990386963,8.248099327087402,5.070618629455566,9.899343490600586,14.203815460205078,-4.033119201660156,1.7418632507324219,4.092682838439941,3.907439708709717,6.438392639160156,8.89181137084961
70.0,0.0,0.0,0.0,0.0,0.0,0,5.871782302856445,5.918190956115723,10.739727973937988,13.143540382385254,3.797147274017334,-0.5770561695098877,0.41688627004623413,4.270146369934082,5.491376876831055,0.7118904304192366,144.15429032134287,0.1212392411198425,0.07605343091404487,202.8621704928278,72.00206095425389,72.00206095425389,0.2366197407245636,0.040297764498471056,0.5364742279052734,0.348757266998291,0.48598765432098767,0.5140123456790123,0.20835085213184357,0.035483402807199506,0.47225818037986755,0.31237131357192993,1.9685006141662598,-1.8193665146827698,-0.49080371856689453,-0.19842965907594962,0.0027739803844153144,-4.427749156951904,4.7507643699646,5.224435806274414,6.006405353546143,8.535650253295898,13.524114608764648,0.520582377910614,0.019712252542376518,1.5209687948226929,2.02160382270813,2.766322612762451,8.341907501220703,-0.4807874858379364,0.7875188589096069,1.0854151248931885,1.1618704795837402,1.8066160678863525,5.124402046203613,-1.6245620250701904,5.684744834899902,3.9911932945251465,6.6142120361328125,8.16603946685791,15.19848918914795,4.04621696472168,0.8155954480171204,4.065058708190918,4.893392562866211,6.851403713226318,9.703354835510254,-1.8392630815505981,-3.610994815826416,3.2578039169311523,3.9410829544067383,5.677158832550049,8.501670837402344,-1.560352087020874,0.22927768528461456,3.4323883056640625,5.984339714050293,7.620231628417969,11.557844161987305,0.8918256163597107,-0.5992032885551453,3.602591037750244,2.4924468994140625,4.889945983886719,7.237476825714111,-0.7194169163703918,-4.325438499450684,3.529834032058716,4.757514476776123,6.532675743103027,8.963769912719727
70.5,0.0,0.0,0.0,0.0,0.0,0,6.135554790496826,5.690820217132568,11.271873474121094,16.526874542236328,4.323334217071533,0.22118934988975525,-4.1977925300598145,3.61850905418396,5.056901454925537,4.203615926072532,273.01622980929574,0.6851240139821397,0.5734929311413541,272.950979749611,70.08880925678321,70.08880925678321,0.23098403215408325,0.03764679843867565,0.5044743418693542,0.33597907423973083,0.4700925925925926,0.5299074074074074,0.19849953055381775,0.0323523307963832,0.4591251015663147,0.29181188344955444,0.7982455193996429,-4.614678800106049,0.26377248764038086,0.49743950022730926,-0.0026509660597954093,-0.5693566799163818,-5.591779708862305,2.435389995574951,5.591919422149658,6.270897388458252,9.167536735534668,-1.6091053485870361,-2.2469677925109863,1.6395906209945679,2.2839441299438477,3.0395519733428955,8.42332935333252,0.3664196729660034,-2.160738229751587,0.9007507562637329,2.4883556365966797,2.7806813716888428,7.404927730560303,3.288041830062866,-6.681177616119385,3.3696463108062744,7.378019332885742,9.311413764953613,18.0477294921875,-1.3849958181381226,-4.135584354400635,2.681766986846924,4.371349334716797,5.4337477684021,8.169455528259277,-1.5280662775039673,-2.966515064239502,2.577514886856079,4.145724296569824,5.294310092926025,9.707844734191895,3.1183154582977295,-7.51443338394165,4.0893874168396,9.848775863647461,11.600973129272461,18.140758514404297,3.184406042098999,-2.0188708305358887,3.421658992767334,3.3973467350006104,5.067559242248535,7.744680404663086,-2.8749544620513916,-4.464066505432129,4.076938629150391,4.474722862243652,6.420855522155762,9.888961791992188
71.0,0.0,0.0,0.0,0.0,0.0,0,6.097838401794434,6.0834503173828125,10.656259536743164,11.931472778320312,3.3998615741729736,-2.8912761211395264,0.5335557460784912,4.431336879730225,4.523470878601074,2.9400951247952847,169.54427451864703,0.4821536634900151,0.3887674675780386,170.70655066539524,-102.24442908421577,102.24442908421577,0.23572050034999847,0.03865639693308947,0.5224571228027344,0.3401857614517212,0.5429166666666667,0.45708333333333334,0.21509763598442078,0.035274401605447855,0.47880682349205017,0.3123861849308014,-3.1124654710292816,4.731348276138306,-0.03771638870239258,-0.18472546356331554,0.0010095984944138228,0.4899299144744873,-2.9459667205810547,3.395927667617798,3.277573347091675,5.017533779144287,9.218353271484375,-0.4582339823246002,3.1572208404541016,1.8338961601257324,3.221285343170166,3.947800874710083,8.844118118286133,-2.6682920455932617,-3.559082508087158,3.2235312461853027,4.067255973815918,5.423768043518066,12.016634941101074,-4.066683292388916,2.019634962081909,4.579018592834473,2.959397792816162,6.061053276062012,9.836503982543945,-4.555144786834717,1.9152776002883911,4.991106033325195,3.1408233642578125,6.238629341125488,8.918006896972656,-5.445808410644531,-1.224474310874939,5.672783851623535,3.2425107955932617,6.919556140899658,11.71147632598877,-2.742823362350464,4.455766201019287,4.628342628479004,4.818287372589111,7.845262050628662,12.813973426818848,-5.247551918029785,-1.787267804145813,5.351818084716797,2.9233462810516357,6.937023162841797,9.440713882446289,-1.3268767595291138,2.7708940505981445,4.697633266448975,3.2993462085723877,6.489920139312744,11.132319450378418
71.5,0.0,0.0,0.0,0.0,0.0,0,6.90169095993042,6.386017322540283,13.314502716064453,15.278011322021484,4.248661041259766,2.533534049987793,-0.22066734731197357,6.434584140777588,4.220556259155273,2.5431258051101704,355.0221782160836,0.36847865543023517,0.233191638934304,1.4304678700100606,-169.27608279538518,169.27608279538518,0.2657223641872406,0.03850104666072629,0.5755136609077454,0.3710787892341614,0.4912191358024691,0.5087808641975309,0.21371707320213318,0.030965895673542604,0.4675692617893219,0.3182865083217621,5.424810171127319,-0.7542230933904648,0.8038525581359863,-0.1555758286437346,-0.00015535027236317916,5.016640663146973,-0.787823498249054,5.398405075073242,3.6092119216918945,6.929845809936523,10.355548858642578,-2.5675277709960938,2.1238343715667725,3.0670621395111084,3.6506400108337402,5.416955471038818,10.459259986877441,-2.1911795139312744,2.043588161468506,2.872349739074707,2.2947731018066406,3.9200215339660645,10.436542510986328,8.735559463500977,-3.0849196910858154,9.49951457977295,3.7906949520111084,10.617431640625,16.950897216796875,0.41330304741859436,0.467883437871933,1.9793541431427002,2.679262638092041,3.718827486038208,5.497681140899658,-0.5802407264709473,-0.5381766557693481,6.734358310699463,3.6565821170806885,8.21308422088623,13.986113548278809,9.713062286376953,-1.521070122718811,9.780378341674805,2.900256872177124,10.922329902648926,18.796411514282227,1.6583422422409058,2.3994336128234863,2.8438737392425537,3.017669916152954,4.54649543762207,6.8623948097229,2.603846549987793,-3.0887553691864014,5.303784370422363,4.867238998413086,7.830226898193359,9.006854057312012
72.0,0.0,0.0,0.0,0.0,0.0,0,5.698129653930664,5.749624729156494,9.132570266723633,10.185205459594727,2.7285842895507812,-1.605827808380127,1.062474012374878,4.5167694091796875,3.975564956665039,1.9254957743757564,146.50993102010662,0.337917157263615,0.2689988593051011,148.44004480496034,147.00957693495025,147.00957693495025,0.2392858862876892,0.04199375213038084,0.5157228708267212,0.3189493715763092,0.4858024691358025,0.5141975308641975,0.19924524426460266,0.03496677355531678,0.43223148584365845,0.27181440591812134,-4.13936185836792,1.2831413596868515,-1.2035613059997559,0.03580722037079709,0.00349270546965455,-1.4357879161834717,1.9898052215576172,2.8015761375427246,5.306365013122559,6.354567050933838,8.976414680480957,0.23851057887077332,0.6396449208259583,2.796611785888672,3.5886638164520264,4.777895450592041,8.616447448730469,0.14802630245685577,3.436629056930542,3.8324592113494873,3.5216710567474365,5.905313491821289,9.056099891662598,-3.279606342315674,-0.6305956840515137,3.3718929290771484,2.894397735595703,4.749908924102783,7.9894537925720215,0.7164168357849121,2.4647445678710938,3.6729042530059814,2.8285491466522217,4.984902858734131,8.285114288330078,-2.499453067779541,3.3574512004852295,4.028627872467041,4.593151092529297,6.842012405395508,10.067350387573242,-6.854572296142578,-2.644740581512451,6.854572296142578,2.764146566390991,7.681134223937988,11.20034122467041,2.6348581314086914,1.4163275957107544,3.8295891284942627,2.308389663696289,4.71036958694458,9.369816780090332,-4.1208415031433105,-0.466999888420105,4.7263503074646,1.7796790599822998,5.277065753936768,8.790438652038574
72.5,0.0,0.0,0.0,0.0,0.0,0,5.6804351806640625,5.632969856262207,9.237497329711914,10.276275634765625,2.668705701828003,-1.4541136026382446,-0.8434498310089111,4.132403373718262,4.414376258850098,1.681027657954067,210.11561837175188,0.2959329002954223,0.24794502735890375,204.6875161434293,56.247471338468955,56.247471338468955,0.2511163055896759,0.04420722240388229,0.5222955346107483,0.34964853525161743,0.48865740740740743,0.5113425925925926,0.2007725089788437,0.0353445585151126,0.43992936611175537,0.28366148471832275,0.15171420574188232,-1.905923843383789,-0.017694473266601562,-0.021053831946197338,0.0022134702735014528,-1.0136897563934326,3.526818037033081,2.8478193283081055,3.6194705963134766,4.921441078186035,7.519218444824219,-1.0716001987457275,-5.548872947692871,2.713951349258423,5.938689231872559,7.26331901550293,9.844709396362305,-3.497246026992798,0.16761189699172974,4.818060398101807,3.013408899307251,6.195285797119141,11.653402328491211,-2.1329567432403564,0.3397558331489563,2.7075719833374023,2.3016607761383057,3.8506128787994385,6.4383134841918945,-1.5393272638320923,-4.322372913360596,3.283363103866577,4.730858325958252,6.118332386016846,9.22060775756836,-0.993773877620697,-0.33145666122436523,2.615785598754883,2.682337999343872,4.140218257904053,6.540605068206787,-2.940498113632202,-2.4020469188690186,4.033163070678711,2.890355110168457,5.403903961181641,8.817398071289062,0.928350567817688,-1.767346978187561,3.472141981124878,4.630280017852783,6.4359941482543945,10.041630744934082,-0.8262811303138733,2.746861696243286,5.128105163574219,3.7522151470184326,6.794808864593506,9.198312759399414
73.0,0.0,0.0,0.0,0.0,0.0,0,7.059967041015625,6.935901641845703,11.290643692016602,12.260151863098145,3.0111074447631836,-2.3254282474517822,-3.650696039199829,5.180302143096924,3.6522839069366455,4.328417505818494,237.50359070503112,0.6130931604456642,0.5577185308416068,244.28167131721116,39.59415517378187,39.59415517378187,0.25416243076324463,0.036000507266698845,0.542616605758667,0.33539122343063354,0.4875462962962963,0.5124537037037037,0.21052071452140808,0.02981893307425273,0.45899611711502075,0.285371869802475,-0.8713146448135376,-2.807246208190918,1.3795318603515625,0.30977350348270305,-0.008206715137183448,-3.5427799224853516,-4.4930033683776855,4.03268575668335,5.763654708862305,7.817356109619141,11.540647506713867,-0.8621913194656372,-3.718662977218628,6.057962417602539,5.904417514801025,9.054329872131348,13.128771781921387,0.2418670803308487,-3.3684449195861816,1.9867947101593018,3.4188568592071533,4.30448579788208,7.102032661437988,-1.3237589597702026,-1.5865882635116577,5.011596202850342,2.0384716987609863,5.646841526031494,9.270453453063965,-2.8298027515411377,-4.983434200286865,5.707310676574707,5.0982866287231445,8.406244277954102,11.752553939819336,-3.3460440635681152,-3.945770502090454,3.9580626487731934,4.026181221008301,5.869205951690674,9.320615768432617,0.3556749224662781,-2.875383138656616,5.470913410186768,4.112942218780518,7.292947769165039,9.87976360321045,-4.327948570251465,-2.0067341327667236,5.783428192138672,2.7981646060943604,6.926482200622559,11.318696975708008,-5.293868064880371,-5.878242015838623,5.293868064880371,5.878242015838623,8.22181224822998,11.96884822845459
73.5,0.0,0.0,0.0,0.0,0.0,0,6.73776912689209,5.952548027038574,11.948974609375,13.935670852661133,3.6365678310394287,3.0235512256622314,1.2314496040344238,4.986825942993164,4.80576753616333,3.264709809689082,22.16037185358567,0.4845386875395929,0.33908116523180903,10.209142820268875,125.92747150305775,125.92747150305775,0.2360253930091858,0.03503019375314552,0.5067707896232605,0.3201403021812439,0.48010802469135805,0.519891975308642,0.20739562809467316,0.030781048357067933,0.44294503331184387,0.28195029497146606,5.348979473114014,4.882145643234253,-0.32219791412353516,-0.2186373656097978,-0.0009703135135533253,1.7461488246917725,3.7438395023345947,2.9718844890594482,5.442880630493164,7.1807942390441895,11.698098182678223,1.4343466758728027,1.7404272556304932,4.120006561279297,3.6568775177001953,6.215981960296631,13.499568939208984,2.7341103553771973,2.9218242168426514,3.8804187774658203,4.348503112792969,6.305784702301025,11.833154678344727,2.8712258338928223,5.5558342933654785,4.110458850860596,5.560137748718262,7.689843654632568,11.134218215942383,4.250931739807129,1.6300967931747437,5.187889575958252,2.3741276264190674,6.035908222198486,12.821048736572266,1.1528143882751465,-3.5635688304901123,3.4342710971832275,3.7770583629608154,5.640650272369385,8.133066177368164,3.3185832500457764,0.6389248967170715,4.219107627868652,3.3690261840820312,5.944796562194824,8.64598274230957,7.964797019958496,2.9711382389068604,8.844517707824707,4.11904764175415,10.046150207519531,17.364233016967773,1.739001989364624,-4.555469989776611,2.552795886993408,4.580801010131836,5.580015659332275,8.22024917602539
74.0,0.0,0.0,0.0,0.0,0.0,0,6.350651264190674,5.986027240753174,10.478984832763672,11.755146980285645,2.949985980987549,3.280315399169922,3.0356714725494385,4.381570339202881,3.1399447917938232,4.469426183223278,42.78180971577577,0.703774463010584,0.6192226490089254,47.41336369221934,37.20422087195047,37.20422087195047,0.24784855544567108,0.03902725974199705,0.5212451815605164,0.3470086455345154,0.5052777777777778,0.49472222222222223,0.21357795596122742,0.033630869251891835,0.45431095361709595,0.3001847565174103,0.25676417350769043,1.8042218685150146,-0.387117862701416,0.2801414837771164,0.0039970659888515295,1.7140175104141235,2.1407039165496826,2.978428840637207,2.7164785861968994,4.504647731781006,6.60862398147583,2.802807092666626,2.5344016551971436,3.380444049835205,3.4463748931884766,5.442277431488037,9.28663444519043,-0.2270388901233673,1.4343785047531128,3.9327170848846436,2.200754404067993,4.918159484863281,6.873189926147461,1.941498875617981,1.2607381343841553,3.88834547996521,3.089897632598877,5.333564281463623,7.621109962463379,3.805049419403076,4.505999565124512,4.550228118896484,4.505999565124512,6.736610412597656,9.575790405273438,3.190647840499878,4.4843621253967285,3.9049041271209717,4.489014625549316,6.2613844871521,10.987666130065918,1.6004161834716797,3.1223461627960205,3.8443000316619873,3.858501434326172,6.251607418060303,11.134147644042969,7.490149974822998,4.82050895690918,7.490149974822998,5.043766498565674,9.382695198059082,11.910361289978027,7.205290794372559,3.0176050662994385,7.210783958435059,3.688575267791748,8.324911117553711,14.037806510925293
74.5,0.0,0.0,0.0,0.0,0.0,0,6.907530307769775,6.5405988693237305,11.762686729431152,13.530204772949219,3.5095715522766113,-1.5065516233444214,-1.9338951110839844,5.957387924194336,4.3047590255737305,2.4514583607469755,232.08053654677644,0.3548965044698406,0.3326737094461408,225.98478007357875,178.57141638135943,178.57141638135943,0.26060107350349426,0.03772709263154019,0.5458517670631409,0.3378734886646271,0.5778703703703704,0.42212962962962963,0.19523493945598602,0.028264068703732194,0.43655824661254883,0.26787832379341125,-4.786867022514343,-4.969566583633423,0.5568790435791016,-0.28654893956278465,-0.0013001671104568568,-0.5229809284210205,-2.6781437397003174,2.2682273387908936,3.0868358612060547,4.148107528686523,6.666045188903809,2.715564250946045,-3.4991750717163086,5.26283073425293,3.651308536529541,6.850198745727539,12.22851276397705,-3.4693682193756104,-7.5427751541137695,3.8713574409484863,7.542791366577148,8.830698013305664,11.144057273864746,-3.887713670730591,-3.3178439140319824,4.314615726470947,3.7260165214538574,6.208893299102783,9.029280662536621,2.024439573287964,-3.412109851837158,6.612513542175293,3.427896499633789,7.725074291229248,13.410196304321289,-1.6948589086532593,-0.06851887702941895,3.9023163318634033,2.8895645141601562,5.191247940063477,8.136964797973633,-9.000520706176758,-2.8229804039001465,9.000520706176758,3.292527675628662,9.869917869567871,15.548168182373047,0.8160013556480408,1.3157857656478882,6.883383274078369,2.129490375518799,7.5030388832092285,12.142159461975098,-0.5395271182060242,4.6207051277160645,2.928283452987671,4.664455413818359,5.840599060058594,9.848176956176758
75.0,0.0,0.0,0.0,0.0,0.0,0,6.328282356262207,5.7946248054504395,10.908378601074219,13.08045482635498,3.352914571762085,-0.4644818902015686,0.7968226075172424,5.759017467498779,4.155989646911621,0.9223175668801931,120.2386599810185,0.14574532471161084,0.08868265351678088,87.01041908766753,-138.97436098591123,138.97436098591123,0.27986040711402893,0.044223747793639905,0.6122102737426758,0.3848782777786255,0.5150308641975309,0.48496913580246914,0.20667363703250885,0.0326587204455681,0.45222756266593933,0.284032940864563,1.0420697331428528,2.730717718601227,-0.5792479515075684,-0.24399105592935988,0.006496655162099713,-2.6022872924804688,-1.0900202989578247,6.054088592529297,2.20371413230896,6.615993976593018,10.539501190185547,-2.325913429260254,-0.3566495478153229,4.110414981842041,5.179793834686279,7.253507137298584,10.919144630432129,2.867124557495117,-0.5954341888427734,2.9849534034729004,2.936718225479126,4.608701229095459,7.239222526550293,-1.3808252811431885,1.3534507751464844,3.9567339420318604,2.5427818298339844,5.435526371002197,8.681690216064453,-3.9427664279937744,0.6435163021087646,5.753273010253906,2.139132022857666,6.739526271820068,13.600296020507812,2.1044247150421143,1.9697173833847046,2.6381053924560547,3.6074018478393555,4.983146667480469,6.9896979331970215,1.7721389532089233,3.4566867351531982,5.974975109100342,3.863938570022583,7.585517883300781,15.231999397277832,-2.978095769882202,3.3886804580688477,6.258559226989746,4.309805393218994,8.164904594421387,13.745134353637695,2.305863618850708,-1.5985443592071533,3.5288033485412598,3.753227710723877,5.567718982696533,9.551609992980957
75.5,0.0,0.0,0.0,0.0,0.0,0,6.134584426879883,5.546292304992676,11.093152046203613,12.622505187988281,3.464207172393799,-2.078474998474121,-0.6038520336151123,4.097743034362793,5.306380271911621,2.1644157636145382,196.19998031205435,0.35282190495752686,0.26453646585560686,168.8001744355121,81.78975534784456,81.78975534784456,0.24910053610801697,0.040605928318568095,0.5407281517982483,0.3348027765750885,0.4030246913580247,0.5969753086419753,0.21258048713207245,0.034652787815230277,0.4645601809024811,0.29698267579078674,-1.6139931082725525,-1.4006746411323547,-0.19369792938232422,0.17585381233882597,-0.0036178194750718096,-3.6716325283050537,3.9758827686309814,3.6725056171417236,3.9814722537994385,5.892727851867676,7.66557502746582,-3.690854549407959,2.281454563140869,3.6934146881103516,4.556327819824219,6.494589805603027,10.653814315795898,-2.042940855026245,2.0922298431396484,3.3959801197052,3.365419387817383,5.63469934463501,11.467194557189941,-3.1886749267578125,-3.680943012237549,4.487766742706299,3.9731786251068115,6.404171943664551,10.675191879272461,-3.56908917427063,-1.2318446636199951,3.694424867630005,3.1986279487609863,5.136598110198975,9.955257415771484,2.3395426273345947,1.9769130945205688,3.081657886505127,2.473442316055298,4.361051559448242,6.518421649932861,-0.2539343535900116,-7.2904558181762695,3.0244767665863037,7.29416036605835,8.343696594238281,11.948709487915039,-6.218183994293213,-5.533636569976807,6.275494575500488,5.684396743774414,8.711711883544922,16.828346252441406,1.5894911289215088,1.975731372833252,2.2038638591766357,3.1503427028656006,4.2320170402526855,6.396423816680908
76.0,0.0,0.0,0.0,0.0,0.0,0,7.98696756362915,7.649016380310059,13.3887300491333,14.774076461791992,3.7768137454986572,2.3893816471099854,-2.911806106567383,6.222445487976074,5.014915943145752,3.766664234808981,309.37175621756853,0.4716012935825007,0.4033962143515895,304.00034397571665,135.20016954020457,135.20016954020457,0.30553415417671204,0.03825408247730503,0.6528215408325195,0.42844030261039734,0.5037962962962963,0.4962037037037037,0.23188470304012299,0.0290328803967094,0.5158350467681885,0.34512895345687866,4.4678566455841064,-2.3079540729522705,1.8523831367492676,0.13885974849598265,-0.0023518458412630644,-4.205501079559326,-4.871917247772217,4.459831237792969,4.917146682739258,7.836192607879639,11.429546356201172,3.745302438735962,-1.3475284576416016,3.9518229961395264,2.8526947498321533,5.3293914794921875,9.616191864013672,2.1750357151031494,2.8510873317718506,4.579538345336914,3.039592742919922,5.765501499176025,8.076129913330078,0.6913575530052185,-2.6433279514312744,3.7889328002929688,3.4574742317199707,5.582183361053467,9.114228248596191,4.903745174407959,-5.777393341064453,7.152132034301758,5.944648265838623,10.369611740112305,14.469451904296875,4.328873157501221,-3.515862464904785,4.534156322479248,4.264062881469727,6.778036117553711,10.324655532836914,0.22249451279640198,-5.199769020080566,7.6472649574279785,6.089560508728027,10.338591575622559,16.834083557128906,3.8675878047943115,1.5005805492401123,6.610343933105469,4.802060604095459,8.74315071105957,14.350728034973145,5.775541305541992,-7.202125549316406,5.9766364097595215,7.7558817863464355,11.140047073364258,14.951335906982422
76.5,0.0,0.0,0.0,0.0,0.0,0,6.546282768249512,5.665518760681152,12.683455467224121,14.76317024230957,4.249552249908447,-0.5261722207069397,-3.761981964111328,4.904567718505859,4.7358598709106445,3.7986004665063944,262.0379369487965,0.5802683142454824,0.3887587228075845,262.77862836096597,-41.22171561475068,41.22171561475068,0.26929971575737,0.04113780051263821,0.5939542055130005,0.38596421480178833,0.4352160493827161,0.5647839506172839,0.22713053226470947,0.03469610244614321,0.4869774281978607,0.309457927942276,-2.915553867816925,-0.8501758575439453,-1.4406847953796387,-0.01463749154400501,0.0028837180353331812,1.3683862686157227,-2.104620933532715,3.3249645233154297,3.0341241359710693,5.053187370300293,8.098077774047852,-0.29618677496910095,-2.4822442531585693,1.3993453979492188,2.8697476387023926,3.4258265495300293,7.3301239013671875,2.170776128768921,1.026544213294983,3.084723472595215,2.2147154808044434,4.052186489105225,6.173382759094238,0.08946152776479721,-1.9635695219039917,1.4917364120483398,3.3731367588043213,3.9271810054779053,6.7088518142700195,-0.3829461336135864,-5.811334133148193,3.0602686405181885,6.9228668212890625,7.79988431930542,12.994206428527832,-3.4040284156799316,-3.043740749359131,3.7030999660491943,3.5403501987457275,5.508800506591797,8.33635425567627,2.349703550338745,-9.141072273254395,2.794907569885254,9.147642135620117,9.9821195602417,15.525219917297363,-0.6418130993843079,-2.921579599380493,4.547251224517822,4.22553014755249,6.675982475280762,10.980356216430664,-5.988903045654297,-7.416220664978027,8.871949195861816,7.416220664978027,12.491379737854004,18.485532760620117
77.0,0.0,0.0,0.0,0.0,0.0,0,7.417605876922607,6.303641319274902,14.582477569580078,17.467817306518555,4.883355140686035,-1.5964884757995605,-2.176410436630249,6.228856563568115,5.7257184982299805,2.699173547964983,233.73838816991213,0.3638874311673199,0.2702006981727929,216.8191718613044,-45.95945649966157,45.95945649966157,0.2575039863586426,0.03471523776216555,0.5701740980148315,0.3720241189002991,0.42964506172839506,0.5703549382716049,0.22147007286548615,0.02985734840633249,0.48519349098205566,0.3367292284965515,-1.0703162550926208,1.585571527481079,0.8713231086730957,-0.11855802463479159,-0.006422562750472663,1.9845765829086304,4.357033729553223,3.885089635848999,4.3570876121521,6.04247522354126,9.004100799560547,-0.2105070948600769,-3.609692335128784,3.1632251739501953,3.746197462081909,5.028428077697754,15.511598587036133,1.0263336896896362,-1.6829296350479126,2.846254348754883,5.143121719360352,6.288439750671387,11.664691925048828,0.2422117441892624,3.303659439086914,3.657376527786255,3.6661767959594727,5.502054691314697,9.732802391052246,-3.489081382751465,-3.6481847763061523,6.754920959472656,4.208285331726074,8.276256561279297,14.655210494995117,3.3008718490600586,-3.390130043029785,4.119760036468506,4.012133598327637,5.989098072052002,12.45911693572998,-3.7380988597869873,-0.6735885739326477,3.9301164150238037,3.051438331604004,5.406388759613037,8.476712226867676,-10.013306617736816,-8.989999771118164,10.363654136657715,9.365153312683105,15.926749229431152,22.660539627075195,-3.4713969230651855,-5.2538628578186035,4.192225456237793,5.9583539962768555,8.298569679260254,11.88048267364502
77.5,0.0,0.0,0.0,0.0,0.0,0,7.622246742248535,7.554893493652344,13.268162727355957,14.510184288024902,4.082242012023926,0.19357089698314667,0.6720592379570007,4.908550262451172,7.083808898925781,0.6993806627883019,73.9321953116797,0.09175518537228397,0.13924128569491742,29.053445744835013,172.2342738835306,172.2342738835306,0.3030942380428314,0.03976441704496733,0.6509131193161011,0.43213748931884766,0.606929012345679,0.39307098765432097,0.24614834785461426,0.03229340690283066,0.5301989912986755,0.39864176511764526,1.7900593727827072,2.8484696745872498,0.20464086532592773,-0.1309594124778755,0.005049179282801783,-0.48927995562553406,-5.8912034034729,4.465677738189697,5.8912034034729,7.868141174316406,10.859331130981445,-3.279442071914673,-4.628826141357422,4.84586763381958,4.664510250091553,8.191081047058105,14.80742073059082,1.3099535703659058,-2.8321731090545654,2.860144853591919,5.142168998718262,6.664370536804199,12.943168640136719,1.2413312196731567,-1.8801907300949097,1.8389339447021484,4.131405353546143,4.9003496170043945,8.00263786315918,-4.202071189880371,-0.11628065258264542,6.056023597717285,5.691598892211914,9.508044242858887,14.365851402282715,2.780942440032959,0.21263733506202698,3.3025271892547607,5.019526958465576,6.5372114181518555,10.996289253234863,1.1629598140716553,6.978795528411865,2.7909159660339355,6.980066776275635,7.903921604156494,13.220590591430664,0.3289705514907837,9.426705360412598,2.2816591262817383,9.455047607421875,10.248703002929688,15.268671989440918,2.8887741565704346,4.779069900512695,3.704235553741455,4.809150695800781,6.778402805328369,10.374884605407715
78.0,0.0,0.0,0.0,0.0,0.0,0,6.345086574554443,5.960527420043945,10.675847053527832,12.90116024017334,3.458096981048584,0.2388581782579422,2.4268455505371094,5.660025596618652,3.7730679512023926,2.4385718270090937,84.37886385722037,0.38432443724069,0.36069332060793047,79.55448529568868,50.50103955085365,50.50103955085365,0.2667825222015381,0.04204552247181108,0.5840449929237366,0.3948141038417816,0.4954783950617284,0.5045216049382716,0.21994028985500336,0.034663081836257825,0.4533367156982422,0.36876431107521057,0.04528728127479553,1.7547863125801086,-1.2771601676940918,0.22145203491301305,0.0022811054268437464,-1.0385791063308716,2.1711008548736572,2.7102973461151123,3.680102586746216,4.923855304718018,7.786285400390625,-4.610473155975342,1.7755690813064575,4.667593002319336,4.023210048675537,6.746925354003906,16.832477569580078,6.757073402404785,3.397656202316284,6.767169952392578,3.718538761138916,8.161700248718262,11.824186325073242,0.2398136407136917,2.6373612880706787,1.7995930910110474,3.223498821258545,3.997859001159668,5.770294189453125,-5.32929801940918,4.239876747131348,5.944473743438721,4.646681785583496,8.19121265411377,15.181800842285156,5.472598075866699,3.1027867794036865,5.501358985900879,3.574155807495117,6.896811008453369,10.194775581359863,1.6847418546676636,2.8408381938934326,4.820236682891846,3.388047933578491,6.144213676452637,9.412330627441406,-1.2928184270858765,0.6470335721969604,5.182372093200684,4.374711990356445,7.353029727935791,10.652398109436035,0.2666645050048828,1.0293885469436646,1.8290345668792725,4.058234691619873,4.690176963806152,7.470987319946289
78.5,0.0,0.0,0.0,0.0,0.0,0,7.123902320861816,7.096444129943848,11.940363883972168,13.892465591430664,3.589951276779175,2.0909042358398438,1.5197529792785645,6.215224266052246,4.281026840209961,2.5848654977540075,36.0111563836959,0.36284403987185815,0.27341863190350457,34.433959550327806,-45.12052574536088,45.12052574536088,0.25451692938804626,0.035727173422288386,0.5306751728057861,0.37641167640686035,0.5598456790123457,0.44015432098765433,0.1789228916168213,0.025115850617014834,0.36815598607063293,0.31499582529067993,1.8520460575819016,-0.9070925712585449,0.778815746307373,-0.0872746887044259,-0.006318349049522692,-1.7291332483291626,-5.890966415405273,3.989877462387085,5.890966415405273,7.450758457183838,10.214872360229492,5.111367225646973,0.10508575290441513,5.111684799194336,1.4728295803070068,5.537829875946045,13.203375816345215,3.3677501678466797,4.793176174163818,3.5058462619781494,4.797519207000732,6.249633312225342,8.46004581451416,-3.287108898162842,-0.07548163831233978,4.427730560302734,2.2018139362335205,5.336061000823975,9.930313110351562,7.264808177947998,0.8500354886054993,8.271608352661133,2.19091534614563,8.787303924560547,14.652841567993164,5.279311656951904,3.2226459980010986,5.279311656951904,3.340472459793091,6.456455230712891,9.228646278381348,-4.628688335418701,5.042629241943359,4.832790851593018,5.150449275970459,7.441277980804443,10.13382339477539,3.6483371257781982,4.918519496917725,7.981081962585449,5.654726028442383,10.287506103515625,15.755334854125977,3.7914938926696777,0.7121339440345764,4.934413909912109,3.5152225494384766,6.568295001983643,9.671426773071289
79.0,0.0,0.0,0.0,0.0,0.0,0,6.521247386932373,6.4421586990356445,11.134188652038574,12.543022155761719,3.493685245513916,-0.2956220209598541,-0.8291069269180298,5.345159530639648,5.038547992706299,0.8802333074474333,250.3760653081501,0.13497928467048992,0.1348786626680445,262.8824581101193,-131.55150144020854,131.55150144020854,0.2728978991508484,0.041847493448907085,0.5936409831047058,0.37948930263519287,0.5490895061728395,0.4509104938271605,0.21470308303833008,0.03292361681370144,0.4735695719718933,0.3275093734264374,-2.386526256799698,-2.3488599061965942,-0.6026549339294434,-0.13853996923546008,0.006120320026618699,-3.386767625808716,-3.7464256286621094,4.861888885498047,4.113170623779297,6.716887474060059,10.331396102905273,0.4216653108596802,-1.981508493423462,2.486729383468628,2.572366714477539,3.852985382080078,10.456143379211426,-1.2321487665176392,-5.760073184967041,2.590716600418091,5.816291809082031,6.845747470855713,10.470786094665527,-2.487409830093384,1.297162652015686,4.082476615905762,3.09078311920166,5.703184604644775,10.253484725952148,3.553832769393921,-2.9084110260009766,5.474042892456055,3.9614360332489014,7.716396331787109,10.954269409179688,0.505827009677887,-1.3029168844223022,2.854356527328491,3.2407054901123047,4.6594672203063965,7.977850437164307,-1.4904717206954956,1.4829201698303223,4.109457969665527,2.4708709716796875,4.940103054046631,10.318192481994629,2.755974292755127,-0.8204887509346008,4.7548956871032715,4.937089920043945,7.708621025085449,10.715044021606445,-1.3010997772216797,6.277778625488281,6.896712779998779,7.007899284362793,10.547837257385254,14.70518970489502
79.5,0.0,0.0,0.0,0.0,0.0,0,8.82879638671875,8.222573280334473,15.816383361816406,17.416942596435547,4.5299553871154785,-2.7398769855499268,-0.8636869192123413,7.601978302001953,5.694311141967773,2.872782795542444,197.49632935264356,0.3253878184192809,0.2586731398051673,227.61444332973147,-35.2680147803878,35.2680147803878,0.2824389934539795,0.03199065298280096,0.6144271492958069,0.3851087689399719,0.43396604938271605,0.5660339506172839,0.21229735016822815,0.024046009990849857,0.45378944277763367,0.3269600570201874,-2.4442549645900726,-0.03457999229431152,2.307548999786377,0.12379447713712283,-0.009856840466106125,-0.08925733715295792,-2.391573190689087,2.8103790283203125,2.723350763320923,4.456362724304199,7.319828033447266,-5.098808765411377,-1.2638676166534424,7.074375152587891,2.145066976547241,7.7478928565979,15.728816986083984,-0.5682337284088135,7.2288923263549805,7.624925136566162,7.3236846923828125,11.65176010131836,15.538900375366211,-0.8162561058998108,-6.540724754333496,2.034827947616577,6.543981075286865,7.1432695388793945,10.857954025268555,-10.136419296264648,-2.461632490158081,12.046677589416504,2.9953601360321045,13.046015739440918,18.603023529052734,-0.4555596709251404,1.5227142572402954,6.382073402404785,3.2383131980895996,7.492600440979004,10.196554183959961,-1.4159046411514282,-7.026923179626465,1.482491135597229,7.353371620178223,7.7396626472473145,12.317302703857422,-7.792825698852539,3.8375537395477295,11.594735145568848,3.970858573913574,12.674302101135254,18.482866287231445,1.714370608329773,-0.6776207089424133,4.189834117889404,5.540975093841553,7.507299900054932,10.998950958251953
80.0,0.0,0.0,0.0,0.0,0.0,0,6.046453475952148,5.974895477294922,10.235466957092285,11.815276145935059,3.3799004554748535,-2.2594516277313232,0.6419873833656311,4.710799694061279,4.502712726593018,2.348886855184467,164.1383408927784,0.38847348524658626,0.3075930285663598,153.73365473747555,-73.88078859225593,73.88078859225593,0.2556022107601166,0.042273072885389805,0.5412148237228394,0.34675896167755127,0.5184722222222222,0.4815277777777778,0.20077313482761383,0.03320510153944352,0.4549654722213745,0.291578084230423,0.4804253578186035,1.5056743025779724,-2.7823429107666016,0.048919888761192465,0.010282419902588845,-3.056853771209717,3.12615966796875,3.2055435180664062,3.281815767288208,5.010647296905518,7.825993061065674,-1.7558345794677734,-4.110393524169922,2.126666307449341,4.288015842437744,5.271029949188232,10.896387100219727,0.5395926237106323,-1.9237948656082153,4.427865505218506,2.8142025470733643,5.7842302322387695,9.212461471557617,-3.9202189445495605,2.3429033756256104,4.807013511657715,3.333054304122925,6.349395751953125,10.219656944274902,-4.576568126678467,-2.4768197536468506,4.6998209953308105,5.546200275421143,8.053306579589844,11.354558944702148,2.2886171340942383,1.9699807167053223,3.0562429428100586,2.6837053298950195,4.556325912475586,8.065350532531738,-3.2554914951324463,0.9005722403526306,5.306077003479004,2.7248024940490723,6.317386150360107,11.399925231933594,-4.647133827209473,3.1454410552978516,5.723423480987549,3.978867769241333,8.1625394821167,14.047018051147461,-1.951174259185791,2.803837776184082,2.2030587196350098,3.947585105895996,4.913220405578613,8.350672721862793
80.5,0.0,0.0,0.0,0.0,0.0,0,7.424695014953613,6.789151668548584,14.393209457397461,16.36986541748047,4.476247787475586,1.6089541912078857,-1.813186526298523,7.450398921966553,3.711883068084717,2.4241243715114797,311.58465593371307,0.32649480775024464,0.26836166498101893,283.11689020311644,129.3832354656409,129.3832354656409,0.27955976128578186,0.037652687830281285,0.5973110198974609,0.39355337619781494,0.5821141975308642,0.4178858024691358,0.21128396689891815,0.028456918165186078,0.4420267641544342,0.3850958049297333,3.868405818939209,-2.455173909664154,1.3782415390014648,-0.03923136358534085,-0.00462038505510852,-4.095663070678711,-4.382389545440674,5.110966682434082,4.454777717590332,7.196101665496826,10.349040031433105,2.897550344467163,-2.7663609981536865,6.386378765106201,3.5245885848999023,7.730687618255615,18.332069396972656,1.5797770023345947,-5.371003150939941,6.675918102264404,5.446642875671387,9.256535530090332,14.104424476623535,0.529360830783844,-2.645798921585083,4.927953243255615,2.8265221118927,6.277329444885254,11.169902801513672,5.854743480682373,-1.8046679496765137,10.112692832946777,3.1892635822296143,11.176538467407227,17.32204818725586,2.4397244453430176,-2.497563362121582,3.901029348373413,3.402920722961426,5.521291255950928,10.059797286987305,-1.4784868955612183,2.0692594051361084,5.41527795791626,2.6485486030578613,6.2709059715271,9.881507873535156,5.6966352462768555,0.42154747247695923,6.743101119995117,3.5480153560638428,8.202595710754395,15.621182441711426,1.0569463968276978,0.6582987904548645,4.725609302520752,1.6225484609603882,5.190277099609375,8.980765342712402
81.0,0.0,0.0,0.0,0.0,0.0,0,6.307615280151367,5.82066535949707,10.517610549926758,12.071871757507324,3.2353882789611816,-0.6973051428794861,-1.4948012828826904,4.8810014724731445,4.8691792488098145,1.6494439480000276,244.9915673477377,0.2615004046284264,0.19524200150102805,236.83352138266534,-46.2833688204511,46.2833688204511,0.25655636191368103,0.04067405982209246,0.5625771284103394,0.35020437836647034,0.47695987654320987,0.5230401234567901,0.21814823150634766,0.034584892583401194,0.4854735732078552,0.29504841566085815,-2.306259334087372,0.3183852434158325,-1.117079734802246,-0.07311966347999088,0.0030213719918111767,-1.0430104732513428,3.34930157661438,3.5595719814300537,3.67678165435791,5.53934907913208,8.754104614257812,1.6875476837158203,-0.5693690180778503,2.998290777206421,1.7774229049682617,3.669297456741333,5.910093307495117,2.565443754196167,-5.577552318572998,7.389904022216797,5.843199729919434,10.786590576171875,15.363964080810547,-1.0826678276062012,-0.35282573103904724,2.9940075874328613,4.854390621185303,6.178134918212891,8.848237991333008,0.5768130421638489,-1.629817247390747,2.523888349533081,2.2849831581115723,3.8787081241607666,6.516610145568848,-0.6636204719543457,-3.407212734222412,5.042989253997803,3.888200521469116,7.283265113830566,9.75217342376709,-0.655419647693634,-3.3188016414642334,1.8689841032028198,4.551580905914307,5.274347305297852,9.436062812805176,-2.5879580974578857,-3.5295486450195312,3.4553301334381104,4.229016304016113,6.4298481941223145,11.296195983886719,-5.072875022888184,1.5826137065887451,5.271088123321533,4.526434421539307,7.728994369506836,11.012815475463867
81.5,0.0,0.0,0.0,0.0,0.0,0,6.270164966583252,5.662786483764648,11.216859817504883,12.73692512512207,3.616490125656128,1.4491702318191528,-0.6381629705429077,4.610605716705322,5.3506011962890625,1.5834602419268142,336.2330160484588,0.25253884871703397,0.24857092493098734,334.0098171575431,97.17629577487776,97.17629577487776,0.24620337784290314,0.039265847053337986,0.5293452143669128,0.34676113724708557,0.5201388888888889,0.4798611111111111,0.2084546536207199,0.03324547623327287,0.460539311170578,0.3075163662433624,2.146475374698639,0.8566383123397827,-0.037450313568115234,0.05332892342995929,-0.0014082127687544757,2.050386667251587,1.6057766675949097,2.435185432434082,3.4272172451019287,4.622400283813477,7.82257604598999,1.67559814453125,-2.6521542072296143,1.8777878284454346,2.940281629562378,4.152036190032959,8.605490684509277,4.673333644866943,0.8106363415718079,4.883073329925537,6.111342906951904,8.025182723999023,11.813983917236328,0.8627583980560303,0.42462486028671265,4.0096116065979,2.9845380783081055,5.567939281463623,8.302238464355469,3.5024025440216064,-4.760898590087891,4.150351524353027,4.871768474578857,6.837603569030762,11.448522567749023,2.9107089042663574,4.139829158782959,3.822316884994507,4.732952117919922,6.398309230804443,10.414138793945312,-5.846943378448486,-4.070407390594482,5.983982563018799,4.234536647796631,7.562619209289551,16.576196670532227,2.9063892364501953,-4.945441246032715,4.1308183670043945,5.22974157333374,7.189699649810791,13.232950210571289,0.3078988194465637,3.7045669555664062,2.3536572456359863,5.325772762298584,6.075695037841797,9.87918472290039
82.0,0.0,0.0,0.0,0.0,0.0,0,7.179183006286621,6.748880386352539,13.467721939086914,14.671332359313965,4.444104194641113,-2.947883367538452,0.8891260623931885,5.678569316864014,5.437281608581543,3.0790520462370656,163.21589724678353,0.42888613419393556,0.29283978395459115,160.50575231808028,-173.50406483946284,173.50406483946284,0.27254652976989746,0.037963441183738386,0.5825391411781311,0.38105493783950806,0.5560493827160494,0.44395061728395063,0.2173108607530594,0.03026957667650892,0.4729151427745819,0.3386650085449219,-4.397053599357605,1.5272890329360962,0.9090180397033691,0.04426885902360381,-0.0013024058695996002,0.7828418016433716,-1.5969303846359253,1.6331263780593872,2.4999818801879883,3.258786916732788,6.202929496765137,-5.041224002838135,-5.227334499359131,6.057071208953857,5.24613618850708,9.65185546875,14.168526649475098,-1.923965334892273,1.4771337509155273,4.337652683258057,3.86342716217041,6.042123317718506,9.320642471313477,-0.2780642807483673,2.0842089653015137,2.2986576557159424,2.5550951957702637,3.7331910133361816,7.569808483123779,-7.7301764488220215,-3.365760564804077,8.690072059631348,3.549997568130493,10.046147346496582,15.212945938110352,-0.4233977198600769,0.9022436141967773,3.064521551132202,3.2068233489990234,4.6959147453308105,7.691149711608887,-1.9251277446746826,8.611204147338867,3.3755593299865723,8.72382926940918,9.82003116607666,13.995619773864746,-10.301629066467285,3.179205894470215,10.37584400177002,3.495206117630005,11.219343185424805,18.874855041503906,0.30979371070861816,1.9381624460220337,4.035500526428223,4.194980144500732,6.145256996154785,10.540329933166504
82.5,0.0,0.0,0.0,0.0,0.0,0,6.803378582000732,6.410234451293945,12.473438262939453,13.857403755187988,3.737462282180786,-2.5452349185943604,0.43552929162979126,5.5520405769348145,4.770903587341309,2.582228989593988,170.28984473840242,0.3795509772784992,0.330246150224543,157.6573305786764,-2.848421739403875,2.848421739403875,0.2586372494697571,0.038015995778629956,0.5571007132530212,0.37041935324668884,0.5186728395061728,0.4813271604938272,0.20976734161376953,0.03083281464534738,0.4645637273788452,0.3076147735118866,0.4026484489440918,-0.4535967707633972,-0.37580442428588867,0.03740636626995186,5.255459489156983e-05,-9.47412109375,1.7734887599945068,9.47412109375,3.836235284805298,10.770329475402832,15.345141410827637,-2.7545695304870605,-5.508162498474121,5.311343193054199,5.561877727508545,8.274545669555664,13.910014152526855,-1.153771996498108,3.482896089553833,2.5594005584716797,3.8340094089508057,4.902504920959473,8.082687377929688,-5.225508689880371,0.6913492679595947,5.267254829406738,3.1588492393493652,6.666369438171387,10.84591293334961,-3.1394340991973877,-5.954440116882324,6.605145454406738,5.954440116882324,9.552855491638184,13.978550910949707,0.024939201772212982,3.0003135204315186,2.1101481914520264,3.3267905712127686,4.285608291625977,6.69714879989624,-2.025996685028076,0.596756100654602,2.4783875942230225,2.0464415550231934,3.4672276973724365,6.349562168121338,-1.6696643829345703,1.9581775665283203,4.756785869598389,3.334916353225708,6.907299041748047,10.663995742797852,2.511014461517334,3.879384994506836,3.9694509506225586,4.105374813079834,6.403663158416748,11.08389663696289
83.0,0.0,0.0,0.0,0.0,0.0,0,6.2137651443481445,5.926570892333984,9.881965637207031,11.67331314086914,2.916368246078491,-1.7194936275482178,1.289514183998108,5.0597429275512695,4.110422611236572,2.1493034141114733,143.13236372059814,0.3458938927014993,0.2492800990191697,146.28023441801096,-11.377096160665445,11.377096160665445,0.23787392675876617,0.038281763624968275,0.5154117941856384,0.3218955993652344,0.5338425925925926,0.4661574074074074,0.20468981564044952,0.03294134521406623,0.44592225551605225,0.2803068161010742,0.8257412910461426,0.8539848923683167,-0.5896134376525879,-0.08096605120537331,0.00026576784633831896,-0.9058364629745483,3.464547634124756,3.739086866378784,3.9119222164154053,5.970772743225098,8.765957832336426,-6.549414157867432,2.6004650592803955,6.914299964904785,2.981640100479126,8.024109840393066,11.769454002380371,1.7478482723236084,-2.228472948074341,3.6774165630340576,3.1481781005859375,5.330209255218506,8.697813987731934,0.2404095083475113,2.2912609577178955,2.745673179626465,3.1950011253356934,4.538222312927246,7.616858005523682,-1.4749226570129395,1.8167216777801514,4.030877590179443,2.5559449195861816,5.2291178703308105,9.380167007446289,-2.8268425464630127,-2.725647211074829,3.467758893966675,3.5813777446746826,5.723657131195068,7.933550834655762,-0.11243966221809387,0.43655338883399963,4.369318962097168,2.87349009513855,5.5223188400268555,8.596549034118652,-1.3215187788009644,5.1814398765563965,6.838045120239258,6.841214179992676,10.176952362060547,14.09003734588623,-4.272725582122803,0.7687592506408691,4.275147438049316,2.7515602111816406,5.408525466918945,8.461996078491211
83.5,0.0,0.0,0.0,0.0,0.0,0,6.2436699867248535,5.373141765594482,11.71347427368164,13.291877746582031,3.6536457538604736,-1.8194941282272339,1.1237443685531616,4.703738212585449,5.063005447387695,2.138541626554958,148.29995688521234,0.34251355870856015,0.2538995121694182,145.04125760878978,-1.2389768092211852,1.2389768092211852,0.24149341881275177,0.03867811409765335,0.5199164748191833,0.32612431049346924,0.5193981481481481,0.48060185185185184,0.2194555401802063,0.03514847925952657,0.4734813868999481,0.303417831659317,-0.10000050067901611,-0.1657698154449463,0.029904842376708984,0.004619413150248497,0.0003963504726850753,-3.9838736057281494,8.63010025024414,3.991292953491211,8.87629222869873,10.353044509887695,14.412991523742676,-6.009945869445801,-1.0455490350723267,6.098865985870361,4.320635795593262,8.10303783416748,13.10270881652832,2.551112651824951,-2.2505269050598145,3.021554470062256,4.533027172088623,5.7325358390808105,11.309873580932617,-5.268261909484863,3.6535725593566895,5.376455783843994,3.7563374042510986,7.180117130279541,9.807181358337402,-5.0918450355529785,1.5539828538894653,5.551050662994385,3.1583197116851807,6.819004058837891,11.486639976501465,1.2272109985351562,-0.9363227486610413,1.6609293222427368,2.392958164215088,3.2520081996917725,6.341444492340088,0.5670533180236816,0.6759322881698608,3.5935301780700684,2.2446303367614746,4.640013217926025,8.195589065551758,-0.8417404294013977,1.7464616298675537,4.329596996307373,3.130798816680908,5.723090171813965,10.6240234375,0.4748426675796509,-1.9139512777328491,1.725913643836975,3.8559956550598145,4.390176773071289,7.716897010803223
84.0,0.0,0.0,0.0,0.0,0.0,0,6.2580976486206055,6.08095645904541,10.947722434997559,12.086821556091309,3.4928030967712402,-1.072933316230774,-1.5792337656021118,5.163644313812256,4.588580131530762,1.9092315698981597,235.80776493350112,0.3050817799749398,0.16085129556661776,245.1074150586503,100.0661574498605,100.0661574498605,0.2496655434370041,0.03989479192566495,0.5540921092033386,0.34442615509033203,0.5511728395061728,0.44882716049382715,0.1969694048166275,0.03147432085623051,0.4268364906311035,0.27007347345352173,0.74656081199646,-2.7029781341552734,0.014427661895751953,-0.09304821660280044,0.001216677828011603,-4.413984298706055,-5.154127597808838,4.676453113555908,5.221338748931885,7.721090316772461,11.906583786010742,-0.5771765112876892,-4.844964504241943,3.831195831298828,5.247954845428467,7.239034175872803,11.102745056152344,1.629834532737732,3.7397987842559814,2.278111219406128,3.8356151580810547,5.164041996002197,8.769920349121094,-2.901841878890991,-6.043227195739746,3.9475865364074707,6.1124587059021,7.584436416625977,10.239492416381836,-2.595853328704834,-3.22346568107605,4.585538387298584,4.249934196472168,6.933660984039307,12.025350570678711,1.701935052871704,0.9085766077041626,1.9869471788406372,2.016808032989502,3.1848440170288086,5.475788116455078,0.7845441102981567,-2.311805486679077,3.7127106189727783,2.5999560356140137,4.977861404418945,9.697549819946289,-4.010866165161133,-0.08137428015470505,8.089208602905273,2.439082622528076,8.805719375610352,15.297802925109863,0.7270088791847229,2.797485828399658,2.390317916870117,3.656067132949829,4.712188720703125,7.643286228179932
84.5,0.0,0.0,0.0,0.0,0.0,0,6.208286285400391,5.748197555541992,10.351161003112793,11.772110939025879,3.200653076171875,0.4372931718826294,-1.4788053035736084,4.5443596839904785,5.075203895568848,1.5421058472272917,286.47332046703104,0.24839477052689377,0.24688480523699702,290.70764211396397,45.60022705531367,45.60022705531367,0.2668593227863312,0.042984370812524444,0.5570009350776672,0.4430229365825653,0.5086882716049382,0.4913117283950617,0.1830197125673294,0.029479903901632337,0.39555707573890686,0.28578001260757446,1.5102264881134033,0.10042846202850342,-0.049811363220214844,0.08603350967037926,0.003089578886859491,4.105753421783447,-1.817712426185608,4.453376770019531,2.6382205486297607,5.623056411743164,8.835783958435059,0.932510256767273,-5.1370086669921875,4.88154411315918,5.2676801681518555,7.757431983947754,17.768096923828125,-0.05465321987867355,-3.2494351863861084,2.912921667098999,3.5874409675598145,5.010659694671631,7.411866188049316,-0.182107076048851,0.28630587458610535,3.0574352741241455,5.607329845428467,6.754563808441162,10.581088066101074,0.322582870721817,-0.9600083231925964,1.6763112545013428,3.582731008529663,4.103438377380371,6.909037113189697,-1.3217430114746094,-0.6621495485305786,4.034751892089844,4.377960681915283,6.26244592666626,9.62946605682373,-3.123566150665283,2.798346996307373,4.107598304748535,5.545193195343018,7.742059230804443,12.637640953063965,3.4135658740997314,-2.493419885635376,4.128015995025635,3.50879168510437,5.935294151306152,10.041389465332031,-0.15670457482337952,-2.074167490005493,3.7825825214385986,4.926553726196289,6.685622215270996,9.823389053344727
85.0,0.0,0.0,0.0,0.0,0.0,0,9.078925132751465,8.293624877929688,16.832712173461914,17.828598022460938,5.3818039894104,4.852231025695801,-1.0817358493804932,7.852430820465088,5.0015740394592285,4.971347742268676,347.43223894430207,0.5475700779087773,0.3299406973637028,341.12164238929125,50.41400027532728,50.41400027532728,0.2822462022304535,0.031088060207062816,0.626531720161438,0.4245832860469818,0.607175925925926,0.39282407407407405,0.21338650584220886,0.023503496197907696,0.45680850744247437,0.4195810556411743,4.414937853813171,0.39706945419311523,2.870638847351074,0.08305589212670578,-0.011896310605461629,11.727933883666992,-7.845585346221924,11.727933883666992,7.845585346221924,14.242523193359375,17.265357971191406,0.8675736784934998,-0.6900230646133423,2.7924320697784424,2.117971181869507,3.686415433883667,7.875010013580322,2.5062618255615234,-4.294346332550049,6.571734428405762,4.373985290527344,8.513853073120117,12.986981391906738,6.120370864868164,-3.605015277862549,8.670676231384277,3.959459066390991,9.926179885864258,16.35289192199707,7.292780876159668,-0.7015522122383118,8.669769287109375,2.2482516765594482,9.626510620117188,18.71976089477539,2.6623857021331787,1.2904863357543945,6.724817276000977,2.515636682510376,7.480794429779053,15.286189079284668,-0.18166401982307434,-1.9149622917175293,7.464267730712891,2.481860399246216,8.262535095214844,13.650823593139648,7.127655029296875,0.11705169826745987,8.065437316894531,2.452784776687622,9.392202377319336,17.842857360839844,5.54678201675415,7.908324718475342,6.1006598472595215,7.923150062561035,10.57932186126709,15.482394218444824
85.5,0.0,0.0,0.0,0.0,0.0,0,6.134393215179443,5.627525806427002,11.62009048461914,14.255695343017578,4.0680341720581055,1.7840189933776855,-0.9955549240112305,4.672603607177734,5.3077874183654785,2.0430010708404773,330.83671150946134,0.33304044901867536,0.3016366456010947,342.17651336891487,1.0548709796236153,1.0548709796236153,0.24488592147827148,0.039920147432374965,0.5219783186912537,0.407601922750473,0.5537808641975308,0.44621913580246914,0.22807154059410095,0.037179146398798796,0.4987669289112091,0.4491979479789734,-3.0682120323181152,0.0861809253692627,-2.9445319175720215,-0.028304051762608085,0.00883208722531215,0.160605326294899,-3.837850570678711,2.184640884399414,6.1498703956604,7.218127250671387,14.520463943481445,3.0107343196868896,-4.221564769744873,3.0134682655334473,4.460882186889648,5.7253618240356445,17.883485794067383,-4.392120838165283,2.2338907718658447,5.005167007446289,4.584799766540527,7.036009311676025,14.467689514160156,2.413119077682495,-1.3786412477493286,2.769993543624878,4.701601505279541,6.051478862762451,9.672507286071777,5.939709186553955,-3.1395719051361084,5.939709186553955,4.15268087387085,7.877233028411865,10.328282356262207,0.1959318071603775,0.6531202793121338,3.3003218173980713,2.7348413467407227,4.586215496063232,9.349940299987793,-1.0575140714645386,-1.605139136314392,1.9008712768554688,2.511469841003418,3.3940272331237793,5.803633689880371,5.33298921585083,-1.957419753074646,5.467591285705566,3.140852212905884,6.805997371673584,9.899099349975586,4.4527153968811035,4.293181419372559,4.4780192375183105,4.32042121887207,6.515092372894287,10.277015686035156
86.0,0.0,0.0,0.0,0.0,0.0,0,6.497384071350098,6.561635494232178,11.339839935302734,12.147939682006836,3.7532403469085693,0.6689245700836182,-2.2848024368286133,5.211250305175781,4.845399856567383,2.3807104519028606,286.31851597951095,0.3664106086017739,0.3040861906881389,283.7644263787743,-58.41208699014055,58.41208699014055,0.21269305050373077,0.03273517702399853,0.4699881374835968,0.3079516887664795,0.549212962962963,0.45078703703703704,0.19981366395950317,0.03075293549101342,0.44936245679855347,0.32119378447532654,-1.1150944232940674,-1.2892475128173828,0.3629908561706543,0.0024495450870442026,-0.007184970408376436,-3.422687292098999,-2.379354953765869,5.284029006958008,4.210953712463379,7.859550952911377,10.278068542480469,1.4028681516647339,-2.073780059814453,1.4035989046096802,2.130748748779297,2.7409162521362305,10.088020324707031,-3.2767674922943115,-0.47908860445022583,4.02497673034668,1.927916169166565,4.746723651885986,8.879949569702148,-1.377368688583374,-2.2725260257720947,3.596238851547241,5.53386926651001,7.221144199371338,10.60766887664795,7.607034683227539,-6.156315326690674,7.7955803871154785,6.156315326690674,10.272723197937012,13.0861177444458,-0.08437933772802353,-2.361692190170288,2.740767240524292,2.6998345851898193,4.135125160217285,6.626406192779541,-0.3874676823616028,2.7210426330566406,1.70554780960083,7.128102779388428,7.581127166748047,11.344669342041016,4.9335503578186035,-5.178216457366943,7.64592981338501,5.178216457366943,9.578880310058594,13.036577224731445,0.6255388855934143,-2.3832924365997314,2.0446856021881104,3.580704927444458,4.340267658233643,9.42551326751709
86.5,0.0,0.0,0.0,0.0,0.0,0,6.955327033996582,6.8469438552856445,11.846782684326172,13.481947898864746,3.899473190307617,1.109702706336975,-2.5407073497772217,5.698967933654785,4.839173316955566,2.7724779410598743,293.5942232889293,0.3986121612267005,0.47405591163952854,298.34941208179066,14.584985703016343,14.584985703016343,0.22447624802589417,0.032273998714178326,0.48751720786094666,0.32407984137535095,0.5071141975308642,0.4928858024691358,0.17881205677986145,0.025708644639886917,0.42469412088394165,0.2815275192260742,0.44077813625335693,-0.2559049129486084,0.4579429626464844,0.16996972095138962,-0.0004611783098202038,3.024665355682373,0.5533972382545471,5.18774938583374,4.032785892486572,6.841311931610107,9.308133125305176,-1.4181108474731445,-3.4733023643493652,2.00992488861084,3.4734749794006348,4.062437057495117,13.022924423217773,1.4823858737945557,-2.4549245834350586,1.7727956771850586,2.6112873554229736,3.3463776111602783,5.69776725769043,4.1294331550598145,-1.3368077278137207,7.033624172210693,5.439647197723389,9.388060569763184,13.476806640625,0.05361384153366089,-7.2771501541137695,4.455817222595215,7.279426097869873,8.84782886505127,15.268446922302246,0.6068995594978333,-3.251161575317383,3.7374491691589355,3.2886648178100586,5.3433451652526855,8.214494705200195,4.557629585266113,1.2683569192886353,5.1064453125,6.016796112060547,8.63461685180664,11.925488471984863,1.3592172861099243,-4.570461273193359,4.132899284362793,4.570461273193359,6.494870662689209,10.796676635742188,-3.8084094524383545,-2.324313163757324,8.793336868286133,2.582197427749634,9.63909912109375,12.963614463806152
87.0,0.0,0.0,0.0,0.0,0.0,0,8.099167823791504,7.263538360595703,15.888400077819824,17.903242111206055,5.594545364379883,-3.4491093158721924,-3.2770919799804688,7.767984390258789,3.7307074069976807,4.757697648872683,223.53502459314194,0.5874304314199824,0.47857036409768405,233.4787740018117,-64.87063807997896,64.87063807997896,0.23870909214019775,0.02947328267056047,0.5187223553657532,0.33711469173431396,0.5416666666666666,0.4583333333333333,0.1981894075870514,0.024470339105028313,0.45924684405326843,0.29965928196907043,-4.5588120222091675,-0.7363846302032471,1.1438407897949219,0.004514452458155516,-0.002800716043617854,5.926795482635498,-9.507853507995605,5.97732400894165,9.507853507995605,11.761282920837402,13.917024612426758,-3.511726140975952,-2.4458770751953125,3.5635032653808594,2.4480977058410645,4.507544040679932,13.466326713562012,-3.543158531188965,-2.0117075443267822,4.091608047485352,2.4937820434570312,5.330562114715576,9.284930229187012,3.680415630340576,-4.903820991516113,5.227967739105225,4.97099494934082,8.22127628326416,11.305492401123047,-12.30615520477295,-5.0943098068237305,12.30615520477295,5.169596195220947,13.536643028259277,17.862741470336914,-1.9966566562652588,-1.340193510055542,3.005643129348755,1.9706040620803833,4.020638942718506,7.723843097686768,-0.28586652874946594,1.1038603782653809,3.121687650680542,2.050462007522583,4.123849391937256,7.826249122619629,-16.535860061645508,-3.001359701156616,16.535860061645508,3.1869313716888428,16.955326080322266,22.635961532592773,-2.469771146774292,-2.2925655841827393,3.248844623565674,2.6096413135528564,4.43538236618042,7.5779876708984375
87.5,0.0,0.0,0.0,0.0,0.0,0,5.949712753295898,5.403413772583008,10.175494194030762,13.445795059204102,3.39103364944458,-1.0209120512008667,-1.1949567794799805,4.541910648345947,4.878427028656006,1.5716816220571925,229.49105881505795,0.26416092460708207,0.1730098491577135,233.98100239641352,0.5022283946018149,0.5022283946018149,0.2624072730541229,0.04410418449270102,0.571274995803833,0.3538530468940735,0.4635030864197531,0.5364969135802469,0.21258391439914703,0.03573010790332295,0.44633907079696655,0.2955225706100464,2.4281972646713257,2.0821352005004883,-2.1494550704956055,-0.30556051493997055,0.014630901822140545,-2.6417932510375977,-2.1233749389648438,2.822861433029175,3.243054151535034,4.87401819229126,6.684284687042236,-1.1541647911071777,1.588687777519226,3.9370763301849365,2.7069904804229736,5.268296241760254,9.703904151916504,-1.1153144836425781,2.1774649620056152,2.6928741931915283,4.132021903991699,5.553488731384277,8.854168891906738,1.7569303512573242,1.2289537191390991,2.6397788524627686,3.1932408809661865,4.6822829246521,7.685967922210693,-1.6727259159088135,-0.9022806882858276,4.038809776306152,2.822458028793335,5.375855922698975,9.387341499328613,-1.6886781454086304,-1.5297908782958984,3.9600281715393066,5.024714469909668,6.8791375160217285,12.392890930175781,3.9568722248077393,-0.8330642580986023,4.192511081695557,3.0325140953063965,5.725647926330566,8.540326118469238,-3.6788368225097656,-4.361824989318848,4.452575206756592,4.446447372436523,6.736871242523193,12.211159706115723,-2.950498104095459,-5.999382495880127,3.9204061031341553,6.832151889801025,8.451812744140625,16.25757598876953
88.0,0.0,0.0,0.0,0.0,0.0,0,9.188884735107422,9.111845970153809,15.684455871582031,16.7760009765625,4.846163272857666,-4.9286932945251465,0.2651647627353668,7.845447540283203,4.691217422485352,4.935821101184041,176.92044363017922,0.5371512695470044,0.4099350671036801,170.72886405958144,-63.252138336832076,63.252138336832076,0.25630617141723633,0.02789306329471296,0.5382235050201416,0.3539089858531952,0.5573765432098765,0.44262345679012344,0.19701720774173737,0.021440815940174947,0.43385306000709534,0.29911932349205017,-3.90778124332428,1.4601215422153473,3.2391719818115234,0.2369252179459666,-0.016211121197988055,-8.39242172241211,3.1271767616271973,8.445073127746582,4.0341644287109375,9.664643287658691,15.818801879882812,-6.320722579956055,-2.600534200668335,8.939838409423828,3.6181282997131348,9.928300857543945,16.05184555053711,5.929271221160889,-4.254786491394043,6.184866428375244,6.248167514801025,9.170047760009766,16.008256912231445,-9.479515075683594,4.722041606903076,9.479515075683594,5.140748023986816,11.29057502746582,14.416216850280762,-9.274066925048828,-3.3918285369873047,10.834763526916504,3.4012374877929688,11.915135383605957,17.303924560546875,2.5799777507781982,-0.2148524820804596,4.728256702423096,2.3903260231018066,5.581323146820068,9.358207702636719,-7.921973705291748,2.830395460128784,7.921973705291748,3.448944330215454,9.103227615356445,13.146278381347656,-10.016063690185547,1.5452910661697388,10.603422164916992,2.1285946369171143,11.08548355102539,18.870771408081055,-1.4627236127853394,0.6235799193382263,4.160440444946289,2.1016478538513184,4.961223602294922,7.888061046600342
88.5,0.0,0.0,0.0,0.0,0.0,0,6.833052158355713,6.4204182624816895,11.864350318908691,14.139862060546875,3.7531328201293945,-1.5193754434585571,0.7566441297531128,5.919938087463379,4.7801594734191895,1.6973544347821796,153.52684166912428,0.24840355311887835,0.08680733678157898,175.69454187976197,4.965677820180531,4.965677820180531,0.2513822019100189,0.03678914770370539,0.5127493143081665,0.369503378868103,0.5717746913580247,0.42822530864197533,0.17453305423259735,0.025542469842953264,0.39854028820991516,0.2734665274620056,3.4093178510665894,0.49147936701774597,-2.355832576751709,-0.3231277303221011,0.008896084408992425,-2.704521417617798,2.4429118633270264,3.187713146209717,3.515655994415283,5.160073280334473,8.886287689208984,0.4458881616592407,-3.404456853866577,2.5970752239227295,4.610218048095703,5.606008529663086,9.222297668457031,2.051712989807129,-1.1923795938491821,4.110258102416992,2.412086248397827,4.989908695220947,7.969142436981201,-7.883040904998779,3.0417704582214355,7.914183139801025,3.33613657951355,9.280136108398438,14.187767028808594,0.7088329195976257,0.10097337514162064,3.461981773376465,2.6375973224639893,4.910366535186768,6.8047027587890625,0.920661211013794,-2.9344427585601807,3.8844504356384277,3.0170860290527344,5.478665828704834,7.5158514976501465,-9.636414527893066,7.951651573181152,9.636414527893066,7.951651573181152,13.482881546020508,18.128076553344727,2.185300588607788,4.341775894165039,5.082012176513672,4.34251594543457,7.016811370849609,9.804697036743164,0.2372027039527893,-3.5380053520202637,3.2675514221191406,3.656765937805176,5.572622776031494,8.843921661376953
89.0,0.0,0.0,0.0,0.0,0.0,0,6.652405261993408,6.111037254333496,11.867193222045898,13.437518119812012,3.6475915908813477,-2.092839479446411,2.249330520629883,5.4211812019348145,4.327903747558594,3.0723712141872808,132.9359635371134,0.4618436630342388,0.2762023960848448,124.60119415958178,-51.09334772018019,51.09334772018019,0.27838078141212463,0.04184662969286353,0.6049498915672302,0.3860597014427185,0.5401543209876544,0.4598456790123457,0.21966758370399475,0.03302077098913843,0.46433746814727783,0.32487159967422485,-0.573464035987854,1.49268639087677,-0.1806468963623047,0.18939505930326583,0.00505748198915814,-1.9575591087341309,-0.30377838015556335,6.068122863769531,3.194624185562134,7.222506523132324,14.00307559967041,-5.070836544036865,4.481714725494385,5.209441661834717,5.23222541809082,7.858489513397217,11.754056930541992,-2.0623443126678467,1.5083194971084595,4.024416446685791,4.1601972579956055,6.042502403259277,10.09232234954834,-1.371079921722412,-1.392695665359497,5.189723491668701,2.6827080249786377,6.404274940490723,10.221663475036621,-2.477050304412842,6.157888412475586,3.1608805656433105,7.032932758331299,7.90702486038208,13.603164672851562,-0.5998002886772156,2.1614036560058594,3.308276414871216,2.696824789047241,4.960227012634277,7.779907703399658,-2.2103259563446045,4.5631022453308105,5.309657096862793,4.699149131774902,7.492458343505859,14.164798736572266,-4.667480945587158,2.410238265991211,6.674526691436768,2.801039218902588,7.566670894622803,12.206483840942383,1.5809217691421509,0.6577833294868469,3.6934967041015625,1.939949870109558,4.417492866516113,9.050210952758789
89.5,0.0,0.0,0.0,0.0,0.0,0,6.570063591003418,6.662821292877197,10.623881340026855,12.058106422424316,3.2119202613830566,-2.3746373653411865,2.362041711807251,5.107144355773926,4.022573947906494,3.349349737664292,135.1523590842682,0.509789546367657,0.45134404016581464,132.86916793414778,8.267973774566002,8.267973774566002,0.23850826919078827,0.03630227159674878,0.5253158807754517,0.3365335464477539,0.45458333333333334,0.5454166666666667,0.2192109078168869,0.03336510696060109,0.47625070810317993,0.32225510478019714,-0.2817978858947754,0.11271119117736816,-0.08234167098999023,0.17514164408096983,-0.005544358096114747,4.95451545715332,4.742861747741699,5.154456615447998,4.8345746994018555,7.3212056159973145,10.79148006439209,-1.9867405891418457,4.125036239624023,2.43949818611145,4.176448345184326,5.0286760330200195,11.447535514831543,-6.335129737854004,2.0317487716674805,6.335129737854004,3.293978452682495,7.646481513977051,10.012829780578613,-1.0984724760055542,1.8935675621032715,4.870761871337891,2.52734637260437,6.025077819824219,11.456891059875488,-2.186173915863037,4.13746976852417,3.300645589828491,6.011800289154053,7.1811604499816895,12.043140411376953,-5.196613311767578,1.6226509809494019,5.196613311767578,3.7806711196899414,6.927159786224365,8.804466247558594,-5.633236885070801,0.131116583943367,5.693978786468506,1.123827338218689,6.05499792098999,14.003686904907227,0.6234893202781677,-0.26443716883659363,4.449341297149658,2.9933083057403564,5.697024345397949,8.362932205200195,-4.51337194442749,2.8383593559265137,4.634777545928955,4.409701824188232,7.2487897872924805,10.663256645202637
90.0,0.0,0.0,0.0,0.0,0.0,0,5.831562042236328,5.682178497314453,9.876641273498535,10.890717506408691,2.851011276245117,0.1515216827392578,0.9071367979049683,4.178832054138184,4.881279468536377,0.9197042951152373,80.51726295521962,0.15771148252459347,0.25225179805156067,75.94487446131122,-56.92429347283657,56.92429347283657,0.22993671894073486,0.039429689308915904,0.4958133399486542,0.33639365434646606,0.5141358024691358,0.4858641975308642,0.19155631959438324,0.03284819493624541,0.42234256863594055,0.2739315330982208,2.5261590480804443,-1.4549049139022827,-0.7385015487670898,-0.19909224211425397,0.0031274177121671243,1.9096996784210205,-0.8274649977684021,2.127511501312256,4.930259704589844,5.739642143249512,8.191522598266602,-0.4290967881679535,2.2181448936462402,1.9493025541305542,2.2207510471343994,3.1556689739227295,7.347102642059326,4.167454719543457,3.580946683883667,4.672913074493408,3.61991286277771,6.241589546203613,10.281453132629395,0.8322422504425049,-4.625826835632324,2.729708194732666,6.048123836517334,7.152722358703613,11.758591651916504,-2.0428740978240967,4.160876274108887,2.853775978088379,4.1614089012146,5.350917339324951,7.563701629638672,3.5017881393432617,2.7870397567749023,3.6236703395843506,2.9173243045806885,5.051743030548096,8.122639656066895,-3.791184902191162,-5.777949810028076,4.199544906616211,6.404693126678467,8.073376655578613,10.914816856384277,-4.613433837890625,4.296274662017822,4.887970924377441,4.296274662017822,6.955400466918945,11.714686393737793,1.8290997743606567,2.352191209793091,2.7786149978637695,3.3449370861053467,4.762997150421143,6.985899925231934
90.5,0.0,0.0,0.0,0.0,0.0,0,8.275157928466797,8.216217041015625,13.804286003112793,14.858332633972168,4.283774375915527,6.558962821960449,1.779742956161499,3.9648497104644775,4.99213981628418,6.796137012293517,15.18138711750754,0.8212697656094995,0.7378343985815856,6.364706045825756,-69.58016841548546,69.58016841548546,0.24806326627731323,0.029976858259962613,0.5135676860809326,0.44378313422203064,0.5165432098765432,0.48345679012345677,0.19767829775810242,0.023888157250742715,0.4191403090953827,0.34784039855003357,6.407441139221191,0.8726061582565308,2.4435958862304688,0.48558260053002494,-0.009452831048953291,3.033306837081909,0.2907622158527374,3.2202720642089844,4.7635817527771,6.160975933074951,9.493172645568848,1.9233477115631104,-1.9936360120773315,1.9241881370544434,2.929474353790283,3.68210506439209,9.913314819335938,9.839040756225586,6.038602352142334,9.839171409606934,6.03860330581665,11.835579872131348,14.731703758239746,5.471872806549072,0.09916945546865463,5.475636959075928,2.659855842590332,6.530468940734863,9.66208267211914,5.992880821228027,-1.488520622253418,5.992966651916504,2.773594617843628,6.837480545043945,11.594959259033203,10.991313934326172,7.6028265953063965,10.991313934326172,7.603877067565918,13.717894554138184,15.876928329467773,6.499721050262451,1.7115823030471802,6.499721050262451,3.0652668476104736,7.500993251800537,10.460636138916016,5.839956283569336,-1.8036271333694458,5.839956283569336,3.0474672317504883,6.814446449279785,9.302654266357422,9.439223289489746,5.56052827835083,9.439223289489746,5.687145233154297,11.396479606628418,13.419917106628418
91.0,0.0,0.0,0.0,0.0,0.0,0,5.850188732147217,5.755108833312988,10.868155479431152,11.802935600280762,3.711015462875366,2.9968883991241455,-3.1148698329925537,4.03410005569458,3.610903739929199,4.322470838917475,313.8940991315738,0.7388600670547909,0.5832446256555965,314.18343749035523,-52.181268555470524,52.181268555470524,0.243003249168396,0.04153766976702918,0.5510253310203552,0.4002488851547241,0.47257716049382714,0.5274228395061729,0.21695953607559204,0.03708589738267524,0.4754529893398285,0.3770998418331146,-3.5620744228363037,-4.894612789154053,-2.42496919631958,-0.15458977292598908,0.01156081150706657,1.3810060024261475,-4.996954917907715,2.1281752586364746,5.232059478759766,6.095840930938721,10.74480152130127,3.2151639461517334,-0.3053307831287384,3.2742855548858643,1.4391316175460815,3.854966878890991,9.660400390625,0.9656100273132324,0.3193957209587097,1.5472145080566406,1.263769507408142,2.2169995307922363,5.550680160522461,1.6183022260665894,-2.941236972808838,4.216865539550781,3.1263346672058105,5.518327713012695,8.593057632446289,0.4653421938419342,-2.636880874633789,2.4635868072509766,2.860196352005005,4.170787334442139,6.8769426345825195,7.151634693145752,-3.145336866378784,7.151673793792725,3.2296769618988037,8.123233795166016,11.46258544921875,6.325368881225586,-5.392872333526611,6.458704948425293,5.397117614746094,8.615133285522461,12.638832092285156,1.1098792552947998,-4.38377046585083,2.440443754196167,5.9033660888671875,6.847860336303711,10.543566703796387,4.739687442779541,-4.550839424133301,4.755419731140137,4.598687171936035,7.208548069000244,11.34029483795166
91.5,0.0,0.0,0.0,0.0,0.0,0,4.668272972106934,3.989305257797241,10.24693775177002,13.396162986755371,3.9291346073150635,1.0502068996429443,0.846442461013794,5.008462429046631,3.2135303020477295,1.348851130356769,38.86801064439261,0.2889400723599913,0.18561831900612943,31.98223830861288,77.79880081825763,77.79880081825763,0.23667354881763458,0.05069829882131289,0.5440300107002258,0.37589216232299805,0.4845987654320988,0.5154012345679012,0.20967763662338257,0.044915452236996424,0.4927862286567688,0.3489551544189453,-1.9466814994812012,3.9613122940063477,-1.1819157600402832,-0.3976263066494671,0.009160629054283706,-1.1095715761184692,-0.7039848566055298,2.5504562854766846,2.421795606613159,3.8646271228790283,6.376834869384766,-0.012394883669912815,-0.023374900221824646,1.5804166793823242,1.0006130933761597,2.010704517364502,3.834275245666504,0.060452159494161606,-0.024812547490000725,0.06107690930366516,0.025874093174934387,0.06944743543863297,0.0045436350628733635,2.803492784500122,2.5984740257263184,4.7325921058654785,3.0307726860046387,6.421264171600342,13.326822280883789,1.459826111793518,0.4016748070716858,2.2319092750549316,1.8018789291381836,3.1410164833068848,4.913485527038574,3.299333333969116,2.2286434173583984,5.666633129119873,3.4840147495269775,7.205483436584473,13.234086990356445,0.6595330238342285,2.130481004714966,8.617603302001953,3.368372917175293,9.629331588745117,14.789793968200684,1.6603155136108398,-1.2178070545196533,2.7033908367156982,2.7764594554901123,4.311747074127197,7.145209312438965,0.6308751106262207,2.2286884784698486,2.7711849212646484,3.8374767303466797,5.360837459564209,10.21682071685791
92.0,0.0,0.0,0.0,0.0,0.0,0,4.695936679840088,3.909358501434326,9.654194831848145,11.038000106811523,3.3662896156311035,0.5208541750907898,-0.5011826157569885,3.982445478439331,4.123272895812988,0.7228229977294056,316.10265910657404,0.15392520108555213,0.12399390456758089,335.86292999129034,-56.11930831732252,56.11930831732252,0.2513696253299713,0.05352916551876627,0.5552793741226196,0.35870349407196045,0.48032407407407407,0.5196759259259259,0.20802821218967438,0.04429961093452126,0.4518597722053528,0.3035677969455719,-0.5293527245521545,-1.3476250767707825,0.027663707733154297,-0.06162441443854855,0.002830866697453381,-0.009017495438456535,3.1811604499816895,5.407503128051758,4.489856243133545,7.621671199798584,10.368905067443848,1.9476128816604614,0.0884234607219696,2.1843223571777344,2.172762393951416,3.322844982147217,6.630878925323486,0.5941396355628967,0.6966980695724487,1.1122102737426758,1.8979837894439697,2.2757413387298584,6.089873790740967,0.2531408667564392,0.20900756120681763,2.3839643001556396,2.0527849197387695,3.459714651107788,6.175409317016602,0.5305995941162109,-1.3187217712402344,2.3755133152008057,2.2636685371398926,3.6162586212158203,6.64229154586792,0.6811127662658691,-1.9853678941726685,3.7199816703796387,3.1318793296813965,5.292506694793701,11.730608940124512,1.2378177642822266,0.4348258376121521,2.558328628540039,2.2528469562530518,3.7320632934570312,5.888247013092041,-0.9538959860801697,-1.3940812349319458,3.250415325164795,3.500750780105591,5.313987731933594,8.478126525878906,0.4061781167984009,-4.422587871551514,3.8637053966522217,5.971701622009277,7.628643035888672,12.016266822814941
92.5,0.0,0.0,0.0,0.0,0.0,0,6.007604122161865,5.69605016708374,11.448225021362305,12.862833976745605,3.51572585105896,0.7440106868743896,-2.3894202709198,4.829886436462402,4.34291934967041,2.5025749006304987,287.29539097135216,0.4165678779329979,0.3135439874301521,285.68030705361855,-50.182622937671795,50.182622937671795,0.2257663607597351,0.03758009325993983,0.5007587671279907,0.31235143542289734,0.4818672839506173,0.5181327160493827,0.19112105667591095,0.031813185585529154,0.4256628155708313,0.27547574043273926,0.22315651178359985,-1.8882376551628113,1.3116674423217773,0.18955008286257122,-0.01594907225882644,0.31693682074546814,2.8354532718658447,2.2231452465057373,3.640597343444824,4.888719081878662,8.277786254882812,1.796394944190979,-1.7250652313232422,1.9257484674453735,1.8174816370010376,2.8760151863098145,6.380834579467773,-1.2486950159072876,-1.9542219638824463,4.68880033493042,4.217955589294434,6.900032997131348,10.001667022705078,-0.5617114901542664,-0.14014264941215515,2.4535036087036133,2.1488564014434814,3.5777275562286377,6.299620628356934,6.498439788818359,-5.287622928619385,6.541215419769287,5.287622928619385,8.67096996307373,14.097004890441895,-0.42285099625587463,-4.734203338623047,2.3338027000427246,4.767963409423828,5.729211330413818,9.089411735534668,-5.638949871063232,0.04496487230062485,5.646871566772461,2.4132328033447266,6.464894771575928,10.849742889404297,5.7179036140441895,-7.004932403564453,5.891395092010498,7.004971981048584,9.791385650634766,14.444818496704102,0.23862822353839874,-3.5390126705169678,2.764639377593994,3.779430866241455,5.169480800628662,9.123815536499023
93.0,0.0,0.0,0.0,0.0,0.0,0,6.868997573852539,6.289036750793457,13.448715209960938,15.094948768615723,4.011214733123779,3.99273681640625,2.6184380054473877,5.210411071777344,3.6505370140075684,4.774742388177315,33.25687454706769,0.6951148747457422,0.6518420828422169,34.6175250568846,108.93721800326603,108.93721800326603,0.22847191989421844,0.03326131421309612,0.5098214149475098,0.35109660029411316,0.5189969135802469,0.4810030864197531,0.2001994252204895,0.029145358390750963,0.4251270294189453,0.4037087559700012,3.2487261295318604,5.0078582763671875,0.8613934516906738,0.3382980954120648,-0.004318779046843711,3.6542272567749023,-0.1364552527666092,3.930734395980835,2.4927008152008057,4.882709980010986,9.0476713180542,3.606790542602539,3.9779815673828125,4.504194736480713,3.9782328605651855,7.142065048217773,15.241374969482422,6.024012088775635,2.435053825378418,6.057322978973389,3.6408393383026123,7.435384273529053,10.22179889678955,6.371941089630127,0.7718804478645325,6.379729270935059,1.7418720722198486,6.794143199920654,10.628355979919434,5.97438907623291,5.122972011566162,7.351810932159424,5.17003059387207,10.724832534790039,15.53662109375,3.776453971862793,1.0130146741867065,3.941720724105835,1.7277395725250244,4.759841442108154,7.023133277893066,1.1316345930099487,1.3713512420654297,3.3139312267303467,1.7358978986740112,4.057360649108887,7.121535778045654,3.4574875831604004,5.580172061920166,6.6803107261657715,5.613281726837158,10.391328811645508,14.433540344238281,1.9376921653747559,3.4299707412719727,2.732588529586792,4.444140434265137,5.633309364318848,8.905084609985352
93.5,0.0,0.0,0.0,0.0,0.0,0,7.19053840637207,6.8137359619140625,12.565762519836426,15.216907501220703,4.302311897277832,1.6175752878189087,-0.8162385821342468,6.68075704574585,4.722119331359863,1.811848568376218,333.22420363314257,0.2519767597334025,0.23326074867585136,317.26360824473227,-77.3539168121523,77.3539168121523,0.26150381565093994,0.03636776059097903,0.5741958022117615,0.3954099714756012,0.4337962962962963,0.5662037037037037,0.23777014017105103,0.033067079774341444,0.5041770935058594,0.39466050267219543,-2.3751615285873413,-3.4346765875816345,0.32154083251953125,-0.41858133416636556,0.0031064463778829113,2.5480055809020996,-2.3463714122772217,3.8637845516204834,3.6723177433013916,5.442931652069092,11.011290550231934,7.280481338500977,3.4989607334136963,7.440029144287109,4.559619903564453,9.148828506469727,17.190927505493164,-2.5743231773376465,0.580352783203125,7.334887504577637,4.456007957458496,8.978296279907227,14.475348472595215,0.9719311594963074,-3.2269928455352783,5.905998229980469,4.849428176879883,7.967109203338623,10.681694030761719,7.360406398773193,-1.101953148841858,7.527960777282715,3.7417519092559814,8.893537521362305,15.778735160827637,-2.42364501953125,-1.3921507596969604,7.027760982513428,3.8490188121795654,8.213541984558105,12.51435661315918,2.0432186126708984,-1.5338290929794312,3.5614686012268066,2.4284753799438477,4.613651275634766,6.590213775634766,1.8349767923355103,-2.082143545150757,3.552982807159424,4.519145965576172,6.150977611541748,9.956271171569824,-2.482874631881714,0.25798019766807556,4.220024108886719,2.0091826915740967,5.305964946746826,9.440580368041992
94.0,0.0,0.0,0.0,0.0,0.0,0,7.290745735168457,7.218340873718262,14.19499397277832,15.549849510192871,4.89329719543457,-3.2070987224578857,-1.6238261461257935,6.778059482574463,4.270238399505615,3.5947591808677184,206.85411834049893,0.4930578176012415,0.3789449173199035,224.35469476209624,-92.90891348263602,92.90891348263602,0.23573607206344604,0.03233359772687252,0.5397270917892456,0.37372371554374695,0.5419444444444445,0.45805555555555555,0.18671803176403046,0.025610275400646764,0.4416379928588867,0.32120269536972046,-4.824674010276794,-0.8075875639915466,0.10020732879638672,0.14568416864405212,-0.004034162864106509,-5.280568599700928,-2.0380938053131104,5.320119380950928,2.1679632663726807,5.825747489929199,14.011393547058105,2.029489517211914,-2.88218092918396,2.0304648876190186,2.8828399181365967,3.6472363471984863,11.637454986572266,-0.9530205726623535,-0.27762144804000854,2.795077085494995,7.0647430419921875,7.8446149826049805,11.51764965057373,-8.553973197937012,-1.0172518491744995,8.578842163085938,1.8025810718536377,8.867870330810547,16.141483306884766,1.8181719779968262,-4.09185266494751,3.204477548599243,4.11226224899292,5.3389668464660645,9.027261734008789,-2.9903039932250977,0.5514001250267029,3.389599323272705,2.9886474609375,5.1717023849487305,8.87916374206543,-13.345041275024414,2.019941806793213,13.345041275024414,2.680319309234619,13.713035583496094,19.529895782470703,1.0924831628799438,-2.2522366046905518,5.7527947425842285,2.901019334793091,6.707685470581055,10.360742568969727,-2.6811256408691406,-4.626540184020996,6.527284145355225,4.890811443328857,8.499847412109375,13.66744327545166
94.5,0.0,0.0,0.0,0.0,0.0,0,7.224977970123291,7.2848358154296875,13.356886863708496,14.75861930847168,4.235896110534668,-0.8011670708656311,2.852461338043213,6.6170830726623535,4.192722797393799,2.9628372146425277,105.68838969456309,0.4100825257730119,0.3283135695230674,120.82451727722166,-103.53017748487459,103.53017748487459,0.2588305175304413,0.03582439735821466,0.5744983553886414,0.39456987380981445,0.5151234567901235,0.48487654320987655,0.19744496047496796,0.027328101755235788,0.4447252154350281,0.3001508116722107,2.4059316515922546,4.476287484169006,-0.06576776504516602,-0.05063134779683609,0.003490799631342141,-6.342527866363525,0.8872475624084473,6.34323787689209,1.9990789890289307,6.809884071350098,12.19251537322998,-0.5479317903518677,0.671465277671814,1.6594094038009644,1.7077316045761108,2.6911041736602783,5.96441650390625,3.674079418182373,6.271595001220703,5.6373395919799805,6.2905426025390625,9.133503913879395,15.033042907714844,-6.122654438018799,0.5415747165679932,6.145539283752441,3.482686996459961,7.606839179992676,10.247008323669434,-0.9242950677871704,1.7050457000732422,2.8834269046783447,2.5539121627807617,4.208593368530273,7.440077781677246,4.5095438957214355,2.3997254371643066,5.995189666748047,3.3484914302825928,7.496586322784424,12.597156524658203,-3.316617727279663,2.7543420791625977,5.010871887207031,4.893156051635742,7.487034320831299,10.205378532409668,-1.2039629220962524,1.7549803256988525,4.596767425537109,2.9216060638427734,5.7027177810668945,9.505821228027344,3.0638628005981445,8.686174392700195,10.320737838745117,8.686174392700195,13.888537406921387,16.511810302734375
95.0,0.0,0.0,0.0,0.0,0.0,0,4.683681488037109,4.002457618713379,9.1563138961792,11.532025337219238,3.383676052093506,-0.13389289379119873,0.4014146327972412,5.021046161651611,2.8277506828308105,0.42315601665523467,108.44625474388883,0.09034688155803176,0.16855309923653355,144.88572772066635,24.06121044344468,24.06121044344468,0.19961383938789368,0.04261899475417901,0.4426185190677643,0.277762234210968,0.5361265432098765,0.4638734567901235,0.1621612161397934,0.03462258950173921,0.3780175745487213,0.24929776787757874,0.6672741770744324,-2.4510467052459717,-2.5412964820861816,-0.15976047028653384,0.006794597395964351,-0.9379414916038513,-0.199196919798851,2.3497047424316406,1.0838173627853394,2.770777463912964,4.914567947387695,0.12487033754587173,0.7561261653900146,1.9621717929840088,0.7820282578468323,2.1519665718078613,5.370003700256348,-1.4528130292892456,-1.1894415616989136,2.2635703086853027,2.546069622039795,3.673906087875366,7.432686805725098,-3.8486316204071045,1.4139058589935303,4.027667999267578,2.1644511222839355,4.833859920501709,7.884860515594482,0.9142711162567139,-0.3580353856086731,3.523728370666504,1.7402528524398804,4.040234565734863,10.164201736450195,1.4504097700119019,-0.27166569232940674,2.7279701232910156,2.005152702331543,3.628160238265991,6.79069709777832,-5.888362407684326,2.56128191947937,5.888362407684326,3.3881027698516846,7.037316799163818,8.878885269165039,2.512791633605957,0.698388934135437,5.827582359313965,1.606175422668457,6.2054314613342285,12.894600868225098,5.920370101928711,0.20136840641498566,5.97382116317749,4.033841609954834,7.811480522155762,13.994065284729004
95.5,0.0,0.0,0.0,0.0,0.0,0,3.6273210048675537,3.1207594871520996,7.032899856567383,8.65793228149414,2.6635544300079346,0.2147044688463211,-0.22494769096374512,3.681030750274658,2.5700767040252686,0.31096538812623736,313.6653375283247,0.08572866523501738,0.09728752712021439,227.47446644065977,82.58873871999344,82.58873871999344,0.19488614797592163,0.05372728081885236,0.42993855476379395,0.26532942056655884,0.49540123456790125,0.5045987654320988,0.15542463958263397,0.042848316023244556,0.3735564947128296,0.22279535233974457,0.34859736263751984,-0.6263623237609863,-1.0563604831695557,-0.07126557211631916,0.011108286064673352,-1.4059107303619385,1.612451434135437,2.383448362350464,1.929578423500061,3.4664669036865234,5.71138334274292,-0.08407317847013474,-0.17376475036144257,0.5367108583450317,0.4889611005783081,0.795151948928833,2.289768695831299,-1.5910999774932861,-0.8969821333885193,2.2929203510284424,2.6270809173583984,3.783224582672119,6.873870372772217,0.8437129855155945,1.885095238685608,1.893181562423706,2.2012994289398193,3.1048529148101807,5.83153772354126,1.352516531944275,-1.9516195058822632,2.511777400970459,1.9862349033355713,3.3466506004333496,7.3477654457092285,0.5916554927825928,0.19536668062210083,2.5024170875549316,1.8592231273651123,3.325831174850464,5.176491737365723,-2.201284408569336,-1.803876519203186,2.8932480812072754,2.273372173309326,4.010682582855225,7.178968906402588,3.27490496635437,-0.6064865589141846,5.5666399002075195,1.5126365423202515,5.954990386962891,12.602884292602539,1.1519184112548828,-0.2847130596637726,3.623081684112549,2.887392520904541,4.858036994934082,8.21262264251709
96.0,0.0,0.0,0.0,0.0,0.0,0,8.975085258483887,8.9253511428833,15.768354415893555,17.74848175048828,4.998850345611572,0.6841870546340942,-1.1280391216278076,9.027359008789062,4.723013401031494,1.3193120122441517,301.23797482742293,0.14699715648907563,0.06087844878520062,299.8437875686861,72.36932112802631,72.36932112802631,0.2596465051174164,0.028929694672514168,0.5631740093231201,0.3651787340641022,0.584212962962963,0.415787037037037,0.21519657969474792,0.02397710434162445,0.4702530801296234,0.3933594226837158,0.46948258578777313,-0.9030914306640625,5.347764253616333,-0.03640907833501377,-0.024797586146338195,-0.2195141315460205,-0.5667378306388855,3.4574553966522217,4.662230968475342,6.467400550842285,9.650824546813965,-3.8110270500183105,-0.04107672721147537,5.717228889465332,2.013094663619995,6.3571457862854,11.895913124084473,7.74285364151001,-5.850857734680176,7.743214130401611,6.5483174324035645,10.455564498901367,18.599533081054688,-1.2171435356140137,1.8727976083755493,2.4709744453430176,3.219529390335083,4.507050037384033,8.145929336547852,-7.228764533996582,-3.0189366340637207,8.861700057983398,3.3742756843566895,9.893071174621582,13.259084701538086,12.810953140258789,-5.014586448669434,12.810953140258789,5.187016487121582,14.203949928283691,18.18001937866211,-4.103036403656006,4.296684265136719,5.7042460441589355,4.675344467163086,8.334217071533203,12.376239776611328,-7.899659156799316,-1.2607929706573486,9.320918083190918,1.64594566822052,9.68868637084961,17.561243057250977,10.083023071289062,-0.5688467025756836,10.537890434265137,1.64281165599823,10.868671417236328,17.219562530517578
96.5,0.0,0.0,0.0,0.0,0.0,0,9.37100887298584,9.311456680297852,15.279142379760742,16.954538345336914,4.7500810623168945,-5.008885860443115,-1.1111329793930054,7.123396873474121,5.7717204093933105,5.13064850295182,192.50751975449174,0.5475022564264274,0.3599814660681279,193.98773009247606,-105.85605747621003,105.85605747621003,0.26813897490501404,0.028613669021733536,0.5629688501358032,0.3754229247570038,0.47097222222222224,0.5290277777777778,0.2255851924419403,0.024072666180007255,0.4796609580516815,0.4095366299152374,-5.6930729150772095,0.016906142234802246,0.3959236145019531,0.2991030172829273,-0.0003160256507806318,-5.565246105194092,1.15243661403656,5.7124342918396,7.7896223068237305,10.321440696716309,14.748929977416992,-4.225494861602783,-3.4926836490631104,5.512350082397461,3.4927637577056885,6.671385765075684,14.671499252319336,-9.838224411010742,0.5827670693397522,10.156200408935547,2.717374324798584,10.748668670654297,15.292776107788086,-1.624591588973999,1.9984999895095825,4.430630207061768,5.070223331451416,7.483583927154541,13.055871963500977,-7.639855861663818,-8.492341995239258,8.853283882141113,8.492341995239258,12.943232536315918,17.211326599121094,-6.763085842132568,1.3053393363952637,7.408741474151611,3.1573898792266846,8.809730529785156,11.860647201538086,0.39264214038848877,-1.129665732383728,6.521359443664551,2.0072412490844727,7.018729209899902,14.87963581085205,-7.351304054260254,-6.110744476318359,10.272636413574219,6.110744476318359,12.463654518127441,20.881772994995117,-2.4648118019104004,4.1861958503723145,4.98317813873291,4.872197151184082,7.878663063049316,11.680026054382324
97.0,0.0,0.0,0.0,0.0,0.0,0,8.223587989807129,7.98344612121582,14.367508888244629,16.171354293823242,4.688448905944824,-0.8638187050819397,-4.861845016479492,6.899013996124268,4.198671817779541,4.9379874158928265,259.9252202009766,0.6004662954921017,0.5463140432158204,267.61769606333087,73.62996597085481,73.62996597085481,0.2597837448120117,0.03159006914547958,0.5357848405838013,0.3697185516357422,0.4954783950617284,0.5045216049382716,0.2093522697687149,0.025457530772537422,0.47255170345306396,0.37362098693847656,4.1450671553611755,-3.750712037086487,-1.147420883178711,0.18633257714769252,0.0029764001237460418,-3.4821436405181885,-5.993715286254883,3.795971632003784,5.9937639236450195,7.157386779785156,19.826913833618164,4.683663368225098,-2.048330783843994,4.683749675750732,2.652649402618408,5.6130828857421875,14.429583549499512,-1.8959505558013916,-4.230000019073486,7.098104953765869,4.3395795822143555,8.975383758544922,11.668075561523438,-8.310978889465332,-9.979852676391602,8.32048225402832,9.979852676391602,13.158975601196289,18.608766555786133,6.189390182495117,-6.124927520751953,6.617466449737549,6.537672996520996,10.111013412475586,14.973298072814941,-1.3600807189941406,-3.532824754714966,4.969801425933838,4.082165718078613,6.928143501281738,10.53199577331543,-5.657878875732422,-6.628769397735596,6.009744644165039,6.628769397735596,9.706745147705078,14.17714786529541,4.774000644683838,-2.7396299839019775,5.894659519195557,3.057680130004883,7.204006195068359,12.246376991271973,-2.714390277862549,-2.4785542488098145,3.8192028999328613,3.134211778640747,5.157557964324951,8.862464904785156
97.5,0.0,0.0,0.0,0.0,0.0,0,6.253283500671387,6.116555690765381,10.332965850830078,11.704357147216797,2.964385986328125,1.5752754211425781,-3.2756612300872803,4.503374099731445,3.794642448425293,3.63475572036868,295.6830423639391,0.5812555467824916,0.5045704906318327,297.2162071301827,29.598511066851813,29.598511066851813,0.2596629858016968,0.04152425589685196,0.5467031002044678,0.36353063583374023,0.4981635802469136,0.5018364197530865,0.20193536579608917,0.03229268807047053,0.4386650621891022,0.29577764868736267,2.439094126224518,1.586183786392212,-1.9703044891357422,-0.041743552583987764,0.009934186751372379,-0.07012145966291428,-5.896286964416504,1.9137500524520874,5.936178207397461,6.508176326751709,10.164766311645508,2.0047948360443115,0.6232559084892273,2.895341157913208,1.6372034549713135,3.740791082382202,8.306056022644043,4.338571548461914,-3.24355411529541,4.597215175628662,3.4155142307281494,6.608908653259277,9.928702354431152,0.2936084568500519,-5.671268463134766,3.2286360263824463,5.671268463134766,6.7993998527526855,10.534796714782715,2.9363911151885986,-3.4899961948394775,3.876427412033081,5.305652141571045,7.250351428985596,11.562198638916016,4.116361141204834,-3.737086296081543,4.287243843078613,4.008548736572266,6.520448207855225,9.046747207641602,1.3493069410324097,-1.9207432270050049,4.787240505218506,2.384644031524658,5.550325870513916,7.885833263397217,0.9954175353050232,-0.1654767245054245,5.370542526245117,2.6868674755096436,6.403652667999268,12.044966697692871,-1.786852240562439,-5.979796886444092,2.838287830352783,5.979796886444092,6.897498607635498,10.191696166992188
98.0,0.0,0.0,0.0,0.0,0.0,0,8.229377746582031,7.878207683563232,15.797332763671875,18.757692337036133,5.300046920776367,-0.03190898522734642,-2.9486308097839355,5.770944118499756,7.335797309875488,2.9488034583107274,269.37999059981587,0.3583264189732299,0.1768852326279877,260.9904511716428,-36.22575595853988,36.22575595853988,0.2842573821544647,0.03454177902220474,0.5772151350975037,0.3774383068084717,0.5248611111111111,0.4751388888888889,0.18880200386047363,0.022942437050778614,0.4183676242828369,0.26348990201950073,-1.6071844063699245,0.3270304203033447,1.9760942459106445,-0.32768525800384496,-0.006982476874647217,0.21866226196289062,-15.77282428741455,4.893786907196045,15.78896713256836,16.8999080657959,20.54059410095215,1.011450171470642,5.491279602050781,2.7932019233703613,5.79153299331665,6.965035915374756,11.170021057128906,-0.037321336567401886,3.68105411529541,1.728250503540039,3.749972343444824,4.290808200836182,9.498228073120117,-0.9848073124885559,-10.968664169311523,6.06251859664917,10.968664169311523,12.947957992553711,15.67646312713623,1.6074799299240112,0.28993698954582214,4.035522937774658,4.03113317489624,6.429993629455566,11.271221160888672,-1.1890839338302612,-1.168726921081543,3.518557071685791,2.9371747970581055,4.964940547943115,10.467126846313477,-3.046072244644165,-3.404651641845703,7.513556480407715,3.510732412338257,8.69967269897461,12.113378524780273,3.4169466495513916,-4.239859580993652,7.3392462730407715,4.561995029449463,9.556015014648438,14.65826416015625,-1.2844350337982178,-0.4452224671840668,2.3956856727600098,1.8630319833755493,3.310072422027588,5.663858890533447
98.5,0.0,0.0,0.0,0.0,0.0,0,6.574162483215332,5.868241786956787,12.02906608581543,14.082460403442383,4.17954683303833,3.3054678440093994,-0.8522926568984985,5.294275283813477,4.5832695960998535,3.413578831780987,345.54159118830535,0.5192416281916191,0.35946026939191594,330.7965173858962,69.8060662142534,69.8060662142534,0.24039652943611145,0.03656686208821458,0.5060005187988281,0.3296371400356293,0.4784259259259259,0.5215740740740741,0.2108427733182907,0.032071422296783295,0.4586426019668579,0.2942199110984802,3.337376829236746,2.096338152885437,-1.6552152633666992,0.18257503676392825,0.0020250830660098404,-2.4929540157318115,0.204829603433609,2.7774627208709717,1.9322173595428467,3.7086641788482666,6.066950798034668,0.074213407933712,-1.0648339986801147,1.346956729888916,2.387904644012451,2.9687674045562744,5.19083833694458,2.9973511695861816,4.165709495544434,2.999258279800415,6.131058692932129,7.455931186676025,13.232024192810059,4.933581829071045,-3.9185311794281006,5.408672332763672,4.280654430389404,7.475914478302002,11.810437202453613,0.298123300075531,-2.0946741104125977,2.246363401412964,2.2892777919769287,3.735837697982788,6.804453372955322,5.206149101257324,-0.5598812699317932,5.284054756164551,4.719675064086914,7.673120975494385,10.48851490020752,12.409293174743652,-1.9384608268737793,12.409293174743652,2.5347814559936523,12.846445083618164,19.111038208007812,1.643005609512329,-3.217078447341919,4.105342864990234,4.1135969161987305,7.02836275100708,13.118766784667969,4.680444717407227,0.7522876262664795,4.699012279510498,3.518218755722046,6.274417877197266,10.688420295715332
99.0,0.0,0.0,0.0,0.0,0.0,0,5.361907005310059,4.908522605895996,8.779189109802246,10.457571029663086,2.8159358501434326,-0.01321643590927124,-0.2827347218990326,4.345223903656006,4.209329128265381,0.2830434545179718,267.32365673690833,0.05278783355206745,0.0532090030378105,144.77421721902004,173.97769983312384,173.97769983312384,0.23177053034305573,0.043225383597317674,0.4920944273471832,0.308058500289917,0.4802623456790123,0.5197376543209876,0.19499139487743378,0.03636604631864775,0.41964295506477356,0.263500452041626,-3.3186842799186707,0.5695579349994659,-1.2122554779052734,-0.30625126635410543,0.006658521509103094,-3.055042028427124,-0.6721773147583008,3.4301881790161133,1.3595482110977173,3.9700961112976074,6.448275566101074,1.7435152530670166,-0.024556376039981842,2.591517925262451,3.277282476425171,4.755858421325684,6.495203495025635,0.894183874130249,2.4412624835968018,2.9734532833099365,2.99291729927063,4.643290042877197,7.079685211181641,-1.6830625534057617,0.5926701426506042,4.022322654724121,1.3221163749694824,4.431572437286377,7.204999923706055,3.731508731842041,0.02144237980246544,3.8811612129211426,3.4714057445526123,5.660935878753662,8.78023624420166,0.7952258586883545,0.6842795014381409,2.3937408924102783,4.870027542114258,5.689145565032959,9.10959243774414,-3.4008123874664307,-0.30481916666030884,4.322371006011963,1.8264570236206055,4.920319080352783,7.582555294036865,2.220547676086426,-0.6554009318351746,4.863735675811768,2.6895573139190674,5.883416652679443,9.912270545959473,-1.3650126457214355,-4.627313137054443,4.2614874839782715,6.693478584289551,8.302528381347656,15.433160781860352
99.5,0.0,0.0,0.0,0.0,0.0,0,5.9742112159729,5.607305526733398,10.138141632080078,12.029129981994629,3.143961191177368,-0.4527726471424103,-0.14081069827079773,5.253911018371582,4.212751865386963,0.47416318156079473,197.27550976193817,0.07936833239056769,0.14760444544682674,167.18583291740293,22.41161569838289,22.41161569838289,0.23624669015407562,0.03954440880463481,0.5127136707305908,0.32771703600883484,0.5540123456790124,0.44598765432098764,0.185123011469841,0.030987016325748937,0.40718528628349304,0.24939265847206116,-0.43955621123313904,0.14192402362823486,0.6123042106628418,0.09439544240901623,-0.0036809747926828604,-5.594679355621338,-0.5528735518455505,5.594679355621338,3.1227009296417236,6.6707024574279785,8.52835750579834,1.6595367193222046,-3.2380669116973877,4.3022260665893555,3.309854507446289,5.895022869110107,11.892348289489746,-0.7376671433448792,1.2704455852508545,4.474220275878906,2.7051470279693604,5.669710159301758,8.428852081298828,-2.141340970993042,0.85086989402771,2.609842300415039,2.018622398376465,3.601022720336914,6.703925609588623,4.203343391418457,-4.675938606262207,5.5131683349609375,4.760576248168945,7.632469654083252,14.220880508422852,-3.3718907833099365,0.1023762971162796,4.079245567321777,2.882901430130005,5.568492412567139,8.347772598266602,0.9820254445075989,3.8819656372070312,1.3486201763153076,3.9054958820343018,4.354841232299805,9.445115089416504,3.777318000793457,-1.5529344081878662,6.283155918121338,2.1678953170776367,7.151345252990723,12.134551048278809,-2.8515994548797607,2.646859645843506,3.4995787143707275,5.1944074630737305,7.224289417266846,10.34394645690918
100.0,0.0,0.0,0.0,0.0,0.0,0,6.170084476470947,5.208316802978516,11.438157081604004,14.960383415222168,4.1030755043029785,-1.7456899881362915,-1.171450138092041,5.678799152374268,4.270442962646484,2.1023151430542346,213.8636968517729,0.34072712473730643,0.15734280895526548,222.143954170559,54.958121253156065,54.958121253156065,0.2634161710739136,0.042692467078199625,0.5511203408241272,0.35043126344680786,0.5544753086419754,0.4455246913580247,0.20339716970920563,0.0329650489421649,0.4489677846431732,0.2916308343410492,-1.2929173409938812,-1.0306394398212433,0.19587326049804688,0.009738363508438735,0.003148058273564812,-0.12979166209697723,-0.02661554515361786,2.6842293739318848,1.7404155731201172,3.500462770462036,6.1067914962768555,-2.662706136703491,-6.007236480712891,3.666787624359131,6.186621189117432,7.656739234924316,10.476380348205566,1.7955085039138794,0.3643830716609955,3.5510237216949463,1.3789968490600586,4.087276458740234,7.046954154968262,0.908838152885437,0.2868649661540985,4.243927955627441,1.0885848999023438,4.51356315612793,8.965211868286133,-4.969958782196045,-7.249567985534668,5.885403633117676,7.348069190979004,10.45513916015625,16.176298141479492,-1.4697463512420654,1.6715211868286133,3.7652130126953125,2.2573089599609375,4.798234462738037,8.731314659118652,-1.5312029123306274,1.9195048809051514,3.8773818016052246,3.461278200149536,5.738016128540039,12.216862678527832,-6.685734748840332,-1.416271686553955,7.791863918304443,2.64141583442688,8.726415634155273,18.1888370513916,-0.966416597366333,-0.08563400059938431,4.533298015594482,3.5456156730651855,6.0549116134643555,9.828573226928711
100.5,0.0,0.0,0.0,0.0,0.0,0,6.205009937286377,5.67629861831665,11.658823013305664,13.854808807373047,3.6107826232910156,0.05653103440999985,-0.21381549537181854,4.9859232902526855,5.160577297210693,0.22116243784277823,284.8096541070664,0.0356425598150611,0.10635163277517504,80.24228229363266,-141.90167187692634,141.90167187692634,0.23352579772472382,0.03763503402088299,0.5028791427612305,0.3144841492176056,0.49776234567901234,0.5022376543209877,0.2033126801252365,0.03276588585904262,0.4419716000556946,0.2752377688884735,1.8022210225462914,0.9576346427202225,0.03492546081542969,-0.05099117618009044,-0.005057433057316638,5.091246128082275,-2.4332334995269775,5.388594627380371,4.204329013824463,7.069700717926025,14.891548156738281,-4.376350402832031,-3.875816583633423,4.517581939697266,5.324556350708008,7.25978946685791,13.912009239196777,3.7305171489715576,4.803138256072998,4.181889057159424,4.815033435821533,7.0260114669799805,9.18096923828125,3.0496256351470947,1.2036471366882324,3.929870843887329,2.7341365814208984,5.3262152671813965,9.99734878540039,-3.5310254096984863,-5.262920379638672,4.654911518096924,6.168128490447998,8.076327323913574,14.012622833251953,-0.07799987494945526,4.130369186401367,2.1381313800811768,4.137336730957031,4.937877655029297,7.674614429473877,-0.4142085909843445,1.1981513500213623,3.2896950244903564,1.879976511001587,4.127286434173584,7.336461067199707,-0.9217725992202759,-4.017775058746338,4.095067501068115,4.227910995483398,6.63658332824707,9.929669380187988,-2.041252613067627,2.3301005363464355,2.1013448238372803,4.511499881744385,5.38530158996582,7.7801194190979
101.0,0.0,0.0,0.0,0.0,0.0,0,6.656423568725586,5.968502998352051,12.796375274658203,15.521949768066406,4.212344646453857,-2.095034599304199,-1.4651514291763306,5.894070625305176,4.558060646057129,2.55652863913142,214.96681540971588,0.38406940494937336,0.2815177222371178,230.34634805592185,150.10406576228922,150.10406576228922,0.25076162815093994,0.03767212045474284,0.5292667746543884,0.33025985956192017,0.49179012345679013,0.5082098765432099,0.21099738776683807,0.031698306739354344,0.44924139976501465,0.28349569439888,-2.151565633714199,-1.251335933804512,0.451413631439209,0.17516608946194276,3.70864338598495e-05,-7.4369120597839355,0.5574348568916321,7.487939357757568,6.593107223510742,10.769861221313477,18.47511100769043,-2.139780282974243,0.3768482804298401,3.1527435779571533,3.8085193634033203,5.1896867752075195,9.3678560256958,2.5879902839660645,-1.2633755207061768,2.7832939624786377,3.336639642715454,4.777587890625,8.555131912231445,-7.028496742248535,1.6774364709854126,7.0291290283203125,4.252101898193359,9.088399887084961,13.13766098022461,1.1842747926712036,-4.193687438964844,3.102661609649658,4.40544319152832,5.755405426025391,9.700346946716309,0.3734215497970581,-2.4049580097198486,1.092260479927063,3.1826231479644775,3.5153074264526367,6.982077121734619,-8.653816223144531,-0.03333233296871185,8.79274845123291,2.044083833694458,9.322659492492676,15.861154556274414,2.4360153675079346,-5.349554061889648,5.381253242492676,5.460690021514893,8.08831787109375,12.115398406982422,-0.1780065894126892,-2.553175449371338,1.5052064657211304,2.655550718307495,3.400588035583496,6.42039155960083
101.5,0.0,0.0,0.0,0.0,0.0,0,5.870795249938965,5.434292316436768,10.133549690246582,11.248451232910156,2.7154107093811035,1.272796869277954,-0.09882237017154694,5.314585208892822,3.459059715270996,1.2766274833678317,355.5603535107819,0.21745392728201585,0.2034459552490124,354.1716594898959,123.82531143397404,123.82531143397404,0.25153443217277527,0.04284502841933755,0.5391603708267212,0.3319318890571594,0.5105864197530864,0.48941358024691356,0.20634670555591583,0.03514799300998755,0.4506322741508484,0.2769985496997833,3.3678314685821533,1.3663290590047836,-0.7856283187866211,-0.07807176698810539,0.005172907964594714,0.632816731929779,3.8139214515686035,2.234605073928833,3.9001052379608154,4.857271194458008,6.6320319175720215,2.0320065021514893,-0.25644925236701965,3.0222573280334473,3.3854286670684814,4.79856538772583,6.856999397277832,7.19371223449707,-0.5117418169975281,7.19371223449707,2.0336122512817383,7.9561381340026855,11.556055068969727,-0.9983311891555786,-1.5574142932891846,4.8505401611328125,2.318873643875122,5.681427001953125,8.69301986694336,1.4701787233352661,-1.7763407230377197,4.397671222686768,2.6587302684783936,5.535489559173584,9.594062805175781,4.350501537322998,-0.02167722024023533,4.497409820556641,1.5113818645477295,5.0055999755859375,8.693182945251465,-0.9201995730400085,0.035220917314291,4.719494342803955,3.568458318710327,6.260931015014648,9.553051948547363,-0.8298830986022949,0.014445291832089424,6.239223003387451,3.9893832206726074,8.077884674072266,12.065250396728516,-1.4756300449371338,-0.6293655037879944,3.334294080734253,2.6282401084899902,4.6638503074646,6.954401016235352
102.0,0.0,0.0,0.0,0.0,0.0,0,7.8827738761901855,8.051583290100098,11.582718849182129,12.981684684753418,3.091586112976074,-2.5277514457702637,-2.574721574783325,5.846821308135986,4.948938846588135,3.608146138843102,225.52741369383526,0.45772543973910756,0.4633460879236597,222.89150542907453,-131.28015406082136,131.28015406082136,0.2404557466506958,0.030503946951090675,0.5068836212158203,0.3133988678455353,0.4916820987654321,0.5083179012345679,0.20821557939052582,0.026413995409083436,0.45047974586486816,0.27525144815444946,-3.8005483150482178,-2.4758992046117783,2.0119786262512207,0.2599001326746473,-0.012341081468246876,2.779686212539673,-4.712800979614258,3.5266757011413574,4.974474906921387,7.082774639129639,10.633424758911133,-3.090679168701172,-0.9094224572181702,4.056764125823975,3.3173751831054688,5.61960506439209,9.095316886901855,-3.748767614364624,-0.8221700191497803,4.045332431793213,5.5560078620910645,7.376880645751953,11.275053977966309,5.38723611831665,-8.386361122131348,5.909870147705078,8.393453598022461,11.105325698852539,15.43546199798584,-6.028183937072754,1.1606320142745972,6.028183937072754,2.5929250717163086,6.80711555480957,9.461692810058594,-6.964577674865723,-3.3893795013427734,6.964577674865723,3.55033802986145,8.537858009338379,10.20685863494873,2.8349063396453857,-3.809302806854248,4.671790599822998,3.8648695945739746,6.893077373504639,10.357491493225098,-6.949587345123291,2.6489593982696533,6.952925682067871,4.316717624664307,8.556058883666992,11.286709785461426,-6.969796180725098,-4.952646255493164,6.969796180725098,4.952646255493164,8.966270446777344,13.780135154724121
102.5,0.0,0.0,0.0,0.0,0.0,0,8.16312026977539,8.24559211730957,12.066972732543945,13.056233406066895,3.015415906906128,-0.4786987900733948,1.7611629962921143,6.783209323883057,5.136777877807617,1.8250609938098918,105.20610136820665,0.22357394396935776,0.1710998790925077,95.52110715972135,-127.37039826935317,127.37039826935317,0.23724912106990814,0.029063530141141235,0.5138221979141235,0.31571635603904724,0.5429012345679012,0.45709876543209876,0.20440848171710968,0.025040480835920993,0.4402528405189514,0.2680080831050873,2.049052655696869,4.3358845710754395,0.2803463935852051,-0.29224620883115204,-0.0014404168099494408,-5.917936325073242,5.590031623840332,5.926574230194092,6.009199142456055,9.529972076416016,11.848113059997559,4.226497650146484,-1.4971522092819214,4.999378204345703,3.3023858070373535,6.424126625061035,9.256183624267578,-1.748914122581482,-3.6880903244018555,4.325363636016846,3.6893999576568604,6.228402614593506,9.35461139678955,-8.899675369262695,6.740447998046875,8.902239799499512,6.740447998046875,11.579856872558594,14.693442344665527,6.8557281494140625,-0.9910680651664734,7.151947021484375,4.109209060668945,9.00779914855957,12.150659561157227,-2.3199267387390137,1.5794954299926758,3.443887233734131,4.144625186920166,6.127990245819092,8.907064437866211,-4.195226192474365,4.658743381500244,5.831023216247559,4.661978244781494,8.290863990783691,11.739468574523926,9.095969200134277,-1.678830862045288,9.095969200134277,3.260796546936035,10.137231826782227,12.868598937988281,-1.4048057794570923,5.136890411376953,2.2741940021514893,5.474239349365234,6.141838073730469,10.075185775756836
103.0,0.0,0.0,0.0,0.0,0.0,0,6.641145706176758,5.839241027832031,11.559006690979004,13.135279655456543,3.502492666244507,1.472416639328003,-3.738982915878296,4.126923561096191,4.815887451171875,4.018457913802226,291.4945887928724,0.6050850397793203,0.49786835727141554,292.6672298651928,-162.85387729452856,162.85387729452856,0.25738900899887085,0.03875671181295845,0.5457239151000977,0.335806280374527,0.43753086419753084,0.5624691358024692,0.18332885205745697,0.02760499958342248,0.3987271189689636,0.24344462156295776,1.9511154294013977,-5.50014591217041,-1.5219745635986328,0.32676847817890786,0.009693181671817215,1.7116518020629883,-2.3082666397094727,3.7867605686187744,2.9912776947021484,5.019040584564209,7.944903373718262,3.1123573780059814,3.035871744155884,3.559159517288208,4.042001724243164,5.822024822235107,9.184890747070312,-0.6292954683303833,-1.2882920503616333,3.331594467163086,2.2603940963745117,4.52858829498291,6.4593963623046875,2.3768608570098877,-1.6809537410736084,3.005014657974243,2.46303653717041,4.203057289123535,6.112699508666992,3.3192858695983887,-4.684420585632324,4.679248809814453,5.226894855499268,7.21550989151001,14.397263526916504,-0.028833651915192604,-5.108794689178467,3.7802300453186035,5.121532440185547,6.763885974884033,10.288829803466797,-0.2804619371891022,-5.925105094909668,3.103548288345337,6.81173849105835,8.119820594787598,11.985461235046387,4.501065254211426,-7.477743625640869,5.274539947509766,7.477743625640869,9.541816711425781,15.130488395690918,-0.8308794498443604,-8.213140487670898,1.7239035367965698,8.213140487670898,8.556567192077637,11.796875953674316
103.5,0.0,0.0,0.0,0.0,0.0,0,5.963161468505859,5.5639119148254395,10.722404479980469,11.788640975952148,3.2539796829223633,0.0368100181221962,0.659548819065094,4.652860164642334,4.905324935913086,0.6605752206708305,86.80558451611317,0.11077600768646391,0.13660830657799677,73.13733513816234,140.4701052729696,140.4701052729696,0.24158495664596558,0.04051289192972425,0.510791540145874,0.31920287013053894,0.5466358024691358,0.4533641975308642,0.184452623128891,0.030932013692913478,0.39582139253616333,0.24448196589946747,-1.4356066212058067,4.39853173494339,-0.6779842376708984,-0.36126005069341877,0.0017561801167658014,-0.272746741771698,2.7134792804718018,2.5689857006073,3.8922855854034424,5.091271877288818,10.43222713470459,0.6695548892021179,-3.0691070556640625,3.911172866821289,4.654469013214111,6.616394519805908,11.433568000793457,2.8069422245025635,2.1992714405059814,3.030238389968872,3.223137855529785,4.641298770904541,8.63278579711914,-3.9018146991729736,2.066659450531006,4.228451728820801,5.174884796142578,6.953710079193115,12.51093864440918,0.9652854800224304,-5.1876444816589355,3.785761833190918,5.448485374450684,7.022993564605713,12.08984661102295,2.523094892501831,1.9372611045837402,3.1882402896881104,2.210624933242798,4.043398857116699,6.874836444854736,-5.931972503662109,4.663361549377441,5.93207311630249,5.415247440338135,8.21149730682373,11.218968391418457,1.1927194595336914,-0.7964147925376892,4.713082790374756,2.882097005844116,5.86890172958374,8.780041694641113,2.2802274227142334,1.4090721607208252,3.6299898624420166,2.9387991428375244,5.218990802764893,8.192753791809082
104.0,0.0,0.0,0.0,0.0,0.0,0,6.605745792388916,6.484338283538818,11.157722473144531,12.58576774597168,3.3593387603759766,-0.9841312170028687,-2.8624024391174316,3.8736329078674316,5.5456414222717285,3.0268567815053573,251.02636322975377,0.45821575286667493,0.36401516925923444,245.9655328313462,172.82819769318382,172.82819769318382,0.24688707292079926,0.037374589229678075,0.5347603559494019,0.32976481318473816,0.4833796296296296,0.5166203703703703,0.20741018652915955,0.031398446390366604,0.4557054936885834,0.2811336815357208,-1.0209412351250648,-3.5219512581825256,0.6425843238830566,0.22740686268123766,-0.0031383027000461763,2.3139941692352295,-4.036163806915283,3.2983169555664062,4.316886901855469,5.848794937133789,10.567208290100098,0.055282797664403915,-8.300126075744629,1.7278059720993042,8.300126075744629,8.622346878051758,14.15426254272461,-1.3608524799346924,2.9764702320098877,2.673600435256958,4.536853790283203,5.587364673614502,9.472500801086426,-0.5608075857162476,-10.058799743652344,2.247330904006958,10.058799743652344,10.437369346618652,13.34107780456543,-2.060002088546753,-2.5050852298736572,3.752347707748413,3.09224009513855,5.547441005706787,9.332457542419434,-2.1411499977111816,2.8803112506866455,2.827301502227783,3.5040316581726074,4.991632461547852,7.759088039398193,-1.8645066022872925,-5.673539638519287,5.037412643432617,6.140130043029785,8.45488166809082,11.358525276184082,-1.0595893859863281,-0.8513585329055786,4.1596598625183105,3.5673186779022217,5.975901126861572,8.96357536315918,-2.1795501708984375,-0.19332970678806305,2.9370532035827637,2.238875150680542,3.9859793186187744,6.884783744812012
104.5,0.0,0.0,0.0,0.0,0.0,0,6.54904317855835,6.177915573120117,11.377969741821289,12.254658699035645,3.324667453765869,-0.5997385382652283,-0.8453224301338196,5.346808910369873,4.92755126953125,1.0364633737705635,234.6450983587392,0.1582618018406044,0.12357118046006574,229.0206941726164,-16.944838658729793,16.944838658729793,0.2542704641819,0.03882558389427034,0.555202066898346,0.34635496139526367,0.49777777777777776,0.5022222222222222,0.20598143339157104,0.031452136796688096,0.44527941942214966,0.2909947633743286,0.3843926787376404,2.017080008983612,-0.056702613830566406,-0.2404439887991687,0.0014509946645922672,-0.4395887851715088,-0.7031393051147461,2.4373064041137695,3.1325809955596924,4.3126912117004395,7.309967994689941,0.7926564812660217,0.043536022305488586,3.792372941970825,1.690786361694336,4.331784725189209,8.130671501159668,-3.381063461303711,-6.489088535308838,3.588304042816162,6.584622383117676,7.8971757888793945,12.654488563537598,4.145282745361328,-0.29817673563957214,4.924948692321777,2.2398183345794678,5.5698370933532715,9.296825408935547,-0.9040060043334961,0.1840800642967224,3.4204161167144775,1.3542453050613403,3.931384563446045,6.484511852264404,-3.257498264312744,-0.39063042402267456,3.800600051879883,5.155169486999512,6.830420017242432,10.689788818359375,8.115452766418457,-2.841318368911743,8.124112129211426,3.6294779777526855,9.138826370239258,12.025778770446777,-5.329364776611328,2.1987626552581787,5.347565174102783,3.288695812225342,6.72289514541626,9.688393592834473,-5.139517784118652,0.6880725026130676,5.413845539093018,8.076775550842285,10.206374168395996,12.779394149780273
105.0,0.0,0.0,0.0,0.0,0.0,0,6.534846305847168,6.118391990661621,11.211111068725586,12.236427307128906,3.3505053520202637,-2.345252513885498,-1.4339615106582642,4.346505641937256,5.242282867431641,2.7489006835343432,211.44293361936485,0.4206526909553659,0.3772283828946834,213.68571616351085,-15.334978009105555,15.334978009105555,0.25014209747314453,0.038278185513122176,0.5328074097633362,0.33634427189826965,0.5253395061728395,0.47466049382716047,0.2287733554840088,0.035008217449749725,0.5061091184616089,0.3113586902618408,-1.7455139756202698,-0.5886390805244446,-0.01419687271118164,0.25365720243461765,-0.0005473983811481661,-0.0073385112918913364,-2.9807064533233643,2.5218639373779297,4.1535539627075195,5.138641834259033,8.744906425476074,-4.310189247131348,-1.4559465646743774,6.000120639801025,2.036724328994751,6.633364200592041,11.44659423828125,-5.133512496948242,-2.5405406951904297,5.868105411529541,5.336122989654541,8.940070152282715,13.769408226013184,-0.024994201958179474,-2.1799027919769287,2.668907642364502,3.545961380004883,4.670768737792969,8.647594451904297,-3.281017780303955,-1.325600504875183,3.924764633178711,2.216942310333252,4.724295616149902,9.193818092346191,-5.099180698394775,-4.368357181549072,5.180635452270508,4.97621488571167,8.125118255615234,11.641683578491211,0.9091925621032715,6.193967342376709,2.917858123779297,7.116580009460449,8.157658576965332,13.35731029510498,-3.812652349472046,1.7292602062225342,3.83803391456604,3.5835230350494385,5.673704624176025,8.050914764404297,-0.34758079051971436,-5.9778265953063965,1.8779605627059937,6.2188310623168945,6.749992370605469,11.111026763916016
105.5,0.0,0.0,0.0,0.0,0.0,0,7.839931011199951,7.024283409118652,14.122756004333496,15.908480644226074,4.409416198730469,1.1960722208023071,-0.8311546444892883,6.544887065887451,5.995875358581543,1.4565049949900886,325.20443201307495,0.18578033313167652,0.03514721182835533,356.77941534659976,143.09369918308892,143.09369918308892,0.24169595539569855,0.030828833088146317,0.49802109599113464,0.3107351064682007,0.5914814814814815,0.4085185185185185,0.18206404149532318,0.023222655660180544,0.39760351181030273,0.25039535760879517,3.541324734687805,0.6028068661689758,1.3050847053527832,-0.34208117106632807,-0.007449352424975859,-4.852010726928711,3.0298545360565186,4.873575687408447,4.575293064117432,6.953159809112549,11.185931205749512,1.8940937519073486,-9.548518180847168,5.037933826446533,9.548701286315918,11.295151710510254,19.552419662475586,3.992875814437866,-1.507763385772705,4.2174859046936035,3.4920639991760254,5.853446960449219,12.785674095153809,-5.676392078399658,2.858795642852783,5.676398754119873,3.6178395748138428,7.163822650909424,11.100627899169922,0.022992638871073723,-6.518815040588379,6.146338939666748,6.518815040588379,9.428922653198242,13.459033966064453,6.556853294372559,-0.12132181972265244,6.556853294372559,2.962923765182495,7.3809919357299805,14.56577205657959,-0.9288371205329895,2.5295190811157227,2.3849987983703613,3.0653235912323,4.283487319946289,7.5429205894470215,0.7951971888542175,-1.2882108688354492,6.580750942230225,1.973793387413025,7.016229152679443,12.146252632141113,8.959877014160156,3.0860676765441895,8.959877014160156,5.323733806610107,11.18416690826416,14.571956634521484
106.0,0.0,0.0,0.0,0.0,0.0,0,8.471665382385254,7.907797813415527,14.470890045166016,19.895864486694336,4.977120399475098,-4.985438823699951,-1.946446418762207,5.286848068237305,6.320350170135498,5.351939267776399,201.32698099004156,0.6317458287368669,0.49922710180917007,183.52374919791896,-173.2556661486808,173.2556661486808,0.257077693939209,0.030345587554502715,0.5364426374435425,0.33510342240333557,0.45774691358024694,0.5422530864197531,0.22630757093429565,0.026713465889644402,0.48724499344825745,0.3063683807849884,-6.181511044502258,-1.1152917742729187,0.6317343711853027,0.46407988998081473,-0.00048324553364360173,2.8487699031829834,4.081603527069092,3.2426939010620117,4.087569713592529,5.577442646026611,9.021709442138672,-9.120457649230957,1.4036908149719238,9.446680068969727,2.806920289993286,10.167579650878906,14.16478443145752,-4.623305797576904,-4.876296520233154,4.6240620613098145,6.198899745941162,8.324357986450195,11.777876853942871,0.20340773463249207,2.836014986038208,2.1860671043395996,3.4355316162109375,4.349608898162842,7.8314127922058105,-7.857273101806641,-5.877452373504639,7.866854190826416,6.870886325836182,10.939674377441406,21.325241088867188,-6.317524433135986,-4.308472633361816,6.317524433135986,4.759719371795654,8.453285217285156,10.764404296875,-3.1529159545898438,2.547057867050171,3.8141257762908936,2.745544195175171,5.40696382522583,8.783077239990234,-10.696099281311035,-9.66844367980957,10.696099281311035,9.954920768737793,15.179662704467773,23.314193725585938,-6.1535491943359375,-3.6557211875915527,6.254602909088135,3.9737603664398193,7.8464155197143555,11.84654426574707
106.5,0.0,0.0,0.0,0.0,0.0,0,7.097370624542236,6.865596771240234,11.098002433776855,12.71375846862793,3.099762201309204,-2.7165181636810303,-3.3426454067230225,5.494025707244873,3.3532276153564453,4.3072902443062135,230.8997529834497,0.6068853484150721,0.566551318147626,234.3362182308483,50.81246903292933,50.81246903292933,0.2629726827144623,0.03705212247941482,0.550532341003418,0.34641122817993164,0.49083333333333334,0.5091666666666667,0.2111433744430542,0.0297495165270668,0.45139792561531067,0.28727373480796814,2.268920660018921,-1.3961989879608154,-1.3742947578430176,0.06732421633845598,0.006706534924912105,-6.079715728759766,-3.778202533721924,6.079715728759766,3.8835294246673584,7.534459590911865,10.711339950561523,-3.9443469047546387,-2.987466812133789,4.263242721557617,3.268164873123169,5.819394588470459,8.560449600219727,5.517134189605713,-0.6889643669128418,5.787662982940674,2.54472279548645,6.6526312828063965,9.7479248046875,-5.184865951538086,-1.4196245670318604,5.184978485107422,2.282296657562256,6.0746073722839355,8.590215682983398,-3.533841609954834,-6.553924560546875,5.151403903961182,6.553924560546875,8.653216361999512,13.682685852050781,2.518024444580078,-1.7940089702606201,5.093266010284424,3.2266135215759277,6.4554057121276855,10.49429702758789,-4.950485706329346,-3.9392969608306885,5.499374866485596,3.95522403717041,7.355885982513428,10.867183685302734,-7.111406326293945,-4.894293308258057,7.167454242706299,5.056806564331055,9.49629020690918,15.267463684082031,-1.6791601181030273,-4.028026580810547,2.9830284118652344,4.1299262046813965,5.834449768066406,10.9291353225708
107.0,0.0,0.0,0.0,0.0,0.0,0,6.897945404052734,6.058313369750977,13.112272262573242,15.670971870422363,4.211747646331787,-0.9173544645309448,-1.392759919166565,5.1284003257751465,6.019855976104736,1.667728816694043,236.6287245755668,0.2417718203037974,0.16329808479848493,233.45414661173623,-0.8820716191120539,0.8820716191120539,0.2590121030807495,0.03754916143282481,0.5672355890274048,0.34700945019721985,0.4237037037037037,0.5762962962962963,0.21191973984241486,0.030722149380271516,0.450227826833725,0.28731608390808105,1.7991636991500854,1.9498854875564575,-0.19942522048950195,-0.4032532333491411,0.0004970389534099881,-4.679862976074219,1.8449105024337769,4.82696008682251,6.460572719573975,8.594225883483887,17.819351196289062,3.408067464828491,3.7011289596557617,6.226010322570801,4.213054656982422,8.34082317352295,14.58802604675293,-0.6577044129371643,1.3949110507965088,1.4207334518432617,2.3500125408172607,2.9797937870025635,4.806154727935791,-0.14227831363677979,-2.1669273376464844,1.5295321941375732,3.412034511566162,3.983687162399292,6.545010566711426,2.2693488597869873,-5.469890594482422,6.060404300689697,5.776590347290039,9.224223136901855,13.523330688476562,-3.9962241649627686,1.0254008769989014,4.819058895111084,1.6619452238082886,5.418863773345947,8.499006271362305,-1.0670626163482666,-2.18324875831604,2.7602643966674805,4.098783493041992,5.44663667678833,11.25690746307373,0.44263216853141785,-9.752984046936035,4.226772308349609,9.75418472290039,11.60982608795166,16.189414978027344,-3.83310604095459,-0.9281383752822876,5.438758850097656,2.945666551589966,6.483432292938232,9.547727584838867
107.5,0.0,0.0,0.0,0.0,0.0,0,6.3866987228393555,5.9352617263793945,10.73403549194336,12.374177932739258,3.261516809463501,-1.2129274606704712,1.5904027223587036,4.053605079650879,5.567326068878174,2.0001434558887254,127.33111017084087,0.31317329072311634,0.21486589879058846,119.781555082658,-113.67259152907823,113.67259152907823,0.2583637833595276,0.040453410144772856,0.5618777275085449,0.3492434322834015,0.5566358024691358,0.4433641975308642,0.22521279752254486,0.0352627816080292,0.48898956179618835,0.3089488446712494,-0.29557299613952637,2.9831626415252686,-0.5112466812133789,0.05156781399210353,0.0029042487119480473,-0.8295793533325195,0.8290925025939941,2.5056018829345703,3.3544275760650635,4.731449604034424,6.3120012283325195,0.08810318261384964,-3.929226875305176,4.938243389129639,5.011294364929199,7.551305294036865,10.229369163513184,-2.1320323944091797,0.10120605677366257,3.2769415378570557,4.216306209564209,5.79736328125,8.639080047607422,0.09309397637844086,-0.5961152911186218,3.2239978313446045,2.675835132598877,4.618170261383057,8.099098205566406,-0.9640721082687378,3.7942445278167725,2.804986000061035,5.228886604309082,6.2687273025512695,9.763842582702637,-2.2231907844543457,2.0681474208831787,3.801157236099243,3.1626291275024414,5.232304096221924,9.844892501831055,0.7940317988395691,-0.7426536083221436,1.752150297164917,5.682470798492432,6.226370334625244,9.429166793823242,-3.2993805408477783,7.7652974128723145,3.680088996887207,7.96433162689209,8.906122207641602,14.230252265930176,-2.443321704864502,5.023633003234863,4.835451602935791,6.160336971282959,8.148470878601074,14.841224670410156
108.0,0.0,0.0,0.0,0.0,0.0,0,8.412383079528809,7.26439094543457,16.7278995513916,18.12533950805664,4.895082473754883,3.1878437995910645,4.210709095001221,6.861468315124512,4.444982051849365,5.2813274063740066,52.871363410413906,0.6278039595255596,0.5071057700537934,64.82753625636343,-54.95401882629457,54.95401882629457,0.2472226917743683,0.029387946322609614,0.5267011523246765,0.33929261565208435,0.5846913580246914,0.41530864197530865,0.18400581181049347,0.021873206224411947,0.4150680899620056,0.25530189275741577,4.400771260261536,2.620306372642517,2.025684356689453,0.29223987126320494,-0.011065463822163241,0.04203469306230545,3.323716402053833,2.3118488788604736,3.5799288749694824,4.7032694816589355,6.448990821838379,6.460803508758545,-0.265969455242157,7.325050354003906,2.302706480026245,8.144942283630371,14.898754119873047,6.7489914894104,2.3753552436828613,7.3521647453308105,4.986344337463379,9.641230583190918,13.878312110900879,-2.2377030849456787,5.504158020019531,4.331900596618652,5.504158020019531,7.300689697265625,10.938240051269531,10.251425743103027,4.809655666351318,10.362411499023438,6.124618053436279,12.252300262451172,18.4138126373291,3.7515251636505127,3.9063990116119385,4.629552841186523,3.998873710632324,6.699190616607666,9.594820022583008,-3.203172206878662,7.285573959350586,5.041106700897217,7.285573959350586,9.765536308288574,13.1680908203125,8.724586486816406,7.618088245391846,8.809470176696777,7.776012420654297,12.016942977905273,19.283031463623047,-1.8478976488113403,3.3394010066986084,2.9381465911865234,3.646667718887329,5.1873459815979,9.169666290283203
108.5,0.0,0.0,0.0,0.0,0.0,0,7.731903553009033,6.454867362976074,15.657191276550293,20.359895706176758,5.204804420471191,-2.9333038330078125,0.7123895883560181,7.422582626342773,4.760863780975342,3.018570903976977,166.34928942878273,0.3904046245897928,0.10807877538839678,173.42615379655297,108.59861754018954,108.59861754018954,0.2593759000301361,0.0335461849343697,0.5576733946800232,0.3463432788848877,0.5213117283950617,0.47868827160493826,0.2025957554578781,0.026202568082534558,0.4514862298965454,0.279060959815979,-6.121147632598877,-3.4983195066452026,-0.6804795265197754,-0.39902699466539665,0.004158238611760085,-0.7998509407043457,4.740571975708008,4.258371829986572,4.8925065994262695,6.9453959465026855,10.149036407470703,-6.008327007293701,3.7927534580230713,6.855862617492676,4.5515456199646,9.108477592468262,13.735487937927246,2.9860646724700928,-2.9371628761291504,3.2612969875335693,3.384409189224243,5.462597846984863,8.201508522033691,1.1705259084701538,3.231055736541748,2.408543109893799,3.736440896987915,5.108047008514404,8.843378067016602,-12.42126750946045,0.08050470054149628,12.497000694274902,1.7650625705718994,12.81325626373291,22.202604293823242,-1.8692013025283813,-2.9794530868530273,2.342297077178955,3.6650888919830322,4.6337690353393555,7.254573345184326,0.9619222283363342,1.8293973207473755,2.349740505218506,5.643916130065918,6.4703850746154785,10.796566009521484,-12.323728561401367,2.0650634765625,12.715741157531738,3.610949993133545,13.8159761428833,22.629348754882812,1.904127836227417,-3.4112250804901123,2.8590779304504395,3.7527685165405273,5.229226112365723,7.25378942489624
109.0,0.0,0.0,0.0,0.0,0.0,0,8.702743530273438,6.453498363494873,18.871198654174805,20.50782012939453,6.203354835510254,6.913010120391846,-1.074830412864685,7.527261734008789,2.9350836277008057,6.996068134392271,351.16244783834804,0.8038922565114884,0.6225671888869727,349.5474961207847,176.1213423242317,176.1213423242317,0.23362012207508087,0.02684441916712688,0.5078473091125488,0.307971715927124,0.5745524691358025,0.4254475308641975,0.18558159470558167,0.021324490689117213,0.41002336144447327,0.26160597801208496,9.846313953399658,-1.7872200012207031,0.9708399772644043,0.5144884134985759,-0.00670176576724282,7.599695205688477,-2.5374653339385986,7.599695205688477,3.0927398204803467,8.526128768920898,17.14421844482422,10.115309715270996,-2.2449615001678467,10.234004020690918,4.345905303955078,11.48320484161377,20.75726318359375,0.11460161209106445,-1.7212291955947876,2.897249460220337,1.9178789854049683,3.702010154724121,5.388474464416504,4.598045349121094,-3.0473814010620117,6.9091386795043945,3.462428331375122,8.374732971191406,16.141624450683594,14.764034271240234,-2.5530571937561035,14.764034271240234,2.9123024940490723,15.116365432739258,20.497970581054688,2.640605926513672,-0.5843866467475891,3.8177082538604736,1.0042136907577515,4.065452575683594,8.217193603515625,1.465236783027649,0.7986740469932556,4.366352558135986,2.367933511734009,5.326640605926514,9.125847816467285,16.451160430908203,0.5492090582847595,16.451160430908203,1.365659236907959,16.55010986328125,21.673927307128906,4.46840238571167,1.6671258211135864,4.530016899108887,1.9045132398605347,5.1800432205200195,8.242091178894043
109.5,0.0,0.0,0.0,0.0,0.0,0,5.9402947425842285,5.661736488342285,9.761094093322754,11.60858154296875,2.981437921524048,-1.3611005544662476,-2.7043702602386475,4.622283935546875,3.6938259601593018,3.0275754695517625,243.28403981316006,0.5096675503065468,0.4359926409746918,249.57988402811822,-99.96761209266646,99.96761209266646,0.25902625918388367,0.04360494332411782,0.5553268790245056,0.34353193640708923,0.5477006172839506,0.45229938271604936,0.18710340559482574,0.0314973216322441,0.4233953058719635,0.2611207664012909,-8.274110674858093,-1.6295398473739624,-2.762448787689209,-0.1865745479122809,0.016760524156990943,0.9301726818084717,-2.383256196975708,5.90792989730835,5.492786407470703,8.752080917358398,13.74980354309082,-4.148099899291992,-4.389546871185303,4.349316120147705,5.546691417694092,7.424162864685059,13.57613468170166,-1.2914893627166748,-2.1652326583862305,3.404921054840088,3.446202039718628,5.277535915374756,7.769367218017578,-2.4526214599609375,-1.6858174800872803,4.864083766937256,2.7302474975585938,5.979192733764648,10.152091026306152,-1.3401978015899658,-4.669727802276611,3.909450054168701,4.719455242156982,6.621519088745117,9.336960792541504,0.6392737030982971,-3.515714168548584,1.7741124629974365,3.849414587020874,4.549658298492432,7.475584983825684,-4.920244216918945,-4.164676189422607,4.998146057128906,4.2660698890686035,7.188573360443115,9.915738105773926,-0.753046452999115,-0.3292250633239746,3.758070230484009,1.7724303007125854,4.463330268859863,7.647506237030029,1.0863488912582397,-1.0361359119415283,1.6356887817382812,2.363499402999878,3.2066001892089844,5.327899932861328
110.0,0.0,0.0,0.0,0.0,0.0,0,7.007580280303955,6.391410827636719,11.769216537475586,14.006708145141602,3.5424916744232178,-1.934346318244934,-1.0078020095825195,5.497655868530273,5.164673328399658,2.1811374485406225,207.51969028208188,0.3112540079877637,0.24915287597319047,217.6569408093287,-31.922943218789527,31.922943218789527,0.24681434035301208,0.03522104567616324,0.52918940782547,0.32677575945854187,0.48669753086419754,0.5133024691358025,0.21835024654865265,0.031159145761514687,0.47480884194374084,0.286882221698761,-0.5732457637786865,1.696568250656128,1.0672855377197266,-0.18683976500150135,-0.00838389764795458,0.5861432552337646,2.228952407836914,3.7840609550476074,2.966435432434082,5.483996391296387,7.54595422744751,-4.237809181213379,2.077239751815796,4.5838165283203125,6.620299339294434,8.580060005187988,14.788433074951172,-1.6768543720245361,-4.091953277587891,3.136413335800171,5.179046154022217,6.551957607269287,11.77536392211914,-3.498203992843628,0.678800106048584,3.930769920349121,1.886415719985962,4.605199813842773,7.964629650115967,-5.841223239898682,-0.16118548810482025,6.495462417602539,4.804812431335449,8.723099708557129,12.050475120544434,3.5291481018066406,-4.629395484924316,3.9344942569732666,4.681013584136963,6.6420063972473145,9.968790054321289,-2.3484456539154053,-1.0139236450195312,3.0979974269866943,4.0798563957214355,5.448615074157715,9.514760971069336,-7.935196399688721,-0.4699404537677765,8.143954277038574,4.654374122619629,10.55074691772461,16.92874526977539,4.013325214385986,-3.688811779022217,4.886077404022217,3.792732000350952,6.482542514801025,10.446466445922852
110.5,0.0,0.0,0.0,0.0,0.0,0,5.909761905670166,5.886621952056885,9.427846908569336,10.585183143615723,2.808002471923828,-2.3513846397399902,-1.2077586650848389,3.3555221557617188,4.956101894378662,2.643424051697471,207.186719550496,0.4472978935346309,0.3784955263605595,205.9138143976202,-11.743126411708488,11.743126411708488,0.233794704079628,0.039560758665176214,0.49146124720573425,0.30547839403152466,0.4718672839506173,0.5281327160493827,0.19058841466903687,0.03224975649804417,0.4084489643573761,0.2622831463813782,-0.41703832149505615,-0.19995665550231934,-1.097818374633789,0.12934265038736903,0.004339712989012971,-3.9988338947296143,0.23667745292186737,4.027523517608643,3.1520378589630127,5.356849193572998,8.294300079345703,-0.540234386920929,0.826190710067749,2.0729610919952393,2.0467817783355713,3.3113434314727783,5.71464204788208,-0.6072642207145691,2.1291537284851074,2.1550633907318115,4.105773448944092,4.828955173492432,7.525055408477783,-4.911412239074707,3.157318592071533,4.911412239074707,3.93940806388855,6.679995536804199,9.376158714294434,-2.7153477668762207,-5.701469421386719,3.320297956466675,5.7184343338012695,7.3912672996521,10.862707138061523,-0.4385475218296051,-2.086805582046509,1.7870455980300903,3.97278094291687,4.523104667663574,7.8417277336120605,-5.360739707946777,2.0741477012634277,5.360739707946777,3.0206916332244873,6.459230899810791,9.215075492858887,-2.3920388221740723,-5.349640369415283,3.9980862140655518,5.352255821228027,7.4615159034729,10.812413215637207,-0.1980438083410263,-6.155400276184082,2.578274726867676,6.16457986831665,7.175593852996826,12.270113945007324
111.0,0.0,0.0,0.0,0.0,0.0,0,5.403282165527344,4.957014083862305,9.551295280456543,11.346953392028809,2.9030325412750244,-2.29850697517395,0.9013694524765015,4.061823844909668,3.8767316341400146,2.468927136385578,158.58715652265238,0.4569310024446258,0.33630395733172885,165.13897886882341,-40.774835528796785,40.774835528796785,0.24467059969902039,0.045281839245443524,0.5164241194725037,0.32392171025276184,0.518070987654321,0.48192901234567903,0.1962694525718689,0.03632411009366628,0.43277761340141296,0.2659008800983429,0.05287766456604004,2.1091281175613403,-0.5064797401428223,-0.042191569028830644,0.00572108058026731,-4.181279182434082,5.232878684997559,4.1967244148254395,5.364725112915039,7.630666255950928,12.380014419555664,-3.0056066513061523,0.9740665555000305,3.4774653911590576,1.5728156566619873,4.023745536804199,6.402101993560791,-1.3192899227142334,-1.4232282638549805,2.5694663524627686,3.9538276195526123,5.094399452209473,7.984982490539551,-2.0594983100891113,0.6417028903961182,4.077618598937988,2.066162347793579,4.8170013427734375,7.541883945465088,-5.329514980316162,-1.7295736074447632,5.332100868225098,2.153327703475952,6.029642581939697,10.594884872436523,1.4255200624465942,-0.2472543716430664,2.4948458671569824,2.5997936725616455,4.118715763092041,6.7989912033081055,1.062597632408142,-1.4812815189361572,2.9897572994232178,2.3128418922424316,4.126116752624512,7.1508283615112305,-5.766724109649658,2.0885698795318604,5.827145099639893,2.6788370609283447,6.706121921539307,12.254820823669434,-1.5127688646316528,4.056445598602295,3.1206612586975098,4.309709072113037,6.083133220672607,11.163285255432129
111.5,0.0,0.0,0.0,0.0,0.0,0,6.445544719696045,6.273676872253418,10.483718872070312,12.315326690673828,3.1640303134918213,-0.6666057109832764,-0.6945253014564514,4.999523162841797,5.063020706176758,0.9626674235054877,226.17508923866802,0.14935392823570148,0.23694281065754028,233.93053943634678,68.79156056752336,68.79156056752336,0.2542474567890167,0.03944545083468997,0.5398272275924683,0.33388179540634155,0.49745370370370373,0.5025462962962963,0.19582661986351013,0.030381697435658682,0.4266720712184906,0.2634238302707672,1.6319012641906738,-1.5958947539329529,1.0422625541687012,-0.09936114667418858,-0.005836388410753554,-1.7960137128829956,0.5718510150909424,4.198267459869385,2.652890682220459,5.332704067230225,8.159356117248535,-0.34712955355644226,0.40852218866348267,3.024728536605835,3.412884473800659,5.028185844421387,10.193548202514648,-2.9286322593688965,-3.412074089050293,3.326434373855591,3.415006399154663,5.118032932281494,7.784392356872559,2.196643352508545,4.935553073883057,6.7707366943359375,5.045558929443359,9.006828308105469,14.620516777038574,-1.5466344356536865,-4.369738578796387,2.858224630355835,4.648583889007568,5.827533721923828,9.901202201843262,-2.8575854301452637,-5.653346538543701,3.4572298526763916,5.653346538543701,7.069178581237793,9.508293151855469,3.169563055038452,6.790009021759033,5.748187065124512,6.790009021759033,9.190034866333008,13.460237503051758,-0.7132208943367004,-1.452815294265747,3.750769853591919,2.8574647903442383,5.137303829193115,8.734027862548828,-1.1764415502548218,-4.068688869476318,3.6719305515289307,4.395851135253906,6.300104141235352,8.725351333618164
112.0,0.0,0.0,0.0,0.0,0.0,0,6.628255367279053,5.797269821166992,11.913469314575195,16.090789794921875,4.2163214683532715,-2.031169891357422,-1.6704556941986084,6.692005634307861,3.1641924381256104,2.629842838239098,219.4342420584787,0.39676244992332993,0.23401067692659372,233.46626341232923,-0.4642760240175505,0.4642760240175505,0.25801634788513184,0.038926730287448044,0.550290048122406,0.3461991846561432,0.4705864197530864,0.5294135802469135,0.19756749272346497,0.02980685745632495,0.4357636272907257,0.26727473735809326,-1.3645641803741455,-0.975930392742157,0.1827106475830078,-0.0029321337309465567,-0.0005187205472419257,0.5136347413063049,-0.3092939555644989,5.241055965423584,1.7970036268234253,5.8995361328125,9.542797088623047,-6.543491840362549,-0.35501158237457275,6.652210712432861,1.9717073440551758,7.099914073944092,10.914308547973633,3.0800514221191406,-2.611220121383667,3.291929006576538,3.5256471633911133,5.0957770347595215,8.027006149291992,1.9404438734054565,0.8080014586448669,5.865256309509277,1.5553390979766846,6.197091102600098,10.258085250854492,-10.050710678100586,-4.4268717765808105,10.065672874450684,4.497156620025635,11.213181495666504,16.737504959106445,1.1074795722961426,-1.4341667890548706,1.6803423166275024,2.390965700149536,3.2483808994293213,4.916950225830078,0.8802033066749573,-1.6089112758636475,4.499313831329346,2.720130681991577,5.456348896026611,7.8404693603515625,-9.633543968200684,-5.64843225479126,10.11087703704834,5.64843225479126,12.253426551818848,20.38140869140625,0.4254027009010315,0.5518038868904114,2.5522327423095703,1.583570122718811,3.1906371116638184,5.612391948699951
112.5,0.0,0.0,0.0,0.0,0.0,0,8.039926528930664,6.906126022338867,14.249342918395996,18.90997314453125,4.806304454803467,1.2704514265060425,-4.406766891479492,6.500488758087158,4.944794654846191,4.586244788816997,286.0820377978524,0.5704336690533144,0.534563012166656,279.372023739513,45.90576032718377,45.90576032718377,0.27049028873443604,0.03364337399324943,0.5822278261184692,0.37255239486694336,0.4767901234567901,0.5232098765432098,0.21928827464580536,0.02727490687655134,0.49488136172294617,0.31448760628700256,3.3016213178634644,-2.736311197280884,1.4116711616516113,0.3005523352400623,-0.005283356294198613,1.3579397201538086,-5.681834697723389,1.798994541168213,5.681834697723389,6.1421895027160645,7.835136890411377,0.9753788113594055,-2.493391275405884,5.500370979309082,4.0975141525268555,7.554356575012207,10.92690658569336,-0.3932200074195862,-1.2136662006378174,3.8221325874328613,2.889678716659546,5.249430179595947,7.947987079620361,3.990140199661255,-5.71708345413208,4.615576267242432,5.754875183105469,7.926103591918945,9.800707817077637,-3.4287471771240234,-5.575888633728027,6.038240909576416,5.672200679779053,8.812832832336426,14.247611045837402,2.8943190574645996,-2.8897385597229004,3.810913562774658,4.832202911376953,6.817853927612305,11.047772407531738,0.7817960381507874,-2.5662176609039307,3.399526596069336,2.9526355266571045,4.811093807220459,9.20905876159668,-5.005141258239746,-3.3418772220611572,5.265726566314697,3.3638672828674316,6.752586841583252,10.776330947875977,10.261597633361816,-10.181204795837402,11.427746772766113,11.56182861328125,18.29289436340332,24.511144638061523
113.0,0.0,0.0,0.0,0.0,0.0,0,8.18222713470459,7.7842607498168945,13.432588577270508,14.572551727294922,3.7255685329437256,0.45568010210990906,2.2536051273345947,7.85138463973999,3.728013515472412,2.299213001313204,78.56888837640007,0.28100087707919813,0.32883397641761286,63.73297058307389,144.3609468435609,144.3609468435609,0.26757439970970154,0.032701899202100655,0.5855970978736877,0.36445900797843933,0.5915432098765432,0.4084567901234568,0.20635077357292175,0.025219386477100696,0.4738186001777649,0.29893195629119873,-0.8147713243961334,6.660372018814087,0.14230060577392578,-0.20572903574904317,-0.0009414747911487761,-9.409103393554688,-1.5196431875228882,9.62164306640625,2.0447120666503906,9.923945426940918,15.352845191955566,6.824309825897217,-0.7519708871841431,6.877361297607422,3.0332891941070557,7.759398937225342,10.741174697875977,2.5033576488494873,2.282608985900879,3.818263292312622,2.3793282508850098,4.80855131149292,6.921668529510498,-8.458085060119629,3.480165958404541,8.685381889343262,3.5868172645568848,9.902787208557129,12.877776145935059,6.712863445281982,2.4739274978637695,6.821484565734863,2.9479708671569824,7.854404926300049,13.136252403259277,2.045124053955078,2.4718174934387207,3.722369909286499,3.2095394134521484,5.555371284484863,8.511798858642578,-5.6573381423950195,5.362906455993652,7.597721576690674,5.391162872314453,10.163851737976074,16.172382354736328,5.750823497772217,5.856858730316162,6.919013977050781,6.632547855377197,9.856117248535156,14.944419860839844,3.789170503616333,0.6257748603820801,6.744539737701416,2.9202685356140137,7.815615177154541,11.855679512023926
113.5,0.0,0.0,0.0,0.0,0.0,0,12.4165620803833,10.108125686645508,22.675975799560547,29.45892906188965,8.30920124053955,1.3059208393096924,2.3727126121520996,11.994181632995605,8.486356735229492,2.7083563979670346,61.17198764461831,0.21812450019848226,0.2150841252480524,47.90751196040384,-15.825458622670055,15.825458622670055,0.3130545914173126,0.025212660652600544,0.6762261390686035,0.45618388056755066,0.6163117283950618,0.3836882716049383,0.2416510283946991,0.019461990152208796,0.541405975818634,0.4019848704338074,0.8502407371997833,0.11910748481750488,4.234334945678711,-0.11374985116956046,-0.007489238549500111,-1.0512447357177734,0.09736324846744537,2.3349123001098633,8.369025230407715,8.918217658996582,12.943147659301758,9.830021858215332,-9.44904613494873,9.830021858215332,9.44904613494873,14.346110343933105,18.07098960876465,0.27031370997428894,5.3286566734313965,2.6464216709136963,5.523609161376953,6.7075276374816895,9.555827140808105,-2.8698151111602783,0.7036711573600769,3.9437882900238037,4.568490505218506,6.688070297241211,10.398776054382324,12.694477081298828,-5.242436408996582,12.694477081298828,5.7500128746032715,14.225669860839844,21.65697479248047,-2.3423659801483154,10.068926811218262,6.538609981536865,10.101204872131348,12.715187072753906,21.092679977416992,-2.035024404525757,2.7129111289978027,5.454639911651611,3.268552541732788,6.927849292755127,10.35546875,11.768257141113281,1.5118930339813232,11.790180206298828,2.9840760231018066,12.530516624450684,22.479061126708984,-14.511330604553223,15.622477531433105,22.150726318359375,15.622477531433105,28.689916610717773,45.1898193359375
114.0,0.0,0.0,0.0,0.0,0.0,0,8.096746444702148,7.065388202667236,15.001985549926758,16.27170753479004,4.635970115661621,0.7148608565330505,-2.6775035858154297,5.868597507476807,6.702912330627441,2.771290583150322,284.94859513148737,0.34227212153390685,0.2139465608578754,284.59970345758836,-123.30780850281548,123.30780850281548,0.2700151205062866,0.033348591190523365,0.5601780414581299,0.35755279660224915,0.5468055555555555,0.45319444444444446,0.20299206674098969,0.025070816167523068,0.47188639640808105,0.2953892648220062,-0.5910599827766418,-5.050216197967529,-4.319815635681152,-0.0011375643901770094,0.00813593053792282,-2.870295524597168,-0.8635619282722473,5.073636531829834,7.292911052703857,9.216386795043945,14.84552001953125,3.11328125,-12.640975952148438,7.039451599121094,12.640975952148438,14.823508262634277,17.35400390625,-0.7955449819564819,3.1833908557891846,3.508450984954834,5.090237140655518,6.764022350311279,13.314223289489746,-2.3323147296905518,0.17931081354618073,4.404049873352051,4.030379295349121,6.285886287689209,12.522719383239746,3.6469476222991943,-9.277525901794434,6.8378143310546875,9.277525901794434,12.252219200134277,16.32406997680664,1.8965128660202026,0.39754489064216614,3.984360456466675,4.865506649017334,6.7213521003723145,11.27914810180664,-1.576959490776062,-0.09054319560527802,2.8464293479919434,1.9133832454681396,3.780454158782959,7.875412940979004,2.5264484882354736,-3.863595724105835,5.90483283996582,3.984013080596924,7.523972511291504,13.365142822265625,2.825671434402466,-1.1215769052505493,3.283379554748535,3.8628616333007812,5.502920150756836,8.4342622756958
114.5,0.0,0.0,0.0,0.0,0.0,0,7.351550579071045,6.786037921905518,13.509968757629395,14.865421295166016,4.045766353607178,0.6983760595321655,-3.0336735248565674,6.823638439178467,3.763054370880127,3.1130217114474714,282.96408535445886,0.4234510363446127,0.36411665645964186,277.0300083239313,-7.569695133657035,7.569695133657035,0.2368493229150772,0.032217596566874104,0.4970363974571228,0.31704849004745483,0.5556944444444445,0.44430555555555556,0.19243185222148895,0.026175678719213308,0.427849680185318,0.2631310820579529,-0.01648479700088501,-0.3561699390411377,-0.7451958656311035,0.15017009560176647,-0.0011309946236492605,-2.567758321762085,-3.5063235759735107,3.9205455780029297,4.2514262199401855,5.973307132720947,10.09638786315918,-0.030052773654460907,-6.967474937438965,6.395167827606201,7.017393589019775,10.339695930480957,15.256338119506836,4.128857612609863,-2.658472776412964,4.373595714569092,3.5719480514526367,5.889920234680176,8.798844337463379,-5.3123273849487305,-2.3440544605255127,5.312354564666748,2.820347785949707,6.267340660095215,11.547800064086914,0.5033276081085205,-6.560782432556152,6.335097789764404,6.560782432556152,9.820478439331055,14.376171112060547,4.814152240753174,-2.2032086849212646,5.73661470413208,2.9273111820220947,7.022823810577393,15.18608283996582,-3.7703163623809814,-0.39011555910110474,3.950108528137207,2.3126394748687744,5.1013336181640625,8.562968254089355,1.7041445970535278,-0.49828338623046875,7.208164691925049,2.1238903999328613,7.768987655639648,14.118769645690918,6.815357208251953,-2.1743478775024414,6.920257568359375,2.3775885105133057,7.980064868927002,14.685400009155273
115.0,0.0,0.0,0.0,0.0,0.0,0,6.251633644104004,5.694057464599609,11.156065940856934,12.57314682006836,3.3825247287750244,0.8164600133895874,0.25310859084129333,4.922563076019287,5.0558977127075195,0.8547929060432068,17.22381947756035,0.1367311257673221,0.21120901383735846,50.01807954744291,132.9880712235116,132.9880712235116,0.253852516412735,0.04060578246557427,0.5236801505088806,0.32986998558044434,0.5784259259259259,0.4215740740740741,0.18025554716587067,0.028833346384992596,0.39275482296943665,0.2392900139093399,0.11808395385742188,3.2867821156978607,-1.099916934967041,-0.1529076426222834,0.008388185898700162,-6.2605977058410645,0.029677733778953552,6.27892541885376,4.506028652191162,8.93101978302002,11.301136016845703,0.8369540572166443,-7.292375087738037,2.8280701637268066,7.294220924377441,8.30556583404541,13.903985023498535,1.4292198419570923,-0.441787987947464,2.389174222946167,2.2818939685821533,3.6556363105773926,5.4697489738464355,-1.9760950803756714,3.7178597450256348,2.4170613288879395,4.016226768493652,5.285277843475342,7.375581741333008,4.423250675201416,-3.8542885780334473,6.219140529632568,4.888813018798828,8.568665504455566,12.22353458404541,1.3312921524047852,1.507834792137146,2.10992693901062,3.6250417232513428,4.417198657989502,8.497512817382812,-0.6005388498306274,3.685950517654419,1.6586321592330933,3.7321174144744873,4.337360858917236,6.67277717590332,6.742997169494629,1.7512577772140503,7.757467269897461,2.3549556732177734,8.640667915344238,14.213639259338379,1.421658992767334,3.17384934425354,1.9282726049423218,3.2583541870117188,4.123307704925537,6.012886047363281
115.5,0.0,0.0,0.0,0.0,0.0,0,7.287989139556885,6.823436737060547,11.725494384765625,13.81975269317627,3.6717512607574463,1.499926209449768,-2.0132999420166016,5.5647406578063965,5.415445804595947,2.5106085497979174,306.68643558283543,0.34448576990477847,0.28208293196646067,328.12563945142915,-81.89244009601373,81.89244009601373,0.2730688452720642,0.03746833352448347,0.5849737524986267,0.3643849492073059,0.45220679012345677,0.5477932098765432,0.222593754529953,0.03054254331681723,0.4873274862766266,0.3008672893047333,0.6834661960601807,-2.266408532857895,1.0363554954528809,0.07087391812910221,-0.0031374489410907966,3.9116032123565674,-0.1039457768201828,4.237379550933838,5.160680294036865,7.254509925842285,9.50731372833252,0.6686606407165527,4.008497714996338,3.561892032623291,4.04542875289917,5.771024227142334,7.842724800109863,5.118058204650879,1.2432490587234497,5.183428764343262,1.8517683744430542,5.7936272621154785,9.231783866882324,1.8095234632492065,-0.604405403137207,3.40732479095459,2.7134387493133545,4.743399143218994,9.12233829498291,-1.8046199083328247,-3.9143223762512207,4.045819282531738,4.22760009765625,6.571351528167725,10.675636291503906,5.179548740386963,-4.408113956451416,5.188690662384033,4.4090471267700195,7.294624328613281,10.344141960144043,-3.1205437183380127,-0.45078355073928833,5.655400276184082,4.20773983001709,7.448801040649414,11.970108032226562,-3.789663076400757,-10.801095008850098,5.877739429473877,10.801095008850098,12.618871688842773,19.248828887939453,5.526768207550049,-3.0887818336486816,6.444255828857422,3.3749945163726807,8.09569263458252,12.227326393127441
116.0,0.0,0.0,0.0,0.0,0.0,0,7.601142883300781,7.238971710205078,13.182245254516602,14.53154468536377,3.9013335704803467,2.1069695949554443,0.45253583788871765,5.752492427825928,5.938223838806152,2.15501961908479,12.121855090372216,0.2835125785912048,0.1960358118628623,33.4367945242169,65.31115507278776,65.31115507278776,0.30309218168258667,0.0398745486647688,0.6530055403709412,0.40976184606552124,0.4647222222222222,0.5352777777777777,0.2495298832654953,0.032827938412492916,0.5480667352676392,0.3466045558452606,0.6070433855056763,2.465835779905319,0.3131537437438965,-0.08604712010359836,0.0024062151402853282,-1.0486725568771362,-0.21500997245311737,3.4690282344818115,4.841748237609863,6.382919788360596,10.581089973449707,-0.1990971863269806,1.4621844291687012,4.266960144042969,2.9930837154388428,5.859823226928711,8.841232299804688,-1.1063861846923828,1.4066591262817383,1.5208688974380493,3.6155292987823486,4.11762809753418,6.515563488006592,5.155718803405762,-1.6666364669799805,5.705334663391113,2.7279162406921387,6.885457515716553,11.453400611877441,0.6618945598602295,4.500040054321289,3.421560764312744,4.994056224822998,6.660551071166992,11.805951118469238,3.2075581550598145,0.5018821358680725,4.748079776763916,5.807404518127441,8.444380760192871,13.717191696166992,8.934470176696777,-4.950279235839844,8.957919120788574,6.0142927169799805,11.717672348022461,15.50097942352295,-2.425912618637085,2.4205729961395264,3.421449661254883,4.8404927253723145,6.5520172119140625,11.031646728515625,5.783154487609863,0.6134101152420044,7.832494735717773,7.538464069366455,11.789836883544922,16.069137573242188
116.5,0.0,0.0,0.0,0.0,0.0,0,7.389937400817871,7.118348121643066,12.30557632446289,14.574012756347656,3.851095199584961,0.4676392674446106,1.1775646209716797,6.31955099105835,5.282048225402832,1.2670220680873352,68.34078127012013,0.17145234111822236,0.049732297788934336,32.94594460640309,-0.4908499178138186,0.4908499178138186,0.3068545162677765,0.041523284718288825,0.6685769557952881,0.41450804471969604,0.5435648148148148,0.45643518518518517,0.2236507683992386,0.030264226339760336,0.4923991560935974,0.31287798285484314,-1.6393303275108337,0.725028783082962,-0.21120548248291016,-0.14630351407392797,0.0016487360535200266,2.7216131687164307,-1.481580138206482,3.7276008129119873,2.1890792846679688,4.542954444885254,7.620876312255859,0.8475185632705688,-0.6547984480857849,3.960585832595825,2.711024761199951,5.279529094696045,7.8457350730896,-3.760179042816162,-5.731232166290283,4.044765949249268,5.980713844299316,7.869948863983154,9.799212455749512,2.7500574588775635,0.36658748984336853,4.811139106750488,2.8086464405059814,5.807069301605225,10.886957168579102,2.2301836013793945,1.8523380756378174,4.124589443206787,4.278356552124023,6.4350714683532715,9.860668182373047,-5.634417533874512,4.255799770355225,6.391900062561035,6.812978744506836,9.951842308044434,16.230215072631836,7.8193793296813965,2.2593281269073486,7.933258056640625,4.291192054748535,9.481423377990723,17.86705207824707,-0.24061919748783112,3.2983853816986084,5.228254318237305,4.264487266540527,7.410945415496826,10.525568008422852,-2.524782419204712,6.433252811431885,6.211483478546143,6.675702095031738,9.730649948120117,13.874665260314941
117.0,0.0,0.0,0.0,0.0,0.0,0,6.761880874633789,5.867551803588867,12.40623664855957,14.850225448608398,4.160387992858887,1.5447280406951904,0.19002634286880493,5.329863548278809,5.674691200256348,1.5563722982288315,7.013066028857235,0.23016854734417688,0.187212830247791,15.604020351132458,-17.34192425527064,17.34192425527064,0.2954132854938507,0.04368802812158704,0.6415193676948547,0.39985087513923645,0.5156172839506172,0.4843827160493827,0.2348734587430954,0.03473492484750271,0.51917964220047,0.32794609665870667,1.0770887732505798,-0.9875382781028748,-0.628056526184082,0.13748053245885666,0.002164743403298218,1.1484148502349854,-1.7240530252456665,1.8267972469329834,4.563955307006836,5.2675042152404785,8.650651931762695,0.6810644268989563,0.8576576113700867,3.447248697280884,1.9020076990127563,4.118391036987305,9.069056510925293,2.500673770904541,1.098891019821167,2.7291414737701416,2.506997585296631,4.054479122161865,6.089469909667969,-0.5965241193771362,3.5807807445526123,4.396798133850098,3.804534435272217,6.143620014190674,10.283581733703613,2.9189279079437256,2.417438268661499,3.6005055904388428,3.967846155166626,6.052297592163086,13.148225784301758,2.611797571182251,-4.2311201095581055,3.069718599319458,4.256247043609619,5.61427640914917,9.248088836669922,-1.6186270713806152,5.115532398223877,8.087779998779297,5.115532398223877,9.843642234802246,13.5570707321167,3.3102712631225586,4.199528694152832,3.7572755813598633,5.689589500427246,7.194237232208252,11.755505561828613,2.9465537071228027,-9.604418754577637,7.245999813079834,9.604418754577637,12.568480491638184,19.05073356628418
117.5,0.0,0.0,0.0,0.0,0.0,0,6.472031593322754,5.801952362060547,12.758246421813965,15.397064208984375,3.9713335037231445,-2.2045114040374756,2.047257423400879,4.214583873748779,5.553812503814697,3.00851017751333,137.11815006649783,0.46484788186405546,0.3900082098285071,145.38064158066675,129.77662122953427,129.77662122953427,0.26948636770248413,0.04163859866535828,0.5843225717544556,0.3644122779369354,0.5582561728395061,0.4417438271604938,0.20910249650478363,0.032308628470214484,0.4565885663032532,0.2915757894515991,-3.749239444732666,1.857231080532074,-0.28984928131103516,0.20279537958071608,-0.0020494294562287615,1.840087890625,0.294185072183609,2.620150327682495,1.5026963949203491,3.2051916122436523,5.773141860961914,-3.4994444847106934,-0.9152671694755554,3.6488029956817627,2.616441488265991,4.659584999084473,8.105480194091797,-1.485007405281067,-2.1405513286590576,3.7720789909362793,3.0852866172790527,5.531079292297363,9.135936737060547,-1.774965763092041,3.531484365463257,2.563218116760254,3.932476758956909,5.011519432067871,7.679492473602295,-5.108084678649902,0.2678569555282593,5.131554126739502,1.9863783121109009,6.009686470031738,9.916587829589844,0.47162961959838867,3.581239938735962,3.811347484588623,5.812908172607422,7.436160087585449,12.140068054199219,-3.6304407119750977,4.377018451690674,3.7589588165283203,4.451549530029297,6.0863518714904785,9.503059387207031,-5.557488441467285,-2.005876302719116,5.6444478034973145,3.306922674179077,7.294724464416504,14.609329223632812,-1.0968894958496094,11.435227394104004,2.725741147994995,11.63334846496582,13.013988494873047,16.850969314575195
118.0,0.0,0.0,0.0,0.0,0.0,0,6.303379058837891,5.826272487640381,10.402746200561523,11.876531600952148,3.1035749912261963,-2.201234817504883,0.6258517503738403,3.936404228210449,5.350922107696533,2.288476597049171,164.12856903740865,0.36305552556616855,0.3906865011958985,175.92383731897175,30.543195738305002,30.543195738305002,0.24617889523506165,0.039055061401524926,0.5253099203109741,0.33794111013412476,0.5307716049382716,0.4692283950617284,0.21154871582984924,0.03356115510332261,0.4595717787742615,0.2968750596046448,0.0032765865325927734,-1.4214056730270386,-0.16865253448486328,0.0006782913673913926,-0.002583537263833355,-4.201411247253418,1.1979683637619019,4.201411247253418,1.9751324653625488,4.839414119720459,6.629059314727783,-3.617413282394409,-1.0968519449234009,3.6502017974853516,3.0904722213745117,5.2314581871032715,9.010261535644531,-4.016626358032227,-3.8976635932922363,5.131435394287109,4.005779266357422,7.032111644744873,11.270292282104492,-2.260160207748413,2.966221332550049,3.194471597671509,4.383595943450928,5.99937629699707,9.445405960083008,0.23521684110164642,1.6602208614349365,2.4411799907684326,3.5264832973480225,4.686519145965576,6.987423896789551,-3.6977336406707764,-2.5867459774017334,3.719292163848877,3.0856995582580566,5.142071723937988,7.447272300720215,-2.6337857246398926,4.512789249420166,3.320594072341919,9.57015609741211,10.5330171585083,16.248897552490234,3.3966681957244873,2.985910415649414,5.69730806350708,4.820976257324219,7.779539585113525,9.9210844039917,-3.0158674716949463,-0.10918285697698593,3.1541903018951416,4.033761024475098,5.486907482147217,8.576772689819336
118.5,0.0,0.0,0.0,0.0,0.0,0,7.725769996643066,5.646553993225098,18.181726455688477,22.487211227416992,6.520493030548096,-1.4598162174224854,0.5178940892219543,9.32999038696289,3.5716018676757812,1.5489601919677376,160.46701283846872,0.200492661914706,0.1296352447290535,41.0457585789197,-134.87807874005205,134.87807874005205,0.32168352603912354,0.0416377247240306,0.6939074993133545,0.4526674747467041,0.5654166666666667,0.4345679012345679,0.235365092754364,0.030464932607584767,0.5092237591743469,0.35775887966156006,0.7414186000823975,-0.10795766115188599,1.4223909378051758,-0.261051256466845,0.002582663322505674,-3.2345693111419678,-0.6511954069137573,5.773111820220947,3.6702558994293213,7.349154949188232,12.101750373840332,2.464991807937622,-0.4244072735309601,4.102321624755859,1.4331024885177612,4.550142765045166,8.288569450378418,1.1393194198608398,-1.7005585432052612,5.237640380859375,3.67429256439209,6.672974586486816,12.864425659179688,-8.519049644470215,-1.1719379425048828,11.978775024414062,2.8932058811187744,13.010469436645508,21.77239418029785,5.571560859680176,0.005013410933315754,5.93022346496582,1.849357008934021,6.5876336097717285,12.678949356079102,0.7066296935081482,1.196121096611023,1.937064528465271,2.6036953926086426,3.618288278579712,5.5742034912109375,-16.27683448791504,1.701178789138794,16.964920043945312,2.382810354232788,17.362024307250977,30.827056884765625,3.1715357303619385,2.3954811096191406,3.548651695251465,3.148122787475586,5.201394081115723,8.24657917022705,1.8380696773529053,3.3113508224487305,3.4448089599609375,3.3567917346954346,5.179845333099365,7.9252448081970215
119.0,0.0,0.0,0.0,0.0,0.0,0,7.31585168838501,6.696995735168457,13.402589797973633,15.370089530944824,4.182757377624512,-0.2388085573911667,4.1492156982421875,5.441246032714844,4.912939071655273,4.156082342497879,93.29403072375095,0.5680927552285225,0.507946356533079,102.74063886995928,61.69488029103957,61.69488029103957,0.37058955430984497,0.05065568842005393,0.8305999636650085,0.5306062698364258,0.4990277777777778,0.5009722222222223,0.2716672420501709,0.03713405034542078,0.599539041519165,0.4085964262485504,1.2210076600313187,3.631321609020233,-0.40991830825805664,0.37831111180402544,0.009017963696023333,-0.3307373821735382,3.7766902446746826,4.8882646560668945,5.668735980987549,8.55918025970459,12.488883972167969,-4.173590660095215,6.955625057220459,4.693021297454834,6.9563775062561035,8.928131103515625,13.533041000366211,0.7975668907165527,2.923668622970581,3.6529133319854736,3.2819042205810547,5.396185874938965,12.747664451599121,1.5038114786148071,3.1674001216888428,2.8567848205566406,4.7374491691589355,6.047433853149414,8.871644020080566,-0.8108915686607361,7.362604141235352,3.867560863494873,7.8053765296936035,8.961908340454102,16.389507293701172,1.2945201396942139,0.16789492964744568,5.285303592681885,2.0058114528656006,5.902933597564697,11.843955039978027,-3.425562620162964,4.392969131469727,5.519579887390137,4.772257328033447,7.724764347076416,11.546947479248047,1.6287789344787598,7.303754806518555,3.6660642623901367,8.285762786865234,9.398548126220703,16.440509796142578,1.3668278455734253,1.2923377752304077,4.297926425933838,1.919979214668274,4.923583030700684,11.016997337341309
119.5,0.0,0.0,0.0,0.0,0.0,0,5.694535255432129,5.117430686950684,10.718070983886719,11.968879699707031,3.161985158920288,0.8675732612609863,0.3791869282722473,4.50637674331665,4.6067328453063965,0.9468189321235428,23.608511459662008,0.16626799021401328,0.04962579089586107,41.71407672718673,-61.02656214277255,61.02656214277255,0.2760394811630249,0.04847444441146642,0.5894306898117065,0.3761972486972809,0.5318364197530864,0.46816358024691357,0.23342515528202057,0.04099107369091763,0.5157784819602966,0.31491392850875854,1.106381818652153,-3.77002876996994,-1.6213164329528809,-0.4583205656372179,-0.0021812440085875115,-2.8572072982788086,-1.7561814785003662,3.3578386306762695,4.277687072753906,5.995488166809082,11.678255081176758,-1.6296162605285645,-1.5972217321395874,2.7960610389709473,3.5944151878356934,4.966244220733643,9.28862476348877,1.8916414976119995,-1.2283589839935303,2.255547285079956,3.1438660621643066,4.027031898498535,7.756070613861084,3.282944917678833,3.212315559387207,5.311853885650635,3.7118611335754395,6.853898048400879,10.939440727233887,1.308645248413086,0.16675163805484772,3.780219793319702,2.324206829071045,4.918612003326416,8.050597190856934,-1.6311359405517578,-0.22348052263259888,2.762286424636841,2.3753345012664795,3.952923536300659,6.674603462219238,6.075932502746582,6.432013034820557,6.333503723144531,6.610732555389404,9.822432518005371,12.79466724395752,3.271407127380371,0.48455333709716797,4.023418426513672,4.211799621582031,6.50547981262207,9.817627906799316,-1.9044524431228638,-2.0777080059051514,2.6046721935272217,2.803032159805298,4.208707809448242,6.714930534362793
120.0,0.0,0.0,0.0,0.0,0.0,0,7.7167439460754395,7.023377418518066,13.244524002075195,15.307682037353516,4.0794525146484375,-1.6517094373703003,2.750908136367798,5.960448265075684,5.510670185089111,3.208681916337714,120.98158798485582,0.41580774725194514,0.3723633995132236,129.5613540474826,87.84727732029592,87.84727732029592,0.25622451305389404,0.03320370374353295,0.5630286335945129,0.3430289924144745,0.5697993827160494,0.4302006172839506,0.23141612112522125,0.0299888259547718,0.5098503232002258,0.3176672160625458,-2.5192826986312866,2.3717212080955505,2.0222086906433105,0.32273760861736256,-0.01527074066793347,-3.767503261566162,1.17454993724823,3.844433069229126,1.7439810037612915,4.555659294128418,6.438660144805908,4.708203315734863,-3.8848962783813477,5.426044940948486,4.480778694152832,7.397249221801758,12.586860656738281,6.535064220428467,1.5600908994674683,6.535064220428467,3.356088876724243,7.525494575500488,11.234320640563965,-4.820030689239502,1.5272341966629028,4.820030689239502,2.2175164222717285,5.607785224914551,8.225066184997559,-2.5545411109924316,3.610825300216675,4.139291763305664,5.605947494506836,7.760765075683594,15.394013404846191,3.6006808280944824,4.8899760246276855,3.8839404582977295,5.298030376434326,7.0284037590026855,10.333259582519531,-4.9082489013671875,1.7904553413391113,4.9082489013671875,2.534212827682495,5.722139835357666,9.08401107788086,-9.312178611755371,6.755339622497559,9.312178611755371,8.303547859191895,13.759735107421875,20.062482833862305,-4.346829414367676,7.334598541259766,5.02415132522583,7.334598541259766,10.093461990356445,13.573347091674805
120.5,0.0,0.0,0.0,0.0,0.0,0,6.531094551086426,5.61767578125,13.502188682556152,15.485122680664062,4.371458530426025,3.234254837036133,-0.31170645356178284,5.757840633392334,4.249064922332764,3.249240721166052,354.4950303220077,0.49750324325431056,0.3579213721362206,343.7127022981134,-145.8486517493692,145.8486517493692,0.2341178059577942,0.035846636161807416,0.5016991496086121,0.31123772263526917,0.5595524691358025,0.4404475308641975,0.20802412927150726,0.03185133759632458,0.455905020236969,0.3136269152164459,4.885964274406433,-3.0626145899295807,-1.1856493949890137,-0.014442027377003008,0.0026429324182744643,0.650048017501831,-2.255117893218994,3.9902055263519287,3.5615859031677246,5.864140510559082,9.698573112487793,6.7931108474731445,-3.8066248893737793,6.907656192779541,4.159743309020996,8.362632751464844,14.890715599060059,1.675046443939209,-0.33393195271492004,2.486041307449341,2.4643280506134033,3.828965902328491,6.369933605194092,0.5437637567520142,-2.245394229888916,2.9828150272369385,3.043083429336548,4.688228130340576,7.335550785064697,9.888330459594727,-0.5912141799926758,9.888330459594727,2.7822458744049072,10.599340438842773,16.128482818603516,0.04247612878680229,-1.1884289979934692,2.845799684524536,3.3192996978759766,4.658722400665283,6.8406805992126465,-2.1020214557647705,0.9086779356002808,3.2688145637512207,2.940019369125366,4.907848834991455,7.605520725250244,9.4389009475708,6.175605773925781,9.5236177444458,6.175605773925781,11.877837181091309,19.87199592590332,2.1786391735076904,0.5310701131820679,2.2966527938842773,2.70650577545166,3.9921376705169678,7.646792411804199
121.0,0.0,0.0,0.0,0.0,0.0,0,6.951691150665283,6.759128570556641,12.297836303710938,13.173742294311523,3.4408905506134033,2.4326043128967285,-3.6623871326446533,3.7261624336242676,5.1914167404174805,4.3966627403617045,303.59262034726726,0.6324594469276644,0.5326131984297604,301.2968740860437,-42.4158282120697,42.4158282120697,0.22839099168777466,0.03285401406417536,0.4943031668663025,0.3333892524242401,0.5311265432098765,0.46887345679012343,0.19777534902095795,0.02844995790011079,0.45099157094955444,0.28277847170829773,-0.8016505241394043,-3.3506806790828705,0.4205965995788574,0.1746918262935398,-0.0029926220976320556,0.3365511894226074,-2.126755952835083,4.281039237976074,2.753298044204712,5.558750152587891,8.529294967651367,2.335279941558838,-5.16014289855957,2.399143695831299,5.1603899002075195,5.9637770652771,9.466389656066895,2.762279748916626,-2.9317195415496826,3.5101675987243652,4.2645158767700195,6.711121082305908,10.203561782836914,2.7822980880737305,0.2806336581707001,3.0412933826446533,5.621363162994385,6.848860263824463,12.791780471801758,5.180924415588379,-8.360655784606934,5.180924415588379,8.360700607299805,9.93748950958252,13.6309232711792,2.334925413131714,-3.6435632705688477,3.450937509536743,3.7566943168640137,5.492487907409668,9.052006721496582,1.5738478899002075,1.374953031539917,3.7752609252929688,5.3116583824157715,6.950055122375488,10.111950874328613,4.139825344085693,-7.240199565887451,4.339786052703857,7.295377731323242,8.89901351928711,13.520334243774414,0.4475071132183075,-5.154035568237305,2.812852621078491,5.163532257080078,6.203666687011719,9.399847984313965
121.5,0.0,0.0,0.0,0.0,0.0,0,7.792771816253662,6.910710334777832,13.303695678710938,16.772199630737305,4.4992241859436035,3.565182685852051,1.8954111337661743,5.101726531982422,6.216075420379639,4.037711102778902,27.997116713405102,0.5181354206159744,0.40881600623910347,27.27846260129574,85.98158851525204,85.98158851525204,0.25852641463279724,0.03317515096726284,0.5456938743591309,0.3449937105178833,0.4419444444444444,0.5580555555555555,0.23155951499938965,0.029714649773494972,0.5038420557975769,0.3245425820350647,1.1325783729553223,5.557798266410828,0.8410806655883789,-0.12379719219065694,0.00032113690308747944,4.003538608551025,4.095554828643799,6.395440101623535,4.297820568084717,8.40455150604248,12.261893272399902,6.980041027069092,6.785971641540527,6.980041027069092,6.898642063140869,10.41858959197998,17.34595489501953,5.268254280090332,6.31190824508667,6.051888942718506,6.544601917266846,9.14287281036377,22.00372314453125,5.098383903503418,-1.4211183786392212,5.146462440490723,3.0402426719665527,6.2480010986328125,9.518189430236816,1.5916857719421387,6.4757399559021,3.1751768589019775,6.56620979309082,7.814517498016357,11.94853401184082,3.3196141719818115,-0.2501543462276459,3.9703903198242188,5.180844306945801,6.83014440536499,12.213459968566895,5.399418830871582,-3.118814468383789,5.464785099029541,3.4703216552734375,7.187033653259277,10.293660163879395,-3.8139445781707764,3.369675397872925,3.9947168827056885,3.95790958404541,6.002382755279541,10.759870529174805,4.239652633666992,-5.190062999725342,4.507310390472412,6.250502586364746,8.08685302734375,12.952198028564453
122.0,0.0,0.0,0.0,0.0,0.0,0,8.255754470825195,6.649394989013672,18.161773681640625,20.697988510131836,5.491191864013672,4.598556995391846,-1.8252168893814087,7.714597702026367,3.7838492393493652,4.947539098698506,338.35133795308917,0.5992837015905077,0.4470329753182411,330.8135506627824,-56.46491193851335,56.46491193851335,0.27393874526023865,0.033181547858134104,0.5871362090110779,0.39447012543678284,0.5100925925925925,0.4899074074074074,0.2265225052833557,0.02743813162633727,0.4844483435153961,0.351931631565094,1.033374309539795,-3.720628023147583,0.4629826545715332,0.03821696907913763,6.396890871264438e-06,4.452977657318115,-2.2761502265930176,5.849137306213379,3.8761165142059326,7.575865745544434,14.272099494934082,11.286991119384766,-1.3318910598754883,11.287100791931152,1.9237421751022339,11.621109008789062,20.660585403442383,3.3505566120147705,2.998462438583374,3.5830509662628174,3.16641902923584,5.4827094078063965,7.385937690734863,1.3454170227050781,-4.314124584197998,3.651672840118408,4.318301200866699,6.197323322296143,9.926420211791992,10.967927932739258,-4.806347846984863,11.471649169921875,4.806347846984863,13.833808898925781,21.086082458496094,1.051277756690979,-0.6585537195205688,2.7439751625061035,2.2766165733337402,3.922555446624756,6.3059563636779785,-2.734095335006714,-2.3711295127868652,4.165884494781494,3.4740922451019287,5.91530179977417,9.501619338989258,10.408891677856445,-2.0887680053710938,12.208089828491211,2.981170177459717,13.342082977294922,22.220947265625,1.257068157196045,-1.5784488916397095,4.025304794311523,4.400607585906982,6.411035060882568,10.189173698425293
122.5,0.0,0.0,0.0,0.0,0.0,0,7.062195301055908,5.986977577209473,13.544342994689941,14.876235008239746,3.9671595096588135,-1.818127155303955,2.7352678775787354,6.053170680999756,4.2643656730651855,3.2843989883946394,123.6119077985823,0.46506770888983634,0.33624025284492054,115.28206699562502,144.46851633284263,144.46851633284263,0.2193397432565689,0.031058290354202444,0.45147979259490967,0.34590646624565125,0.5630246913580247,0.4369753086419753,0.19659624993801117,0.027837834231344852,0.4350074529647827,0.29788070917129517,-6.416684150695801,4.560484766960144,-1.193559169769287,-0.11079272247332056,-0.00212325750393166,-0.6162346005439758,-1.9466081857681274,2.1788489818573,4.737040042877197,5.513880252838135,8.171126365661621,-6.123488903045654,4.0217156410217285,8.122506141662598,4.3616943359375,9.3530855178833,15.063379287719727,2.3822684288024902,4.03923225402832,3.144077777862549,4.041531562805176,5.454488754272461,7.960087776184082,-2.619997024536133,-0.1041322872042656,2.7975244522094727,3.1977386474609375,4.734686374664307,6.883148193359375,-8.382232666015625,5.339552879333496,8.417550086975098,5.339552879333496,10.52371883392334,15.425848960876465,4.9619550704956055,2.048624038696289,5.0125603675842285,2.297091007232666,5.700713634490967,9.165087699890137,-4.793992519378662,1.3987127542495728,4.793992519378662,1.8850065469741821,5.367086410522461,7.146172523498535,-4.478489875793457,8.87173080444336,6.184610366821289,8.87173080444336,11.457892417907715,16.347949981689453,3.3070664405822754,0.9485812783241272,3.67829966545105,3.2798752784729004,5.454209327697754,9.224466323852539
123.0,0.0,0.0,0.0,0.0,0.0,0,7.3618903160095215,6.956118583679199,12.451321601867676,15.815585136413574,4.12431526184082,1.4536339044570923,2.0905463695526123,6.450248718261719,4.808145046234131,2.546259148522942,55.187687970657926,0.34587029135515973,0.21936423800767016,57.32656527988038,-57.955501715744646,57.955501715744646,0.23599135875701904,0.03205580585573451,0.5008060336112976,0.35249781608581543,0.4657716049382716,0.5342283950617284,0.19881579279899597,0.02700607551304671,0.4373725652694702,0.3287239968776703,3.2717610597610474,-0.644721508026123,0.2996950149536133,-0.11687601483725038,0.0009975155015320668,-0.7686574459075928,2.2328035831451416,4.066164493560791,2.5995235443115234,5.340233325958252,9.119564056396484,4.977280616760254,5.431113243103027,4.989262580871582,5.431196689605713,8.239331245422363,15.010494232177734,-1.3604309558868408,0.7752787470817566,4.602396011352539,3.6508431434631348,6.31559419631958,9.507920265197754,-1.6987686157226562,-0.26467111706733704,5.998007774353027,2.6409826278686523,6.838817119598389,9.130764961242676,2.814514398574829,6.095500946044922,4.731925010681152,6.095500946044922,8.091507911682129,14.074551582336426,1.6776801347732544,0.6964401602745056,3.3183324337005615,3.2013444900512695,5.0633225440979,9.782730102539062,-2.4949557781219482,-3.062657117843628,6.316981315612793,3.6384992599487305,7.526472568511963,9.949003219604492,5.214956283569336,8.61724853515625,7.906973838806152,8.617602348327637,12.22807502746582,20.703922271728516,4.721086502075195,-1.7061396837234497,4.874452114105225,3.540292501449585,6.6136579513549805,14.231609344482422
123.5,0.0,0.0,0.0,0.0,0.0,0,6.637038230895996,6.479666709899902,11.342273712158203,13.124940872192383,3.4810991287231445,-2.0697953701019287,0.6916905641555786,6.321275234222412,3.383387565612793,2.182312697721672,161.521244832328,0.32880821562286844,0.3342238916397436,154.73776654036274,97.41120126048236,97.41120126048236,0.22626535594463348,0.034091309102310036,0.4872824549674988,0.34498581290245056,0.5627469135802469,0.4372530864197531,0.18656902015209198,0.028110278342728022,0.41452720761299133,0.2993762493133545,-3.523429274559021,-1.3988558053970337,-0.7248520851135254,0.11485965363207343,0.002035503246575525,-7.6473469734191895,-2.2521164417266846,7.6473469734191895,2.575172185897827,8.200154304504395,11.646190643310547,-0.015932278707623482,0.8671024441719055,4.707328796386719,1.0284903049468994,4.877419471740723,12.751392364501953,4.655080795288086,-2.2464277744293213,5.143012046813965,3.410121440887451,6.63157320022583,10.103878021240234,-6.567654132843018,0.5080249309539795,6.567654132843018,2.826383352279663,7.452165603637695,11.076786994934082,-6.584621429443359,-0.5129714608192444,6.663834571838379,1.0010027885437012,6.8204426765441895,13.178773880004883,3.2392020225524902,0.2642432451248169,4.14060640335083,3.9022889137268066,6.203122615814209,9.530281066894531,-3.4588959217071533,3.9710922241210938,3.601942300796509,3.9718754291534424,5.8157172203063965,10.058637619018555,-5.441425323486328,2.5636188983917236,6.877527236938477,2.6178078651428223,7.735213756561279,14.480224609375,3.19343638420105,3.062648057937622,4.2674174308776855,3.3292829990386963,5.997528076171875,9.169068336486816
124.0,0.0,0.0,0.0,0.0,0.0,0,7.221139430999756,6.853131294250488,12.540618896484375,17.543787002563477,4.363555908203125,-1.2041422128677368,-3.3878750801086426,6.514657974243164,3.9770655632019043,3.5955049752755386,250.43341441273648,0.4979138001186256,0.41984196179183664,264.47940564135115,109.74163910098844,109.74163910098844,0.28155717253685,0.03899067955085715,0.6442974805831909,0.415572851896286,0.46717592592592594,0.5328240740740741,0.2155117243528366,0.029844555221175687,0.4587671756744385,0.3753252327442169,0.8656531572341919,-4.079565644264221,0.5841012001037598,0.08561807015209305,0.004899370448547116,3.6462318897247314,-5.345908164978027,4.073268890380859,5.489246845245361,7.420473098754883,9.954693794250488,1.2837141752243042,-0.8824372887611389,2.270106792449951,1.6413432359695435,2.9156506061553955,9.12398624420166,-0.14992626011371613,1.5426539182662964,4.357248306274414,2.831052541732788,5.649757385253906,8.194318771362305,1.6275471448898315,-6.327298164367676,3.1826250553131104,6.327298164367676,7.346590518951416,9.408973693847656,-6.197721481323242,-3.785982608795166,9.762287139892578,4.813511848449707,11.256463050842285,19.71118927001953,-1.5677753686904907,-3.9445881843566895,5.088043689727783,4.725604057312012,7.943584442138672,11.81187915802002,-1.7463001012802124,-2.5494368076324463,3.986359119415283,2.9818918704986572,5.184752464294434,8.420806884765625,-5.711907386779785,-4.788849830627441,9.662781715393066,4.949629783630371,11.012089729309082,17.828588485717773,-2.0211424827575684,-4.409029483795166,2.719719886779785,5.099435806274414,6.260894298553467,9.578408241271973
124.5,0.0,0.0,0.0,0.0,0.0,0,6.753412246704102,6.518448829650879,11.98155403137207,13.252582550048828,3.694528818130493,-1.2400590181350708,1.9716178178787231,4.983431816101074,5.385025978088379,2.3291679175694857,122.16804818538374,0.3448875668305604,0.2888050259049973,139.83496784830638,-124.64443779304477,124.64443779304477,0.26031917333602905,0.03854631189096473,0.5809262990951538,0.35958680510520935,0.44501543209876543,0.5549845679012345,0.2193901538848877,0.032485818040523085,0.4740794897079468,0.3201886713504791,-0.035916805267333984,5.359492897987366,-0.4677271842956543,-0.13103693588683935,-0.00044436765989241955,1.362060308456421,2.0627377033233643,3.0299479961395264,5.162163257598877,6.285913467407227,14.525578498840332,0.39795058965682983,0.11462578177452087,4.071643829345703,1.817896842956543,4.69182825088501,10.133938789367676,-2.681612491607666,8.130304336547852,4.338954448699951,8.130304336547852,10.015151023864746,14.179496765136719,-2.247368335723877,-1.346818208694458,2.647486686706543,4.320833206176758,5.407148361206055,8.617264747619629,2.806074857711792,0.6377977132797241,6.002523422241211,4.870829105377197,8.54362964630127,12.806640625,-5.928711414337158,5.802612781524658,6.025970935821533,5.802612781524658,8.710514068603516,12.0866060256958,-0.6347855925559998,-1.9762890338897705,2.8849411010742188,2.817615032196045,4.2695207595825195,6.670433044433594,-1.3639541864395142,0.23175720870494843,4.743544578552246,3.632704496383667,6.653891086578369,10.691407203674316,-2.8701844215393066,4.087831497192383,2.9103872776031494,4.774204254150391,6.203113079071045,11.18215274810791
125.0,0.0,0.0,0.0,0.0,0.0,0,7.955904960632324,5.7597432136535645,18.63517951965332,21.253923416137695,6.662073135375977,-3.71415114402771,2.862271547317505,7.765340805053711,5.039009094238281,4.689084892733943,142.38073380394354,0.5893842266764913,0.3406481550386653,127.5781819672903,-12.256785881016071,12.256785881016071,0.24024330079555511,0.03019685023733751,0.5265738368034363,0.39471468329429626,0.5572993827160494,0.4427006172839506,0.20407044887542725,0.025650183635303806,0.43836337327957153,0.40076327323913574,-2.474092125892639,0.8906537294387817,1.2024927139282227,0.05184312913366801,-0.00834946165362722,-0.6082725524902344,-1.9727717638015747,3.6134679317474365,3.1731910705566406,5.177711486816406,11.136598587036133,-2.6883578300476074,2.236464023590088,2.9688327312469482,2.2482330799102783,4.032917499542236,16.215787887573242,3.3335416316986084,-0.5405717492103577,4.148410797119141,2.3347666263580322,5.107334136962891,9.576371192932129,-6.500992298126221,-0.012689598836004734,6.910186290740967,3.0312516689300537,8.061799049377441,18.55689239501953,-11.314208030700684,7.739880561828613,11.31558609008789,7.739880561828613,14.145245552062988,19.101383209228516,1.4734691381454468,0.8455028533935547,2.7626781463623047,2.5425667762756348,4.0939812660217285,6.567564964294434,-6.044762134552002,5.028579235076904,7.52757453918457,5.073849678039551,9.28606128692627,21.694881439208984,-12.56926441192627,10.81060791015625,12.589518547058105,10.81060791015625,17.09230613708496,26.035076141357422,1.491487979888916,1.6254419088363647,3.1528851985931396,2.6324174404144287,4.605792045593262,7.141007900238037
125.5,0.0,0.0,0.0,0.0,0.0,0,8.746611595153809,7.970498085021973,17.989694595336914,21.77944564819336,6.335350513458252,-3.9176173210144043,0.9092486500740051,9.153192520141602,4.084663391113281,4.021748199673057,166.933433005544,0.4598064239986794,0.22012407762858277,162.0516819200197,34.473499952729384,34.473499952729384,0.24856869876384735,0.02841885313424886,0.5608816742897034,0.3700941503047943,0.6197222222222222,0.38027777777777777,0.19595414400100708,0.022403432399598723,0.42645925283432007,0.41703903675079346,-0.20346617698669434,-1.9530228972434998,0.7907066345214844,-0.12052407741008253,-0.0017779971030886521,-4.189849376678467,0.24844689667224884,4.189958572387695,2.2159030437469482,5.009437084197998,11.024394035339355,0.5448498129844666,-0.02019084431231022,1.8030153512954712,0.3157641887664795,1.8720358610153198,6.184222221374512,6.444766521453857,-1.8199795484542847,6.504847049713135,2.315962553024292,7.054558277130127,9.979312896728516,-9.86138916015625,-3.7883594036102295,9.86138916015625,4.915373802185059,11.814931869506836,21.022504806518555,-10.999356269836426,1.5329283475875854,11.308860778808594,2.583092451095581,11.899070739746094,19.502098083496094,4.780483722686768,-0.1735171228647232,4.8473992347717285,1.2466447353363037,5.218208312988281,11.127463340759277,-11.791110038757324,2.064598560333252,11.791110038757324,4.462769031524658,12.794066429138184,22.75717544555664,-14.088420867919922,4.933441162109375,14.088735580444336,4.966923713684082,15.09166431427002,25.25648307800293,3.9014699459075928,5.205869197845459,4.92197847366333,5.206948280334473,7.96552848815918,10.87710189819336
126.0,0.0,0.0,0.0,0.0,0.0,0,7.2058024406433105,7.113874435424805,13.371495246887207,15.623250007629395,4.745517253875732,-2.252624988555908,0.8917158842086792,6.725742816925049,4.830986976623535,2.422700261529802,158.40354991737402,0.3362151934481167,0.27598383932996284,151.2897544147447,-10.761927505274997,10.761927505274997,0.2498772293329239,0.03467721974256568,0.5779149532318115,0.3671551048755646,0.5217901234567901,0.4782098765432099,0.2051374763250351,0.02846836969878838,0.48433881998062134,0.3057052195072174,1.664992332458496,-0.017532765865325928,-1.540809154510498,0.05585976170138007,0.006258366608316818,-1.4141145944595337,-2.616549491882324,1.5374128818511963,3.981682062149048,4.7162957191467285,12.47149658203125,-1.1624857187271118,0.16445176303386688,1.170804500579834,0.4951745569705963,1.3748215436935425,5.238526821136475,4.512779235839844,4.190705299377441,5.220539093017578,4.195011615753174,7.007628917694092,13.8472318649292,-6.4042510986328125,-0.18135058879852295,7.738222599029541,5.896347522735596,10.65135669708252,15.61752700805664,-5.9300150871276855,-0.8597840070724487,5.942452907562256,1.5145727396011353,6.295933246612549,10.73581600189209,2.1687963008880615,3.524915933609009,4.29665994644165,4.093914985656738,6.218401908874512,9.43406867980957,-8.814726829528809,3.0663812160491943,10.765262603759766,5.889839172363281,12.530916213989258,18.146581649780273,-5.9766926765441895,-2.1904282569885254,7.153092384338379,2.661817789077759,8.037406921386719,13.032814979553223,2.747086524963379,2.92710018157959,6.531693935394287,4.00413703918457,8.019463539123535,11.135388374328613
126.5,0.0,0.0,0.0,0.0,0.0,0,6.437448978424072,6.1804914474487305,11.746273040771484,13.599547386169434,4.579132080078125,-2.0332107543945312,-2.2931785583496094,6.6368913650512695,2.9947056770324707,3.0647371620189507,228.4387034050173,0.476079448907604,0.3931691065806909,244.73850521520674,93.44875080046205,93.44875080046205,0.24912714958190918,0.03869966375146841,0.5831655263900757,0.35739079117774963,0.5086265432098765,0.49137345679012345,0.2047080248594284,0.031799551925923035,0.4668104648590088,0.29925763607025146,0.21941423416137695,-3.1848944425582886,-0.7683534622192383,0.11718526725072803,0.004022444008902733,-0.4502580761909485,-0.6765176653862,1.9159293174743652,1.0896642208099365,2.389962911605835,6.554100036621094,3.2467684745788574,-2.1344473361968994,3.35979962348938,2.4990289211273193,4.681247711181641,11.104615211486816,3.3300418853759766,-2.7368593215942383,3.3908610343933105,3.1597578525543213,5.227481365203857,9.394956588745117,-6.0296854972839355,-2.031789779663086,6.0339155197143555,2.460740089416504,6.870658874511719,12.079500198364258,-3.2673559188842773,-4.093478679656982,5.088221549987793,4.26654577255249,7.45189905166626,11.644170761108398,4.376260757446289,-2.6545228958129883,4.407786846160889,3.5071213245391846,5.812587738037109,11.911860466003418,-11.436153411865234,-3.0482289791107178,11.436153411865234,3.288856267929077,12.265764236450195,22.22269630432129,-8.27344799041748,-0.26507464051246643,8.27344799041748,2.46449875831604,8.818772315979004,11.711441993713379,0.20493361353874207,-2.997689962387085,2.655097723007202,3.247605085372925,4.4186692237854,7.908853530883789
127.0,0.0,0.0,0.0,0.0,0.0,0,6.697054862976074,6.743509769439697,11.819713592529297,12.872296333312988,4.024154186248779,3.5027854442596436,0.006494442000985146,4.777243614196777,5.094385147094727,3.5027914648597243,0.10623079731494124,0.523034607977384,0.44424983446713734,0.28994046746181257,115.55143525225503,115.55143525225503,0.2635419964790344,0.039351918495408846,0.5744714736938477,0.3813021779060364,0.5085648148148149,0.4914351851851852,0.23713140189647675,0.035408305791121024,0.5125769376754761,0.35477739572525024,5.535996198654175,2.2996730003505945,0.25960588455200195,0.051080727886446464,0.000652254743940435,3.2659988403320312,0.7168935537338257,3.476691246032715,1.5932457447052002,4.160749912261963,9.437542915344238,0.25842946767807007,2.2352635860443115,1.564673900604248,3.356468677520752,3.9141955375671387,9.7988862991333,2.828158140182495,-0.787632405757904,4.342061519622803,2.583212375640869,5.402970790863037,9.207509994506836,5.613656520843506,3.4125211238861084,5.887265682220459,4.1998372077941895,7.5310773849487305,12.176486015319824,4.248539924621582,1.8238096237182617,4.512752056121826,2.5282905101776123,5.417078018188477,10.450422286987305,5.3946919441223145,-3.4664463996887207,5.671642303466797,3.566401958465576,7.03270149230957,11.841367721557617,1.448541522026062,1.3464502096176147,6.223187446594238,5.832263469696045,8.863953590393066,12.757356643676758,5.47677755355835,1.9603363275527954,5.47677755355835,5.034154891967773,8.086155891418457,12.093135833740234,2.9902758598327637,-7.182746410369873,5.79685115814209,7.303422451019287,9.864612579345703,16.113170623779297
127.5,0.0,0.0,0.0,0.0,0.0,0,8.248539924621582,8.197259902954102,14.45199966430664,17.202030181884766,4.927733421325684,6.221914768218994,3.16833758354187,5.692768096923828,3.3410730361938477,6.982162016615309,26.986207832421474,0.8464724763923149,0.6855713028219768,30.568119576600072,30.27817910913825,30.27817910913825,0.25410935282707214,0.030806582054841405,0.5625747442245483,0.3760374188423157,0.5056018518518518,0.49439814814814814,0.2195461541414261,0.02661636235398786,0.491952121257782,0.33912280201911926,2.7191293239593506,3.161843141540885,1.5514850616455078,0.24132146835483942,-0.00854533644056744,1.9943299293518066,1.465140461921692,4.505177974700928,2.229534387588501,5.219334125518799,13.070963859558105,2.9632437229156494,0.45524466037750244,2.979161262512207,0.5285441875457764,3.0884392261505127,9.936437606811523,5.462796211242676,2.3854618072509766,5.462796211242676,2.485522508621216,6.258354187011719,7.931710720062256,7.688567161560059,4.7933149337768555,8.183112144470215,4.981847763061523,9.895941734313965,19.28213882446289,4.852931976318359,1.9776830673217773,6.147786617279053,3.2217113971710205,7.764347553253174,11.567870140075684,7.881782531738281,5.177314281463623,7.881782531738281,5.238831520080566,9.72848129272461,12.180962562561035,4.563836574554443,6.912254810333252,5.134108066558838,6.912254810333252,9.08576488494873,14.003006935119629,7.3479413986206055,3.2049198150634766,7.366168022155762,3.902172327041626,9.525094032287598,12.64881420135498,13.241799354553223,2.143702745437622,13.241799354553223,2.680549144744873,13.671095848083496,20.211734771728516
128.0,0.0,0.0,0.0,0.0,0.0,0,6.525916576385498,6.359410285949707,13.394679069519043,14.966093063354492,4.363597393035889,-2.322368860244751,0.9663740396499634,5.836767196655273,4.60797643661499,2.515407702052272,157.40704073835002,0.3854489515165513,0.32595609027246153,172.75106148818568,142.1829419115856,142.1829419115856,0.2651849091053009,0.040635651002533586,0.604891300201416,0.42253583669662476,0.5501543209876543,0.4498456790123457,0.21677297353744507,0.0332172404876601,0.48106005787849426,0.3721083700656891,-8.544283628463745,-2.2019635438919067,-1.722623348236084,-0.35961521254951523,0.009829068947692182,-2.8704166412353516,4.646342754364014,5.014233589172363,4.692123889923096,7.35869026184082,10.286127090454102,-1.5545824766159058,0.6267325282096863,1.5549418926239014,0.6368330717086792,1.7292966842651367,6.309847831726074,-1.9390203952789307,-3.430307626724243,2.9170854091644287,3.519010066986084,5.235212802886963,8.444847106933594,-0.47342216968536377,2.3099918365478516,3.986776351928711,3.937432289123535,6.42289400100708,9.2176513671875,-9.18510627746582,1.4437860250473022,9.194659233093262,2.0825045108795166,9.507397651672363,16.056682586669922,-0.8656875491142273,-4.31942892074585,4.009899139404297,4.5763139724731445,6.513282299041748,9.914191246032715,4.332848072052002,5.167158126831055,4.840864658355713,5.589041233062744,7.998554706573486,13.279899597167969,-7.155030250549316,3.457413673400879,8.387351036071777,4.844979286193848,10.148122787475586,15.467269897460938,-1.1909009218215942,-1.204321265220642,2.6682682037353516,2.132866144180298,3.8197994232177734,6.294098377227783
128.5,0.0,0.0,0.0,0.0,0.0,0,5.447630882263184,5.22971248626709,10.24086856842041,13.24936294555664,3.8032639026641846,-1.0185455083847046,-0.008338472805917263,5.655829429626465,3.3340041637420654,1.0185796398806484,180.4690498583786,0.18697662560013353,0.07037575840368172,139.8162598804369,-32.934801607748796,32.934801607748796,0.21762970089912415,0.0399494139109692,0.4789060354232788,0.3393435776233673,0.5413734567901235,0.45862654320987656,0.18397457897663116,0.03377147776369208,0.40864312648773193,0.32119807600975037,1.3038233518600464,-0.9747125124558806,-1.0782856941223145,-0.2555803318687798,-0.0006862370915643873,-1.2723673582077026,-0.3814045190811157,1.4900192022323608,2.095050096511841,2.7803146839141846,6.034409523010254,-2.0837178230285645,-0.23984381556510925,2.456958055496216,0.6611349582672119,2.652297258377075,9.996036529541016,4.604367256164551,1.058929204940796,4.786511421203613,2.462085485458374,5.693875789642334,7.424937725067139,-2.2170658111572266,2.0708487033843994,2.5748212337493896,2.39577317237854,3.854538917541504,6.168163299560547,-5.7522406578063965,-5.07728385925293,6.808440208435059,5.093084812164307,9.034036636352539,14.961214065551758,5.31282377243042,0.5807153582572937,5.31282377243042,2.324058771133423,6.0910420417785645,7.92909049987793,-2.157433032989502,2.952200412750244,3.4844861030578613,3.8556668758392334,5.643317222595215,7.3655853271484375,-8.86090087890625,-1.8769571781158447,9.051605224609375,2.0571725368499756,9.549027442932129,16.189640045166016,3.2596237659454346,0.8377495408058167,3.279970169067383,1.2628130912780762,3.7302262783050537,5.124310493469238
129.0,0.0,0.0,0.0,0.0,0.0,0,6.88877010345459,6.391475677490234,11.832161903381348,13.693506240844727,4.083466053009033,-3.037487506866455,-0.7567697763442993,5.475492477416992,4.9345526695251465,3.130340372668441,193.99003828515347,0.4544120830942861,0.3977088837500887,199.69443614931373,59.87817626887684,59.87817626887684,0.2579163610935211,0.03744011191839149,0.5557153224945068,0.387541264295578,0.4681327160493827,0.5318672839506173,0.2317958027124405,0.033648353128789436,0.49677741527557373,0.3898579180240631,-2.0189419984817505,-0.748431303538382,1.4411392211914062,0.327333125346407,-0.002509301992577706,0.6931667923927307,1.090193510055542,4.166495323181152,2.0339555740356445,4.820991516113281,10.09254264831543,-5.286944389343262,-2.061443328857422,5.2924370765686035,2.090669870376587,5.843761920928955,16.125478744506836,-3.589592456817627,6.1253790855407715,4.345478057861328,6.472790718078613,8.667031288146973,13.079010963439941,0.39114537835121155,-3.7369821071624756,3.8141677379608154,3.806688070297241,5.977818012237549,8.806580543518066,-4.694103717803955,-3.374648094177246,4.987060070037842,3.387024402618408,6.484312057495117,10.083903312683105,-2.0586071014404297,3.0878663063049316,2.7462782859802246,4.7992706298828125,6.039586544036865,9.677825927734375,-6.390191078186035,-5.462339401245117,6.540473937988281,5.475203990936279,9.0917387008667,12.713054656982422,-7.6044111251831055,-3.497729539871216,7.902591705322266,4.09298849105835,9.969976425170898,18.94972801208496,1.2021492719650269,1.0187766551971436,3.316718101501465,3.2469265460968018,5.103717803955078,7.817707538604736
129.5,0.0,0.0,0.0,0.0,0.0,0,5.484010219573975,4.382690906524658,11.586074829101562,14.256629943847656,4.005366802215576,-1.8631269931793213,-1.816580057144165,4.759580135345459,4.085648536682129,2.6021539725249383,224.27526819048248,0.47449838135551226,0.45135269571652015,229.91081186554922,30.21637571623549,30.21637571623549,0.23387578129768372,0.04264684588224682,0.5036137700080872,0.3436925411224365,0.5130864197530864,0.48691358024691356,0.20864439010620117,0.038045945158078964,0.44322577118873596,0.3512934744358063,1.1743605136871338,-1.0598102807998657,-1.4047598838806152,0.05364381196643142,0.005206733963855327,-0.5951120257377625,-1.6952791213989258,1.6542381048202515,2.3737869262695312,3.276012897491455,6.148529052734375,-3.2981903553009033,-1.703749418258667,3.339951992034912,3.2092249393463135,5.276732921600342,9.63876724243164,-2.4212806224823,-2.764904022216797,2.9964399337768555,3.157175064086914,4.514828681945801,9.828239440917969,-0.36631396412849426,0.22723188996315002,2.850095510482788,2.3094348907470703,3.8491852283477783,6.689601421356201,-2.8119542598724365,-3.91216778755188,3.239867687225342,4.2402567863464355,6.377213478088379,12.44553279876709,-1.2258882522583008,-3.3368537425994873,1.841071367263794,3.3523457050323486,4.074303150177002,7.217398643493652,1.9424619674682617,2.7246501445770264,3.205491781234741,5.75930118560791,6.762813568115234,12.728175163269043,-9.175554275512695,-2.449425458908081,9.284741401672363,2.538710117340088,10.719359397888184,15.975444793701172,1.1836882829666138,-3.4387238025665283,1.8756898641586304,3.8361165523529053,4.505643367767334,7.212010383605957
130.0,0.0,0.0,0.0,0.0,0.0,0,5.891650199890137,5.317690849304199,11.243989944458008,12.307193756103516,3.6985154151916504,-0.25499844551086426,0.0680604949593544,5.223033905029297,4.587027549743652,0.26392506168810403,165.05580638645498,0.04479645816260876,0.07707536878081293,346.5694532533296,116.65864138778034,116.65864138778034,0.24700729548931122,0.04192496926734516,0.5348324179649353,0.3562360107898712,0.4987037037037037,0.5012962962962964,0.2144727110862732,0.03640281880405149,0.45424821972846985,0.3544282019138336,1.608128547668457,1.8846405521035194,0.4076399803161621,-0.3742773269357072,-0.0007218766149016606,3.8543972969055176,5.829469203948975,3.9288341999053955,5.876400947570801,7.300384044647217,11.642809867858887,0.4381186366081238,-1.8016396760940552,2.448181390762329,6.304723739624023,7.259404182434082,11.067988395690918,2.7535712718963623,-0.06598130613565445,3.2798290252685547,2.0335042476654053,4.202908039093018,7.741836071014404,2.709428548812866,0.6606385707855225,3.4990994930267334,3.2037315368652344,4.946547508239746,7.295894145965576,-1.979103684425354,-2.195084571838379,3.5796122550964355,4.5599164962768555,6.901913166046143,12.607401847839355,1.7376538515090942,0.5353937745094299,2.350827932357788,2.5713162422180176,3.719155788421631,7.180834770202637,-0.8343778252601624,-1.1339848041534424,3.095923662185669,1.93864905834198,3.96056866645813,7.488581657409668,-9.830720901489258,1.6270641088485718,9.832075119018555,2.2895398139953613,10.25682258605957,16.185108184814453,-1.1439540386199951,-2.843331813812256,2.494933843612671,3.2370946407318115,4.477151870727539,7.4866251945495605
130.5,0.0,0.0,0.0,0.0,0.0,0,5.4880242347717285,5.328166484832764,10.009140968322754,10.72370719909668,3.349411964416504,0.213701531291008,-1.346288800239563,5.259085655212402,3.438142776489258,1.3631441149513883,279.0195256897583,0.24838522146360156,0.2106122794354239,285.04267008773974,-61.52678316558985,61.52678316558985,0.22639097273349762,0.04125180972184692,0.5005342960357666,0.34173446893692017,0.5169907407407407,0.48300925925925925,0.21332839131355286,0.03887161268172014,0.45138657093048096,0.3773038685321808,0.46869997680187225,-1.4143492951989174,-0.4036259651184082,0.13353691065461099,-0.0006731595454982364,4.471054553985596,1.4876747131347656,5.290092468261719,2.292198419570923,6.242364406585693,10.504380226135254,-2.434229850769043,-2.6789681911468506,3.3626322746276855,4.826033115386963,6.54545259475708,10.205842018127441,-2.022306442260742,-0.8548164963722229,3.21811580657959,2.021056890487671,4.165463447570801,9.482993125915527,3.1522092819213867,-0.6572602391242981,3.646775245666504,1.5929158926010132,4.266141891479492,8.37553596496582,-2.319399356842041,-3.212264060974121,3.0466678142547607,3.357351779937744,5.301687240600586,10.470965385437012,1.7767616510391235,-2.6086814403533936,2.642465353012085,3.344956159591675,4.649332523345947,7.406322956085205,1.4326286315917969,-1.0943167209625244,2.687190294265747,2.631727457046509,4.022303104400635,7.2863287925720215,-7.421138286590576,-0.8401851654052734,7.43185567855835,1.157402753829956,7.609697341918945,11.563543319702148,5.287734508514404,-1.6577820777893066,5.620636463165283,2.5378623008728027,6.589775085449219,10.21181583404541
131.0,0.0,0.0,0.0,0.0,0.0,0,6.2977495193481445,6.376996040344238,10.3947172164917,11.267989158630371,3.138002872467041,-0.3570961058139801,-1.6479955911636353,5.423711776733398,4.153148651123047,1.6862405217768577,257.7738679905071,0.2677528721325509,0.3005638967399042,256.6441546223414,-28.39851546539836,28.39851546539836,0.20038115978240967,0.03181789420949471,0.43325671553611755,0.31089523434638977,0.5706635802469135,0.4293364197530864,0.18554113805294037,0.02946149382750478,0.43709850311279297,0.2927834391593933,-0.5707976371049881,-0.30170679092407227,0.809725284576416,0.08995161730448029,-0.00943391551235221,-3.9166600704193115,-1.3578389883041382,5.075738906860352,1.9613466262817383,5.865975856781006,8.82912826538086,-0.5071004033088684,-2.4885902404785156,0.8300885558128357,2.572972536087036,2.9316890239715576,6.766160011291504,1.8805679082870483,-0.8560347557067871,4.566720008850098,5.040534973144531,7.3285064697265625,11.048423767089844,-4.118041038513184,-1.2941876649856567,4.118993759155273,3.745964288711548,6.172996997833252,9.66926097869873,0.30157405138015747,-3.4637250900268555,2.154750347137451,3.4744927883148193,4.325886249542236,8.836087226867676,3.0294034481048584,-0.8405923247337341,3.7350635528564453,2.8498451709747314,5.3277506828308105,7.7675018310546875,-6.690895080566406,0.07191706448793411,6.690895080566406,4.556399822235107,8.807141304016113,11.638296127319336,-1.8782271146774292,-5.171608924865723,3.739643096923828,5.171608924865723,6.635645389556885,10.73989200592041,8.68551254272461,0.5686992406845093,8.68551254272461,2.865370512008667,9.284147262573242,11.848868370056152
131.5,0.0,0.0,0.0,0.0,0.0,0,6.856298446655273,6.9745378494262695,12.366454124450684,13.479964256286621,4.038330078125,2.913416862487793,-2.6929569244384766,5.460590839385986,4.214127540588379,3.967368751642498,317.25188684094644,0.5786458659158733,0.5247861660075571,310.97898580273846,54.33483118039709,54.33483118039709,0.23329119384288788,0.034025817521242445,0.4888228476047516,0.43862226605415344,0.5721296296296297,0.42787037037037035,0.19267690181732178,0.028102171341322594,0.411808580160141,0.4037171006202698,3.270512968301773,-1.0449613332748413,0.5585489273071289,0.22422226926765293,0.0022079233117477323,4.496545791625977,-4.171806812286377,5.705282211303711,4.329851150512695,8.070664405822754,12.188213348388672,2.004077911376953,-1.1210894584655762,2.293644905090332,1.1221158504486084,2.6947436332702637,13.084816932678223,5.16684627532959,-2.2965586185455322,6.1153669357299805,3.4231314659118652,7.947946548461914,13.033543586730957,0.5751581192016602,-0.9116883873939514,3.595839023590088,4.145880699157715,5.983204364776611,9.744272232055664,-0.04683566465973854,-4.81912088394165,3.075566291809082,4.819248199462891,5.913853168487549,12.903704643249512,8.081185340881348,-3.5084688663482666,8.081300735473633,3.916996955871582,9.634185791015625,15.30254077911377,0.9418800473213196,-0.3254668414592743,2.9118776321411133,3.9638752937316895,5.49736213684082,7.748847007751465,-1.9673963785171509,-6.726818561553955,3.6257920265197754,6.726818561553955,7.838602542877197,10.82115364074707,6.969289779663086,-0.35559406876564026,6.969289779663086,3.095691204071045,8.126123428344727,11.94610595703125
132.0,0.0,0.0,0.0,0.0,0.0,0,9.316052436828613,8.377761840820312,20.545469284057617,22.440279006958008,7.096523761749268,4.729005813598633,-6.278261661529541,7.451554775238037,4.454632759094238,7.860029610356524,306.9883351973656,0.8437081761459309,0.7768186336658137,296.30550401438296,-14.673481788355502,14.673481788355502,0.27131596207618713,0.029123487098475575,0.5398247241973877,0.594269871711731,0.51,0.49,0.24090760946273804,0.025859406141915415,0.458932101726532,0.6698415279388428,1.8155889511108398,-3.5853047370910645,2.45975399017334,0.2520324676582566,-0.00490233042276687,1.2194753885269165,-5.139791011810303,2.2103772163391113,5.139810562133789,5.746018409729004,8.313612937927246,0.13605472445487976,-0.21347838640213013,0.16438862681388855,0.21384041011333466,0.28050410747528076,0.005133188795298338,8.561193466186523,-8.523902893066406,8.571419715881348,8.523919105529785,12.888437271118164,22.713502883911133,2.0635411739349365,-4.676396369934082,3.480592966079712,4.676396369934082,6.355572700500488,9.427156448364258,-0.04552749544382095,-6.84321403503418,1.9930492639541626,6.84329080581665,7.20315408706665,12.938420295715332,10.992950439453125,-7.94648551940918,11.027875900268555,7.972068786621094,13.889738082885742,24.534835815429688,2.5841238498687744,-4.938011169433594,5.681229591369629,4.938011169433594,7.931239604949951,11.157340049743652,1.4585237503051758,-10.134773254394531,4.793106555938721,10.134773254394531,11.688675880432129,14.784756660461426,15.590717315673828,-8.088298797607422,15.590717315673828,8.088298797607422,17.861129760742188,22.870952606201172
132.5,0.0,0.0,0.0,0.0,0.0,0,7.114770412445068,6.6580810546875,15.363018989562988,16.52351951599121,5.512086868286133,1.2235157489776611,2.3688833713531494,6.834237098693848,5.214179515838623,2.6661956445598345,62.68388537817376,0.3747409248647234,0.2549063702088864,82.82046581967661,146.51496180529364,146.51496180529364,0.23690778017044067,0.03329801710228449,0.5538480281829834,0.4186451733112335,0.5175154320987654,0.48248456790123456,0.23296503722667694,0.03274385412006033,0.5117728114128113,0.4667116701602936,-3.5054900646209717,8.64714503288269,-2.201282024383545,-0.5219122634569273,0.004174530003808918,1.7333439588546753,0.6903351545333862,7.855500221252441,1.585880994796753,8.231608390808105,14.310929298400879,1.0153106451034546,-0.024432657286524773,1.0164471864700317,0.1523868888616562,1.0756624937057495,2.6056201457977295,-0.30782321095466614,3.616630792617798,2.1530516147613525,3.616913318634033,4.405118942260742,14.487544059753418,3.0670063495635986,0.4762752950191498,5.732155799865723,1.5992714166641235,6.18004846572876,12.805282592773438,7.835556983947754,-0.25927072763442993,8.449661254882812,1.5931737422943115,9.099530220031738,16.6954345703125,-0.5604414939880371,11.558913230895996,2.92610764503479,11.559059143066406,12.059061050415039,18.808631896972656,-2.3881635665893555,0.21058446168899536,4.562015533447266,4.941789627075195,7.286611557006836,10.934022903442383,4.671494007110596,-0.9781204462051392,7.415640354156494,1.6870331764221191,7.814421653747559,15.950456619262695,-4.0546417236328125,6.029033184051514,4.2465105056762695,6.029371738433838,7.880868911743164,12.893763542175293
133.0,0.0,0.0,0.0,0.0,0.0,0,7.430447101593018,7.566216468811035,15.036710739135742,18.407625198364258,5.844977855682373,1.1985864639282227,0.7344179749488831,7.813931941986084,5.1324262619018555,1.4056952989321614,31.49733251017078,0.18918044630595562,0.13451559113136152,50.87979909925205,-31.94066672042456,31.94066672042456,0.23009787499904633,0.030966890805645426,0.504424512386322,0.43884509801864624,0.5335185185185185,0.4664814814814815,0.20468367636203766,0.027546612743066655,0.447268545627594,0.4682299792766571,-0.024929285049438477,-1.6344653964042664,0.3156766891479492,-0.12039077907752488,-0.002331126296639067,-3.2648825645446777,3.7793312072753906,4.032196044921875,4.05858850479126,5.862962245941162,14.745254516601562,-1.2891032695770264,1.3539053201675415,1.291933536529541,1.3561193943023682,1.8749600648880005,12.784991264343262,4.275859355926514,-2.139970541000366,4.276211261749268,2.1407976150512695,4.795623302459717,19.342161178588867,0.0752122700214386,1.095168948173523,3.2140347957611084,3.7359228134155273,5.394926071166992,9.01240348815918,-4.794658660888672,5.371739864349365,5.4671711921691895,5.412193298339844,7.824291229248047,13.122790336608887,14.327685356140137,-4.564164638519287,14.327685356140137,4.664460182189941,15.170097351074219,20.26239013671875,-1.4715020656585693,-0.8009281158447266,4.105792999267578,5.988346576690674,7.765295028686523,9.988555908203125,-4.126644611358643,4.925354957580566,6.987088680267334,4.962048053741455,9.433073043823242,14.39017105102539,7.055312633514404,-2.410674810409546,7.657923221588135,3.2041172981262207,8.752796173095703,12.521627426147461
133.5,0.0,0.0,0.0,0.0,0.0,0,5.447126388549805,4.258975982666016,13.187639236450195,15.497828483581543,5.081092834472656,-2.6493654251098633,1.7784500122070312,5.70237398147583,3.5762550830841064,3.190928015748202,146.1275666835286,0.5858002528554742,0.3738033504499047,142.92842221922996,92.04862311997795,92.04862311997795,0.22567957639694214,0.04143093419686392,0.5197859406471252,0.39854541420936584,0.49104938271604937,0.5089506172839506,0.21814820170402527,0.04004830181915447,0.4910784065723419,0.451447457075119,-3.847951889038086,1.0440320372581482,-1.983320713043213,0.23928775931854318,0.010464043391218491,0.4766528606414795,-0.12881603837013245,2.1444461345672607,1.280004620552063,2.7197415828704834,5.444031715393066,-0.030179787427186966,0.2196386307477951,0.06491624563932419,0.2225414216518402,0.25008919835090637,0.783028244972229,-2.751478910446167,-0.25297635793685913,2.752258062362671,0.8958489894866943,2.946218967437744,12.857278823852539,-0.12840354442596436,2.15055251121521,4.077653408050537,3.2548723220825195,5.519233703613281,10.156206130981445,-9.878825187683105,5.580051422119141,9.87977409362793,5.583374977111816,12.503640174865723,19.07930564880371,-5.351153373718262,0.18962836265563965,5.701652526855469,2.1970486640930176,6.67522668838501,12.556251525878906,-0.7927941083908081,4.788936614990234,2.061983346939087,4.791098117828369,5.395345211029053,8.689302444458008,-6.8189473152160645,4.629444599151611,6.906285762786865,4.72445821762085,8.868017196655273,15.200264930725098,1.4308421611785889,-1.1704093217849731,3.2454264163970947,1.9600164890289307,4.146623611450195,7.7223992347717285
134.0,0.0,0.0,0.0,0.0,0.0,0,6.883029937744141,6.135045051574707,14.43756103515625,17.151052474975586,5.354129791259766,1.0486036539077759,1.085463047027588,7.846642017364502,3.4921650886535645,1.5092381023056483,45.98950875934977,0.2192694374361953,0.22630475845337217,46.27138820034335,-96.6570340188866,96.6570340188866,0.24552103877067566,0.03567048310422723,0.571532130241394,0.4121243357658386,0.5351851851851852,0.46479938271604937,0.22587667405605316,0.03281645485819688,0.4694793224334717,0.5075287818908691,3.697969079017639,-0.6929869651794434,1.435903549194336,-0.14749859199653254,-0.00576045109263669,3.2188329696655273,3.690101385116577,3.275571823120117,3.8181629180908203,5.4144487380981445,12.568591117858887,-1.5457009077072144,0.45672932267189026,1.5634275674819946,0.516901969909668,1.6859503984451294,9.68702220916748,8.209474563598633,-2.3073742389678955,8.209739685058594,2.9247183799743652,8.947539329528809,15.830351829528809,1.8939504623413086,2.1649656295776367,3.2619357109069824,2.9676928520202637,5.042524337768555,7.430272579193115,-7.302238464355469,-0.40157368779182434,7.324454307556152,1.7730457782745361,7.66670560836792,17.629976272583008,8.31230640411377,-1.095450758934021,8.400096893310547,2.775729179382324,9.05739688873291,14.838004112243652,0.2624222934246063,2.1322953701019287,3.515268087387085,2.424299478530884,4.528992176055908,6.492758274078369,-9.879277229309082,4.114658832550049,11.439298629760742,4.119892120361328,12.520560264587402,19.10101318359375,6.267663955688477,1.0148154497146606,6.267711639404297,2.6623449325561523,7.0831522941589355,11.801578521728516
134.5,0.0,0.0,0.0,0.0,0.0,0,6.66950798034668,6.267608642578125,14.027843475341797,15.001998901367188,4.980081081390381,2.691535234451294,-0.3958238661289215,6.942217826843262,3.6997458934783936,2.720484966194452,351.63390840333534,0.40789889962063464,0.22788717622677798,10.780989753473952,-35.49039844686939,35.49039844686939,0.24087432026863098,0.036115750196667455,0.5663248300552368,0.38422638177871704,0.5158024691358025,0.48419753086419753,0.21066409349441528,0.03158614736334983,0.496517539024353,0.38835927844047546,1.642931580543518,-1.4812869131565094,-0.21352195739746094,0.0015824177734058142,0.0004452670924402283,-2.420191526412964,-0.8348095417022705,2.439716339111328,1.5221245288848877,2.989778995513916,8.382513046264648,1.1222914457321167,0.33272480964660645,1.1228125095367432,0.8721111416816711,1.4827961921691895,3.7469568252563477,5.114119052886963,2.531607151031494,5.200400352478027,3.449544906616211,6.4745259284973145,13.88855266571045,-3.9565303325653076,-0.466513067483902,4.640204906463623,3.289731979370117,6.1079816818237305,8.998122215270996,6.486074447631836,-4.210358619689941,7.003873348236084,4.303762912750244,8.58688735961914,17.479740142822266,9.996039390563965,-1.021508812904358,9.996500968933105,2.0675454139709473,10.374865531921387,14.42333698272705,-1.9841071367263794,-0.8147980570793152,6.870480537414551,3.6952319145202637,8.195818901062012,12.687209129333496,4.3093461990356445,0.2432815283536911,7.581719398498535,1.7482891082763672,8.041547775268555,15.074883460998535,5.556774139404297,0.6779592633247375,5.8468098640441895,4.1207122802734375,7.7713727951049805,13.766580581665039
135.0,0.0,0.0,0.0,0.0,0.0,0,5.4725470542907715,5.017560005187988,10.765268325805664,13.11598014831543,3.9124202728271484,3.4164183139801025,0.09742756932973862,4.641892910003662,3.4680304527282715,3.417807225014914,1.6334873326484785,0.6245368365238941,0.500642601700463,3.4564889311173594,-7.324500822356583,7.324500822356583,0.23952850699424744,0.04376910072200174,0.5501616597175598,0.3767516314983368,0.4668672839506173,0.5331327160493827,0.20792178809642792,0.03799359750407419,0.4712531268596649,0.3716945946216583,0.7248830795288086,0.4932514354586601,-1.1969609260559082,0.27275542547368503,0.007653350525334286,3.3642032146453857,-0.7540518045425415,3.364297389984131,0.769725501537323,3.4656167030334473,7.356706619262695,4.1111674308776855,0.5564690232276917,4.220511436462402,1.2082605361938477,4.568061351776123,10.506114959716797,3.1351277828216553,2.813197135925293,4.310062885284424,3.049715757369995,5.686408519744873,11.783809661865234,3.1635351181030273,-2.2876384258270264,3.7690858840942383,2.3742105960845947,4.916146755218506,7.470150947570801,5.936519622802734,-0.5057957768440247,6.629347801208496,1.5941468477249146,7.043386459350586,14.86829662322998,2.117806911468506,3.7112207412719727,3.3300585746765137,3.730501890182495,5.300055503845215,8.90384292602539,-0.8437362909317017,-4.4940032958984375,2.810485363006592,4.623987197875977,5.746981143951416,9.835588455200195,7.829493999481201,-0.8245135545730591,7.870632648468018,1.7540603876113892,8.285284996032715,13.939491271972656,1.9336462020874023,2.661963939666748,2.1521496772766113,2.9989025592803955,4.240983486175537,7.8556694984436035
135.5,0.0,0.0,0.0,0.0,0.0,0,6.358553409576416,6.557971477508545,11.097367286682129,12.267601013183594,3.677452325820923,-1.3840328454971313,0.7688043713569641,6.06031608581543,3.8367714881896973,1.583226793239826,150.9486468819377,0.2489916638673473,0.19029842099145508,143.04944584585553,139.59295691473818,139.59295691473818,0.22800114750862122,0.035857387201914316,0.5062757730484009,0.36628836393356323,0.5291203703703704,0.47087962962962965,0.19486716389656067,0.030646456937299685,0.4644351601600647,0.3215976357460022,-4.800451159477234,0.6713768020272255,0.8860063552856445,-0.31034418070900793,-0.007911713520087425,-4.742443561553955,1.8676022291183472,4.742640495300293,1.8676711320877075,5.154965877532959,10.001568794250488,3.5143418312072754,-0.8408222198486328,3.9552383422851562,4.6867547035217285,6.62800931930542,12.489643096923828,4.593477725982666,0.02731545828282833,4.6271233558654785,3.0437569618225098,5.84214448928833,8.420645713806152,-6.993961811065674,3.8708696365356445,6.993962287902832,4.083456039428711,8.249037742614746,11.678117752075195,3.7539024353027344,-1.8488082885742188,4.695091247558594,3.3283069133758545,6.083481788635254,11.074251174926758,-1.3572911024093628,-0.8598659038543701,3.7694480419158936,2.5354321002960205,5.1209611892700195,8.32165813446045,-7.6492815017700195,0.8665292859077454,7.6492815017700195,2.562851667404175,8.202452659606934,11.56958293914795,0.32553988695144653,3.481717348098755,4.638009548187256,4.1854472160339355,6.8431596755981445,10.841482162475586,-3.9005799293518066,0.3547017276287079,4.630401611328125,1.5434550046920776,5.102765083312988,12.870397567749023
136.0,0.0,0.0,0.0,0.0,0.0,0,5.499435901641846,5.227025985717773,10.073184967041016,11.602254867553711,3.6602203845977783,3.0781660079956055,-1.2150542736053467,4.857997894287109,3.0148632526397705,3.30929945163417,338.459205349373,0.6017525271357713,0.4679194316417868,336.77614679860926,-166.27329904724627,166.27329904724627,0.23785100877285004,0.04325006596617921,0.5362891554832458,0.39620423316955566,0.5016049382716049,0.49839506172839504,0.2111995369195938,0.03840384764784566,0.47063472867012024,0.36189180612564087,4.462198853492737,-1.9838586449623108,-0.8591175079345703,0.27762101065033173,0.007392678764264894,4.257245063781738,1.132655143737793,4.2573628425598145,1.1340599060058594,4.439650058746338,9.604080200195312,4.294277191162109,-1.3574132919311523,4.869093894958496,2.899155378341675,6.586332321166992,10.724872589111328,2.9181878566741943,-3.698345184326172,3.715069532394409,3.714634895324707,5.724152565002441,8.776412963867188,0.8649335503578186,0.5501339435577393,3.5122287273406982,1.7921191453933716,4.269007205963135,7.721371650695801,3.3922829627990723,-1.0871384143829346,3.452390193939209,1.451940655708313,4.056519031524658,9.117717742919922,5.871303558349609,-3.569688081741333,5.873825550079346,3.5950677394866943,7.101062297821045,12.256648063659668,-3.4515249729156494,0.3281797170639038,3.5216801166534424,1.3560388088226318,4.051522254943848,7.087603569030762,7.021215438842773,-1.4167993068695068,8.101449012756348,2.016742467880249,8.49098014831543,13.429946899414062,2.5355732440948486,-1.8170733451843262,3.036189079284668,3.2849440574645996,4.775693893432617,9.649968147277832
136.5,0.0,0.0,0.0,0.0,0.0,0,6.672642707824707,6.712704658508301,12.620043754577637,13.929818153381348,4.495748043060303,4.196534633636475,-2.6227056980133057,5.003694534301758,3.8999319076538086,4.948685493108436,327.9958779082222,0.7416380150709008,0.5984884338383347,323.80526526925377,-12.970881529355495,12.970881529355495,0.2759833037853241,0.041360413633608366,0.6383392810821533,0.48313108086586,0.4929320987654321,0.5070679012345679,0.21764709055423737,0.032617819875353525,0.47933852672576904,0.42503970861434937,1.1183686256408691,-1.407651424407959,1.1732068061828613,0.13056900219654793,-0.0018896523325708445,4.18493127822876,-2.8485631942749023,4.184959888458252,2.848792552947998,5.10851526260376,10.042268753051758,6.451668739318848,-5.23927116394043,6.451888084411621,5.239289283752441,8.36313247680664,15.603775978088379,1.7175432443618774,-0.5628740191459656,2.2460944652557373,3.183475971221924,4.306632995605469,6.971327781677246,6.589447498321533,-6.104328155517578,6.615128040313721,6.104328155517578,9.368919372558594,11.692441940307617,2.865760326385498,-1.573219656944275,2.8660168647766113,1.5876044034957886,3.346825122833252,10.922782897949219,1.1696135997772217,-1.143284797668457,3.465648889541626,2.730929136276245,4.913094520568848,9.581604957580566,2.821526527404785,-3.8439455032348633,3.3580453395843506,4.0105509757995605,5.8984270095825195,9.267154693603516,7.892426013946533,-3.9526379108428955,7.892426013946533,4.440771579742432,9.62054443359375,13.511702537536621,4.075892448425293,1.6637742519378662,8.30235481262207,2.253632068634033,9.127695083618164,15.963713645935059
137.0,0.0,0.0,0.0,0.0,0.0,0,7.196102619171143,6.605693817138672,13.736786842346191,16.498695373535156,5.289848804473877,1.9418537616729736,-3.4369304180145264,4.293379783630371,6.763874053955078,3.947567191321382,299.4662975887283,0.5485701636333903,0.34914572875574534,305.0051573452292,-18.800107924024587,18.800107924024587,0.29876333475112915,0.04151737531338399,0.6410500407218933,0.5654782652854919,0.4602006172839506,0.5397993827160494,0.21743521094322205,0.030215686495112828,0.49175313115119934,0.40635454654693604,-2.254680871963501,-0.8142247200012207,0.5234599113464355,-0.24934270508258938,0.0001569616797756218,3.0069286823272705,-2.327529191970825,3.5549559593200684,3.1674787998199463,5.4442925453186035,11.15597915649414,-0.4699138402938843,-6.244905948638916,0.9955841302871704,6.247618675231934,6.357539176940918,22.50038719177246,1.7384207248687744,3.7120065689086914,2.1479122638702393,3.7122199535369873,4.594119071960449,8.396693229675293,4.881460189819336,-2.6864070892333984,5.437726974487305,5.581539630889893,8.92011547088623,13.336029052734375,1.4481216669082642,-5.6774091720581055,1.5209282636642456,5.7028069496154785,6.116947650909424,13.989327430725098,0.006320936605334282,2.0388054847717285,3.797031879425049,2.76177978515625,5.2419657707214355,8.120515823364258,5.071796894073486,-7.540655612945557,5.071796894073486,7.592691898345947,9.43654727935791,12.06513786315918,4.905837059020996,-11.538427352905273,5.40623140335083,11.538427352905273,13.029278755187988,17.73051643371582,-3.112288475036621,-0.6678512692451477,3.9285924434661865,2.916898250579834,5.624114990234375,8.257187843322754
137.5,0.0,0.0,0.0,0.0,0.0,0,4.876929759979248,4.770548343658447,9.98124885559082,12.539605140686035,3.8258912563323975,0.08933111280202866,-0.1474328488111496,5.392911434173584,3.0510127544403076,0.1723847227077274,301.2121127692159,0.03534697672341726,0.03243499949735336,310.3838638818712,5.378706536642028,5.378706536642028,0.22085055708885193,0.045284743203898116,0.5298002362251282,0.35139229893684387,0.47837962962962965,0.5216203703703703,0.18296155333518982,0.03751571681857717,0.39971014857292175,0.3571295440196991,-1.852522648870945,3.2894975692033768,-2.3191728591918945,-0.316710729258392,0.0037673678905141283,1.5740671157836914,2.7759246826171875,2.4488584995269775,2.841752767562866,3.9472758769989014,7.771915912628174,-0.08612214028835297,-0.05447785183787346,0.08977644890546799,0.055767204612493515,0.11114810407161713,0.03163265809416771,2.439112424850464,2.1270296573638916,2.8415372371673584,2.5970864295959473,4.594419002532959,9.601432800292969,1.2546907663345337,2.457125663757324,4.717841625213623,3.275744915008545,6.22511625289917,8.762218475341797,-6.424562931060791,-2.4166314601898193,6.42465353012085,2.4167850017547607,6.8950324058532715,13.493125915527344,1.7492393255233765,-1.0318615436553955,3.0991432666778564,1.5529181957244873,3.7203216552734375,7.22321081161499,1.6208547353744507,-0.18626916408538818,3.5343525409698486,2.058612823486328,4.5014166831970215,6.9316205978393555,-5.951060771942139,-2.356031894683838,6.0138020515441895,2.707592725753784,7.034354209899902,12.858288764953613,4.627761363983154,-2.6417036056518555,5.20189905166626,3.168743371963501,6.863285064697266,12.584575653076172
138.0,0.0,0.0,0.0,0.0,0.0,0,7.921737194061279,7.167829513549805,17.173124313354492,18.34265899658203,6.346499919891357,-5.660594940185547,3.4736602306365967,6.726343154907227,3.698599338531494,6.641434368776109,148.46437473823138,0.8383810528017793,0.6512883951099868,132.26032399477646,-178.12353988709475,178.12353988709475,0.25248095393180847,0.031871913429439874,0.5914114713668823,0.47339534759521484,0.45967592592592593,0.5403240740740741,0.2071111649274826,0.026144661670685916,0.4325524568557739,0.481882244348526,-5.7499260529875755,3.6210930794477463,3.0448074340820312,0.6188533956126334,-0.013412829774458242,-1.7603881359100342,5.66664981842041,2.5839555263519287,5.666661739349365,6.702290058135986,10.644768714904785,-0.47409239411354065,0.23176723718643188,0.5408013463020325,0.23241949081420898,0.6697360277175903,1.3467756509780884,-2.015449047088623,2.990773916244507,2.0869815349578857,2.9910686016082764,3.689483404159546,15.629560470581055,-3.1992101669311523,4.659396648406982,5.620155334472656,4.851928234100342,7.764824390411377,16.153318405151367,-11.360918998718262,4.547394275665283,11.360977172851562,4.5478434562683105,12.357583999633789,20.38384437561035,-8.043249130249023,4.56153678894043,8.082444190979004,5.253686904907227,10.228684425354004,16.059720993041992,-2.878244400024414,3.302819013595581,4.484090328216553,3.5053515434265137,6.238298416137695,10.506892204284668,-12.759622573852539,4.116758346557617,12.759622573852539,4.3104248046875,13.901984214782715,18.3146915435791,-8.454182624816895,1.1858465671539307,8.497570991516113,3.0874874591827393,9.742752075195312,18.27924919128418
138.5,0.0,0.0,0.0,0.0,0.0,0,4.595868110656738,4.428534507751465,10.195571899414062,11.7910795211792,3.9537644386291504,-1.2110427618026733,-0.9165258407592773,4.3983473777771,3.8861491680145264,1.5187640329208967,217.11869715306477,0.33046292808082106,0.29796015589824415,235.17999877262775,102.9196747778513,102.9196747778513,0.2735234200954437,0.05951505874290617,0.7083419561386108,0.4547976851463318,0.4658179012345679,0.5341820987654321,0.19591890275478363,0.042629347798546706,0.4930182099342346,0.36747151613235474,4.4495521783828735,-4.390186071395874,-3.325869083404541,-0.35332823921174267,0.027643145313466295,-4.703885555267334,5.104835033416748,4.791726112365723,5.111380577087402,7.601858139038086,13.237998962402344,-1.412708044052124,-0.22231851518154144,1.41566801071167,0.2502412497997284,1.449447512626648,9.694794654846191,0.25383254885673523,-0.29168716073036194,0.2787230908870697,0.36595261096954346,0.5297279357910156,2.6379897594451904,-3.9130442142486572,0.8507279753684998,4.112222194671631,2.6868255138397217,5.17743444442749,9.454842567443848,-3.748684883117676,-1.5036208629608154,3.7985737323760986,1.5788005590438843,4.3664870262146,9.741191864013672,1.4959954023361206,-3.0290632247924805,2.32702898979187,3.092334508895874,4.1760101318359375,7.666426181793213,0.5513352155685425,-4.920182704925537,3.112567901611328,4.935966968536377,6.324481010437012,9.961188316345215,-2.9823784828186035,-3.0762157440185547,4.928157329559326,3.5222678184509277,6.434777736663818,8.81694221496582,3.5601532459259033,-1.1612067222595215,3.9971330165863037,2.9788172245025635,5.3025898933410645,8.760041236877441
139.0,0.0,0.0,0.0,0.0,0.0,0,7.744035243988037,7.058961868286133,18.116209030151367,19.467050552368164,7.147303581237793,1.1617817878723145,-4.277064800262451,7.080722332000732,6.424513816833496,4.432044700617975,285.1966191862201,0.5723172171845066,0.4786299702479127,279.09935829559225,43.9193595229645,43.9193595229645,0.320905476808548,0.041439046344556814,0.8412387371063232,0.6007011532783508,0.5153086419753087,0.4846913580246914,0.25394025444984436,0.032791718226653055,0.6160333156585693,0.5617861747741699,2.372824549674988,-3.360538959503174,3.148167133331299,0.18066981434966856,-0.018076012398349356,-3.1772472858428955,-5.018955707550049,3.2195756435394287,5.0189619064331055,6.089024543762207,12.740838050842285,0.01091092824935913,-0.1460774689912796,0.04361417889595032,0.14695525169372559,0.1577971875667572,0.28941062092781067,0.4469318091869354,-0.3306116461753845,0.45141032338142395,0.34645146131515503,0.6045956015586853,0.8831018209457397,-3.6337273120880127,-3.370152711868286,4.176760196685791,4.1283769607543945,6.298343181610107,11.5502347946167,0.7946928143501282,-4.835428714752197,2.7106869220733643,4.835447788238525,5.766067028045654,11.389080047607422,8.268898010253906,-10.40391731262207,8.40137004852295,10.403995513916016,13.742895126342773,26.331859588623047,-6.69552755355835,4.457492828369141,8.877758979797363,4.577213764190674,10.265000343322754,19.206737518310547,4.655149936676025,-4.954836845397949,7.019669055938721,6.099724292755127,9.624945640563965,14.071415901184082,9.785954475402832,-13.891094207763672,9.785954475402832,13.891094207763672,17.14764404296875,21.047657012939453
139.5,0.0,0.0,0.0,0.0,0.0,0,6.855411052703857,6.373612403869629,15.033492088317871,16.883302688598633,5.939244270324707,5.432961940765381,-0.0425553098320961,5.332019805908203,4.931730270385742,5.433128601846273,359.5512227375388,0.7925314120592931,0.6414001548788307,359.92614120179974,80.82678290620748,80.82678290620748,0.2686528265476227,0.03918842871620864,0.6905650496482849,0.5267048478126526,0.5086882716049382,0.4913117283950617,0.25268518924713135,0.036859227031797344,0.6081678867340088,0.5601300597190857,4.271180152893066,4.234509490430355,-0.8886241912841797,0.16277018463091802,-0.0022506176283481755,2.967421531677246,-0.5356126427650452,2.998234272003174,0.5840436220169067,3.1013481616973877,5.7000226974487305,0.0021095569245517254,-0.0012307605938985944,0.002414264250546694,0.001687125419266522,0.003067609155550599,0.001932784216478467,0.42536696791648865,0.1314849853515625,0.4257834851741791,0.13169492781162262,0.4493221342563629,0.0044680871069431305,4.212619781494141,-2.283128023147583,4.663959980010986,3.4258246421813965,6.1099700927734375,12.72532844543457,7.512162685394287,1.5636833906173706,7.520630359649658,2.459057569503784,8.16958236694336,13.001502990722656,11.826308250427246,2.7051286697387695,11.827077865600586,3.88256573677063,12.811596870422363,20.416528701782227,5.947826385498047,-6.196946620941162,5.995508670806885,7.167275428771973,10.1865816116333,15.83753776550293,5.067422866821289,3.4876842498779297,5.086028099060059,6.070267677307129,8.386918067932129,13.321239471435547,10.935419082641602,0.745938241481781,10.935419082641602,5.307949542999268,12.480311393737793,17.152488708496094
140.0,0.0,0.0,0.0,0.0,0.0,0,7.6216254234313965,7.986184120178223,14.0746488571167,15.747161865234375,5.464256763458252,2.0330257415771484,5.229769706726074,5.147162437438965,5.474514007568359,5.611032422941881,68.7568567016125,0.7361989223049079,0.5652149972608953,67.2027577632053,67.27661656140555,67.27661656140555,0.34864363074302673,0.045743993653530574,0.8981688618659973,0.5982412695884705,0.45987654320987653,0.5401234567901234,0.26803821325302124,0.03516811220620618,0.6659073829650879,0.5085059404373169,-3.3999361991882324,5.27232501655817,0.7662143707275391,-0.07618515761793543,0.006555564937321935,-0.4615635275840759,12.464731216430664,5.157750606536865,12.465291023254395,14.034370422363281,19.379236221313477,0.6532008051872253,1.2830740213394165,0.9983236789703369,1.285681128501892,1.7757447957992554,9.096163749694824,0.06369876861572266,0.12918156385421753,0.1585531234741211,0.15761767327785492,0.25180646777153015,0.18693670630455017,1.0040786266326904,8.844101905822754,4.119405746459961,8.853363990783691,10.433816909790039,14.374456405639648,3.831725835800171,0.9996457099914551,4.525835990905762,2.7446630001068115,5.763151168823242,9.933818817138672,2.0140042304992676,6.16371488571167,3.156841516494751,6.640736103057861,8.012779235839844,14.262125968933105,4.209224224090576,6.475345134735107,5.984110355377197,6.875842571258545,10.322556495666504,16.676515579223633,6.834304332733154,2.80295729637146,7.007287502288818,3.424006700515747,8.746479034423828,12.985069274902344,0.1485605090856552,7.905175685882568,3.7226834297180176,7.909518241882324,9.253920555114746,13.662528038024902
140.5,0.0,0.0,0.0,0.0,0.0,0,6.800628662109375,6.2200117111206055,14.665332794189453,16.00922393798828,5.606513977050781,1.5137242078781128,3.684187412261963,5.278049945831299,5.827447414398193,3.983038772869995,67.66368173688001,0.5856868490794147,0.3776490474486538,79.03934327048316,11.836585507277846,11.836585507277846,0.3542691767215729,0.05209358461252953,0.88086998462677,0.6430066227912903,0.5182407407407408,0.4817592592592593,0.2879486083984375,0.04234146287994213,0.6795886158943176,0.5954201221466064,-0.5193015336990356,-1.5455822944641113,-0.8209967613220215,-0.1875659498122415,0.006349590958998959,-1.0534900426864624,-0.9029152989387512,2.2445225715637207,2.7463889122009277,3.8539724349975586,7.84603214263916,-0.9010607004165649,-0.2592371702194214,0.9927802085876465,0.620356559753418,1.247687578201294,5.204378604888916,0.14665786921977997,0.1259523630142212,0.16637755930423737,0.1270652413368225,0.23106326162815094,0.01583312824368477,-0.39682406187057495,7.480520725250244,3.3593456745147705,8.106660842895508,9.12547492980957,15.447547912597656,1.617933750152588,6.275899410247803,2.919015407562256,6.659401893615723,7.876715660095215,13.905611991882324,2.3678314685821533,1.3108936548233032,4.8827667236328125,3.564657211303711,6.660178184509277,12.186052322387695,4.294351100921631,10.043316841125488,5.931159496307373,10.043316841125488,12.542068481445312,15.868035316467285,0.36463651061058044,9.832317352294922,1.9235132932662964,9.85895824432373,10.290985107421875,15.969908714294434,7.183481216430664,-0.7490633726119995,8.313735961914062,3.0344715118408203,9.377511024475098,16.92435073852539
141.0,0.0,0.0,0.0,0.0,0.0,0,5.9518141746521,5.789022445678711,13.559762001037598,16.686927795410156,5.566843509674072,-1.8223568201065063,-2.436436176300049,4.907125949859619,5.75123929977417,3.042565631333579,233.20498073584406,0.5111997018138467,0.4258878755584908,241.55332077197312,162.51397750149,162.51397750149,0.2537473440170288,0.04263360614719711,0.6619074940681458,0.4906216263771057,0.47030864197530864,0.5296913580246914,0.19267047941684723,0.03237171749509331,0.5019310712814331,0.4071201980113983,-3.336081027984619,-6.120623588562012,-0.8488144874572754,0.048238828109836984,-0.00945997846533242,-5.952011585235596,-5.350291728973389,5.955700874328613,5.350356101989746,8.148566246032715,21.124723434448242,-0.004106611013412476,-0.08101126551628113,0.017931925132870674,0.0811854898929596,0.08568776398897171,0.07476234436035156,-0.0013842490734532475,-0.002715555252507329,0.0018912863451987505,0.0028939826879650354,0.0035628285259008408,0.003047014819458127,-4.346482276916504,-0.3505603075027466,4.51324462890625,3.6103482246398926,6.30861759185791,10.251781463623047,-4.455301761627197,-2.1008787155151367,4.506529808044434,3.3545126914978027,6.595978736877441,15.228757858276367,-0.5139551758766174,-4.425056457519531,1.3615106344223022,4.425110340118408,4.769021034240723,9.680625915527344,0.7851719260215759,6.06333065032959,3.4531657695770264,6.0776801109313965,7.365480899810791,10.896276473999023,-5.252368927001953,-3.9181249141693115,5.546992301940918,4.2675580978393555,7.833441734313965,11.606032371520996,3.339226245880127,-11.762615203857422,3.4358417987823486,11.762615203857422,12.455970764160156,16.526748657226562
141.5,0.0,0.0,0.0,0.0,0.0,0,5.949915409088135,5.484735012054443,12.213360786437988,15.039571762084961,4.968497276306152,1.8855078220367432,0.17501747608184814,5.994250297546387,4.535488128662109,1.8936131769439615,5.303139457427891,0.3182588401259591,0.2087460387484675,2.6940986433870444,121.14077787141389,121.14077787141389,0.31878039240837097,0.05357728924081242,0.803479790687561,0.5201677680015564,0.42106481481481484,0.5789351851851852,0.23640817403793335,0.03973302442986161,0.5406333208084106,0.4260575473308563,3.7078646421432495,2.611453652381897,-0.0018987655639648438,-0.21714183681002328,0.010943683093615306,0.8123370409011841,3.143455982208252,2.1248815059661865,5.508453845977783,6.213309288024902,9.879273414611816,0.7659189105033875,-0.8784645795822144,0.78050297498703,1.0819505453109741,1.493630290031433,6.650070667266846,-0.045176342129707336,0.17577829957008362,0.2043493539094925,0.4133037328720093,0.46886584162712097,0.008858921937644482,1.7841737270355225,2.7922630310058594,2.817667007446289,3.7342796325683594,5.026561260223389,9.548182487487793,7.473647594451904,0.5159313082695007,7.890699863433838,4.075046062469482,9.415542602539062,18.481830596923828,1.6470969915390015,0.7515746355056763,5.9740705490112305,3.4474360942840576,7.448678493499756,17.18703269958496,-0.8572425246238708,-0.028927002102136612,3.5905745029449463,4.03483772277832,6.012783527374268,9.902015686035156,4.868218421936035,-3.249669075012207,5.015297889709473,4.121879577636719,7.563836097717285,10.582182884216309,0.5205971002578735,-1.6467854976654053,8.53244400024414,3.666867971420288,9.906034469604492,15.844623565673828
142.0,0.0,0.0,0.0,0.0,0.0,0,8.77791690826416,8.293588638305664,17.397254943847656,19.99224090576172,6.331757068634033,3.97495698928833,1.8269869089126587,7.212082386016846,6.781643867492676,4.374718760335386,24.684662097688697,0.49837778211556233,0.30506470413416975,19.907922124993224,17.21382348160617,17.21382348160617,0.30482369661331177,0.034726195870017074,0.7441707253456116,0.5156784653663635,0.496929012345679,0.503070987654321,0.27104997634887695,0.03087861827617357,0.6162204742431641,0.5223063826560974,2.089449167251587,1.6519694328308105,2.8280014991760254,0.09631866538570225,-0.018851093370795345,-3.1413562297821045,0.07544148713350296,5.616455554962158,5.400694370269775,8.369560241699219,12.486794471740723,2.671715497970581,4.798096179962158,2.6921350955963135,4.951375961303711,6.50387716293335,13.685413360595703,1.371989369392395,-0.07445260882377625,1.3724052906036377,0.11212649196386337,1.391226887702942,0.6745065450668335,-1.452741265296936,-1.857601284980774,3.4497246742248535,5.242684364318848,7.05042839050293,10.893681526184082,9.466562271118164,8.322403907775879,9.477593421936035,8.741311073303223,14.887130737304688,20.081523895263672,7.659484386444092,0.6525663137435913,7.676979064941406,2.0128753185272217,8.34207534790039,21.91386604309082,6.052177906036377,-4.006507873535156,7.239454746246338,6.638401508331299,10.505210876464844,17.553531646728516,9.579203605651855,9.590190887451172,9.579203605651855,9.651493072509766,14.444031715393066,16.810970306396484,3.567577362060547,-1.057253360748291,4.534482002258301,4.979823112487793,7.507715702056885,12.21820068359375
142.5,0.0,0.0,0.0,0.0,0.0,0,7.241583347320557,6.90781307220459,16.091054916381836,18.08556365966797,5.733858585357666,2.320603370666504,1.7946833372116089,5.023682594299316,7.1745524406433105,2.933613520014819,37.71726482335462,0.4051066430244539,0.19762519616638735,29.338868424653377,9.43094629966015,9.43094629966015,0.264529287815094,0.036529200673188586,0.6391105651855469,0.46479731798171997,0.5547376543209876,0.44526234567901235,0.22463811933994293,0.031020576239377894,0.49791988730430603,0.44505879282951355,-1.6543536186218262,-0.032303571701049805,-1.5363335609436035,-0.1074395079677824,0.0018030048031715123,-2.518972635269165,-3.5664777755737305,2.90549635887146,4.311859130859375,5.545306205749512,10.92776870727539,2.1553397178649902,-0.4626176357269287,2.1893672943115234,1.1590616703033447,2.616933822631836,8.862339973449707,0.2469029575586319,1.877021074295044,0.24735334515571594,1.8775421380996704,1.8959156274795532,12.005610466003418,-2.6427314281463623,-2.663316249847412,3.1196999549865723,3.939383029937744,5.541542053222656,9.173173904418945,7.240666389465332,-2.784055233001709,7.254421234130859,4.954524517059326,9.356355667114258,13.551467895507812,4.467172622680664,8.85023307800293,4.470904350280762,8.85059642791748,10.147183418273926,18.04591178894043,-1.3904647827148438,5.378154277801514,3.6380393505096436,6.3916168212890625,8.170207023620605,13.034297943115234,4.871978759765625,-2.865732431411743,5.198306083679199,3.541154623031616,6.721670150756836,9.839091300964355,8.455537796020508,12.388938903808594,8.455537796020508,12.388938903808594,15.1791410446167,20.046432495117188
143.0,0.0,0.0,0.0,0.0,0.0,0,7.606998443603516,5.9204936027526855,20.56672477722168,21.670127868652344,7.183210849761963,2.8580005168914795,5.382815837860107,6.246740341186523,5.770641326904297,6.094495327660001,62.033978759710806,0.8011695247268874,0.5866528329161976,72.58112250756285,43.24225408290948,43.24225408290948,0.24482885003089905,0.03218468094364958,0.6011711359024048,0.508291482925415,0.5395987654320987,0.4604012345679012,0.20244638621807098,0.02661317221316504,0.47608011960983276,0.4395769536495209,0.5373971462249756,3.5881325006484985,0.365415096282959,0.3890276367498103,-0.004344519729539004,2.338153123855591,1.0531083345413208,3.884673833847046,2.1202754974365234,4.70079231262207,6.567364692687988,0.2661755383014679,1.4808883666992188,1.2879177331924438,1.4812220335006714,2.0227761268615723,7.31226110458374,0.0019119674107059836,0.02730167843401432,0.0038703742902725935,0.02766861580312252,0.02837730199098587,0.006472153589129448,1.1370052099227905,4.665744304656982,3.1119823455810547,4.674571990966797,6.172069549560547,8.571682929992676,8.954544067382812,10.42859172821045,9.51767349243164,10.428606986999512,14.265111923217773,21.888118743896484,1.0239959955215454,4.1445441246032715,2.6928486824035645,4.145098686218262,5.14311408996582,14.407325744628906,1.3211019039154053,6.546588897705078,2.657036066055298,6.546588897705078,7.232170104980469,10.850008010864258,12.790855407714844,13.314455032348633,12.790855407714844,13.314455032348633,18.58292579650879,22.921611785888672,-2.1117398738861084,6.784119606018066,5.4831624031066895,7.817477703094482,10.315650939941406,16.139833450317383
143.5,0.0,0.0,0.0,0.0,0.0,0,7.456446647644043,8.441936492919922,15.229968070983887,19.01669692993164,6.168930530548096,4.653002738952637,-3.7991631031036377,6.351085662841797,4.151378154754639,6.007002145220593,320.76846270299944,0.8056118992172471,0.6460847810622704,317.4337247526573,-115.14739775490551,115.14739775490551,0.1334029883146286,0.017890957546892846,0.2606286406517029,0.3215833902359009,0.6798456790123457,0.32015432098765434,0.13579821586608887,0.01821218659115725,0.24089166522026062,0.42606309056282043,1.7950022220611572,-9.181978940963745,-0.15055179595947266,0.05943194814607278,-0.014293723396756736,3.3071048259735107,-9.954819679260254,3.8595800399780273,9.954819679260254,11.000959396362305,13.727287292480469,1.5054353475570679,-1.7478480339050293,1.5076895952224731,1.7481406927108765,2.3175487518310547,10.599525451660156,0.0013646362349390984,-0.0024100022856146097,0.0025279156398028135,0.003333867294713855,0.00491602998226881,0.006880461238324642,1.4887014627456665,-9.116303443908691,2.6902778148651123,9.116303443908691,9.657244682312012,11.72989273071289,4.885489463806152,-3.4242496490478516,4.885626316070557,3.424304962158203,6.1156768798828125,10.08304214477539,4.25755500793457,-0.6585913300514221,4.257809638977051,0.6615235805511475,4.328080177307129,16.822439193725586,1.744200348854065,-6.420753002166748,3.942976236343384,6.420753002166748,8.045499801635742,10.261308670043945,7.787282943725586,-3.1713757514953613,7.787282943725586,3.1713757514953613,8.690876960754395,12.145162582397461,16.89988899230957,0.30388331413269043,16.899890899658203,0.9906124472618103,16.947216033935547,22.754507064819336
144.0,0.0,0.0,0.0,0.0,0.0,0,7.695383548736572,7.52984619140625,16.34990882873535,19.111385345458984,6.272618293762207,-0.9828647971153259,-3.285512685775757,6.621425151824951,6.554447650909424,3.429375572579063,253.34538754865522,0.44564062997770887,0.31180331996896893,243.93353365403436,-73.50019109862296,73.50019109862296,0.19991466403007507,0.02597851514293682,0.4577893614768982,0.3812464773654938,0.582608024691358,0.41739197530864197,0.14879879355430603,0.019336108886038164,0.3250935971736908,0.31544411182403564,-5.635867536067963,0.5136504173278809,0.2389369010925293,-0.3342814610933015,0.008087557596043973,-5.561820983886719,0.5810708403587341,6.76042366027832,4.98534631729126,9.443368911743164,14.455751419067383,-2.8762006759643555,-3.0158441066741943,2.8765060901641846,3.0160112380981445,4.201028347015381,13.392508506774902,-0.0005938526010140777,-0.015041815117001534,0.004128666128963232,0.016109613701701164,0.01733497902750969,0.005273332353681326,-4.961416244506836,0.8364808559417725,7.555853366851807,3.97312068939209,9.310279846191406,14.3873291015625,-2.794226884841919,-5.294522762298584,3.14082407951355,5.29454231262207,6.438639163970947,10.448479652404785,2.6126890182495117,-5.980863094329834,2.6288139820098877,5.9812116622924805,6.5880842208862305,17.47134780883789,-5.38929557800293,3.1457433700561523,6.293052673339844,3.7340667247772217,8.935990333557129,14.64857292175293,0.1352817416191101,-5.73064661026001,3.0548019409179688,5.733914852142334,6.922460556030273,11.831472396850586,9.989799499511719,-14.095992088317871,9.991929054260254,14.096531867980957,17.40125846862793,22.102764129638672
144.5,0.0,0.0,0.0,0.0,0.0,0,9.33078670501709,8.565168380737305,20.45442771911621,23.325759887695312,7.372631072998047,1.3619139194488525,-4.6943535804748535,9.76439380645752,4.71000337600708,4.887920320801641,286.1783665014795,0.5238486823595961,0.49767338729191496,277.4509030689789,33.51736941494454,33.51736941494454,0.2197933942079544,0.023555716961577988,0.4464970529079437,0.40067481994628906,0.6023765432098765,0.39762345679012345,0.16972783207893372,0.018190086136851278,0.3999592661857605,0.36377784609794617,2.3447787165641785,-1.4088408946990967,1.6354031562805176,0.18587006732294603,-0.002422798181358831,-3.584425210952759,-3.853362560272217,5.760366439819336,4.224851131439209,7.528867721557617,10.891899108886719,-1.0102614164352417,-3.3761043548583984,1.0630521774291992,3.3762474060058594,3.590228319168091,10.38127326965332,0.554781436920166,-0.7131403684616089,0.5615206956863403,0.7134614586830139,0.9268994927406311,3.7148120403289795,-10.861114501953125,-1.7786865234375,10.861114501953125,3.0147228240966797,11.550108909606934,17.03727912902832,1.8871898651123047,-5.559174060821533,2.9879655838012695,5.559174060821533,6.526802062988281,9.103422164916992,12.476861953735352,-9.977578163146973,12.477429389953613,9.977579116821289,16.031909942626953,26.681943893432617,-9.62016773223877,-1.7285280227661133,9.62016773223877,1.958626627922058,9.947282791137695,14.929244041442871,5.600799560546875,-4.2549333572387695,6.069176197052002,4.258653163909912,7.6166791915893555,16.33040428161621,16.813562393188477,-11.007678985595703,16.81363296508789,11.007678985595703,20.258310317993164,25.521181106567383
145.0,0.0,0.0,0.0,0.0,0.0,0,7.882719039916992,7.518449783325195,14.77098560333252,15.724851608276367,5.237929821014404,-3.090498447418213,-5.382022380828857,5.710813522338867,4.294465065002441,6.20623441075481,240.13442708811908,0.7873215294528833,0.6756667481574105,245.77892929676918,-31.671973772209725,31.671973772209725,0.22327278554439545,0.028324332770131792,0.49950742721557617,0.36792507767677307,0.49919753086419755,0.5008024691358025,0.21387849748134613,0.027132575608203174,0.47593873739242554,0.40768951177597046,-4.452412366867065,-0.6876688003540039,-1.4480676651000977,0.1779933608654955,0.004768615808553804,2.958740711212158,-2.9573655128479004,3.498988151550293,3.3606631755828857,5.255465507507324,7.8321213722229,-2.679452896118164,-3.4536242485046387,2.7283365726470947,3.453871965408325,4.521172523498535,12.403436660766602,-1.468687653541565,-2.675313949584961,1.4703303575515747,2.675462245941162,3.062659978866577,14.940847396850586,1.8983715772628784,-3.884723424911499,3.0122997760772705,3.884723424911499,5.237737655639648,8.194666862487793,-8.869038581848145,-6.9151692390441895,9.147300720214844,6.915234565734863,11.764296531677246,19.21257781982422,-6.619631290435791,-11.199409484863281,6.619727611541748,11.199409484863281,13.116299629211426,14.890644073486328,-4.684970378875732,-3.317661762237549,5.158591270446777,3.5815722942352295,6.671265125274658,10.751140594482422,-8.69582748413086,-4.593611240386963,8.69582748413086,4.962829113006592,10.478439331054688,15.077169418334961,0.34600889682769775,-9.441326141357422,4.5688700675964355,9.441326141357422,10.837133407592773,14.041787147521973
145.5,0.0,0.0,0.0,0.0,0.0,0,6.525241374969482,5.329422950744629,12.797318458557129,15.098725318908691,5.078613758087158,-0.9695627689361572,0.9099489450454712,6.1856160163879395,5.323644638061523,1.3296838141063891,136.8166823798188,0.20377542188814554,0.09780519992498249,125.99702363731512,-119.78190565945405,119.78190565945405,0.2913306951522827,0.044646723969949884,0.6326407194137573,0.4796999394893646,0.45177469135802467,0.5482253086419753,0.21324148774147034,0.03267947387815884,0.4526289403438568,0.3622584640979767,2.1209356784820557,6.291971325874329,-1.3574776649475098,-0.577861548232428,0.01632239119981809,0.715798556804657,0.16155511140823364,2.655283212661743,2.115673303604126,3.744666576385498,6.508488655090332,3.0902342796325684,-0.2346072793006897,3.271756887435913,0.6449339985847473,3.5068788528442383,10.124449729919434,-4.427158832550049,3.8118350505828857,4.864777565002441,3.9358880519866943,6.5772552490234375,22.10367202758789,0.06945892423391342,4.042171478271484,1.5606751441955566,4.156508922576904,4.682016372680664,9.430197715759277,3.7005953788757324,0.38049572706222534,3.937870740890503,2.8337960243225098,5.339029788970947,9.942329406738281,-8.23285961151123,0.6010975241661072,8.627039909362793,3.926635503768921,9.967775344848633,19.070343017578125,-0.6471908092498779,4.841274738311768,2.1376991271972656,6.658233642578125,7.386755466461182,11.594624519348145,3.3476102352142334,2.4070000648498535,4.981122016906738,4.206945419311523,7.08463716506958,13.070046424865723,-6.34255313873291,-7.821282386779785,6.353360652923584,7.821282386779785,10.43816089630127,13.874042510986328
146.0,0.0,0.0,0.0,0.0,0.0,0,6.593592643737793,6.835756301879883,11.174413681030273,13.18701171875,3.931622266769409,-0.8233422636985779,1.0435760021209717,5.469158172607422,5.220582962036133,1.3292642157957495,128.27211337174015,0.2015993840714753,0.11624555664846135,141.09192740611215,15.094903768797025,15.094903768797025,0.26154911518096924,0.039667157139623425,0.5951347947120667,0.41384780406951904,0.4780864197530864,0.5219135802469136,0.22180703282356262,0.0336397789745842,0.5089009404182434,0.34396809339523315,0.14622050523757935,0.1336270570755005,0.06835126876831055,0.018440356723478865,-0.004979566830326458,-1.4505549669265747,4.236475467681885,4.1164140701293945,4.617806911468506,6.6896562576293945,10.474822044372559,-3.0409302711486816,-0.6809396743774414,3.751268148422241,3.711298942565918,5.778249740600586,14.139457702636719,-2.028658390045166,0.132016122341156,2.048551321029663,0.5050315856933594,2.201824188232422,7.202712059020996,-0.45573171973228455,5.067777633666992,4.2980241775512695,5.068215370178223,7.125978946685791,12.253493309020996,-2.640995502471924,-1.7247629165649414,5.306450843811035,3.768958806991577,6.935673713684082,13.130732536315918,-2.382857084274292,-1.9997594356536865,4.255584716796875,3.008955717086792,5.779773712158203,9.789207458496094,1.2632347345352173,6.4944682121276855,5.8811750411987305,6.573781490325928,9.485183715820312,13.909457206726074,2.197214365005493,-3.317101240158081,4.298771381378174,4.428796768188477,6.627397060394287,9.518228530883789,1.1291985511779785,1.1840099096298218,5.10462760925293,6.374275207519531,8.718598365783691,10.381868362426758
146.5,0.0,0.0,0.0,0.0,0.0,0,6.997675895690918,6.132978916168213,14.294262886047363,15.950371742248535,4.720651626586914,2.5918843746185303,3.2753922939300537,5.989467620849609,4.234647274017334,4.176848009028826,51.64471656909108,0.5968907493416318,0.40121474939965107,60.153651005661736,-80.9382764004504,80.9382764004504,0.2494312971830368,0.03564487199125091,0.5477264523506165,0.3660569190979004,0.5706481481481481,0.4293518518518519,0.20081204175949097,0.028696958255267333,0.4472532570362091,0.2984659969806671,3.415226638317108,2.231816291809082,0.404083251953125,0.2849691927511897,-0.004022285148372516,-2.4093003273010254,-0.8611963391304016,3.0588011741638184,2.886436939239502,4.737492084503174,6.50986385345459,1.4596302509307861,0.05434107407927513,2.131560802459717,1.5740628242492676,2.743562936782837,6.646578788757324,-1.9852874279022217,-0.12055942416191101,3.608851194381714,2.2358851432800293,4.460389137268066,8.088240623474121,0.45914384722709656,2.4702584743499756,2.92384934425354,2.8977701663970947,4.468888282775879,7.189185619354248,7.452484130859375,4.936522483825684,7.489513874053955,4.957882881164551,9.535970687866211,14.937150955200195,0.49146199226379395,1.6973414421081543,2.438169002532959,2.7541205883026123,4.035128116607666,7.868797779083252,1.9294735193252563,5.46850061416626,4.8221564292907715,5.46850061416626,7.853381156921387,11.113397598266602,12.370682716369629,7.789211273193359,12.370682716369629,7.789211273193359,15.153060913085938,19.39179801940918,3.5586702823638916,8.044110298156738,5.179080009460449,8.044110298156738,9.991211891174316,14.973072052001953
147.0,0.0,0.0,0.0,0.0,0.0,0,4.854723930358887,4.712745666503906,8.418722152709961,9.922952651977539,2.9390347003936768,-0.174520343542099,-0.0024058399721980095,4.68349027633667,3.200113296508789,0.17453692553733172,180.78979758390577,0.03595197750501727,0.07324807054983502,167.83194963081422,107.67829862515248,107.67829862515248,0.23230604827404022,0.047851536720715286,0.5004861354827881,0.32364729046821594,0.5048148148148148,0.4951851851851852,0.17890681326389313,0.0368521009594394,0.3919094204902649,0.2702553868293762,-2.7664047181606293,-3.2777981339022517,-2.1429519653320312,-0.32796667884981606,0.012206664729464377,0.2960163652896881,2.4424445629119873,3.6416797637939453,2.7362380027770996,4.787747383117676,7.007382392883301,-2.0542891025543213,-1.053499460220337,2.2603657245635986,1.7420793771743774,3.0453038215637207,7.58695125579834,4.068204402923584,1.5092732906341553,4.313073635101318,3.3618338108062744,6.115426540374756,8.223868370056152,-1.8640460968017578,-0.8473137021064758,2.627211332321167,2.3199713230133057,3.842130422592163,6.872824668884277,-3.0374181270599365,-1.7736862897872925,3.769392251968384,2.187938928604126,4.547728061676025,9.71617317199707,2.9541947841644287,1.0658167600631714,3.5181398391723633,1.7063802480697632,4.221357345581055,6.761885166168213,-2.7030045986175537,-3.26533579826355,3.305022716522217,3.747126817703247,5.752170085906982,8.385322570800781,-3.2014334201812744,-0.5231593251228333,4.905691146850586,1.9440821409225464,5.481719970703125,10.191402435302734,3.971092700958252,2.4238076210021973,4.924236297607422,2.6168935298919678,5.89893102645874,12.748147964477539
147.5,0.0,0.0,0.0,0.0,0.0,0,4.731849193572998,3.7825300693511963,10.774298667907715,13.810784339904785,3.8778185844421387,-0.3889329433441162,-0.47171005606651306,5.5699782371521,2.4554896354675293,0.6113748534349368,230.49384027006454,0.12920421349550457,0.05581546269185935,311.48820009127246,143.65625046045824,143.65625046045824,0.23615318536758423,0.049907155912995216,0.5076577663421631,0.35010838508605957,0.5407716049382716,0.4592283950617284,0.19943353533744812,0.0421470518251671,0.42068350315093994,0.36189159750938416,-0.2144125998020172,-0.46930421609431505,-0.12287473678588867,-0.017432607857975672,0.0020556191922799297,1.0101100206375122,1.0290255546569824,1.9990644454956055,1.913562536239624,2.930659532546997,4.995650768280029,4.3913726806640625,-0.5044136643409729,4.727216720581055,0.7312582731246948,4.822927951812744,12.721826553344727,3.1343884468078613,-0.4853934645652771,3.1687798500061035,1.8505780696868896,3.9593284130096436,6.315558433532715,0.9908637404441833,-0.1732574999332428,2.798666477203369,1.7632006406784058,3.4701297283172607,6.3465681076049805,-5.86544942855835,-3.7199866771698,6.295247554779053,3.744978904724121,7.480290412902832,14.655648231506348,2.089850664138794,-0.44776105880737305,2.525768756866455,1.6783337593078613,3.342867374420166,5.064096927642822,0.13047930598258972,0.8371363878250122,2.89119029045105,1.5463614463806152,3.589024543762207,5.58454704284668,-9.073023796081543,-1.326200246810913,9.073294639587402,1.9475445747375488,9.369481086730957,16.98179817199707,-0.3089889883995056,0.545460045337677,2.502387762069702,2.175697088241577,3.6219310760498047,5.850862979888916
148.0,0.0,0.0,0.0,0.0,0.0,0,8.467575073242188,7.039942741394043,18.077680587768555,21.597312927246094,6.223573207855225,3.8812601566314697,-1.3811571598052979,8.688844680786133,4.238502502441406,4.119681480835184,340.41175789577096,0.4865243526276503,0.4082575200553244,325.87223792524856,14.384037833976095,14.384037833976095,0.30482885241508484,0.03599954104674109,0.6583186388015747,0.44331085681915283,0.4327932098765432,0.5672067901234568,0.22641363739967346,0.02673889616594622,0.5114431977272034,0.3991168737411499,4.270193099975586,-0.9094471037387848,3.7357258796691895,0.35244205736346507,-0.013907614866254123,3.2288901805877686,-1.6990089416503906,5.075824737548828,2.8089187145233154,6.140476226806641,13.747018814086914,1.2307878732681274,-0.37669429183006287,1.2358838319778442,0.4897708594799042,1.3763753175735474,5.3675217628479,4.4621901512146,6.812096118927002,6.781530380249023,6.812096118927002,10.14365005493164,15.04350757598877,2.7170493602752686,-5.538980007171631,4.577424049377441,5.571063041687012,7.9287824630737305,13.008522033691406,13.215660095214844,-3.1357264518737793,13.215672492980957,3.137821674346924,13.785932540893555,22.625761032104492,0.11413872241973877,-1.0730929374694824,4.947366714477539,2.7858245372772217,6.170568466186523,10.308977127075195,0.6863147616386414,-3.4255664348602295,3.1943764686584473,3.754314422607422,5.460705280303955,7.719242095947266,15.356093406677246,0.2058182805776596,15.424668312072754,1.9989031553268433,15.752483367919922,23.58951187133789,-6.079783916473389,-4.199259281158447,7.2049102783203125,4.226260185241699,9.44920539855957,18.859901428222656
148.5,0.0,0.0,0.0,0.0,0.0,0,7.541635036468506,6.640566825866699,15.323671340942383,17.484481811523438,5.570016860961914,4.582169055938721,0.8304276466369629,7.110434055328369,3.9569172859191895,4.6568104249047275,10.272235075713672,0.6174802151504477,0.4264917315398684,11.292523998560629,45.42028607331207,45.42028607331207,0.28548115491867065,0.03785400853849105,0.636736273765564,0.41713911294937134,0.5099537037037037,0.4900462962962963,0.21857596933841705,0.028982566684664462,0.4891009032726288,0.3723788559436798,0.700908899307251,2.2115848064422607,-0.9259400367736816,0.018234211484544016,0.0018544674917499587,1.9312098026275635,4.746070384979248,4.582380294799805,6.557408809661865,8.8372220993042,14.264032363891602,2.6472508907318115,-1.0455801486968994,2.6492860317230225,1.1045883893966675,2.9249606132507324,12.173009872436523,2.4841485023498535,1.575377106666565,3.718398094177246,3.0383498668670654,5.6084113121032715,10.681370735168457,0.927521824836731,0.5513654351234436,3.5510127544403076,3.3700878620147705,5.480781078338623,10.539446830749512,11.727280616760254,-1.5099222660064697,11.727287292480469,1.7228761911392212,11.995004653930664,17.716379165649414,3.1212408542633057,0.753803014755249,5.761817932128906,2.2689733505249023,6.630035400390625,14.63449478149414,0.839265763759613,-1.8249988555908203,2.3938393592834473,2.9977333545684814,4.161960124969482,6.905568599700928,13.312742233276367,1.7088347673416138,13.817862510681152,2.491872549057007,14.332845687866211,23.299421310424805,4.24885892868042,2.5188992023468018,6.567919731140137,3.1653478145599365,7.903495788574219,12.699162483215332
149.0,0.0,0.0,0.0,0.0,0.0,0,6.073962211608887,5.492580413818359,11.845630645751953,12.924229621887207,4.132474899291992,1.9542460441589355,-1.814626932144165,5.22772741317749,4.419195175170898,2.666823673206347,317.1215704249443,0.43905832474712614,0.3335699972229586,322.8258680752382,-48.466655923322435,48.466655923322435,0.2516902983188629,0.04143757371427914,0.5760891437530518,0.36795854568481445,0.4417438271604938,0.5582561728395061,0.21118079125881195,0.034768203873081056,0.49590864777565,0.3158973455429077,-2.627923011779785,-2.645054578781128,-1.4676728248596191,-0.09292173431690981,0.0035835651757880893,-0.7056796550750732,-3.2921948432922363,3.1012520790100098,3.6772074699401855,5.09414005279541,12.462059020996094,0.6073727011680603,-1.4454917907714844,1.6409212350845337,2.0433356761932373,2.944575309753418,7.963982582092285,1.3079960346221924,1.8576855659484863,2.563896417617798,2.532349109649658,4.057103633880615,7.851558685302734,-3.1867270469665527,-2.2234561443328857,3.914778709411621,2.4178807735443115,4.910194396972656,8.22176456451416,2.9770898818969727,-0.2405022233724594,3.8960981369018555,1.406764030456543,4.394554138183594,8.148468971252441,3.105264663696289,0.574824333190918,5.96115779876709,4.042092323303223,7.5943989753723145,9.895782470703125,0.028002286329865456,-2.4234023094177246,2.589940071105957,3.6446750164031982,4.799289226531982,8.478650093078613,8.588266372680664,-5.689421653747559,8.58837604522705,6.199501037597656,11.246794700622559,13.909454345703125,4.866628646850586,-3.4496841430664062,6.547650337219238,6.4857892990112305,9.624614715576172,17.829286575317383
149.5,0.0,0.0,0.0,0.0,0.0,0,5.122614860534668,5.011622428894043,9.115568161010742,10.768113136291504,3.227236032485962,-0.6687015295028687,1.8276691436767578,4.243374824523926,3.8551864624023438,1.9461593548082359,110.09639481265793,0.37991522060378113,0.2537648926395152,96.80940337737538,133.98353530213717,133.98353530213717,0.25719159841537476,0.05020708275176633,0.5745981931686401,0.37516388297080994,0.5203086419753087,0.47969135802469137,0.19924692809581757,0.03889554351143975,0.4540669620037079,0.31395983695983887,-2.622947573661804,3.642296075820923,-0.9513473510742188,-0.07980510458344342,0.008769509037487189,2.1427605152130127,3.874119520187378,3.792614698410034,4.473952770233154,6.599471569061279,9.118237495422363,0.22721892595291138,0.7873684167861938,0.9181387424468994,1.2694560289382935,1.7647465467453003,5.051514148712158,0.5037571787834167,-0.28223085403442383,1.4654066562652588,1.6121233701705933,2.34123158454895,4.801827430725098,-0.7936474680900574,2.2514889240264893,2.6347951889038086,5.060085773468018,6.192939281463623,10.826478004455566,-3.3782970905303955,1.6416622400283813,4.714297294616699,1.9027680158615112,5.474899768829346,11.654961585998535,1.2767927646636963,1.8212461471557617,2.195281505584717,3.287597179412842,4.421200752258301,8.012696266174316,-4.57356595993042,0.19848322868347168,4.576961040496826,3.5070106983184814,6.141793727874756,8.56611156463623,-1.520158052444458,0.36790788173675537,4.412562847137451,1.8733868598937988,5.155914783477783,8.964590072631836,0.09682521969079971,5.788976669311523,4.056546211242676,5.844703674316406,8.011329650878906,11.337249755859375
150.0,0.0,0.0,0.0,0.0,0.0,0,7.087349891662598,6.729691505432129,12.699000358581543,15.171761512756348,4.4398908615112305,-0.9591407775878906,1.3339383602142334,6.240637302398682,5.319610595703125,1.6429676138265603,125.71724204051375,0.23181691872716928,0.12877127713957268,98.44282279347372,1.6334194160983486,1.6334194160983486,0.3150840401649475,0.044457237264152585,0.7009739279747009,0.4663071036338806,0.5405864197530864,0.4594135802469136,0.22381654381752014,0.0315797181822637,0.49609655141830444,0.34842580556869507,-0.290439248085022,-0.4937307834625244,1.9647350311279297,-0.1249936154999425,-0.0057498454876137445,-0.38881078362464905,-0.4542325735092163,7.7552595138549805,2.445941925048828,8.499723434448242,11.851362228393555,-0.45763131976127625,1.2784568071365356,1.446325659751892,1.403789758682251,2.3318653106689453,8.458930015563965,1.2146998643875122,-0.5686801671981812,2.47605037689209,1.5999634265899658,3.387080430984497,5.940572738647461,-0.9917390942573547,0.7282726168632507,7.333477020263672,2.4142556190490723,8.10521411895752,11.363014221191406,-2.524203062057495,3.1403958797454834,4.579098224639893,3.449507474899292,6.422999858856201,11.292505264282227,1.3080177307128906,2.9884557723999023,3.3815033435821533,5.663397312164307,6.994683265686035,12.084219932556152,1.8194525241851807,0.06878780573606491,5.215672969818115,2.1182971000671387,5.838036060333252,9.030021667480469,-4.681262969970703,4.739555358886719,5.747845649719238,5.154560565948486,8.491089820861816,13.326245307922363,-3.9307894706726074,0.08443403244018555,6.3575568199157715,11.232346534729004,13.715455055236816,18.65950584411621
150.5,0.0,0.0,0.0,0.0,0.0,0,7.2915167808532715,6.525669097900391,14.274075508117676,15.884631156921387,4.8225274085998535,3.797252893447876,-2.0051417350769043,5.137964725494385,5.620016098022461,4.294149847705071,332.1636781965275,0.5889240849011059,0.40727062336896364,334.73894654441153,-123.7038762490622,123.7038762490622,0.28561902046203613,0.039171408346838354,0.6179985404014587,0.41131991147994995,0.5556018518518518,0.44438271604938273,0.21816284954547882,0.02992008743616461,0.4917266070842743,0.3403050899505615,4.756393671035767,-3.3390800952911377,0.20416688919067383,0.278499346229391,-0.005285828917314231,7.242879390716553,-10.328268051147461,7.344517230987549,10.328268051147461,13.018403053283691,15.906850814819336,0.814940869808197,-2.7377264499664307,1.051001787185669,2.9051380157470703,3.1921842098236084,9.062697410583496,2.2395553588867188,-2.2666752338409424,2.4018826484680176,3.3675146102905273,4.593079566955566,8.41197681427002,8.25454330444336,-5.524681091308594,8.398367881774902,5.594938278198242,10.685996055603027,16.121700286865234,1.9053629636764526,-0.9144414663314819,4.029758453369141,4.457529067993164,6.604063510894775,12.794289588928223,2.1612532138824463,-1.3450002670288086,2.4989242553710938,2.590505838394165,3.8974545001983643,6.486705303192139,8.170732498168945,-0.10862237215042114,8.519515991210938,3.394099473953247,9.802123069763184,17.893024444580078,5.1207051277160645,2.2623515129089355,5.368699073791504,6.279295921325684,9.152113914489746,14.131651878356934,-1.7346972227096558,2.9167871475219727,2.063023805618286,3.8066134452819824,4.678233623504639,8.179104804992676
151.0,0.0,0.0,0.0,0.0,0.0,0,7.044271469116211,6.693864822387695,12.099800109863281,13.669648170471191,3.972074031829834,0.22718152403831482,1.7679082155227661,4.1792778968811035,6.689967632293701,1.7824452034711369,82.67744981835543,0.2530347121467149,0.26926818678536985,79.41947672218454,104.680530177773,104.680530177773,0.3158527910709381,0.0448382416290274,0.6983577013015747,0.46625542640686035,0.45729938271604936,0.5427006172839506,0.23926794528961182,0.03396631040872144,0.5050077438354492,0.3804731070995331,-3.570071369409561,3.7730499505996704,-0.24724531173706055,-0.1380024365835938,0.005666833282189046,-3.8768532276153564,4.890970230102539,3.8936331272125244,5.143144607543945,7.362600803375244,11.866277694702148,0.819171667098999,4.8089799880981445,2.983189105987549,4.891273021697998,6.317050933837891,11.082533836364746,3.6311588287353516,2.940708637237549,4.276017189025879,3.393772602081299,5.9879374504089355,13.130112648010254,-2.3763465881347656,4.480991840362549,2.5448594093322754,4.6697797775268555,5.706146717071533,9.13920783996582,2.345970630645752,2.457770824432373,2.7574291229248047,4.88881254196167,6.4192633628845215,10.13731575012207,3.7326860427856445,0.11364936083555222,4.3588056564331055,2.5766916275024414,5.455412864685059,9.75308895111084,-3.377701759338379,8.054216384887695,3.547544002532959,8.054216384887695,9.098418235778809,12.926706314086914,0.8082385063171387,-5.962990760803223,1.8673884868621826,10.136141777038574,10.514071464538574,17.936264038085938,0.33830946683883667,-5.8731207847595215,2.166402816772461,5.8731207847595215,6.537539005279541,10.850111961364746
151.5,0.0,0.0,0.0,0.0,0.0,0,7.868173122406006,6.740981101989746,15.084580421447754,17.745813369750977,4.851284503936768,-1.4613136053085327,-1.9961694478988647,6.908128261566162,5.621454238891602,2.473889633307169,233.7936750970158,0.3144172852860003,0.23016821351021804,240.89467841491188,161.47520169272735,161.47520169272735,0.39565369486808777,0.050285325249907024,0.8577067852020264,0.5896888375282288,0.5602006172839507,0.4397993827160494,0.3181420564651489,0.040434038636636624,0.6578017473220825,0.5665380954742432,-1.6884951293468475,-3.764077663421631,0.8239016532897949,-0.0390999732751518,0.005447083620879624,-5.412546634674072,-1.3543771505355835,7.574545860290527,3.469956874847412,8.772988319396973,18.005292892456055,-2.3812966346740723,-3.4478511810302734,6.811977863311768,4.190650463104248,8.576943397521973,15.445432662963867,0.8972750902175903,-6.0418701171875,7.902307987213135,6.857354640960693,11.398982048034668,22.029277801513672,-3.2556662559509277,3.1179397106170654,6.134477138519287,3.3183064460754395,7.830268859863281,14.113840103149414,-1.3897669315338135,-2.980534315109253,4.501923084259033,3.2064425945281982,5.905449867248535,10.561673164367676,-0.1864161193370819,-5.206143856048584,2.874577522277832,6.127170085906982,7.338663578033447,14.382735252380371,-4.065082550048828,2.907521963119507,5.222755432128906,3.4293906688690186,6.61104154586792,11.005919456481934,0.3741168975830078,-5.680029392242432,3.5428879261016846,5.957979202270508,7.586394309997559,15.21975040435791,2.2675602436065674,0.719819188117981,3.97886061668396,4.872713565826416,6.792830467224121,9.700874328613281
152.0,0.0,0.0,0.0,0.0,0.0,0,6.2120161056518555,6.069066047668457,11.325053215026855,13.206367492675781,3.812396764755249,-1.3581767082214355,1.8427234888076782,4.635929584503174,5.137256145477295,2.289164438601726,126.3920178899545,0.3685058762998029,0.3210341221507945,117.89909424094725,-122.99558417396463,122.99558417396463,0.35289326310157776,0.05680816023196495,0.8005631566047668,0.5604085326194763,0.44277777777777777,0.5572222222222222,0.26797017455101013,0.04313738516708266,0.605852484703064,0.4387819766998291,0.10313689708709717,3.838892936706543,-1.6561570167541504,0.09086590864057648,0.006522834982057926,-3.5038986206054688,4.347753524780273,3.572526216506958,4.897258758544922,6.46044397354126,9.589077949523926,0.009583774022758007,4.51163911819458,3.2625200748443604,4.551449775695801,5.883312702178955,10.268309593200684,2.4943525791168213,1.6454380750656128,2.7330024242401123,1.6806325912475586,3.6898508071899414,13.335721969604492,-1.6843366622924805,0.8460443615913391,2.586681365966797,2.9801037311553955,4.522727966308594,7.750668048858643,-3.6833267211914062,5.459425926208496,4.3445024490356445,5.499733924865723,7.376315116882324,10.576751708984375,-0.5661077499389648,5.1865386962890625,5.376689434051514,5.355093002319336,8.297259330749512,14.337599754333496,-3.3336799144744873,-7.5785675048828125,3.4944677352905273,7.583904266357422,8.897991180419922,13.795331001281738,-0.6132895350456238,-0.010720214806497097,2.3362982273101807,3.2730791568756104,4.400464057922363,8.040374755859375,-1.3428876399993896,2.1769585609436035,4.852242946624756,3.3799006938934326,6.379781246185303,10.83822250366211
152.5,0.0,0.0,0.0,0.0,0.0,0,7.264155864715576,7.120625019073486,12.335050582885742,14.058908462524414,3.790170907974243,-2.001875877380371,0.8084976077079773,6.2784624099731445,4.801363468170166,2.1589755464356126,158.00769546353996,0.297209419324615,0.2020336889093378,167.27936143053836,49.38026718959111,49.38026718959111,0.3769526481628418,0.051892140434607915,0.8441738486289978,0.5854978561401367,0.494891975308642,0.5051080246913581,0.3222139775753021,0.04435669322346307,0.665031909942627,0.5765116810798645,-0.6436991691589355,-1.034225881099701,1.0521397590637207,-0.11900043324145673,-0.004916019797357035,-3.760986328125,-2.535637855529785,3.9652271270751953,3.9301211833953857,6.52305793762207,9.463322639465332,-5.696170330047607,2.8336071968078613,5.75978422164917,3.208089828491211,7.560089111328125,12.995333671569824,-4.417123794555664,2.10392689704895,5.077313423156738,2.8198401927948,6.1400041580200195,13.562122344970703,-1.4134589433670044,-1.9387476444244385,4.409306526184082,3.7218093872070312,6.458359241485596,10.071330070495605,-3.603820562362671,-0.6485550999641418,5.065908908843994,3.124565362930298,6.742084503173828,15.086461067199707,-6.850593566894531,2.27972149848938,7.032403469085693,6.322690486907959,10.152039527893066,12.999089241027832,4.200308799743652,1.580183506011963,7.469058036804199,3.8387250900268555,8.847724914550781,14.028670310974121,2.048351287841797,2.4341180324554443,4.508902549743652,4.075004577636719,6.411039352416992,10.444167137145996,1.476608157157898,1.1678625345230103,3.7059338092803955,4.9464192390441895,6.543004989624023,9.997922897338867
153.0,0.0,0.0,0.0,0.0,0.0,0,6.255162715911865,5.897442817687988,10.670150756835938,12.331988334655762,3.5620789527893066,1.8266748189926147,0.4067991077899933,4.772243499755859,5.053605556488037,1.8714236314742947,12.554850427021089,0.2991806474855998,0.2632538000015791,10.226495595924305,-157.05286583461407,157.05286583461407,0.36224228143692017,0.057910919344197086,0.8078798651695251,0.6001636981964111,0.5573765432098765,0.44262345679012344,0.26382336020469666,0.04217689131518391,0.560283362865448,0.49761146306991577,3.828550696372986,-0.401698499917984,-1.008993148803711,0.06122011109224132,0.00601877890958917,0.2705177962779999,-5.6086273193359375,2.281660795211792,5.975033760070801,6.793239116668701,10.884500503540039,1.2127753496170044,-2.084787368774414,3.179797887802124,3.132559061050415,4.858417510986328,8.894614219665527,-0.8726950883865356,-0.8272674083709717,5.190117359161377,1.6038923263549805,5.617973327636719,13.143851280212402,2.120041608810425,3.96985125541687,2.558993101119995,5.452970027923584,6.703474521636963,11.095909118652344,2.624706983566284,1.2391459941864014,4.14857292175293,2.5096380710601807,5.095208644866943,8.31534194946289,0.8348731994628906,-2.864210605621338,4.429293632507324,3.1106693744659424,5.708459377288818,9.437637329101562,1.8756182193756104,7.660830974578857,3.163684368133545,7.667346000671387,9.490691184997559,13.522191047668457,5.052173614501953,1.0422642230987549,5.052359104156494,1.7244086265563965,5.593170642852783,8.0007963180542,3.3220622539520264,1.133991003036499,4.412460803985596,4.124288558959961,6.435828685760498,9.551953315734863
153.5,0.0,0.0,0.0,0.0,0.0,0,10.7899169921875,11.128887176513672,19.247703552246094,20.496793746948242,6.418349266052246,3.711763858795166,7.8136444091796875,6.125005722045898,6.728416919708252,8.65044680329074,64.59059016486592,0.8017157879485212,0.69779752144474,66.71374541956142,56.487249823637114,56.487249823637114,0.2258269190788269,0.02092943794775254,0.47642791271209717,0.44206324219703674,0.43459876543209874,0.5654012345679013,0.19097168743610382,0.017699086088919114,0.44002360105514526,0.3517155945301056,1.8850890398025513,7.406845301389694,4.534754276275635,0.43454372144316095,-0.03698148139644455,5.727606773376465,7.899451732635498,5.889578342437744,7.916233539581299,10.178545951843262,20.12409782409668,7.132495880126953,8.579110145568848,7.1373796463012695,8.582002639770508,11.235148429870605,19.452848434448242,-0.5638280510902405,3.1831648349761963,1.2648496627807617,3.183284282684326,3.530407667160034,11.223199844360352,3.920931577682495,3.377431631088257,4.638457775115967,5.390895366668701,7.356906414031982,17.887542724609375,8.471292495727539,13.255006790161133,8.471292495727539,13.255006790161133,15.842219352722168,17.660659790039062,-1.7674907445907593,10.463520050048828,6.3667449951171875,10.463520050048828,13.056714057922363,18.997539520263672,6.649348735809326,0.41441813111305237,6.649960994720459,4.745511054992676,8.901562690734863,12.746657371520996,6.390041828155518,12.041175842285156,6.390041828155518,12.041175842285156,13.834741592407227,21.2111873626709,-2.554522752761841,11.109518051147461,5.649799346923828,11.109518051147461,13.173006057739258,20.896669387817383
154.0,0.0,0.0,0.0,0.0,0.0,0,4.922307968139648,4.080661773681641,10.2727689743042,12.995745658874512,4.450376510620117,-1.2508498430252075,0.07044557482004166,4.602386474609375,4.613395690917969,1.2528319555343057,176.7766115514348,0.25452124565212947,0.1720079300886844,159.79948316620292,93.08573774664148,93.08573774664148,0.24050113558769226,0.04885941478772876,0.5412042140960693,0.3917933702468872,0.4633179012345679,0.536682098765432,0.1873382180929184,0.03805901240769157,0.4225008189678192,0.3046635091304779,-4.9626137018203735,-7.743198834359646,-5.867609024047852,-0.5257895913560556,0.027929976839976223,-0.6189106702804565,-1.288806438446045,2.1737382411956787,5.164497375488281,5.983577251434326,8.703695297241211,-2.71663498878479,-0.21900905668735504,3.4094676971435547,1.7042806148529053,4.223413944244385,10.443568229675293,0.01579873077571392,0.03545783832669258,0.024216854944825172,0.0440412238240242,0.053652480244636536,0.0927872434258461,-0.8171976804733276,1.5308908224105835,1.8885343074798584,2.991732597351074,3.921283721923828,6.262107849121094,-0.5329704880714417,-2.0928077697753906,2.019684076309204,2.7491295337677,3.649348258972168,7.4830803871154785,-1.6325539350509644,2.2834644317626953,3.1370041370391846,4.009120464324951,5.445738792419434,14.938996315002441,1.2000430822372437,3.086205005645752,3.6448161602020264,3.777599334716797,6.014279365539551,9.903729438781738,-0.9698336720466614,-2.8361191749572754,1.5075385570526123,3.354004383087158,4.02775239944458,8.903011322021484,-5.185388565063477,0.13473469018936157,7.453002452850342,6.577574253082275,10.98172664642334,20.23822784423828
154.5,0.0,0.0,0.0,0.0,0.0,0,9.141847610473633,11.444103240966797,16.99730682373047,18.51493263244629,6.486270427703857,-5.598639965057373,-6.435869216918945,5.061265468597412,5.221446514129639,8.530250994878315,228.97960042285246,0.9330992331468506,0.7491754430410233,233.7318233912245,73.93234022502159,73.93234022502159,0.13360218703746796,0.014614351290438416,0.3021528124809265,0.32456114888191223,0.4812962962962963,0.5187037037037037,0.14382116496562958,0.015732175306519137,0.30420446395874023,0.4302446246147156,-4.3477901220321655,-6.506314791738987,4.219539642333984,0.5771675129523389,-0.03424506349729035,-6.9610490798950195,-10.526305198669434,7.522578239440918,10.828595161437988,13.320625305175781,20.145116806030273,-6.825438499450684,-8.330073356628418,6.825446605682373,8.330119132995605,10.858304977416992,14.892141342163086,-0.43139633536338806,-0.225983127951622,0.45584163069725037,0.23378385603427887,0.5213801264762878,0.4016563892364502,-5.937656402587891,-10.84175968170166,6.75608491897583,10.84175968170166,12.911748886108398,18.3499755859375,-6.460019111633301,-6.531691074371338,6.460026264190674,6.531739234924316,9.273107528686523,13.36988353729248,-0.311991810798645,-0.10938841849565506,0.3129684031009674,0.1097055971622467,0.3336454927921295,0.017976313829421997,-2.8669795989990234,-10.210721969604492,3.5685980319976807,10.210721969604492,11.001324653625488,14.044774055480957,-8.771357536315918,-7.353280544281006,8.771357536315918,7.353280544281006,11.60695743560791,12.4503812789917,-11.821871757507324,-3.7936177253723145,11.821916580200195,3.7936198711395264,12.449535369873047,18.706933975219727
155.0,0.0,0.0,0.0,0.0,0.0,0,5.226160049438477,5.057049751281738,10.311262130737305,12.333842277526855,3.78957200050354,-0.9243898391723633,-1.4949450492858887,4.0885186195373535,4.676351070404053,1.757656756920843,238.26968724302986,0.33631896847661485,0.2919688378693622,235.73900154827186,2.007178157047349,2.007178157047349,0.2331250160932541,0.04460731575011492,0.5209893584251404,0.4003266990184784,0.48595679012345677,0.5140432098765432,0.1934889853000641,0.03702315781501863,0.4552021920681,0.298782616853714,4.67425012588501,4.940924167633057,-3.9156875610351562,-0.4572066051716612,0.02999296445967651,1.3355036973953247,-0.8092296123504639,4.020987510681152,2.5165679454803467,5.256783962249756,7.838724613189697,-4.9162445068359375,-0.4855051040649414,4.930614471435547,4.7681474685668945,7.5033979415893555,12.337495803833008,0.018266458064317703,-0.07433589547872543,0.037181586027145386,0.0823400467634201,0.09753252565860748,0.04238510876893997,-3.8752477169036865,-3.5247867107391357,4.656130790710449,3.654489040374756,6.378444194793701,10.114779472351074,-1.593992829322815,-1.618781566619873,3.180211305618286,3.7058334350585938,5.207582473754883,7.7677202224731445,0.9598627090454102,-1.935548186302185,1.5912294387817383,2.8465609550476074,3.4708199501037598,9.4381103515625,-3.305835247039795,1.2276064157485962,3.4590418338775635,3.4828591346740723,5.131791591644287,8.131067276000977,-0.16499623656272888,-0.49234214425086975,2.2445178031921387,3.6959009170532227,4.649104595184326,6.8248796463012695,3.223174810409546,-5.74158239364624,4.023288726806641,8.1019868850708,9.339982986450195,14.471512794494629
155.5,0.0,0.0,0.0,0.0,0.0,0,5.406474590301514,5.280024528503418,10.24915885925293,11.129075050354004,3.534062623977661,0.3584121763706207,-2.2299280166625977,4.477742671966553,4.070423603057861,2.258547818326526,279.13095013369366,0.41774871602616176,0.3217931638106,263.25840710842897,27.51940556015711,27.51940556015711,0.21093837916851044,0.03901587561902718,0.4778366982936859,0.3340452015399933,0.5276851851851851,0.4723148148148148,0.17393720149993896,0.03217201272710059,0.4067850410938263,0.280445396900177,1.282802015542984,-0.734982967376709,0.1803145408630371,0.02982432594123785,-0.005591440131087741,-2.467906951904297,-1.137161374092102,2.963685989379883,3.365882635116577,4.765049934387207,9.283214569091797,0.3971634805202484,-4.563912868499756,1.4304227828979492,4.637462139129639,5.124886989593506,10.515604972839355,0.48062586784362793,-0.3881438076496124,0.5217128992080688,0.3885042071342468,0.6559882164001465,0.20007547736167908,-2.8631808757781982,-2.7194395065307617,2.875196933746338,3.250192165374756,4.612762451171875,8.58024787902832,3.4803802967071533,-3.0409529209136963,3.8699939250946045,3.1977527141571045,5.509677886962891,9.774274826049805,2.8634305000305176,-3.8309826850891113,5.099517822265625,4.9338459968566895,7.342064380645752,11.759405136108398,-5.919386863708496,-0.9185459613800049,5.919386863708496,1.4340615272521973,6.179318428039551,8.162803649902344,3.820713520050049,-0.48623353242874146,5.296280384063721,2.4957222938537598,6.138911724090576,9.954450607299805,3.433870553970337,-2.983978033065796,3.909914493560791,6.942344665527344,8.329615592956543,11.758776664733887
156.0,0.0,0.0,0.0,0.0,0.0,0,6.329102993011475,5.899513244628906,12.689069747924805,14.005404472351074,4.162843227386475,-3.251659870147705,0.2339659482240677,4.71182918548584,4.955545902252197,3.2600662533232936,175.88450219270442,0.5150913576415208,0.45782808437972583,191.72347791775206,-71.5349291906769,71.5349291906769,0.09482496231794357,0.014982367555130747,0.1817837655544281,0.21603406965732574,0.7170524691358025,0.28294753086419755,0.10526236146688461,0.01663147920829143,0.16648399829864502,0.23288366198539734,-3.610072046518326,2.4638939648866653,0.9226284027099609,0.1360349205691258,-0.024033508063896435,-9.595359802246094,3.8153843879699707,9.595359802246094,3.8153843879699707,10.34769344329834,14.071380615234375,-4.6744704246521,-0.7032366991043091,4.674490928649902,1.175929307937622,4.9289937019348145,7.011636734008789,-0.1985412836074829,-1.009665846824646,0.6071842312812805,1.0099539756774902,1.2047117948532104,5.622356414794922,-7.9968461990356445,5.484162330627441,7.9968461990356445,5.484162330627441,9.733776092529297,14.364295959472656,-3.37170147895813,-0.7360306978225708,3.3937065601348877,1.6438666582107544,3.930626153945923,5.183050155639648,1.0044224262237549,-6.501150131225586,3.2690436840057373,6.501150131225586,7.434628009796143,12.535377502441406,-6.264987468719482,7.773098468780518,6.264987468719482,7.773098468780518,10.050859451293945,15.038658142089844,-0.7423691153526306,0.1523226946592331,1.0419151782989502,1.7500286102294922,2.1670801639556885,3.5232081413269043,2.5749125480651855,-6.169191837310791,2.935316801071167,6.169191837310791,7.16355562210083,10.993906021118164
156.5,0.0,0.0,0.0,0.0,0.0,0,8.752642631530762,8.734504699707031,14.386194229125977,16.699684143066406,4.4436445236206055,2.7187249660491943,-1.4737910032272339,7.659849643707275,5.3026323318481445,3.092495006012577,331.5383642472266,0.35332129234570686,0.2608553756420149,328.4251444646345,136.70166654688245,136.70166654688245,0.2453547716140747,0.028032076015319762,0.5180516242980957,0.39093178510665894,0.5704475308641975,0.4295524691358025,0.19458739459514618,0.022231842490897182,0.4097473919391632,0.35385558009147644,5.970384836196899,-1.7077569514513016,2.423539638519287,-0.19697270873771094,0.013049708460189016,-3.4645752906799316,1.328090786933899,6.264741897583008,1.6952160596847534,6.711271286010742,11.932551383972168,9.130477905273438,-4.2661519050598145,9.130789756774902,4.2662153244018555,10.196226119995117,19.08515167236328,1.9251779317855835,-4.078315258026123,2.3213753700256348,4.078773021697998,4.94839334487915,10.340128898620605,-3.321291208267212,3.094794988632202,4.682919979095459,3.5079505443573,6.398623943328857,9.037662506103516,12.530684471130371,-2.721661329269409,12.530684471130371,3.860945701599121,13.228285789489746,18.849651336669922,2.82968807220459,-6.847099781036377,6.592920780181885,6.847099781036377,9.904219627380371,13.713970184326172,-3.683584213256836,4.234236717224121,4.02446174621582,4.769311428070068,6.794480323791504,10.98200511932373,9.559822082519531,3.1233818531036377,9.559822082519531,3.3114333152770996,10.60378646850586,14.621857643127441,-1.0378754138946533,-7.13139533996582,5.4855499267578125,7.519632339477539,9.988500595092773,13.153371810913086
157.0,0.0,0.0,0.0,0.0,0.0,0,7.773165702819824,7.630490303039551,12.638167381286621,13.582188606262207,3.715405225753784,-0.027384983375668526,-0.765211820602417,6.805158615112305,5.22779655456543,0.7657016832318911,267.9504045877069,0.09850577132996434,0.05204436175967841,272.4169259320595,-56.00821853257503,56.00821853257503,0.28237253427505493,0.03632657642253065,0.5887894630432129,0.3995128273963928,0.5654012345679013,0.43459876543209874,0.1963571012020111,0.02526088899274215,0.4145846962928772,0.31045401096343994,-2.746109949424863,0.7085791826248169,-0.9794769287109375,-0.20881101388233647,0.008294500407210886,-3.8419742584228516,-1.3948440551757812,5.787668228149414,4.091349124908447,7.651003837585449,11.867951393127441,7.116793632507324,-8.953394889831543,7.116793632507324,8.953394889831543,11.520288467407227,14.650486946105957,-2.1709206104278564,-1.4929956197738647,6.087442874908447,2.810950994491577,7.288370609283447,13.16297721862793,-5.095194339752197,3.287191390991211,6.374838352203369,3.6162092685699463,7.868007183074951,12.482933044433594,6.456736087799072,-3.0593206882476807,6.456753253936768,3.8105647563934326,8.010931968688965,11.91950798034668,-1.7006903886795044,1.1260545253753662,3.6001315116882324,4.067101955413818,5.657344818115234,9.07852840423584,-3.2640912532806396,0.6717649102210999,5.917799472808838,4.633121967315674,8.14677906036377,12.665316581726074,6.310781478881836,2.7610983848571777,6.418217182159424,3.1239967346191406,7.964962005615234,12.33456039428711,-4.057905673980713,0.16753989458084106,4.059552192687988,3.727181911468506,5.85080099105835,7.686535358428955
157.5,0.0,0.0,0.0,0.0,0.0,0,6.821870803833008,6.831110000610352,10.545689582824707,12.147265434265137,3.0108299255371094,-0.64751797914505,2.0778322219848633,5.044063568115234,5.042198657989502,2.1763883559775454,107.308679395996,0.3190310134215232,0.319790393405483,88.99489746331832,176.57797153125887,176.57797153125887,0.27935880422592163,0.04095046231577647,0.604520857334137,0.39889442920684814,0.4747530864197531,0.5252469135802469,0.22227168083190918,0.03258221309685434,0.47829148173332214,0.3529495894908905,-0.6201329957693815,2.8430440425872803,-0.9512948989868164,0.26774603164580457,0.004623885893245819,0.9073219299316406,5.999874591827393,4.095218181610107,5.999874591827393,7.495762825012207,9.668449401855469,-2.662022352218628,4.624405384063721,5.8453168869018555,4.624410629272461,7.809408664703369,11.29314136505127,2.5520169734954834,0.7529225945472717,4.288730144500732,4.972521781921387,7.239774227142334,9.942028999328613,1.0073208808898926,2.258007764816284,2.4929726123809814,3.4801108837127686,4.690662384033203,8.60562515258789,-0.21325930953025818,4.989943027496338,4.147620677947998,4.9967803955078125,6.776463985443115,10.312858581542969,-1.010449767112732,-0.9935722947120667,3.3872077465057373,7.503722667694092,8.635480880737305,13.487953186035156,0.23489274084568024,-2.36620831489563,2.54518985748291,2.4728212356567383,4.0461883544921875,7.091274738311768,-0.869184136390686,3.488398551940918,4.718636989593506,3.536439895629883,6.559447765350342,10.651836395263672,-5.774299144744873,-0.05328185483813286,6.012573719024658,4.038119792938232,8.143644332885742,14.183774948120117
158.0,0.0,0.0,0.0,0.0,0.0,0,7.418725967407227,6.825972557067871,13.983892440795898,16.038997650146484,4.337670803070068,-1.5803602933883667,-0.20006723701953888,6.70649528503418,5.132080078125,1.592973809027379,187.2150338733423,0.21472336571344042,0.14143360121158927,209.498732383783,120.50383492046467,120.50383492046467,0.28283488750457764,0.038124450292773844,0.6264923214912415,0.4239554703235626,0.5233796296296296,0.47662037037037036,0.23367249965667725,0.03149765460883965,0.5051210522651672,0.38273289799690247,-0.9328423142433167,-2.277899459004402,0.5968551635742188,-0.17835679219389372,-0.0028260120230026234,3.6181423664093018,-2.2155447006225586,3.672417163848877,3.2966833114624023,5.559112548828125,7.748844623565674,-9.481246948242188,1.8006030321121216,9.920636177062988,2.22475528717041,10.51771354675293,18.301639556884766,-4.207677841186523,-0.8374466300010681,4.234111309051514,1.3320708274841309,4.678205490112305,9.620880126953125,3.7814865112304688,-4.488914966583252,3.873042345046997,4.52694845199585,6.5871195793151855,9.35142993927002,-7.674809455871582,0.7913480401039124,7.674809455871582,4.924195289611816,9.385517120361328,13.607114791870117,-2.038638114929199,1.659239411354065,4.119770050048828,3.0909738540649414,5.666128635406494,8.982362747192383,3.169379949569702,-3.4278430938720703,3.2414979934692383,3.8599648475646973,5.770287036895752,9.996315956115723,-5.49156379699707,1.218663215637207,5.717016220092773,8.011754989624023,10.963860511779785,15.236259460449219,4.101685047149658,3.6992909908294678,5.5441975593566895,4.103841304779053,7.640591144561768,16.06908416748047
158.5,0.0,0.0,0.0,0.0,0.0,0,8.85660171508789,7.599342346191406,17.48630714416504,19.14303970336914,5.5633721351623535,-4.263646125793457,-4.388263702392578,5.889279365539551,6.105027198791504,6.118458679089839,225.82520132966982,0.6908359296169525,0.49437857654919837,222.87044892882724,13.37171654504425,13.37171654504425,0.3272191882133484,0.03694635502345678,0.7137938141822815,0.4702397286891937,0.5525617283950617,0.44743827160493826,0.281823992729187,0.031820778440143714,0.615115761756897,0.4646579921245575,-2.6832858324050903,-4.188196465373039,1.437875747680664,0.3529449753376091,-0.0011780952693170657,-3.8336143493652344,-3.3452141284942627,4.2014946937561035,6.836878299713135,9.162574768066406,13.032687187194824,-11.524765968322754,-10.251607894897461,11.52769947052002,10.251607894897461,16.314485549926758,19.97347640991211,-2.2877097129821777,-4.400615215301514,2.9576914310455322,4.986476421356201,6.409873962402344,15.358183860778809,-4.830380916595459,-3.8623790740966797,5.0223846435546875,5.004736423492432,7.867557048797607,13.476763725280762,-6.671818733215332,-5.974391460418701,7.700334548950195,5.974571704864502,10.760255813598633,15.561683654785156,-2.2229127883911133,-0.47614556550979614,3.360522508621216,2.794020175933838,4.889213562011719,9.930412292480469,-7.497842311859131,-11.717039108276367,7.5101189613342285,11.717039108276367,14.105854988098145,20.11442756652832,-0.9208315014839172,-1.2014278173446655,2.7215323448181152,3.6854746341705322,4.984985828399658,8.623205184936523,1.4170597791671753,1.7344478368759155,4.2672224044799805,2.13378643989563,5.214611053466797,7.8221588134765625
159.0,0.0,0.0,0.0,0.0,0.0,0,11.99567699432373,10.574882507324219,20.53912353515625,24.037986755371094,6.208272457122803,4.907407283782959,1.588788628578186,8.99849796295166,8.652113914489746,5.1581872353788585,17.939524247325835,0.43000384537026765,0.3806823058677483,352.2240528217146,129.35360389288735,129.35360389288735,0.32404300570487976,0.027013313116458663,0.7335392236709595,0.4859152138233185,0.6418364197530865,0.3581635802469136,0.27308377623558044,0.022765180622954514,0.6522780060768127,0.42861661314964294,9.171053409576416,5.977052330970764,3.13907527923584,-0.11369627068145005,-0.009933041906998116,-8.29556941986084,-5.398142337799072,8.295592308044434,5.757800102233887,10.933547019958496,15.637551307678223,2.038722276687622,-7.2038350105285645,2.483161687850952,7.2038350105285645,8.15358829498291,10.129810333251953,3.8856866359710693,-5.333575248718262,4.382349014282227,5.3339080810546875,7.57522439956665,11.936346054077148,-3.648592710494995,6.271116733551025,6.8675336837768555,7.5520148277282715,11.511847496032715,19.345489501953125,9.857547760009766,1.1899454593658447,9.897577285766602,3.469681739807129,11.140295028686523,18.623891830444336,10.546040534973145,-2.8590734004974365,10.546040534973145,2.9129583835601807,11.079959869384766,16.615915298461914,6.862489700317383,18.354509353637695,9.26278018951416,18.354509353637695,21.82286834716797,28.956287384033203,16.138227462768555,7.674044609069824,16.138227462768555,7.684395790100098,18.20447540283203,22.81755828857422,6.7821125984191895,1.6041055917739868,6.7821125984191895,2.6863880157470703,7.539290428161621,13.855957984924316
159.5,0.0,0.0,0.0,0.0,0.0,0,10.161325454711914,9.966205596923828,14.746625900268555,15.799941062927246,3.363182783126831,-2.2854042053222656,6.750651836395264,4.464043140411377,6.621289253234863,7.127017089774055,108.70330958035629,0.7013865584306408,0.6692963708574318,114.93054096686208,122.70648814514743,122.70648814514743,0.2633158564567566,0.025913531823854974,0.5813475847244263,0.3737523555755615,0.5094444444444445,0.4905555555555556,0.21250198781490326,0.020912819675856772,0.48431459069252014,0.3191347122192383,-7.192811489105225,5.161863207817078,-1.8343515396118164,0.28861406498968345,-0.0010997812926036889,-5.898440361022949,7.678761959075928,5.91598653793335,8.112152099609375,10.544489860534668,15.354968070983887,2.033891439437866,9.758170127868652,2.123231887817383,9.758170127868652,10.057294845581055,11.410640716552734,-0.5671811103820801,8.567368507385254,2.677565336227417,8.567368507385254,9.290687561035156,12.100015640258789,-6.402674674987793,7.2313313484191895,6.402674674987793,7.323493480682373,10.56429672241211,16.63604164123535,-0.9242230653762817,8.536491394042969,3.4362001419067383,9.191120147705078,10.438897132873535,14.607105255126953,1.0323877334594727,10.738333702087402,3.140320062637329,10.738333702087402,11.44824504852295,15.724713325500488,-4.803886413574219,-0.07204562425613403,4.803886413574219,7.35822057723999,9.206119537353516,13.650446891784668,-6.385000228881836,-1.411919116973877,6.385523319244385,5.872015476226807,9.436518669128418,12.514425277709961,1.3464884757995605,9.72937297821045,3.0810394287109375,9.733916282653809,10.465373992919922,15.693389892578125
160.0,0.0,0.0,0.0,0.0,0.0,0,9.795347213745117,10.332690238952637,14.336342811584473,15.799147605895996,3.819361686706543,-1.6673778295516968,6.794949054718018,5.562526702880859,5.535626411437988,6.9965335333073195,103.78710268262208,0.7142711106237847,0.669763254530694,105.18611669951754,-9.744424267344527,9.744424267344527,0.2517312467098236,0.025699060535345444,0.582598090171814,0.3965042233467102,0.49828703703703703,0.501712962962963,0.18826112151145935,0.019219441453575473,0.44134950637817383,0.29794901609420776,0.6180263757705688,0.044297218322753906,-0.3659782409667969,0.00046688367326219726,-0.00021447128850952957,-1.0929672718048096,11.349442481994629,2.9141135215759277,11.349442481994629,11.844614028930664,13.096878051757812,2.6504223346710205,9.799925804138184,2.650437355041504,9.799925804138184,10.181060791015625,11.421034812927246,1.8642398118972778,9.443015098571777,2.7959365844726562,9.443015098571777,10.168782234191895,13.093162536621094,-2.2995073795318604,11.486959457397461,3.1686275005340576,11.499855995178223,12.163618087768555,16.28053092956543,-0.8674984574317932,6.945802211761475,3.753289222717285,7.049485206604004,8.790637969970703,12.614519119262695,-0.2160831093788147,4.787913799285889,2.8918206691741943,5.8502984046936035,7.2145891189575195,11.434517860412598,-3.9847798347473145,6.177434921264648,4.295298099517822,6.24550199508667,7.934667110443115,13.473148345947266,-10.42496109008789,-0.8986749649047852,10.452423095703125,2.2346856594085693,11.210677146911621,17.144235610961914,-0.635265588760376,2.062721014022827,6.477260112762451,5.006041049957275,8.649477005004883,14.301830291748047
160.5,0.0,0.0,0.0,0.0,0.0,0,8.60835075378418,8.218461036682129,15.03373908996582,15.428120613098145,4.264737129211426,0.41164228320121765,-5.924853324890137,4.8349127769470215,5.800170421600342,5.939135988574502,273.97436429812797,0.6899272762513415,0.5779612799947107,278.29210435497527,173.10598765545774,173.10598765545774,0.2596231698989868,0.03015945181199851,0.5805851221084595,0.40632835030555725,0.5521913580246913,0.4478086419753086,0.18873514235019684,0.021924655003465677,0.45032697916030884,0.31572750210762024,2.0790201127529144,-12.719802379608154,-1.1869964599609375,-0.09180197453598327,0.004460391276653066,-2.2389233112335205,-8.898722648620605,3.2777886390686035,8.936674118041992,9.894423484802246,14.666759490966797,3.2348551750183105,-6.35899543762207,3.2374143600463867,6.3592023849487305,7.264219760894775,10.185276985168457,-1.7618601322174072,-1.9697046279907227,5.016280174255371,2.8736367225646973,6.399120330810547,12.019641876220703,-2.937427520751953,-3.9061198234558105,3.4459903240203857,4.723448276519775,6.2449541091918945,10.666844367980957,3.1291024684906006,-9.316314697265625,3.2750179767608643,9.316314697265625,10.411949157714844,15.006035804748535,1.343748688697815,-6.155839920043945,2.577284574508667,6.2368879318237305,7.393517971038818,14.650325775146484,-5.499223232269287,0.6153700351715088,5.763181209564209,3.623422861099243,7.248495101928711,11.287386894226074,2.4642674922943115,-11.546448707580566,2.871934175491333,11.546448707580566,12.532783508300781,15.537212371826172,5.970240116119385,-5.786904335021973,6.037604331970215,6.665666103363037,10.085702896118164,16.499589920043945
161.0,0.0,0.0,0.0,0.0,0.0,0,8.36519718170166,8.467704772949219,14.050302505493164,15.568177223205566,4.161733150482178,4.322423934936523,3.7957074642181396,6.2586822509765625,3.877462148666382,5.752455460690977,41.2877675669898,0.68766525590982,0.6241785045172306,38.303160872106226,120.01105651713095,120.01105651713095,0.2360742837190628,0.028221003088182695,0.5209548473358154,0.3545074164867401,0.5666512345679012,0.43334876543209877,0.1970129907131195,0.023551503076648314,0.44187888503074646,0.3556611239910126,3.910781651735306,9.720560789108276,-0.24315357208251953,0.04621722452251986,-0.0019384487238158152,-2.689204692840576,6.252597332000732,4.810160160064697,6.252597332000732,8.127300262451172,12.515357971191406,7.810254096984863,3.6077165603637695,7.810290336608887,3.607748508453369,8.678204536437988,10.399495124816895,6.082547664642334,1.2920711040496826,6.19495964050293,2.3408360481262207,6.899578094482422,11.78722095489502,-4.137674331665039,8.713743209838867,4.935311317443848,8.761774063110352,10.394854545593262,14.583559036254883,9.82239055633545,4.311164379119873,9.82239055633545,4.410544395446777,11.666114807128906,15.843751907348633,9.197052955627441,3.1131649017333984,9.272459030151367,3.4966630935668945,10.070666313171387,17.2584228515625,0.34211334586143494,2.286071538925171,1.747680902481079,3.483304738998413,4.229831695556641,9.254104614257812,7.492814064025879,3.2042551040649414,7.492814064025879,3.229891061782837,8.366628646850586,13.849055290222168,4.981520652770996,1.3805816173553467,4.981520652770996,4.126705646514893,6.853598117828369,10.832223892211914
161.5,0.0,0.0,0.0,0.0,0.0,0,9.253246307373047,9.291908264160156,14.658510208129883,15.37446117401123,4.296786308288574,1.8441520929336548,0.9509643912315369,7.34483003616333,6.770021438598633,2.074904868966755,27.278566525828833,0.224235344012561,0.22058147169821102,4.767133250680361,-33.53602762142586,33.53602762142586,0.2871389389038086,0.031031153644301118,0.6797940135002136,0.4365076422691345,0.4828549382716049,0.517145061728395,0.23100028932094574,0.024964240298309463,0.5090636610984802,0.42386698722839355,-2.4782718420028687,-2.844743072986603,0.8880491256713867,-0.40359703281901954,0.002810150556118423,5.515837669372559,9.317184448242188,6.111252784729004,9.317217826843262,12.148713111877441,14.801590919494629,10.571297645568848,3.1065704822540283,10.600698471069336,3.3675765991210938,11.185608863830566,14.678098678588867,3.524786949157715,-1.6411449909210205,7.542197227478027,1.7655770778656006,7.885012626647949,13.699970245361328,4.2926506996154785,10.094236373901367,4.400814533233643,10.81591510772705,12.075117111206055,15.685944557189941,-1.970104694366455,-5.678180694580078,4.65609884262085,5.76143217086792,8.259153366088867,11.89088249206543,-2.664750814437866,-2.7372353076934814,7.986020088195801,3.90720534324646,9.222271919250488,17.156068801879883,4.4953508377075195,2.2663254737854004,4.495356559753418,3.9104058742523193,6.420065879821777,9.340888977050781,-5.489060401916504,-6.436215400695801,5.618513584136963,6.436215400695801,8.841303825378418,14.347956657409668,-1.6786391735076904,0.26713964343070984,3.5985286235809326,5.567622661590576,7.24197244644165,12.13386058807373
162.0,0.0,0.0,0.0,0.0,0.0,0,8.619537353515625,8.241235733032227,15.223715782165527,17.292497634887695,5.157407283782959,5.538790702819824,-1.0454063415527344,5.908538341522217,5.849220275878906,5.636583794161318,349.311576638438,0.6539311291298414,0.5997025752690139,339.13406768799507,-25.63306556268526,25.63306556268526,0.28199443221092224,0.032715723353781014,0.6046067476272583,0.46714091300964355,0.5888271604938271,0.41117283950617284,0.2434612661600113,0.028245279059604337,0.5195155143737793,0.48705044388771057,3.6946386098861694,-1.9963707327842712,-0.6337089538574219,0.3791211035708029,0.0016845697094798953,-0.22791460156440735,-3.337655782699585,2.109858751296997,3.413161516189575,4.365981101989746,6.674585819244385,6.082794189453125,-5.645847320556641,6.0828423500061035,5.645847320556641,8.371513366699219,10.859912872314453,2.193241596221924,4.117726802825928,5.773526668548584,6.825897216796875,9.57767391204834,16.793968200683594,1.9668039083480835,-2.9169797897338867,2.223083972930908,2.9633233547210693,3.9732449054718018,7.816689491271973,6.1541314125061035,-4.858170032501221,7.290328025817871,5.047783374786377,9.970821380615234,18.52692985534668,10.726217269897461,3.081163167953491,10.726217269897461,4.344820976257324,11.942391395568848,16.60783576965332,2.3744313716888428,2.009380578994751,2.940941572189331,2.9017817974090576,4.5045857429504395,8.281157493591309,8.38294792175293,-5.670560836791992,8.702369689941406,6.757358074188232,11.821187019348145,17.67991065979004,12.196457862854004,3.8122856616973877,12.196457862854004,4.064937114715576,13.048437118530273,14.755716323852539
162.5,0.0,0.0,0.0,0.0,0.0,0,7.078097820281982,6.829102516174316,11.340594291687012,13.178133010864258,3.4964160919189453,0.9076946973800659,-0.07914581149816513,5.909566402435303,5.154731273651123,0.9111386958798273,355.01673761510466,0.12872649107349138,0.1074247739214164,10.847658659340041,31.713590971344956,31.713590971344956,0.3368321359157562,0.0475879391441355,0.7432042956352234,0.5078375935554504,0.5062808641975308,0.4937191358024691,0.28558629751205444,0.04034788221573276,0.6116819977760315,0.5361987352371216,-4.631096005439758,0.9662605300545692,-1.5414395332336426,-0.4922778013475975,0.014872215790354484,-4.353372573852539,2.655566453933716,4.577316761016846,5.44309139251709,7.833520412445068,10.349647521972656,1.7454510927200317,-0.15715864300727844,4.3764190673828125,4.905580520629883,6.869940280914307,9.969488143920898,3.614140033721924,-0.674328088760376,5.797830581665039,3.421025037765503,7.163472652435303,12.337203025817871,-3.8889193534851074,3.0448384284973145,5.496622085571289,4.532815933227539,7.487761497497559,14.417220115661621,1.2633305788040161,1.078214168548584,3.574160099029541,3.0531837940216064,5.056212902069092,7.555429458618164,8.41723918914795,-5.913356304168701,8.41723918914795,5.913455009460449,10.42956256866455,14.082149505615234,-1.2824649810791016,3.054095506668091,2.493746757507324,3.478285074234009,4.751621246337891,8.991023063659668,-2.0316390991210938,1.2513376474380493,5.011717796325684,3.4945385456085205,6.7265944480896,10.218280792236328,4.685487270355225,-5.051522254943848,4.685487270355225,5.133798599243164,7.384200096130371,10.55306339263916
163.0,0.0,0.0,0.0,0.0,0.0,0,8.999645233154297,8.683483123779297,14.854032516479492,16.894065856933594,4.466676712036133,-2.078803062438965,-3.3659260272979736,6.188540935516357,6.855354309082031,3.9561193351120663,238.30043400857244,0.4395861428557091,0.3823086442042822,234.3336544178343,-136.51400424150575,136.51400424150575,0.338193416595459,0.03757852340346107,0.7364084124565125,0.4955962896347046,0.5073456790123457,0.4926543209876543,0.30554184317588806,0.03395042819019769,0.6771544814109802,0.4466771185398102,-2.9864977598190308,-3.2867802157998085,1.9215474128723145,0.27488387028286576,-0.010009415740674425,-5.510585308074951,-2.5506398677825928,6.470191955566406,4.745511054992676,9.372005462646484,13.532512664794922,-2.5125932693481445,0.19961513578891754,5.1586012840271,5.185436248779297,8.409577369689941,13.304990768432617,2.729248523712158,-10.477494239807129,4.501559734344482,10.484322547912598,11.822583198547363,17.820344924926758,-6.032325267791748,3.1258702278137207,6.080448150634766,4.107595443725586,7.78806734085083,15.184165954589844,-2.2972378730773926,-2.8897016048431396,6.550114631652832,3.9648165702819824,8.49128532409668,14.274235725402832,0.4585319459438324,-9.34322738647461,2.3129942417144775,9.444310188293457,10.21521282196045,19.665786743164062,-5.879252910614014,2.083221197128296,6.042587757110596,2.507314443588257,6.996982097625732,11.07052230834961,4.362627029418945,-1.9184794425964355,6.146705627441406,4.096673488616943,7.724860191345215,13.25912094116211,-4.027640342712402,-8.52249526977539,4.27480411529541,8.522661209106445,10.176225662231445,13.69861888885498
163.5,0.0,0.0,0.0,0.0,0.0,0,11.653647422790527,11.267005920410156,19.764123916625977,20.90447998046875,5.498062610626221,8.829190254211426,-0.14131931960582733,8.441156387329102,4.099820613861084,8.830321154700766,359.08300659576673,0.7577302482510062,0.6401221216012715,351.06690531569774,116.7332508978634,116.7332508978634,0.2900421917438507,0.02488853114674611,0.6487786173820496,0.44344812631607056,0.5395216049382716,0.4604783950617284,0.25973495841026306,0.02228786633912096,0.5882170796394348,0.3899546265602112,10.90799331665039,3.2246067076921463,2.6540021896362305,0.2578134773969893,-0.012689992256714962,6.717718124389648,-0.3479454219341278,6.717718124389648,3.0399608612060547,7.705347061157227,14.777033805847168,17.575319290161133,3.167518377304077,17.575319290161133,3.7329461574554443,18.10685157775879,20.894498825073242,17.546770095825195,-1.5627248287200928,17.546770095825195,3.216907501220703,17.894447326660156,22.47797203063965,1.106927514076233,-2.217593193054199,4.596668720245361,4.749233722686768,7.222651958465576,15.183538436889648,13.799042701721191,1.562111258506775,13.799042701721191,4.059911251068115,14.656037330627441,18.96793556213379,12.901795387268066,0.4725181758403778,12.901795387268066,2.13462233543396,13.165575981140137,17.60059356689453,-4.431424617767334,-0.8934311270713806,7.191395282745361,3.3168365955352783,8.234845161437988,11.429158210754395,9.39189624786377,-0.5862966775894165,9.39189624786377,2.3330025672912598,9.87696361541748,12.220637321472168,4.854661464691162,-0.8660305738449097,6.593211650848389,3.647441864013672,8.020111083984375,12.542864799499512
164.0,0.0,0.0,0.0,0.0,0.0,0,9.199807167053223,8.472747802734375,16.58769416809082,18.003414154052734,5.411305904388428,0.5600674152374268,0.03167428448796272,8.35591983795166,6.616840839385986,0.5609623605096483,3.236881226511948,0.06097544767227218,0.046773993229352585,177.13286335941223,-173.9340419562855,173.9340419562855,0.28075310587882996,0.030517278271548744,0.6524447798728943,0.41974183917045593,0.5621759259259259,0.4378240740740741,0.2690366506576538,0.029243723974717244,0.6347172260284424,0.44144436717033386,-8.269122838973999,0.17299360409379005,-2.4538402557373047,-0.5933481283719189,0.005628747124802633,-0.429213285446167,-1.224779725074768,6.172789573669434,2.5359606742858887,6.896407127380371,9.5413818359375,-0.7346345782279968,-4.69992733001709,3.674700975418091,6.075259685516357,7.728501319885254,16.387187957763672,10.011679649353027,4.6659064292907715,11.316925048828125,6.848581314086914,13.488118171691895,17.94424819946289,3.5888900756835938,2.4246859550476074,9.508370399475098,3.8985345363616943,10.744086265563965,24.583738327026367,-2.6654505729675293,-5.273802280426025,3.3482096195220947,6.447458744049072,7.489566326141357,13.485366821289062,7.345089912414551,3.7125678062438965,9.690627098083496,7.716230392456055,12.685919761657715,18.442781448364258,-6.715957164764404,-0.48960626125335693,7.224677562713623,2.280071496963501,8.080808639526367,13.346141815185547,-4.0706939697265625,0.41870659589767456,4.506274700164795,7.881917476654053,9.656204223632812,13.61013412475586,-1.28910493850708,0.7513163089752197,4.270636558532715,3.8803915977478027,6.028641700744629,12.0750093460083
164.5,0.0,0.0,0.0,0.0,0.0,0,9.335526466369629,10.149698257446289,12.110099792480469,12.848068237304688,3.1799535751342773,1.236230731010437,5.151340007781982,4.205392360687256,7.177345275878906,5.297600428124971,76.50522238785055,0.5674667033733006,0.44856940222407543,70.4770755001333,-106.65578785927893,106.65578785927893,0.23253917694091797,0.024909056052656777,0.5883566737174988,0.4125397205352783,0.4534104938271605,0.5465895061728395,0.20042571425437927,0.021469136583486505,0.4591467082500458,0.46621188521385193,0.6761633157730103,5.11966572329402,0.13571929931640625,0.4017954089947228,-0.0056082222188919666,4.994931221008301,-3.939038038253784,5.613533973693848,4.052511692047119,7.456457138061523,12.127985954284668,1.906017541885376,5.695611000061035,3.6467692852020264,7.4544243812561035,8.87773609161377,14.623529434204102,1.3388980627059937,11.631206512451172,1.5862619876861572,11.631206512451172,11.761775016784668,12.420219421386719,-1.868656873703003,-3.515667200088501,4.675963401794434,4.459597587585449,6.818445205688477,10.971774101257324,2.738647222518921,7.873597145080566,3.6935644149780273,7.873651027679443,9.067591667175293,11.2208251953125,1.575216293334961,10.868185043334961,1.759400725364685,10.868185043334961,11.028204917907715,11.467275619506836,-3.601710557937622,-2.451608180999756,5.7150421142578125,4.725232124328613,8.024333953857422,10.987838745117188,2.425642967224121,9.673940658569336,2.740659236907959,9.673940658569336,10.246358871459961,12.333184242248535,1.6170912981033325,10.525835037231445,1.991085171699524,10.525835037231445,10.738844871520996,11.592000961303711
165.0,0.0,0.0,0.0,0.0,0.0,0,10.880053520202637,11.562127113342285,16.84201431274414,19.020689010620117,5.153017044067383,-4.64381742477417,4.925017356872559,6.018868923187256,7.92978572845459,6.769108969438457,133.316729873848,0.6221576903890437,0.44117141996923315,139.8449618755687,69.36788637543543,69.36788637543543,0.26845353841781616,0.024673914815347482,0.6476274728775024,0.43304598331451416,0.4993364197530864,0.5006635802469136,0.251214861869812,0.02308948557227756,0.5811467170715332,0.4949014484882355,-5.880048155784607,-0.22632265090942383,1.5445270538330078,-0.0073979822548422836,-0.00023514123730929495,-0.6825114488601685,-5.535201072692871,2.3492681980133057,5.892134189605713,6.852566719055176,14.555647850036621,1.2520877122879028,6.809853553771973,6.835353374481201,7.231375694274902,10.853978157043457,14.928051948547363,-8.395807266235352,11.174806594848633,8.72489070892334,11.174811363220215,14.237192153930664,18.204166412353516,-1.8941798210144043,-5.352185249328613,3.068753242492676,5.418211460113525,6.880168914794922,11.546972274780273,-4.518406391143799,6.450758934020996,7.0336198806762695,6.9514617919921875,10.422298431396484,15.151683807373047,-7.729842662811279,10.059537887573242,7.729842662811279,10.059537887573242,12.713751792907715,14.392465591430664,-0.42165377736091614,-1.2090387344360352,2.906090497970581,4.6284613609313965,5.803284168243408,9.982455253601074,-10.463324546813965,11.01242446899414,10.463324546813965,11.14765739440918,15.965507507324219,20.539892196655273,-8.940718650817871,10.914204597473145,8.940718650817871,10.914204597473145,14.191727638244629,20.746370315551758
165.5,0.0,0.0,0.0,0.0,0.0,0,11.67085075378418,9.539661407470703,22.736726760864258,23.81905174255371,7.06755256652832,-5.2165937423706055,5.726950168609619,7.112386226654053,8.692652702331543,7.746664347103074,132.32992359904145,0.6637617522948172,0.4215421960242534,140.0583705983945,0.2134087228257897,0.2134087228257897,0.35593515634536743,0.030497787466965156,0.7903594970703125,0.5587015151977539,0.46171296296296294,0.5382870370370371,0.3041043281555176,0.026056738151687533,0.6647374033927917,0.525038480758667,-0.5727763175964355,0.8019328117370605,0.790797233581543,-0.019629223944979735,0.005823872651617674,1.1409410238265991,-4.875548362731934,4.2935309410095215,4.983959197998047,7.218705177307129,9.845480918884277,-3.049273729324341,7.625042915344238,4.779788494110107,7.722698211669922,9.756715774536133,21.64776039123535,-5.2447509765625,14.596319198608398,7.056017875671387,14.596543312072754,16.766218185424805,24.76424217224121,-2.832423210144043,-5.049707412719727,4.157937049865723,6.0505242347717285,7.937058448791504,10.587440490722656,-4.827676773071289,3.904383897781372,5.08936071395874,5.837347507476807,8.38792896270752,18.144393920898438,-13.214448928833008,15.011910438537598,13.48257827758789,15.011910438537598,20.486743927001953,24.049890518188477,-0.7353879809379578,1.4956426620483398,2.4699528217315674,3.4056711196899414,4.641562461853027,10.221545219421387,-2.945047378540039,4.783682346343994,5.561079978942871,5.887126922607422,9.005911827087402,13.577484130859375,-15.2412748336792,14.050822257995605,15.2412748336792,14.050822257995605,20.836814880371094,24.233448028564453
166.0,0.0,0.0,0.0,0.0,0.0,0,6.106899261474609,5.7393693923950195,10.447793006896973,11.892680168151855,3.867593288421631,-1.5524718761444092,1.4238120317459106,5.534744739532471,4.145079612731934,2.106515992809872,137.47526098295407,0.3449403539532466,0.30632391387890295,134.09547059674796,-5.962900001646545,5.962900001646545,0.38330385088920593,0.06276569691292962,0.8246055841445923,0.6199667453765869,0.4581172839506173,0.5418827160493828,0.3082593083381653,0.050477213502702775,0.5829459428787231,0.6674753427505493,3.6641218662261963,-4.3031381368637085,-5.56395149230957,-0.11521828214535046,0.03226790944596446,1.9766786098480225,0.47603291273117065,2.5941951274871826,2.0945234298706055,3.6600022315979004,5.643098831176758,-1.5296703577041626,1.668034553527832,3.7298569679260254,2.9258947372436523,5.223301887512207,9.72063159942627,-3.2264444828033447,-1.524335503578186,5.5291266441345215,2.6253461837768555,6.744447231292725,16.028688430786133,-3.843869924545288,2.9904606342315674,3.9630777835845947,3.4458515644073486,5.78225564956665,9.457860946655273,0.5470378994941711,4.778226852416992,3.0700786113739014,5.040461540222168,6.725545883178711,10.718507766723633,-2.1565496921539307,2.0771796703338623,3.504434585571289,3.8487980365753174,5.772597312927246,8.488128662109375,-6.449461936950684,-1.449216604232788,6.596225738525391,2.504558801651001,7.282837390899658,10.20101261138916,1.841650366783142,-0.2082303911447525,4.891341209411621,3.5672800540924072,6.593927383422852,12.295591354370117,-1.1316180229187012,4.006156921386719,3.8990869522094727,4.889523506164551,7.177180767059326,11.382729530334473
166.5,0.0,0.0,0.0,0.0,0.0,0,6.296740531921387,5.579033851623535,13.321803092956543,14.453563690185547,4.90354061126709,0.49427011609077454,-0.6867691278457642,6.479297637939453,4.582182884216309,0.8461411127125423,305.74269586880905,0.13437763687784526,0.13956494224035307,292.5614810065988,158.4660104098508,158.4660104098508,0.3136438727378845,0.04981050455189627,0.7446023225784302,0.5391820073127747,0.5320216049382716,0.4679783950617284,0.26365920901298523,0.04187232518221727,0.5740206837654114,0.5497534871101379,2.0467419922351837,-2.110581159591675,0.18984127044677734,-0.16675897163854989,-0.012955192361033346,0.5077367424964905,-2.77474308013916,3.794919729232788,3.2462124824523926,5.4624457359313965,7.98201322555542,3.1725027561187744,-1.7740405797958374,5.032505512237549,3.03422474861145,6.105449199676514,13.975129127502441,-0.9617567658424377,0.47897887229919434,0.9624648094177246,0.479715496301651,1.0777130126953125,0.005302938167005777,-2.483452320098877,-2.4289133548736572,3.072756052017212,2.515549659729004,4.2338643074035645,6.638384819030762,-0.9017869234085083,-3.409651041030884,8.083534240722656,5.444639205932617,10.5630464553833,15.148621559143066,2.2792561054229736,-0.031905923038721085,5.241455078125,2.9287891387939453,6.381125450134277,13.644281387329102,-1.601706624031067,-2.4956178665161133,2.8184614181518555,2.6504273414611816,4.21920919418335,7.731678485870361,-2.3668227195739746,3.83210825920105,5.707857131958008,5.681197166442871,9.178435325622559,13.603044509887695,6.804461479187012,2.422863006591797,7.425543785095215,3.9761359691619873,9.449377059936523,14.38131046295166
167.0,0.0,0.0,0.0,0.0,0.0,0,8.826834678649902,6.206991195678711,21.350196838378906,27.46519660949707,9.813886642456055,-1.4385602474212646,4.380794048309326,10.069014549255371,7.181889057159424,4.610944814152859,108.17908793772254,0.5223780643933076,0.302186171062975,72.80368853251396,140.24220752591515,140.24220752591515,0.35242727398872375,0.039926796738854534,0.805514395236969,0.8066556453704834,0.49322530864197534,0.5067746913580247,0.3400041162967682,0.03851936624572727,0.6224918365478516,0.9639846682548523,-1.9328303635120392,5.06756317615509,2.5300941467285156,0.16262122882262195,-0.009883707813041737,-0.5351570248603821,0.9913700222969055,4.261720180511475,2.9184114933013916,5.845343589782715,9.615143775939941,0.8699674606323242,2.612184524536133,1.5103336572647095,2.6281793117523193,3.2559847831726074,9.286908149719238,6.121266778791323e-05,-7.473478035535663e-05,0.0005093389190733433,0.0005952003411948681,0.0008580837748013437,0.0017515288200229406,2.5735113620758057,0.4870359003543854,4.303780555725098,2.93805193901062,5.559195041656494,8.979645729064941,-0.1486307829618454,10.158509254455566,4.007872104644775,10.414833068847656,11.688925743103027,25.31911849975586,-6.076056957244873,2.5635712146759033,6.09579610824585,2.571176767349243,6.671318054199219,31.92095184326172,7.418794631958008,1.8526711463928223,7.419239044189453,3.6011202335357666,8.47029972076416,13.328479766845703,-3.066840887069702,12.334516525268555,7.36034631729126,12.334516525268555,14.872727394104004,20.42375946044922,-13.982690811157227,8.427363395690918,16.973474502563477,10.87020206451416,23.076862335205078,42.52629089355469
167.5,0.0,0.0,0.0,0.0,0.0,0,6.217493534088135,4.975337982177734,12.73730182647705,17.293010711669922,8.579425811767578,-0.4776928424835205,1.5744779109954834,9.105013847351074,5.162881851196289,1.645348335147511,106.87767219781924,0.2646320942879468,0.17388360825003657,79.41555230883425,6.611863776320291,6.611863776320291,0.2592948079109192,0.04170406688567321,0.67859947681427,0.5390233993530273,0.46890432098765433,0.5310956790123457,0.2825094163417816,0.04543782303191277,0.615171492099762,0.750686526298523,0.9608674049377441,-2.8063161373138428,-2.6093411445617676,-0.12830256281293845,0.0017772701468186797,5.1074676513671875,2.6466140747070312,5.5157470703125,6.055426597595215,8.630057334899902,13.9700345993042,-0.1750851720571518,0.057995762676000595,0.9423576593399048,0.5226972699165344,1.1931673288345337,5.391300201416016,-5.24104070791509e-05,3.777486563194543e-05,0.0003007125051226467,0.0003370119375176728,0.0005059294053353369,0.0010384120978415012,1.6001780033111572,2.525303602218628,3.6215035915374756,7.4547438621521,8.661190032958984,11.729604721069336,1.004254698753357,-0.09265608340501785,1.6880006790161133,4.13764762878418,4.628020763397217,11.22771167755127,-1.039892554283142,0.05207038298249245,1.050563931465149,0.13472947478294373,1.0672940015792847,0.16822053492069244,4.8474016189575195,0.7584986686706543,5.410515785217285,4.9569196701049805,8.032133102416992,12.143260955810547,0.22989937663078308,3.2216286659240723,4.136109828948975,4.357621192932129,6.370983600616455,9.92999267578125,-15.873407363891602,5.0008087158203125,15.873615264892578,5.176642894744873,17.37409210205078,46.326438903808594
168.0,0.0,0.0,0.0,0.0,0.0,0,5.468583106994629,2.9247066974639893,12.568954467773438,16.66851806640625,7.588057518005371,-1.4063448905944824,2.565154552459717,5.944204807281494,6.602470874786377,2.925375844110636,118.73373719981882,0.5349421937775644,0.22109429388553697,107.8941360486318,28.478583739797557,28.478583739797557,0.31665629148483276,0.0579046212491843,0.781022310256958,0.7265956997871399,0.5138888888888888,0.4861111111111111,0.27426210045814514,0.050152305439967244,0.6056633591651917,0.8340942859649658,-0.9286520481109619,0.9906766414642334,-0.7489104270935059,0.047210685635500405,0.016200554363511088,0.6917207837104797,9.992417335510254,2.2102391719818115,9.992417335510254,10.385477066040039,13.21349811553955,0.31944993138313293,0.6381387710571289,2.2754242420196533,1.934594988822937,3.235218048095703,11.152328491210938,0.00015486360643990338,1.3183825103624258e-05,0.00028459899476729333,0.0002630518574733287,0.00043392551015131176,0.000922832521609962,-2.3209142684936523,3.222076892852783,2.985578775405884,3.600234270095825,5.212965488433838,9.30540943145752,-1.4349342584609985,-1.0643185377120972,2.278303384780884,4.085371971130371,4.910350799560547,11.513503074645996,0.5298264026641846,-0.07849903404712677,1.2186177968978882,0.5749354362487793,1.3739694356918335,1.2699328660964966,-3.5399739742279053,-0.08755910396575928,3.660451889038086,2.574644088745117,5.116987705230713,11.397443771362305,-3.1853928565979004,5.58806848526001,3.7537710666656494,7.206857681274414,9.054804801940918,25.828208923339844,-3.717041015625,4.876052379608154,7.6016693115234375,6.131025314331055,9.927041053771973,36.40378952026367
168.5,0.0,0.0,0.0,0.0,0.0,0,3.604389190673828,1.235258936882019,11.531805038452148,15.905896186828613,4.955061435699463,0.8969981670379639,1.8015185594558716,3.1853668689727783,4.831937313079834,2.012479771757576,63.53072393089383,0.558341418003573,0.27778489650391325,67.26664315472334,-40.62749289390845,40.62749289390845,0.19537365436553955,0.05420435747246752,0.5098598599433899,0.48009350895881653,0.48169753086419753,0.5183024691358025,0.15809404850006104,0.04386152445679193,0.40365588665008545,0.4048554599285126,2.3033430576324463,-0.7636359930038452,-1.8641939163208008,0.05669060261837627,-0.0037002637767167834,-1.063880443572998,-0.3088842034339905,2.2571399211883545,2.482491970062256,3.90610671043396,6.40683650970459,1.3140082359313965,0.5916428565979004,1.3258298635482788,0.8701203465461731,1.6674810647964478,5.139204978942871,-1.6890628103283234e-05,4.0437014831695706e-05,0.00032389251282438636,0.000378177675884217,0.00054947379976511,0.0010272186482325196,0.47286954522132874,3.389317035675049,2.283485174179077,3.3932607173919678,4.374308109283447,6.492120742797852,1.5822094678878784,6.357027053833008,1.9760440587997437,6.357093334197998,6.838596343994141,17.343629837036133,0.25803011655807495,0.19861146807670593,0.2583327889442444,0.19912469387054443,0.3263658881187439,0.013772266916930676,5.807915210723877,-1.153923749923706,6.153334617614746,3.987234354019165,8.060307502746582,15.316981315612793,-0.08970125019550323,6.611985683441162,0.7524628639221191,6.612128257751465,6.693878173828125,17.272634506225586,-0.2084501087665558,0.5278510451316833,0.20981647074222565,0.5302473902702332,0.571907639503479,0.0036691068671643734
169.0,0.0,0.0,0.0,0.0,0.0,0,3.7112019062042236,0.3265366554260254,9.791784286499023,11.074929237365723,4.209566593170166,-1.666161060333252,-3.218050718307495,2.283008098602295,3.6262102127075195,3.623802299321834,242.62692328476624,0.9764497838998523,0.6342494752960975,248.79514584499037,-178.47149730973297,178.47149730973297,0.10253515839576721,0.027628550900397685,0.2171766459941864,0.34076613187789917,0.46992283950617286,0.5300617283950617,0.09524434804916382,0.025664009879367834,0.18922489881515503,0.2848752737045288,-2.563159227371216,-5.019569277763367,0.10681271553039551,0.3564645787921843,-0.026575806572069833,-5.394093990325928,-7.211850166320801,5.394093990325928,7.211850166320801,9.019678115844727,10.872454643249512,-2.8465781211853027,-4.203008651733398,2.8470256328582764,4.203187465667725,5.080493927001953,12.66036319732666,-8.958952821558341e-05,-6.29103378742002e-05,0.0003368936013430357,0.0003428868076298386,0.0005313606234267354,0.0011186097981408238,-2.942622184753418,-6.606780052185059,2.956838607788086,6.606780052185059,7.293763637542725,9.302080154418945,-1.8117679357528687,-4.091709136962891,1.814243197441101,4.0917229652404785,4.489342212677002,10.041485786437988,-0.10452666878700256,-0.09852419048547745,0.10577288269996643,0.09877943247556686,0.1466740220785141,0.007205575238913298,-1.045528531074524,-3.993856430053711,1.6690356731414795,3.9938578605651855,4.4649763107299805,6.718596935272217,-0.8226068615913391,-2.455303907394409,0.8227552771568298,2.4553394317626953,2.59501576423645,7.657638072967529,-0.027634333819150925,-0.3013608455657959,0.0444178506731987,0.30188626050949097,0.31034180521965027,0.11266349256038666
169.5,0.0,0.0,0.0,0.0,0.0,0,4.756901264190674,2.9506430625915527,12.72867202758789,14.827407836914062,5.513502597808838,-0.9310964345932007,-0.30960729718208313,3.124424934387207,6.503997802734375,0.9812223239310066,198.39294881121418,0.20627342663542736,0.15418239332750536,212.13697347451216,-36.65817237047821,36.65817237047821,0.2851554751396179,0.05994562412732974,0.7913110852241516,0.5596612095832825,0.47541666666666665,0.5245833333333333,0.2005286067724228,0.042155292590721365,0.5130549669265747,0.44828560948371887,0.7350646257400513,2.908443421125412,1.0456993579864502,-0.48006708196859216,0.03231707322693206,-1.0601558685302734,-0.9833028316497803,3.0751118659973145,3.057238817214966,4.856184005737305,7.303310394287109,-2.1515111923217773,0.28736281394958496,2.814236640930176,1.900592565536499,3.7104406356811523,9.084553718566895,-0.0017026354325935245,-0.00688443798571825,0.005481146741658449,0.007532635238021612,0.010751447640359402,0.0014429835136979818,-1.1159467697143555,1.9381121397018433,1.8141981363296509,3.1392762660980225,4.033890724182129,7.798275470733643,-0.4662594199180603,1.584801197052002,2.887406349182129,2.7622382640838623,4.40823221206665,10.915802955627441,-0.009821565821766853,-0.019939836114645004,0.023196134716272354,0.03526660427451134,0.04621626436710358,0.026944879442453384,-0.795841634273529,8.4415864944458,1.7786163091659546,10.258129119873047,10.55352783203125,14.672160148620605,-0.5809693932533264,-7.787086486816406,1.9586306810379028,7.7871012687683105,8.202192306518555,20.138362884521484,-2.197659492492676,-6.241115093231201,2.730098247528076,6.241150379180908,6.99067497253418,18.453439712524414
170.0,0.0,0.0,0.0,0.0,0.0,0,6.279483795166016,7.81057071685791,15.165328979492188,16.202899932861328,6.074213027954102,-1.8422935009002686,-5.738430976867676,2.6729366779327393,5.732344150543213,6.0269092758837735,252.20104207465118,0.9597778213112557,0.7459224659346412,252.73730859762674,40.600335123114576,40.600335123114576,0.1655757874250412,0.026367734428229272,0.3805004358291626,0.4874141216278076,0.4601543209876543,0.5398456790123457,0.1371772140264511,0.021845297584294005,0.3266509175300598,0.41616472601890564,-0.9111970663070679,-5.428823679685593,1.5225825309753418,0.5917400726071358,-0.03357788969910047,-0.6056047677993774,-12.257750511169434,3.889845132827759,12.257750511169434,13.365909576416016,17.246763229370117,-0.8048890233039856,-3.588829755783081,0.8117311596870422,3.588869571685791,3.696796417236328,12.374582290649414,-0.047163765877485275,-0.19181813299655914,0.04753894731402397,0.19193769991397858,0.1978980004787445,0.001915073487907648,-2.9208929538726807,-9.348639488220215,3.1231491565704346,9.34866714477539,9.950382232666016,16.100698471069336,-1.047059416770935,-3.050518751144409,1.0472427606582642,3.050617218017578,3.2299556732177734,10.434670448303223,-0.061225082725286484,-0.23494651913642883,0.0618208572268486,0.23536299169063568,0.24367770552635193,0.003457721322774887,-4.908592700958252,-11.685492515563965,4.908592700958252,11.685492515563965,12.710838317871094,15.070754051208496,-2.5505290031433105,-6.709651470184326,2.5509848594665527,6.709651470184326,7.181413173675537,10.092942237854004,-3.6346845626831055,-4.578226089477539,3.6352951526641846,4.578285217285156,5.938486099243164,8.847628593444824
170.5,0.0,0.0,0.0,0.0,0.0,0,5.162755489349365,4.329126358032227,13.427590370178223,14.768709182739258,5.119186878204346,0.07624867558479309,-4.818889141082764,2.211979389190674,4.973907470703125,4.819492339922724,270.9065082515109,0.9335116392525689,0.7383512434019492,272.30815482364284,19.5708462260161,19.5708462260161,0.21922656893730164,0.0424630852509818,0.5739980340003967,0.5362979173660278,0.4536574074074074,0.5463425925925925,0.1661578267812729,0.032183936454111724,0.3772123456001282,0.4615551829338074,1.9185421764850616,0.9195418357849121,-1.1167283058166504,-0.007571222532691935,0.01609535082275253,1.7265148162841797,-5.312739849090576,2.0321788787841797,5.312739849090576,5.93043851852417,10.027629852294922,0.8262729644775391,-4.7607197761535645,2.422991991043091,4.7612433433532715,5.7505669593811035,13.929640769958496,0.11329951137304306,-0.047086652368307114,0.11413126438856125,0.04740734398365021,0.12730024755001068,0.006306220777332783,-0.6430559754371643,-6.381425857543945,1.0022820234298706,6.381433963775635,6.538680553436279,13.758737564086914,0.39024582505226135,-3.9883549213409424,0.3926808536052704,3.988405466079712,4.017727375030518,13.483513832092285,0.03394283354282379,-0.13814407587051392,0.03463619947433472,0.1383368968963623,0.14305634796619415,0.004427677486091852,-2.860625982284546,-10.965235710144043,2.8763699531555176,10.965235710144043,11.868910789489746,16.402040481567383,0.2198750078678131,-7.041450500488281,1.063294768333435,7.041450500488281,7.233333110809326,11.906819343566895,0.8797692656517029,-4.734846115112305,0.883685827255249,4.734846115112305,4.854788303375244,7.768413543701172
171.0,0.0,0.0,0.0,0.0,0.0,0,7.141998291015625,7.546966075897217,15.336994171142578,16.525527954101562,6.498257637023926,4.228789806365967,-1.177172064781189,6.813848495483398,5.247721195220947,4.389578259528576,344.4443442632435,0.614614857168267,0.504291619873144,350.65690362595814,78.3487488023153,78.3487488023153,0.20650199055671692,0.028913751197999823,0.5431147813796997,0.6372284293174744,0.4008179012345679,0.599182098765432,0.22777825593948364,0.03189278613147167,0.43226438760757446,0.7970749735832214,4.152541130781174,3.6417170763015747,1.9792428016662598,-0.23405962352880527,-0.01354933405298198,8.974017143249512,-5.024942398071289,8.97402572631836,5.025064945220947,10.32124137878418,17.198068618774414,-6.798346519470215,4.973902225494385,6.961684226989746,5.345390319824219,9.426734924316406,22.26544952392578,0.1817600578069687,0.4840398132801056,1.0735405683517456,0.4848214387893677,1.2277389764785767,3.775456428527832,9.39576244354248,-6.21437931060791,9.39576244354248,6.214995861053467,11.28602123260498,16.14935302734375,2.8492038249969482,-0.7876306772232056,2.8563098907470703,0.981347918510437,3.026866912841797,8.583541870117188,0.42309141159057617,0.1537555307149887,0.4234949052333832,0.15438641607761383,0.4522811770439148,0.011146588250994682,8.732597351074219,-7.865671634674072,8.732597351074219,7.865671634674072,11.81299877166748,15.493268013000488,5.818112850189209,-1.8362971544265747,5.818112850189209,2.6613943576812744,6.558940887451172,8.197311401367188,8.482908248901367,5.52267599105835,8.482909202575684,5.52267599105835,10.165165901184082,14.528336524963379
171.5,0.0,0.0,0.0,0.0,0.0,0,7.389589309692383,5.418637752532959,18.010974884033203,19.538196563720703,7.3199462890625,4.280798435211182,-1.2098640203475952,8.314041137695312,4.390369892120361,4.448483583271736,344.21833993849765,0.6019933445336382,0.35054640182119085,327.0254227639065,-23.63148086205166,23.63148086205166,0.3265421986579895,0.044189486151849054,0.8434461355209351,0.712003231048584,0.4844753086419753,0.5155246913580247,0.33049237728118896,0.04472404604727631,0.7777122259140015,0.8807556629180908,0.052008628845214844,-0.03269195556640625,0.2475910186767578,-0.15374521805195313,0.015275734953849231,-1.1947749853134155,-4.5903730392456055,2.5341503620147705,4.593832492828369,5.401150703430176,11.003483772277832,8.079092025756836,5.460389614105225,8.20167350769043,5.555997848510742,10.37911605834961,26.545652389526367,2.2797420024871826,1.3227847814559937,2.319425344467163,1.4437239170074463,2.9725329875946045,10.840238571166992,2.2804009914398193,-4.568844795227051,4.902018070220947,4.593059539794922,7.734323501586914,14.762480735778809,5.928934574127197,-1.1750291585922241,6.377677917480469,1.4674772024154663,6.593701362609863,14.192625045776367,1.0103729963302612,-0.3329317271709442,1.011367678642273,0.3335440456867218,1.071866750717163,0.3390282094478607,2.5726003646850586,-0.7501599192619324,5.382773399353027,2.0601003170013428,6.114467144012451,15.361993789672852,15.079387664794922,-2.01142954826355,15.079387664794922,2.025071382522583,15.284602165222168,19.835969924926758,2.491431713104248,-4.243181228637695,9.615913391113281,4.272035121917725,10.954543113708496,18.11859703063965
172.0,0.0,0.0,0.0,0.0,0.0,0,8.036406517028809,7.6557722091674805,14.430668830871582,15.744206428527832,4.672343730926514,0.7762678265571594,0.6763546466827393,6.137625694274902,6.905369281768799,1.0295860074015717,41.0653220389209,0.1281152222974189,0.07110665616633619,45.09837802095209,78.07295525704563,78.07295525704563,0.38593167066574097,0.0480229094714234,0.8747013211250305,0.6008223295211792,0.4840895061728395,0.5159104938271605,0.3141986131668091,0.03909689901875129,0.7037058472633362,0.5687789916992188,-3.504530608654022,1.8862186670303345,0.6468172073364258,-0.27943974565485463,0.0038334233195743486,2.132655382156372,-4.488523960113525,5.667442321777344,4.683285713195801,8.488924026489258,13.670295715332031,-3.9193758964538574,-1.0922950506210327,4.248900890350342,3.5044541358947754,6.109116077423096,12.337876319885254,-3.7180988788604736,-3.420278310775757,3.7302305698394775,3.9853713512420654,5.832848072052002,16.5649471282959,1.748094081878662,-4.249695777893066,6.628633975982666,5.353252410888672,9.852048873901367,14.45158576965332,0.5511999130249023,0.30456724762916565,3.961449146270752,2.8000404834747314,5.216599464416504,9.764445304870605,0.5100481510162354,3.6319146156311035,4.362712383270264,4.99488639831543,7.38179349899292,12.47602367401123,-0.4106414020061493,1.5562019348144531,5.076391220092773,3.989798069000244,6.972530364990234,10.148947715759277,4.88064432144165,1.0503720045089722,5.016986846923828,4.975442886352539,7.940023899078369,11.259224891662598,5.21188497543335,12.794928550720215,5.36078405380249,12.794928550720215,14.533770561218262,17.333881378173828
