time,bike_x,bike_y,bike_dx,bike_dy,bike_speed,tracked_points,flow_mean,flow_median,flow_p90,flow_p95,flow_std,flow_x,flow_y,flow_std_x,flow_std_y,flow_resultant,flow_resultant_angle,flow_resultant_ratio,flow_coherence,flow_angle,angle_change,angle_change_abs,div_abs_mean,div_normalized_mean,div_abs_p90,div_std,div_pos_fraction,div_neg_fraction,curl_abs_mean,curl_normalized_mean,curl_abs_p90,curl_std,delta_flow_x,delta_flow_y,delta_flow_mean,delta_flow_coherence,delta_div_mean,grid_0_0_x,grid_0_0_y,grid_0_0_abs_x,grid_0_0_abs_y,grid_0_0_mag,grid_0_0_p90,grid_0_1_x,grid_0_1_y,grid_0_1_abs_x,grid_0_1_abs_y,grid_0_1_mag,grid_0_1_p90,grid_0_2_x,grid_0_2_y,grid_0_2_abs_x,grid_0_2_abs_y,grid_0_2_mag,grid_0_2_p90,grid_1_0_x,grid_1_0_y,grid_1_0_abs_x,grid_1_0_abs_y,grid_1_0_mag,grid_1_0_p90,grid_1_1_x,grid_1_1_y,grid_1_1_abs_x,grid_1_1_abs_y,grid_1_1_mag,grid_1_1_p90,grid_1_2_x,grid_1_2_y,grid_1_2_abs_x,grid_1_2_abs_y,grid_1_2_mag,grid_1_2_p90,grid_2_0_x,grid_2_0_y,grid_2_0_abs_x,grid_2_0_abs_y,grid_2_0_mag,grid_2_0_p90,grid_2_1_x,grid_2_1_y,grid_2_1_abs_x,grid_2_1_abs_y,grid_2_1_mag,grid_2_1_p90,grid_2_2_x,grid_2_2_y,grid_2_2_abs_x,grid_2_2_abs_y,grid_2_2_mag,grid_2_2_p90
0.5,0.0,0.0,0.0,0.0,0.0,0,7.680442810058594,7.611929893493652,12.15820026397705,13.21072769165039,3.4251255989074707,0.7036173939704895,-0.06859507411718369,5.284171104431152,6.503724575042725,0.706953125243085,354.4318777233101,0.09204588104181087,0.08199289656950867,323.09314220401694,0.0,0.0,0.2827204167842865,0.03681042707636574,0.6159803867340088,0.37923362851142883,0.4459722222222222,0.5540277777777778,0.2347167283296585,0.030560307989268117,0.5221931338310242,0.30644282698631287,0.0,0.0,0.0,0.0,0.0,0.1165015920996666,11.30662727355957,4.4012556076049805,11.30662727355957,12.439661026000977,16.652400970458984,-3.38810658454895,0.502598762512207,5.341139316558838,5.888253688812256,8.671152114868164,11.142499923706055,-3.387890577316284,-3.820547103881836,4.702470779418945,6.209232330322266,8.135138511657715,12.632640838623047,2.9580800533294678,1.1498985290527344,3.2073817253112793,3.383863925933838,5.029898166656494,9.351333618164062,-2.113734483718872,-4.767168998718262,3.2410824298858643,5.122014045715332,6.640109062194824,9.49947738647461,2.644387722015381,-0.49376180768013,4.550230979919434,4.020906925201416,6.715157508850098,9.192523956298828,2.1667611598968506,-3.8227221965789795,4.733351707458496,3.8722341060638428,6.640371799468994,12.145123481750488,3.494894504547119,-4.143829345703125,5.389015197753906,4.643837928771973,7.638940811157227,11.31825065612793,3.841662883758545,3.4715490341186523,4.834272861480713,4.563417911529541,7.213554859161377,11.52294635772705
1.0,0.0,0.0,0.0,0.0,0.0,0,6.9888176918029785,6.148746490478516,13.989662170410156,15.913396835327148,4.322378635406494,2.6444897651672363,1.8435344696044922,5.225808620452881,5.461275100708008,3.223654053817528,34.881237296853676,0.46125885607210454,0.4355016303123502,26.6905294789209,63.59738727490395,63.59738727490395,0.2654306888580322,0.037979335358828185,0.5605054497718811,0.3682606816291809,0.5172993827160494,0.48270061728395064,0.2126212865114212,0.030423065168481152,0.46179595589637756,0.28624463081359863,1.9408723711967468,1.9121295437216759,-0.6916251182556152,0.35350873374284153,0.0011689082824624455,6.040773868560791,2.1537399291992188,10.673480033874512,3.9134597778320312,11.665647506713867,16.175626754760742,-1.6357508897781372,8.400918960571289,3.5282704830169678,8.592988967895508,10.070998191833496,17.197769165039062,4.151208877563477,-3.625734567642212,4.388421535491943,4.959281921386719,7.03338098526001,16.11151885986328,3.977032423019409,-0.4200011193752289,4.662317752838135,1.7500452995300293,5.2260823249816895,8.364818572998047,-0.4616695046424866,3.0354955196380615,3.876080274581909,3.666827440261841,6.069047451019287,9.750072479248047,5.390557765960693,0.08560950309038162,5.435953140258789,2.808948040008545,6.447866916656494,8.886098861694336,1.8886276483535767,1.177185297012329,3.0912961959838867,3.589195966720581,5.080381393432617,8.094791412353516,1.1018776893615723,1.1520416736602783,2.1724231243133545,3.35268497467041,4.3310546875,7.849740028381348,3.347750425338745,4.632554054260254,3.907301425933838,5.347235679626465,6.974903583526611,12.192401885986328
1.5,0.0,0.0,0.0,0.0,0.0,0,7.713158130645752,7.596020221710205,12.435216903686523,13.651468276977539,3.721489429473877,0.7107734680175781,1.1231791973114014,6.013601303100586,5.950811386108398,1.3291841227274794,57.67343629827621,0.1723268342504731,0.1944465040949372,67.91646227110625,41.22593279218535,41.22593279218535,0.2794690430164337,0.03623275992142487,0.5996679663658142,0.3786758482456207,0.5168672839506173,0.48313271604938274,0.23069429397583008,0.029909183781680407,0.5010954141616821,0.31701934337615967,-1.9337162971496582,-0.7203552722930908,0.7243404388427734,-0.24105512621741298,-0.0017465754374033152,10.216169357299805,-6.204107761383057,10.216169357299805,6.206705093383789,12.594305992126465,17.506057739257812,-2.490293025970459,5.793862819671631,3.0745787620544434,5.935671806335449,7.121532440185547,9.895413398742676,1.591598629951477,1.298353910446167,3.600048303604126,2.213881731033325,4.598659992218018,8.375043869018555,2.800198554992676,-6.3396453857421875,6.019711494445801,6.3396453857421875,9.17070198059082,11.305891990661621,-1.1528815031051636,4.061814308166504,2.8524012565612793,5.7127227783203125,6.656044006347656,10.375969886779785,-0.21040655672550201,3.744736909866333,2.9578466415405273,4.216673851013184,5.566403865814209,9.370858192443848,-3.686030864715576,-2.504936456680298,7.551939010620117,3.4087073802948,8.637214660644531,12.263829231262207,0.98769611120224,0.8116509318351746,3.8541417121887207,2.1653456687927246,4.804468631744385,8.01073169708252,-1.6590901613235474,9.446884155273438,3.3282976150512695,9.449637413024902,10.269091606140137,13.72245979309082
2.0,0.0,0.0,0.0,0.0,0.0,0,6.037501811981201,5.911619186401367,9.781285285949707,11.173147201538086,2.8144655227661133,0.7347564101219177,0.6224615573883057,4.470959663391113,4.843123435974121,0.9629773479379059,40.270178109824315,0.1594993058266107,0.17216345741293893,32.64810075641467,-35.26836151469158,35.26836151469158,0.26430487632751465,0.04377718479948554,0.5657177567481995,0.3507983684539795,0.494429012345679,0.505570987654321,0.22767069935798645,0.03770941504262033,0.4939739406108856,0.30485278367996216,0.0239829421043396,-0.5007176399230957,-1.6756563186645508,-0.022283046681998264,0.007544424878060667,1.5510764122009277,2.833864450454712,4.695384979248047,3.664586305618286,6.440874099731445,9.454439163208008,-0.3615013360977173,-4.790918350219727,5.3275933265686035,4.971893310546875,7.578165054321289,13.056166648864746,-0.0819922536611557,0.9455862641334534,4.277095317840576,3.1306514739990234,5.841196060180664,9.104793548583984,0.8564464449882507,1.3168350458145142,4.652586936950684,2.259813070297241,5.605698108673096,7.6233367919921875,1.6947215795516968,-0.035985108464956284,3.296635627746582,5.567402362823486,6.881418704986572,10.387346267700195,-0.6056113839149475,-1.6051225662231445,2.9333159923553467,3.97324275970459,5.374223232269287,9.490394592285156,3.2916862964630127,1.1620177030563354,4.242336750030518,2.054344654083252,5.273724555969238,7.755841255187988,0.6143997311592102,5.271565914154053,3.205847978591919,6.343255043029785,7.399613857269287,11.336630821228027,-0.34641772508621216,0.5043112635612488,1.6661877632141113,3.267422676086426,3.9426064491271973,6.121607303619385
2.5,0.0,0.0,0.0,0.0,0.0,0,5.937448501586914,5.429527759552002,10.505656242370605,11.314685821533203,3.2326295375823975,-1.3300063610076904,-2.14786958694458,4.742824554443359,4.102016925811768,2.526313654881832,238.23333082362515,0.4254880954683849,0.29754323448983194,247.49213527367584,-145.1559654827388,145.1559654827388,0.26340192556381226,0.04436280687413211,0.5609000325202942,0.350858598947525,0.5546450617283951,0.44535493827160494,0.21141788363456726,0.03560752534873116,0.4588651955127716,0.2862829566001892,-2.064762771129608,-2.7703311443328857,-0.10005331039428711,0.12537977707689302,0.0005856220746465746,2.4412057399749756,-5.435757160186768,3.009826898574829,5.54699182510376,6.565138339996338,10.636900901794434,-3.670870542526245,-4.619417667388916,4.194455146789551,5.8552751541137695,7.541102409362793,13.894450187683105,-3.5802066326141357,-5.578018665313721,4.057960033416748,5.578018665313721,7.149610996246338,11.928570747375488,2.5300281047821045,-1.0103243589401245,3.313110589981079,3.079251766204834,5.026226997375488,7.272998332977295,-4.131898880004883,-2.3718273639678955,4.465856075286865,3.030299425125122,5.777204990386963,9.879853248596191,-3.057231903076172,-1.8838380575180054,3.3595035076141357,3.596219539642334,5.214405536651611,9.714433670043945,3.015883684158325,-0.19060949981212616,3.3878135681152344,1.9863725900650024,4.203303813934326,6.324059963226318,-3.5689938068389893,-0.3982588052749634,4.652109146118164,1.8297579288482666,5.351978302001953,11.064973831176758,-1.947973370552063,2.157224416732788,5.63478422164917,2.758087635040283,6.608063220977783,10.057893753051758
3.0,0.0,0.0,0.0,0.0,0.0,0,8.556392669677734,8.192893981933594,12.920232772827148,16.32808494567871,3.902374744415283,0.07012229412794113,-1.0819774866104126,8.805538177490234,3.1188604831695557,1.0842473968912958,273.70811828114176,0.12671781657866954,0.16554975145684714,286.0766595457633,38.584524272087435,38.584524272087435,0.2476937174797058,0.028948377908029902,0.5476717948913574,0.3482140004634857,0.5724074074074074,0.4275925925925926,0.16018249094486237,0.01872079489663026,0.3630645275115967,0.2261103391647339,1.4001286551356316,1.0658921003341675,2.6189441680908203,-0.1319934830329848,-0.01541442896610221,-6.88174295425415,0.6085923910140991,11.252567291259766,1.7012686729431152,11.541024208068848,20.34930419921875,-3.153024435043335,-2.5205326080322266,5.90090799331665,3.5096230506896973,7.380809307098389,9.339326858520508,8.026358604431152,-4.212973117828369,8.061982154846191,4.2660136222839355,9.7196626663208,12.272923469543457,-5.385720252990723,-1.1037275791168213,9.636204719543457,2.126410484313965,10.205825805664062,18.990110397338867,-2.230910539627075,-0.9853072166442871,5.928746223449707,1.9850107431411743,6.67185640335083,10.616558074951172,7.9745330810546875,-2.3827691078186035,7.9745330810546875,2.4066107273101807,8.591451644897461,11.918375015258789,-3.5775973796844482,0.16480007767677307,7.169922828674316,2.365086793899536,7.771588325500488,13.727046966552734,-2.0653440952301025,3.151857614517212,5.450401306152344,3.1695284843444824,6.518821716308594,10.883572578430176,7.924549102783203,-2.457737922668457,7.924549102783203,2.540921211242676,8.60649299621582,11.010116577148438
3.5,0.0,0.0,0.0,0.0,0.0,0,7.030060768127441,7.25454568862915,10.673254013061523,12.140357971191406,3.028756856918335,1.5568108558654785,-0.8454522490501404,5.755476474761963,4.7255859375,1.7715669748458691,331.49508512128574,0.25199881384777156,0.2650361039590088,343.9657714105931,57.88911186482983,57.88911186482983,0.25970005989074707,0.03694136245973866,0.570256769657135,0.354476660490036,0.4910185185185185,0.5089814814814815,0.20318986475467682,0.028902998502216486,0.4385035037994385,0.27206018567085266,1.4866885617375374,0.23652523756027222,-1.526331901550293,0.09948635250216165,0.00799298455170876,2.5312089920043945,-4.069600582122803,7.18086576461792,4.38107442855835,8.869643211364746,13.853435516357422,-1.5676605701446533,2.1241486072540283,5.888443946838379,2.711667537689209,6.840179920196533,10.331268310546875,3.8163554668426514,-0.07996226102113724,3.822134256362915,4.329573631286621,6.337237358093262,8.937054634094238,1.3626071214675903,-4.479185581207275,5.657093048095703,4.641517639160156,7.740682601928711,12.079401969909668,-2.848243236541748,0.4841577708721161,4.786908149719238,2.6115896701812744,5.966555118560791,8.963579177856445,5.378954887390137,3.319798707962036,5.385319232940674,4.491633892059326,7.3758769035339355,9.900126457214355,5.611795902252197,-0.8048806190490723,6.669522762298584,4.8812127113342285,9.0260591506958,11.078032493591309,-3.080986976623535,-5.3325300216674805,3.148272752761841,5.367219924926758,6.817111968994141,10.158024787902832,2.8072662353515625,1.2289834022521973,3.3415939807891846,2.3840575218200684,4.2972025871276855,7.991694450378418
4.0,0.0,0.0,0.0,0.0,0.0,0,11.338183403015137,9.606597900390625,21.756938934326172,23.78270721435547,6.638564586639404,4.134220600128174,-5.889627456665039,5.078901290893555,9.749369621276855,7.1957967973551655,305.06691382146346,0.6346516493498954,0.4551162742261142,319.2450962458114,-24.72067516478171,24.72067516478171,0.27666977047920227,0.024401593821814026,0.609169602394104,0.38207656145095825,0.5627777777777778,0.43722222222222223,0.2228618711233139,0.01965586933513348,0.4954848885536194,0.33294638991355896,2.5774097442626953,-5.044175207614899,4.308122634887695,0.19008017026710544,-0.012539768637924636,5.704270362854004,-11.655391693115234,5.723947525024414,11.655391693115234,13.163261413574219,21.286731719970703,8.695091247558594,-11.99732494354248,8.695091247558594,11.99732494354248,15.441070556640625,25.447240829467773,3.6713335514068604,-0.7039082050323486,4.253316402435303,9.545239448547363,10.986434936523438,15.341208457946777,1.3670082092285156,-6.099157810211182,2.489210605621338,8.899762153625488,9.58634090423584,23.64559555053711,7.842132091522217,-12.890268325805664,7.882429122924805,13.187738418579102,15.88201904296875,24.021329879760742,4.867536544799805,-2.0921685695648193,5.407186031341553,5.22025728225708,8.364686012268066,13.781257629394531,-4.177456378936768,-0.17941932380199432,5.1031622886657715,4.992352485656738,7.904908180236816,12.09898567199707,5.910717964172363,-10.328643798828125,6.67765474319458,12.490352630615234,14.74795913696289,20.79747200012207,3.3273510932922363,2.939636707305908,3.711024045944214,3.922607898712158,5.966970920562744,10.455251693725586
4.5,0.0,0.0,0.0,0.0,0.0,0,8.998988151550293,8.503288269042969,15.921828269958496,17.28271484375,4.377577781677246,-3.839906692504883,-2.360442876815796,7.4116387367248535,4.989590167999268,4.507391039376794,211.579608025486,0.5008775390597984,0.4100340926643693,210.08352256866596,-109.16157367714544,109.16157367714544,0.29762208461761475,0.03307283513797127,0.6624247431755066,0.4163205027580261,0.5627006172839506,0.4372993827160494,0.21306701004505157,0.023676771519203985,0.4886162281036377,0.3085647523403168,-7.974127292633057,3.529184579849243,-2.3391952514648438,-0.04508218156174493,0.008671241316157242,-0.6963582634925842,-3.7465660572052,4.232481002807617,4.947656154632568,7.443762302398682,12.350692749023438,-7.542296886444092,-7.576053142547607,8.661500930786133,7.625580310821533,12.991445541381836,19.008859634399414,-9.697139739990234,-1.8085259199142456,9.697139739990234,2.992377996444702,10.321267127990723,16.571083068847656,-1.0624327659606934,-3.0627377033233643,2.7885000705718994,6.504425048828125,7.6583170890808105,11.73412036895752,-1.4525947570800781,-2.8371083736419678,8.2173490524292,3.5846235752105713,9.7297945022583,18.333703994750977,-9.082862854003906,-1.0137361288070679,9.082862854003906,1.6719309091567993,9.330913543701172,16.181896209716797,-1.3629484176635742,-4.601849555969238,2.1209030151367188,6.1558356285095215,6.957756042480469,13.045822143554688,2.6548564434051514,1.5524473190307617,8.606412887573242,3.2237906455993652,9.560461044311523,15.867046356201172,-6.31738805770874,1.8501429557800293,6.317563056945801,1.9091978073120117,6.997176170349121,12.313806533813477
5.0,0.0,0.0,0.0,0.0,0.0,0,10.638266563415527,11.032565116882324,16.451356887817383,19.065380096435547,4.655630588531494,-8.181168556213379,2.6550283432006836,6.895811557769775,3.6489336490631104,8.601203081451656,162.0202379757863,0.8085154691489653,0.7260286873724711,149.90178576621125,-60.18173680245471,60.18173680245471,0.17978772521018982,0.016900094318784656,0.4240853488445282,0.2737402319908142,0.661466049382716,0.338533950617284,0.12655071914196014,0.011895801490945929,0.3233431577682495,0.19835995137691498,-4.341261863708496,5.0154712200164795,1.6392784118652344,0.31599459470810176,-0.016172740819186612,-6.836185932159424,3.453768253326416,7.477761268615723,5.9501142501831055,11.586583137512207,20.773771286010742,-13.934806823730469,-0.8324609398841858,13.934806823730469,1.0849061012268066,14.002135276794434,16.730459213256836,-5.387486934661865,1.6838257312774658,6.604048252105713,1.7954109907150269,7.088831424713135,10.877384185791016,-4.508853435516357,5.5216264724731445,6.129874229431152,6.607120990753174,11.298760414123535,19.244644165039062,-14.126096725463867,0.33210289478302,14.126096725463867,0.9876582026481628,14.177977561950684,17.75884246826172,-5.120683193206787,2.8555734157562256,6.483722686767578,2.8555734157562256,7.577624797821045,11.800104141235352,-4.530076026916504,4.4871439933776855,4.530353546142578,4.671442031860352,7.436201095581055,11.667654037475586,-13.595673561096191,2.2598979473114014,13.595673561096191,2.26045298576355,13.874516487121582,16.770305633544922,-5.5906548500061035,4.133777618408203,6.503096103668213,4.133777618408203,8.701772689819336,13.398117065429688
5.5,0.0,0.0,0.0,0.0,0.0,0,9.100679397583008,9.263392448425293,16.40673828125,19.647035598754883,5.466102600097656,-6.3206000328063965,-2.828622341156006,6.734671115875244,4.403834342956543,6.924672492154348,204.1096776628525,0.7608962133083633,0.6192834774890222,202.6619416991125,52.760155932901256,52.760155932901256,0.22776268422603607,0.02502699515593649,0.49977168440818787,0.3045992851257324,0.6225771604938272,0.37742283950617284,0.16368573904037476,0.017986099048577404,0.3824632465839386,0.23452813923358917,1.8605685234069824,-5.4836506843566895,-1.5375871658325195,-0.10674520988344882,0.008126900837151833,-9.867921829223633,-0.5106682181358337,9.872465133666992,3.882216215133667,11.237730026245117,21.356184005737305,-9.789618492126465,-6.02606725692749,9.789695739746094,6.02606725692749,12.223376274108887,15.485543251037598,-0.4009798467159271,-9.711543083190918,3.12292742729187,9.77197265625,10.583235740661621,14.662444114685059,-7.321290493011475,-1.3672127723693848,8.135947227478027,2.304394006729126,8.69739055633545,20.430395126342773,-10.3674955368042,-3.012047290802002,10.367608070373535,3.027402877807617,11.190180778503418,15.83016300201416,-1.7821823358535767,-5.349430561065674,3.4183859825134277,5.885391712188721,7.293972492218018,10.145637512207031,-6.782967567443848,0.18301476538181305,7.167070388793945,1.0258703231811523,7.401977062225342,18.703990936279297,-10.08452320098877,0.544729471206665,10.08452320098877,0.787759006023407,10.140239715576172,14.469817161560059,-0.4884166717529297,-0.20837843418121338,2.030107259750366,1.9162827730178833,3.1380059719085693,5.087480068206787
6.0,0.0,0.0,0.0,0.0,0.0,0,8.407127380371094,7.873329162597656,14.750570297241211,16.794981002807617,4.294262409210205,-4.8555121421813965,-0.7027859687805176,7.543905258178711,2.853081703186035,4.9061090775466605,188.23578662097884,0.5835654505487109,0.4826010847078213,188.050741651374,-14.611200047738492,14.611200047738492,0.1974245309829712,0.023482992295433082,0.43388500809669495,0.2733529210090637,0.6616512345679012,0.33834876543209874,0.15258044004440308,0.018148936609633185,0.36149904131889343,0.23266737163066864,1.465087890625,2.1258363723754883,-0.6935520172119141,-0.13668239278120092,-0.0015440028605034073,-13.237407684326172,-0.1608046591281891,13.237407684326172,2.5740158557891846,13.59111499786377,18.26083755493164,-5.753244876861572,-2.740384101867676,6.167484283447266,2.740983009338379,7.5134172439575195,10.742779731750488,7.401312828063965,-5.498758316040039,7.401312828063965,5.510278701782227,9.425189971923828,11.906269073486328,-12.779051780700684,-0.14380164444446564,12.779051780700684,1.4063042402267456,12.918251037597656,19.09064292907715,-6.1177263259887695,0.08319854736328125,6.135264873504639,0.7912343740463257,6.292207717895508,10.118050575256348,2.6776747703552246,-1.7238798141479492,4.538872718811035,2.1242964267730713,5.267605781555176,7.770294189453125,-7.716770172119141,0.7891283631324768,7.717167854309082,1.3229790925979614,7.88538932800293,13.789390563964844,-5.499683380126953,2.2285633087158203,5.745541572570801,2.2356388568878174,6.594731330871582,9.819629669189453,-2.6747117042541504,0.8416640758514404,5.735342025756836,1.7574375867843628,6.176241397857666,11.635409355163574
6.5,0.0,0.0,0.0,0.0,0.0,0,6.881062030792236,6.49105167388916,10.203720092773438,11.46027660369873,2.33388614654541,-4.633118152618408,4.119675636291504,1.9602168798446655,3.2428507804870605,6.199799284200741,138.35714703556448,0.9009945349216595,0.8946261287357804,140.79896081154703,-47.25178083982698,47.25178083982698,0.08626731485128403,0.012536916820154722,0.19685764610767365,0.1509198546409607,0.4327314814814815,0.5672685185185186,0.09202255308628082,0.013373304774928941,0.19884665310382843,0.13425853848457336,0.22239398956298828,4.8224616050720215,-1.5260653495788574,0.4120250440279591,-0.01094607547527836,-3.6941466331481934,7.976522922515869,3.8231418132781982,7.976522922515869,8.94031810760498,10.583433151245117,-4.841968536376953,4.095931529998779,4.841968536376953,4.095931529998779,6.468403339385986,7.278360366821289,-7.360563278198242,0.8573257923126221,7.360563278198242,1.1318080425262451,7.490765571594238,8.320545196533203,-4.549561500549316,7.962752819061279,4.553258895874023,7.962752819061279,9.222562789916992,11.755175590515137,-3.503058910369873,3.6571364402770996,3.503058910369873,3.6571364402770996,5.191701412200928,5.980095386505127,-5.815487384796143,0.5778127312660217,5.815487384796143,0.9355090856552124,5.933295726776123,6.8015570640563965,-4.89598274230957,7.809122085571289,4.896002769470215,7.809122085571289,9.347136497497559,13.042959213256836,-2.493081569671631,3.5622358322143555,2.493081569671631,3.5622358322143555,4.521305084228516,5.886933326721191,-4.544213771820068,0.5782371163368225,4.544213771820068,1.3088058233261108,4.814067840576172,6.668036460876465
7.0,0.0,0.0,0.0,0.0,0.0,0,3.8867287635803223,3.5946531295776367,6.0337605476379395,6.4907073974609375,1.6545013189315796,-1.9680707454681396,-3.0603859424591064,1.4841241836547852,1.5498859882354736,3.6385800219273494,237.25576945168766,0.9361548601028731,0.9243342538618201,238.9095894026185,98.11062859107147,98.11062859107147,0.06415990740060806,0.01650742688668588,0.1515209972858429,0.14328086376190186,0.4954783950617284,0.5045216049382716,0.058486372232437134,0.015047707401854842,0.12238889187574387,0.12976273894309998,2.6650474071502686,-7.18006157875061,-2.994333267211914,0.02970812512603971,0.003970510066531157,-1.5290625095367432,-1.8309935331344604,1.9470572471618652,1.8318754434585571,2.763714075088501,3.598372459411621,-2.084902048110962,-3.053476572036743,2.084902048110962,3.053476572036743,3.7140324115753174,4.345901966094971,-2.846604824066162,-4.730076313018799,2.846604824066162,4.730076313018799,5.529712677001953,6.362799167633057,-1.109083890914917,-1.6953016519546509,1.4321755170822144,1.7081489562988281,2.3069472312927246,2.6873831748962402,-1.6089123487472534,-2.8400917053222656,1.6089123487472534,2.8400917053222656,3.281339406967163,4.093046188354492,-2.9909207820892334,-4.720168113708496,2.9909207820892334,4.720168113708496,5.636303901672363,7.314492225646973,-2.1120944023132324,-1.0800979137420654,2.2848405838012695,1.5354365110397339,3.18552303314209,8.322829246520996,-1.1793742179870605,-2.9506027698516846,1.1793742179870605,2.9506027698516846,3.194153070449829,4.594298362731934,-2.251681089401245,-4.642665863037109,2.436239242553711,4.6647491455078125,5.368834495544434,6.652989387512207
7.5,0.0,0.0,0.0,0.0,0.0,0,5.510287284851074,5.106295585632324,7.933424472808838,9.02968978881836,2.013432264328003,-0.23460382223129272,-3.5639100074768066,2.946242570877075,3.602822780609131,3.571623369673637,266.23378719928803,0.6481737131007257,0.7409644714106566,266.6219301879173,27.712340785298807,27.712340785298807,0.0971183255314827,0.017624908264506075,0.20935465395450592,0.20474368333816528,0.85625,0.14375,0.0735597088932991,0.013349520948936556,0.16865377128124237,0.186491921544075,1.733466923236847,-0.5035240650177002,1.623558521270752,-0.18336978245116353,0.0011174813778201953,-3.6796131134033203,-4.954922199249268,3.6796131134033203,4.954922199249268,6.375782012939453,8.329310417175293,-0.12930408120155334,-5.633008003234863,0.6710461378097534,5.633008003234863,5.68677282333374,6.2991509437561035,3.2814135551452637,-6.407331943511963,3.2814135551452637,6.407331943511963,7.270110130310059,8.435962677001953,-2.7911019325256348,-3.5767741203308105,2.7911019325256348,3.5767741203308105,4.812252521514893,6.666116714477539,0.049336954951286316,-4.549459457397461,0.43823421001434326,4.549459457397461,4.579844951629639,5.021847724914551,2.3401129245758057,-2.4589474201202393,2.350452423095703,5.4116644859313965,6.013540744781494,7.641354560852051,-3.279574394226074,-1.600123405456543,3.280358076095581,2.197261333465576,4.674628734588623,9.270255088806152,0.29143697023391724,-3.817274332046509,0.36446139216423035,3.817274332046509,3.8531787395477295,4.162110805511475,1.8058587312698364,0.922650933265686,2.3167707920074463,5.420222282409668,6.326472282409668,12.498028755187988
8.0,0.0,0.0,0.0,0.0,0.0,0,6.456554889678955,6.084226608276367,9.67209529876709,11.486381530761719,2.842461347579956,-4.1260666847229,-4.263795375823975,2.221799612045288,3.1025655269622803,5.933327674558193,225.94048792557217,0.918961857513647,0.9135555064120211,223.4887602635521,-43.133169924365205,43.133169924365205,0.08631405979394913,0.013368436867699908,0.18964603543281555,0.1900595873594284,0.5823456790123457,0.4176543209876543,0.07826089859008789,0.012121152504106848,0.15845853090286255,0.13943646848201752,-3.8914628624916077,-0.699885368347168,0.9462676048278809,0.17259103500136452,-0.004256471396806167,-6.914236068725586,-2.188361644744873,6.914236068725586,2.188361644744873,7.279036998748779,10.817401885986328,-4.0625786781311035,-3.930590867996216,4.0625786781311035,3.930590867996216,5.685359001159668,7.029466152191162,-4.9162468910217285,-6.852488994598389,4.9162468910217285,6.852488994598389,8.448394775390625,9.791808128356934,-5.278552532196045,-1.5088247060775757,5.278552532196045,1.5088247060775757,5.520647048950195,8.423693656921387,-3.213639259338379,-3.3741118907928467,3.213639259338379,3.3741118907928467,4.690318584442139,6.132332801818848,-4.695512771606445,-7.042965412139893,4.695512771606445,7.042965412139893,8.52552318572998,11.576622009277344,-1.513277530670166,-1.3167550563812256,3.218240737915039,1.5212225914001465,3.726357936859131,5.335149765014648,-2.6629343032836914,-3.2528276443481445,2.6629343032836914,3.2528276443481445,4.225872039794922,6.893941402435303,-3.8776259422302246,-8.907233238220215,3.914095401763916,8.907233238220215,10.007486343383789,15.879159927368164
8.5,0.0,0.0,0.0,0.0,0.0,0,12.073323249816895,11.365402221679688,17.720191955566406,19.913806915283203,4.227997779846191,-8.290939331054688,-6.616535663604736,5.458156108856201,4.618598461151123,10.607460543362059,218.59141271153314,0.8785866429545761,0.9007065417773394,221.15042397198638,-2.3383362915657244,2.3383362915657244,0.15058183670043945,0.012472276366032596,0.32524374127388,0.26520055532455444,0.7454938271604938,0.25450617283950616,0.12796466052532196,0.010598958321463344,0.2709888219833374,0.253596693277359,-4.164872646331787,-2.3527402877807617,5.6167683601379395,-0.012848964634681659,-0.0008961605016673119,-14.330306053161621,-4.380819320678711,14.330306053161621,4.380819320678711,15.052397727966309,18.392580032348633,-7.690385818481445,-7.785759925842285,7.690385818481445,7.785759925842285,11.059781074523926,13.126452445983887,-3.969642162322998,-12.777261734008789,4.07452917098999,12.777261734008789,13.53566837310791,14.855167388916016,-14.679747581481934,-2.391223430633545,14.679747581481934,2.644619941711426,14.995258331298828,21.511072158813477,-6.2303571701049805,-5.859313488006592,6.2303571701049805,5.859313488006592,8.651409149169922,10.347816467285156,-3.505918025970459,-11.008094787597656,3.602459192276001,11.008094787597656,11.72058391571045,14.51091480255127,-14.076387405395508,0.3716657757759094,14.076387405395508,1.9519765377044678,14.29458999633789,23.379459381103516,-5.241375923156738,-4.81279182434082,5.241375923156738,4.81279182434082,7.184216499328613,9.445239067077637,-4.894333839416504,-10.90522289276123,4.894362449645996,10.90522289276123,12.166020393371582,16.5850830078125
9.0,0.0,0.0,0.0,0.0,0.0,0,6.241279125213623,4.5267133712768555,13.684672355651855,15.554841995239258,4.834007263183594,3.4364852905273438,-2.9575915336608887,5.481246471405029,3.4235000610351562,4.533958406513382,319.2832543979283,0.7264469855541346,0.49738971288806194,299.3468322552583,78.19640828327192,78.19640828327192,0.1681409776210785,0.026940142766837188,0.4080146253108978,0.2728046774864197,0.7031327160493828,0.2968672839506173,0.14524413645267487,0.023271529804585325,0.3572392463684082,0.24830789864063263,11.727424621582031,3.6589441299438477,-5.8320441246032715,-0.4033168288892775,0.014467866400804592,-3.159806966781616,-1.6775227785110474,3.159806966781616,1.707646369934082,3.7916362285614014,6.541473388671875,2.5225095748901367,-4.613592147827148,3.1153342723846436,4.613592147827148,5.800240993499756,9.859479904174805,7.980878829956055,-5.363949775695801,7.980878829956055,5.483121871948242,9.760000228881836,13.494415283203125,-1.6074025630950928,0.039176806807518005,1.6095027923583984,1.0160983800888062,2.0679707527160645,3.8742666244506836,1.8712519407272339,-3.073622465133667,2.0573067665100098,3.073622465133667,3.8937325477600098,6.022653102874756,9.363895416259766,-4.64509391784668,9.363895416259766,4.743173122406006,10.610920906066895,15.580005645751953,0.10635559260845184,1.4313284158706665,0.8538665771484375,1.7893695831298828,2.1509382724761963,4.246473789215088,3.7740304470062256,-1.9892048835754395,3.852903366088867,2.341132879257202,4.913299560546875,9.356520652770996,10.076653480529785,-6.72584342956543,10.082148551940918,6.847598075866699,13.18277359008789,19.960220336914062
9.5,0.0,0.0,0.0,0.0,0.0,0,8.047554969787598,7.228693962097168,12.232402801513672,14.147215843200684,2.8630075454711914,6.225437641143799,1.312864899635315,4.619560718536377,3.337651252746582,6.362364974478005,11.908454316820304,0.7905960255461206,0.7712815209180689,14.253740638166244,74.90690838290794,74.90690838290794,0.15583530068397522,0.019364301567956446,0.39284318685531616,0.2768687307834625,0.5418672839506172,0.4581327160493827,0.13125766813755035,0.016310252284087525,0.3433758020401001,0.2354847639799118,2.788952350616455,4.270456433296204,1.8062758445739746,0.27389180803000696,-0.0075758411988807416,6.466100215911865,3.2668235301971436,6.466100215911865,3.2668235301971436,7.294302463531494,8.786767959594727,7.1108784675598145,-0.4285939931869507,7.1108784675598145,1.3019658327102661,7.259365081787109,9.51560115814209,6.763885974884033,-0.04311390593647957,9.01791000366211,4.413793087005615,10.71314811706543,16.03131866455078,6.4348464012146,2.9202089309692383,6.4348464012146,2.9202089309692383,7.0940070152282715,8.150678634643555,7.427419662475586,0.6928393840789795,7.427419662475586,0.8899672031402588,7.496563911437988,9.975648880004883,5.99604606628418,0.3094877600669861,8.372978210449219,2.0104851722717285,8.927215576171875,14.400642395019531,6.968493938446045,3.014310359954834,6.968493938446045,3.0155107975006104,7.7073774337768555,9.29554557800293,7.777048587799072,1.857671856880188,7.777048587799072,1.9294265508651733,8.048365592956543,10.84327507019043,1.0842185020446777,0.2261504828929901,5.212646484375,5.1301116943359375,7.887641906738281,12.613666534423828
10.0,0.0,0.0,0.0,0.0,0.0,0,6.677943229675293,6.636858940124512,11.421075820922852,12.222164154052734,3.1142475605010986,4.955224514007568,0.3275358974933624,4.128108978271484,3.548330307006836,4.966037630583192,3.781698527295939,0.7436477759372416,0.7140158098771942,9.854695171354628,-4.399045466811629,4.399045466811629,0.17197531461715698,0.025752732982245806,0.4026896357536316,0.2655704617500305,0.6284876543209876,0.37151234567901237,0.14510761201381683,0.02172938362812181,0.3502337336540222,0.21793517470359802,-1.2702131271362305,-0.9853290021419525,-1.3696117401123047,-0.057265711040874745,0.00638843141428936,3.6863160133361816,0.26753318309783936,3.6978721618652344,1.219692349433899,4.0407633781433105,6.36713981628418,7.472497940063477,-4.087657928466797,7.472497940063477,4.3430094718933105,8.943167686462402,12.620687484741211,4.291266918182373,-0.3063913881778717,6.197081089019775,3.299422264099121,7.279664516448975,13.077089309692383,3.5871214866638184,0.7468299865722656,3.5976438522338867,0.8762885928153992,3.7440619468688965,6.394835472106934,7.855316638946533,-1.8819546699523926,7.855316638946533,2.4454898834228516,8.386487007141113,11.710997581481934,3.643871307373047,3.0179271697998047,4.243625164031982,4.305539131164551,6.7467546463012695,10.80203628540039,6.271914482116699,1.599900722503662,6.271914482116699,1.7080271244049072,6.624997615814209,7.9186930656433105,8.456871032714844,-0.3530379831790924,8.456871032714844,1.2381407022476196,8.59157657623291,11.685832977294922,-0.6681532263755798,3.9446732997894287,2.8067753314971924,4.406161785125732,5.744015693664551,9.968982696533203
10.5,0.0,0.0,0.0,0.0,0.0,0,9.448731422424316,8.82176685333252,15.877580642700195,20.330604553222656,5.204619884490967,2.170126438140869,-2.3305516242980957,7.6884236335754395,6.863950252532959,3.184481061497535,312.9585751030226,0.3370273658048875,0.3408588525474283,308.6790542925821,-61.175640878772526,61.175640878772526,0.29744452238082886,0.031479833387483294,0.642932653427124,0.4285157322883606,0.5103086419753087,0.4896913580246914,0.2793883979320526,0.029568876060982616,0.621232271194458,0.4096677601337433,-2.785098075866699,-2.658087521791458,2.7707881927490234,-0.37315695732976584,0.005727100405237488,12.100357055664062,-5.876753330230713,12.100357055664062,6.187310218811035,13.896431922912598,21.923416137695312,4.401815414428711,5.461784839630127,5.079065799713135,8.051836013793945,10.255192756652832,16.46126937866211,1.698872447013855,-5.870632648468018,1.9652131795883179,6.283329486846924,7.145960330963135,13.08213996887207,5.893118858337402,-1.3910601139068604,6.227822780609131,2.0211539268493652,6.87303352355957,14.359747886657715,-7.223527908325195,4.451986789703369,7.225332260131836,5.73495626449585,9.732672691345215,12.850065231323242,2.269467830657959,-7.177699565887451,3.434164524078369,7.182596683502197,8.31999683380127,12.985299110412598,2.9769251346588135,0.5958947539329529,3.457359552383423,3.0931146144866943,5.280147552490234,7.754108905792236,-9.256451606750488,-0.8730496168136597,9.256451606750488,2.9381678104400635,10.020499229431152,13.920382499694824,6.670560359954834,-10.295435905456543,8.286450386047363,10.295435905456543,13.514647483825684,24.504819869995117
11.0,0.0,0.0,0.0,0.0,0.0,0,8.544584274291992,7.8025312423706055,12.913230895996094,14.866994857788086,3.4837589263916016,0.39136213064193726,3.9522018432617188,7.5715742111206055,3.4705469608306885,3.9715316601006623,84.34478932353915,0.4648010403560266,0.5186666822650937,77.27158270295851,128.59252841037642,128.59252841037642,0.21391330659389496,0.02503495485468368,0.47822830080986023,0.32141968607902527,0.6135956790123457,0.3864043209876543,0.17685607075691223,0.020698028643826322,0.4256301820278168,0.25334203243255615,-1.7787643074989319,6.2827534675598145,-0.9041471481323242,0.1778078297176654,-0.0064448785327996146,-6.472690105438232,2.1731629371643066,7.065707683563232,2.30814266204834,7.571105480194092,10.876160621643066,5.8011040687561035,-0.2618071734905243,5.8011040687561035,2.9731783866882324,6.738687992095947,10.979859352111816,6.840056419372559,7.06421422958374,6.854800701141357,7.2909016609191895,10.780583381652832,14.219077110290527,-6.73397970199585,4.634859561920166,6.84473180770874,4.634859561920166,8.618245124816895,11.625938415527344,6.216466426849365,2.305433750152588,6.216466426849365,2.8245420455932617,7.072965621948242,10.416108131408691,1.5731576681137085,5.308455944061279,4.388021945953369,5.326921463012695,7.393786907196045,11.767960548400879,-1.2058436870574951,6.768152713775635,3.460658073425293,6.768152713775635,7.841953277587891,11.152615547180176,6.748370170593262,4.456733226776123,6.748370170593262,4.456733226776123,8.297464370727539,12.455548286437988,-9.244382858276367,3.1206111907958984,11.186957359313965,5.240148067474365,12.586462020874023,19.27530288696289
11.5,0.0,0.0,0.0,0.0,0.0,0,12.718615531921387,14.26522445678711,18.447542190551758,18.864803314208984,5.608609676361084,-6.503259658813477,10.091503143310547,4.101459503173828,5.680397033691406,12.005449674268657,122.79891557891175,0.9439273987123195,0.8613577704198315,124.20531597752772,46.93373327456919,46.93373327456919,0.1736239492893219,0.013651166292619778,0.44392862915992737,0.2606859803199768,0.45632716049382716,0.5436728395061728,0.14913929998874664,0.011726063099271407,0.3739739656448364,0.22447167336940765,-6.894621789455414,6.139301300048828,4.1740312576293945,0.3426910881547378,-0.011383788562063901,-10.10798168182373,14.103559494018555,10.10798168182373,14.103559494018555,17.473285675048828,18.79007911682129,-7.087396144866943,11.8276948928833,7.087396144866943,11.927783966064453,14.118400573730469,19.60443878173828,-4.917320728302002,3.979292154312134,5.495510101318359,4.831298828125,8.118775367736816,11.089996337890625,-5.909651756286621,11.903779983520508,6.19695520401001,11.903779983520508,13.720577239990234,17.595935821533203,-9.44736099243164,15.057745933532715,9.44736099243164,15.057745933532715,17.811336517333984,18.619537353515625,-3.2761099338531494,5.596676349639893,3.5239224433898926,5.602048397064209,6.934065818786621,15.859516143798828,-5.589571475982666,11.623812675476074,5.731899261474609,11.623812675476074,13.580896377563477,18.4111328125,-9.135831832885742,14.076447486877441,9.135831832885742,14.076447486877441,16.80123519897461,17.564664840698242,-3.0581071376800537,2.6545143127441406,3.4481518268585205,4.43739652633667,5.908970355987549,14.906335830688477
12.0,0.0,0.0,0.0,0.0,0.0,0,10.701942443847656,11.612205505371094,15.85522747039795,16.56865882873535,4.394710540771484,-7.269995212554932,6.270152568817139,5.705267429351807,3.021149158477783,9.600398097309078,139.22321677990334,0.8970706157019341,0.7947702074699886,130.1217560121591,5.916440034631364,5.916440034631364,0.19271430373191833,0.018007411900752113,0.45057931542396545,0.292461097240448,0.5769598765432099,0.4230401234567901,0.14555034041404724,0.013600365314743032,0.33825427293777466,0.24119892716407776,-0.7667355537414551,-3.821350574493408,-2.0166730880737305,-0.06658756294984292,0.004356245608132334,-7.201776027679443,6.101978778839111,7.3651909828186035,6.128092288970947,10.833290100097656,16.873830795288086,-10.997881889343262,5.313736438751221,10.997881889343262,5.313736438751221,12.279393196105957,14.364023208618164,-5.098715305328369,7.3772358894348145,5.266655445098877,7.3772358894348145,9.386085510253906,13.18121337890625,-5.181276798248291,2.9991002082824707,6.391409873962402,3.0883891582489014,7.748879432678223,18.13908576965332,-11.577510833740234,6.362820625305176,11.577510833740234,6.362820625305176,13.278007507324219,15.491140365600586,-6.877060413360596,8.664841651916504,6.877060413360596,8.664841651916504,11.17386531829834,12.688382148742676,-2.5400943756103516,2.011605739593506,5.603336811065674,2.5320539474487305,6.290140628814697,17.50489044189453,-11.787591934204102,7.730609893798828,11.787591934204102,7.730609893798828,14.269332885742188,16.272504806518555,-4.168051719665527,9.869441032409668,4.386404991149902,9.869441032409668,11.058489799499512,13.061314582824707
12.5,0.0,0.0,0.0,0.0,0.0,0,6.67657995223999,5.754752159118652,12.195209503173828,13.873014450073242,3.725781202316284,-0.24668258428573608,1.5563594102859497,6.047817707061768,4.40442419052124,1.57578771139247,99.00644520984419,0.23601720082207567,0.3361542762314221,88.00034098060762,-42.121415031551464,42.121415031551464,0.15060806274414062,0.0225576629447759,0.3321789503097534,0.21988482773303986,0.6642592592592592,0.33574074074074073,0.132707417011261,0.019876553277877608,0.2991883158683777,0.19402894377708435,7.023312628269196,-4.713793158531189,-4.025362491607666,-0.45861593123856653,0.004550251044023786,-4.453085899353027,-3.517923355102539,4.623291492462158,4.1728925704956055,6.304182052612305,13.308372497558594,2.672598123550415,3.1587095260620117,2.6893017292022705,3.1587095260620117,4.317893028259277,6.925418376922607,5.787841796875,4.620074272155762,5.79357385635376,4.73610782623291,7.992061138153076,12.68761920928955,-7.391645908355713,-2.9757909774780273,7.391645908355713,3.3623123168945312,8.191570281982422,14.988883972167969,0.9954456686973572,3.9429054260253906,1.8787161111831665,3.9429054260253906,4.592031955718994,7.230188846588135,4.281367778778076,1.7699956893920898,4.386012554168701,3.6678104400634766,6.100203037261963,10.940672874450684,-8.396943092346191,0.07207173854112625,8.396943092346191,1.3335256576538086,8.597338676452637,14.872657775878906,-0.4642055034637451,4.999759197235107,2.6398096084594727,4.999759197235107,5.7707109451293945,8.81553840637207,4.748485088348389,1.937431812286377,5.051828384399414,6.065992832183838,8.223225593566895,11.461974143981934
13.0,0.0,0.0,0.0,0.0,0.0,0,6.497408866882324,6.122389793395996,10.538496971130371,11.682110786437988,2.8646249771118164,1.3879492282867432,-2.017585277557373,4.980157852172852,4.4298272132873535,2.4488881992688087,304.52509110081314,0.3769022774218406,0.3497462378676674,318.5233763181195,-129.47696466248811,129.47696466248811,0.1836187094449997,0.028260293441070252,0.42383894324302673,0.26602211594581604,0.6529475308641975,0.34705246913580245,0.15846414864063263,0.02438881829640048,0.38241809606552124,0.25003811717033386,1.6346318125724792,-3.5739446878433228,-0.17917108535766602,0.01359196163624532,0.005702630496294353,-0.4040910601615906,-5.988592624664307,4.8188018798828125,6.55102014541626,8.800897598266602,14.114397048950195,6.4506449699401855,-2.4623451232910156,6.4506449699401855,2.506831645965576,7.411839008331299,10.083712577819824,-0.5268265604972839,-2.0403642654418945,3.024507999420166,3.8514950275421143,5.499751567840576,7.710571765899658,-3.5752968788146973,-5.423651218414307,5.087637901306152,5.439682483673096,7.737155914306641,12.135926246643066,5.796355247497559,-0.27182960510253906,5.796355247497559,2.1185531616210938,6.484944820404053,9.295323371887207,-1.1695952415466309,-1.492938756942749,2.4483835697174072,3.540665626525879,4.75076150894165,8.211848258972168,-1.930711269378662,-1.8925063610076904,3.478440046310425,2.1159002780914307,4.192330360412598,7.054163932800293,5.458591938018799,2.126880645751953,5.458591938018799,2.227320909500122,5.973782539367676,9.719401359558105,2.3924710750579834,-0.7129194736480713,4.2187933921813965,5.644429683685303,7.625216960906982,11.175732612609863
13.5,0.0,0.0,0.0,0.0,0.0,0,6.39079475402832,5.557672500610352,9.602825164794922,10.590781211853027,2.0754942893981934,-1.2473804950714111,5.000946044921875,4.200069427490234,0.9715588092803955,5.15416525188166,104.00544277368188,0.8064983230188744,0.8442805484784188,97.66593357768025,139.1425572595607,139.1425572595607,0.08958177268505096,0.014017311166388746,0.20360256731510162,0.13361191749572754,0.6770524691358024,0.32294753086419753,0.06810075044631958,0.010656067423746647,0.1571469008922577,0.11496404558420181,-2.6353297233581543,7.018531322479248,-0.1066141128540039,0.4945343106107514,-0.014242982274681506,-5.61767053604126,4.089244365692139,5.628920555114746,4.089293956756592,7.684741973876953,11.629110336303711,-0.7137141823768616,4.7829203605651855,0.760607898235321,4.7829203605651855,4.851897239685059,5.4480414390563965,2.420827865600586,4.131793022155762,2.420827865600586,4.131793022155762,4.8945512771606445,5.895538806915283,-6.867591381072998,4.69358491897583,6.867591381072998,4.69358491897583,8.653138160705566,11.966300964355469,-0.6408283114433289,5.003012180328369,0.6981069445610046,5.003012180328369,5.062755107879639,5.309469223022461,2.6232361793518066,5.051485061645508,2.6232361793518066,5.051485061645508,5.804938316345215,6.54119348526001,-5.276550769805908,5.591413497924805,5.276550769805908,5.591413497924805,7.8787617683410645,10.19587230682373,-0.5948273539543152,5.178855895996094,0.6440443396568298,5.178855895996094,5.247644424438477,5.796069145202637,3.4406933784484863,6.486208915710449,3.4406933784484863,6.486208915710449,7.43872594833374,9.169636726379395
14.0,0.0,0.0,0.0,0.0,0.0,0,8.755302429199219,8.405826568603516,12.903061866760254,13.774436950683594,2.9041311740875244,-6.344335556030273,4.117155075073242,2.8961009979248047,4.415919780731201,7.563171263412677,147.01845430767548,0.8638389506899561,0.8578534331623028,148.2465741864016,50.58064060872135,50.58064060872135,0.09811437875032425,0.011206279661663083,0.21621184051036835,0.17232562601566315,0.5761882716049382,0.4238117283950617,0.09807772189378738,0.011202092844286245,0.18381501734256744,0.16395241022109985,-5.096955060958862,-0.8837909698486328,2.3645076751708984,0.013572884683883957,-0.0028110315047256626,-7.202761173248291,-0.8489944338798523,7.202761173248291,1.9082540273666382,7.501863956451416,12.230276107788086,-3.5197532176971436,5.592478275299072,3.5197532176971436,5.592478275299072,6.744462966918945,8.340841293334961,-4.326558589935303,7.301253318786621,4.326558589935303,7.864982604980469,9.33293628692627,14.384572982788086,-8.87994384765625,-0.17965653538703918,8.87994384765625,1.3859554529190063,9.028027534484863,12.911246299743652,-4.682069301605225,5.0747857093811035,4.682069301605225,5.0747857093811035,7.073774337768555,8.233312606811523,-4.8631486892700195,6.543041229248047,4.921523094177246,7.292032241821289,8.991365432739258,13.133617401123047,-9.963638305664062,-0.1821794956922531,9.963638305664062,2.42405104637146,10.462389945983887,13.04947280883789,-6.26738166809082,4.8400092124938965,6.26738166809082,4.8400092124938965,8.000431060791016,8.70750617980957,-7.393765926361084,8.913661003112793,7.393765926361084,8.913661003112793,11.662476539611816,15.476720809936523
14.5,0.0,0.0,0.0,0.0,0.0,0,5.713037967681885,4.984424591064453,10.887879371643066,12.120378494262695,3.216787099838257,-2.535651922225952,2.5619208812713623,2.064185619354248,5.072740077972412,3.6045761571344834,134.70474435173324,0.630938596509463,0.5338963712774951,148.13880877554382,-0.10776541085778035,0.10776541085778035,0.0583537295460701,0.010214131196403799,0.1266014128923416,0.09417850524187088,0.4406172839506173,0.5593827160493827,0.07767180353403091,0.01359553190051965,0.1410640925168991,0.08576969802379608,3.8086836338043213,-1.5552341938018799,-3.042264461517334,-0.32395706188480766,-0.0009921484652592842,-0.6734963655471802,-3.743189573287964,0.7307657599449158,3.743189573287964,3.8510780334472656,6.796670913696289,0.13778424263000488,2.918229103088379,0.40158602595329285,2.9517569541931152,3.0261588096618652,5.81723690032959,-2.465608835220337,9.618812561035156,2.6264734268188477,9.618812561035156,10.055874824523926,13.273155212402344,-2.1672346591949463,-3.6152875423431396,2.1672346591949463,3.6152875423431396,4.3076372146606445,6.9823222160339355,-1.3184560537338257,2.429236888885498,1.332446813583374,2.4763243198394775,3.1324234008789062,4.918455600738525,-3.916612386703491,8.210829734802246,3.916612386703491,8.210829734802246,9.187969207763672,12.47637939453125,-4.246334075927734,-2.188964366912842,4.246334075927734,2.200129508972168,4.933562278747559,6.754249572753906,-3.115338087081909,2.137859582901001,3.115338087081909,2.1832311153411865,4.018486022949219,5.013887405395508,-5.05557107925415,7.289756774902344,5.05557107925415,7.289756774902344,8.904151916503906,11.971138000488281
15.0,0.0,0.0,0.0,0.0,0.0,0,3.388213634490967,3.286127805709839,5.36398458480835,5.891178131103516,1.4782025814056396,1.9240041971206665,-1.3035175800323486,1.9656963348388672,2.097656488418579,2.323994456101677,325.88226329201325,0.6859055262761865,0.7032268971774853,322.4776922194381,174.33888344389425,174.33888344389425,0.05347586050629616,0.01578290228780922,0.12446215003728867,0.0886431410908699,0.6849537037037037,0.31504629629629627,0.05198875814676285,0.015343997873550726,0.10998263955116272,0.07137831300497055,4.459656119346619,-3.865438461303711,-2.324824333190918,0.1693305258999902,0.00556877109140542,1.0200018882751465,-4.121338367462158,1.0202175378799438,4.121338367462158,4.302144527435303,5.830544948577881,2.4494972229003906,-1.6361510753631592,2.4494972229003906,1.6361510753631592,3.038132667541504,4.220892429351807,5.429935455322266,0.31120482087135315,5.429935455322266,0.8442890644073486,5.5172038078308105,7.559569358825684,0.5731178522109985,-3.935237169265747,0.6124463081359863,3.935237169265747,4.007923603057861,5.233201503753662,1.7078523635864258,-1.239154577255249,1.7078523635864258,1.2393217086791992,2.2614994049072266,3.4012656211853027,3.7789862155914307,0.897003710269928,3.7789862155914307,1.101833462715149,3.9955339431762695,4.806889057159424,-0.6893151998519897,-2.7078282833099365,0.8778076171875,2.7078282833099365,3.2159910202026367,4.195184707641602,0.5298934578895569,-0.7681076526641846,0.5496156811714172,0.8032423257827759,1.1662408113479614,1.8705787658691406,2.5160677433013916,1.4679503440856934,2.5160677433013916,1.4747354984283447,2.989253282546997,3.7494113445281982
15.5,0.0,0.0,0.0,0.0,0.0,0,11.631905555725098,11.199600219726562,16.05828857421875,17.529987335205078,3.298177480697632,-7.938740253448486,-7.595094680786133,3.9838786125183105,3.098198413848877,10.986767496485449,223.73268706776457,0.9445371993308423,0.9319045404211083,224.46944357275217,-98.00824864668593,98.00824864668593,0.11926847696304321,0.010253562164694367,0.2741495966911316,0.20666319131851196,0.6921604938271605,0.3078395061728395,0.09786420315504074,0.008413427556884305,0.2182653248310089,0.21505917608737946,-9.862744450569153,-6.291577100753784,8.24369192123413,0.22867764324362294,-0.005529340123114852,-8.868086814880371,-5.40963888168335,8.932989120483398,5.859094619750977,10.795210838317871,16.77295684814453,-7.6496710777282715,-9.574628829956055,7.6496710777282715,9.574628829956055,12.306856155395508,14.185585021972656,-4.453801155090332,-12.417595863342285,4.453801155090332,12.417595863342285,13.271656036376953,14.642168045043945,-14.216670036315918,-4.965141296386719,14.216670036315918,5.21504545211792,15.397354125976562,20.123106002807617,-6.860808372497559,-7.608100414276123,6.860808372497559,7.608100414276123,10.27131175994873,12.162334442138672,-5.375679016113281,-9.62675666809082,5.375679016113281,9.62675666809082,11.049802780151367,12.419950485229492,-12.545496940612793,-4.90687370300293,12.545496940612793,4.90687370300293,13.549665451049805,18.18149757385254,-5.561972141265869,-6.098452568054199,5.561972141265869,6.098452568054199,8.285287857055664,9.100486755371094,-5.9164814949035645,-7.748661994934082,5.9164814949035645,7.748661994934082,9.759997367858887,10.357029914855957
16.0,0.0,0.0,0.0,0.0,0.0,0,6.44630765914917,5.879367828369141,11.666621208190918,13.37131118774414,3.9033477306365967,-2.66403865814209,-1.4972140789031982,5.006233215332031,4.731795310974121,3.0559371672437017,209.3363847402299,0.47406008661507887,0.34815121794382986,213.6884684990447,-10.78097507370748,10.78097507370748,0.2595808506011963,0.04026813860871776,0.5563226938247681,0.3508506119251251,0.5321913580246913,0.46780864197530864,0.22156035900115967,0.03437011330301438,0.48418065905570984,0.2983008921146393,5.2747015953063965,6.097880601882935,-5.185597896575928,-0.5837533224772784,0.030014576444023392,2.0947723388671875,-5.8075056076049805,2.3200416564941406,6.833815097808838,7.8901519775390625,14.8883638381958,-0.8335059285163879,-7.312491416931152,3.7047317028045654,7.312491416931152,8.383085250854492,10.4754638671875,-1.1604622602462769,1.929605484008789,2.486863851547241,3.5055556297302246,4.534426689147949,7.8494954109191895,0.3452344536781311,-0.5248382091522217,2.923330068588257,1.9048101902008057,3.8325629234313965,6.404040336608887,-5.354249477386475,-3.033825397491455,5.775363445281982,3.7365291118621826,7.4658942222595215,15.259079933166504,-0.32093170285224915,0.20102226734161377,2.396420955657959,2.061488628387451,3.4938554763793945,6.680797100067139,-5.2472686767578125,-1.0689921379089355,5.248889923095703,2.6193788051605225,6.301294326782227,9.942337989807129,-10.112802505493164,0.7131668925285339,10.112802505493164,4.125779151916504,11.131547927856445,14.016822814941406,-3.387134552001953,1.4289323091506958,4.019299507141113,2.4146533012390137,4.983954906463623,10.550868034362793
16.5,0.0,0.0,0.0,0.0,0.0,0,7.8809895515441895,6.518335342407227,17.00870704650879,19.227712631225586,5.0898566246032715,-2.973783493041992,-0.10955837368965149,6.717849254608154,5.83367395401001,2.9758009511280408,182.10990300436117,0.37759229747296985,0.2102685766416041,166.04731309262672,-47.641155406417965,47.641155406417965,0.2652845084667206,0.03366131538055722,0.5844933986663818,0.36557537317276,0.5376388888888889,0.4623611111111111,0.22187262773513794,0.02815288589473877,0.47928908467292786,0.3137352168560028,-0.30974483489990234,1.3876557052135468,1.4346818923950195,-0.13788264130222577,-0.006606823228160537,1.8969097137451172,1.0025545358657837,3.444018840789795,2.488933801651001,4.9186224937438965,8.315278053283691,-3.204158067703247,-2.3506107330322266,4.902769565582275,2.9695606231689453,6.16325569152832,10.842117309570312,1.5085926055908203,-0.4410686492919922,3.4846177101135254,2.14052414894104,4.432679176330566,7.034613132476807,-2.531339406967163,3.531841278076172,5.075706481933594,3.637951612472534,6.951240062713623,10.79537582397461,-8.456595420837402,-4.845915794372559,9.6045503616333,6.51891565322876,11.880861282348633,21.236949920654297,1.2869226932525635,1.4853765964508057,3.6582610607147217,2.752150297164917,4.948365688323975,8.102459907531738,-5.469624042510986,2.982254981994629,5.646129131317139,3.449763536453247,7.332622528076172,11.776775360107422,-11.813624382019043,-8.179864883422852,12.003246307373047,8.570526123046875,15.249438285827637,19.75675392150879,0.018864035606384277,5.829407691955566,4.797307968139648,6.657281398773193,9.051823616027832,16.224626541137695
17.0,0.0,0.0,0.0,0.0,0.0,0,4.893268585205078,3.5233640670776367,10.826298713684082,12.020456314086914,4.013043403625488,2.0829079151153564,1.9108012914657593,5.019246578216553,2.6203231811523438,2.826599893567785,42.532397811434464,0.5776506734402607,0.4314893565403029,58.69900313748206,-107.34830995514466,107.34830995514466,0.13370895385742188,0.027325074069430837,0.34182003140449524,0.22488558292388916,0.6715123456790123,0.32848765432098764,0.10733332484960556,0.021934888928689014,0.2565898299217224,0.19519326090812683,5.056691408157349,2.0203596651554108,-2.9877209663391113,0.22122077989869882,-0.0063362413111263845,-0.3196914792060852,-0.4549984931945801,0.8316619396209717,0.7682012319564819,1.1931252479553223,3.2430307865142822,4.421064376831055,0.4138220250606537,4.421064376831055,0.7244434952735901,4.557229995727539,9.548442840576172,1.781224012374878,3.491100311279297,6.942813396453857,3.6652543544769287,8.436056137084961,12.476066589355469,-1.132245659828186,0.053604647517204285,1.1583894491195679,0.5176857113838196,1.3859467506408691,2.8813529014587402,2.780423164367676,1.5031155347824097,2.7938013076782227,1.518417477607727,3.4366443157196045,7.374771595001221,2.0983216762542725,5.160098552703857,7.009587287902832,5.160098552703857,9.242960929870605,15.075581550598145,-1.8605427742004395,0.7787898778915405,1.8605427742004395,0.7953036427497864,2.171006679534912,3.7051496505737305,3.0732479095458984,2.8299548625946045,3.3533051013946533,2.8299548625946045,4.7093281745910645,10.939016342163086,7.9043707847595215,3.4217236042022705,7.967231750488281,3.4418303966522217,8.907118797302246,11.935944557189941
17.5,0.0,0.0,0.0,0.0,0.0,0,5.779982566833496,5.1218976974487305,9.529350280761719,14.628911018371582,4.21610164642334,3.4200167655944824,1.333083987236023,3.4362175464630127,5.089449405670166,3.670644029863484,21.29527600671729,0.6350614361583461,0.6755755503849905,42.932646784832876,-15.766356352649183,15.766356352649183,0.13914237916469574,0.024073144422610087,0.3100203573703766,0.2343672662973404,0.5576543209876543,0.44234567901234567,0.11133979260921478,0.019262994664569804,0.2239188849925995,0.21664288640022278,1.337108850479126,-0.5777173042297363,0.886713981628418,0.2440861938446876,-0.0032519296468207504,2.119685411453247,5.543220043182373,2.2489497661590576,5.543220043182373,6.217278957366943,8.32536506652832,0.029714830219745636,1.5719377994537354,1.1825560331344604,1.7815264463424683,2.324789047241211,3.579160213470459,5.471508979797363,-2.6875827312469482,5.683960437774658,2.7326338291168213,6.42690896987915,11.55127239227295,3.6270737648010254,4.896664619445801,3.6270737648010254,4.896664619445801,6.264593124389648,8.060938835144043,1.6032817363739014,2.1402957439422607,1.7446950674057007,2.1402957439422607,2.8691585063934326,4.319567680358887,7.034639835357666,-2.436084032058716,7.048322677612305,2.8650460243225098,7.9299468994140625,18.43477439880371,3.3990938663482666,4.5453338623046875,3.3990938663482666,4.5453338623046875,5.8344597816467285,6.9512104988098145,2.017460584640503,2.870051622390747,2.1565027236938477,2.870051622390747,3.8696916103363037,5.059579849243164,5.477692127227783,-4.446080684661865,5.507383823394775,7.893585205078125,10.283016204833984,22.692792892456055
18.0,0.0,0.0,0.0,0.0,0.0,0,4.293015003204346,3.91569447517395,7.805436611175537,8.443059921264648,2.289750337600708,1.212646722793579,2.9916391372680664,1.4176968336105347,3.3530070781707764,3.2280670380176475,67.93506049619265,0.7519347208449513,0.6315119769733721,56.6234976149173,13.690850830084429,13.690850830084429,0.04290534183382988,0.009994218936478444,0.09686731547117233,0.07021666318178177,0.46195987654320986,0.5380401234567901,0.055513106286525726,0.012931027101946567,0.10256661474704742,0.0728967934846878,-2.2073700428009033,1.6585551500320435,-1.4869675636291504,-0.04406357341161837,-0.014078925486131643,0.30481576919555664,7.303003311157227,0.5435590744018555,7.303003311157227,7.329344749450684,8.973325729370117,-0.26834696531295776,2.9772727489471436,0.4011742174625397,2.9772727489471436,3.017394781112671,4.832579135894775,0.6893720030784607,-1.1633375883102417,0.7277636528015137,1.3453985452651978,1.621842861175537,3.0642051696777344,0.8683337569236755,6.794320106506348,0.8731269836425781,6.794320106506348,6.858274936676025,8.52150821685791,0.3194881081581116,2.865899085998535,0.44856947660446167,2.865899085998535,2.969897508621216,4.376027584075928,1.917518138885498,-1.0610886812210083,1.917518138885498,1.2811661958694458,2.405515193939209,4.263424396514893,1.4653483629226685,6.518991947174072,1.4653483629226685,6.518991947174072,6.684456825256348,8.416975021362305,1.4550203084945679,2.947159767150879,1.4550203084945679,2.947159767150879,3.443788528442383,4.2439165115356445,4.162271022796631,-0.25746849179267883,4.162271022796631,0.9207748770713806,4.306623458862305,5.762212753295898
18.5,0.0,0.0,0.0,0.0,0.0,0,6.996952533721924,6.309370994567871,11.445579528808594,12.264721870422363,2.8969099521636963,6.452093124389648,1.7097134590148926,3.1766254901885986,1.6449514627456665,6.674775336873358,14.841470166642868,0.9539546402100303,0.9382310942547015,18.10868577241692,-38.514811842500364,38.514811842500364,0.1372435986995697,0.019614764917063134,0.33076047897338867,0.20797330141067505,0.47996913580246914,0.5200308641975309,0.11550169438123703,0.016507426242660446,0.28286275267601013,0.17801764607429504,5.239446401596069,-1.2819256782531738,2.703937530517578,0.3067191172813294,0.00962054598058469,5.833240509033203,2.6600520610809326,5.833240509033203,2.6600520610809326,6.460035800933838,7.8343610763549805,7.275969982147217,1.8588788509368896,7.275969982147217,1.937506079673767,7.679838180541992,12.347766876220703,9.126152038574219,0.5912287831306458,9.246379852294922,2.111011505126953,9.818293571472168,13.465045928955078,4.890924453735352,2.2048513889312744,4.890924453735352,2.2048513889312744,5.42507791519165,6.9994893074035645,5.761752605438232,2.2596147060394287,5.761752605438232,2.2596349716186523,6.354873180389404,11.05427360534668,7.689389228820801,1.5074249505996704,7.689389228820801,1.7518928050994873,7.957938194274902,11.45221996307373,4.37280797958374,1.965771198272705,4.37280797958374,1.965771198272705,4.866627216339111,6.792551517486572,5.220983505249023,2.7255451679229736,5.220983505249023,2.7255451679229736,6.044281482696533,11.261743545532227,7.8976149559021,-0.3859468698501587,7.8976149559021,2.255894184112549,8.365609169006348,11.380437850952148
19.0,0.0,0.0,0.0,0.0,0.0,0,4.7860331535339355,3.3206028938293457,9.804403305053711,11.349170684814453,3.256922721862793,4.109625816345215,1.992917537689209,2.9616265296936035,1.970198392868042,4.567356419461951,25.87055233824647,0.9543093983980204,0.9193461358140876,25.47172187492029,7.363036102503372,7.363036102503372,0.08658219873905182,0.018090593581560805,0.20332306623458862,0.1322157084941864,0.6770833333333334,0.3229166666666667,0.05986495316028595,0.012508258662567748,0.12929300963878632,0.10303518176078796,-2.3424673080444336,0.2832040786743164,-2.2109193801879883,-0.018884958440613886,-0.0015241713355023286,3.3242554664611816,0.6939153671264648,3.3715033531188965,0.7275964617729187,3.4638116359710693,5.437963008880615,2.3342418670654297,0.8966635465621948,2.3342418670654297,0.9278355836868286,2.5410349369049072,3.531808376312256,7.7490105628967285,1.7070635557174683,7.7490105628967285,1.7477283477783203,7.969637393951416,10.717469215393066,2.2529213428497314,0.5260301232337952,2.4729461669921875,0.5883973240852356,2.574301242828369,3.6567041873931885,2.6011171340942383,1.7270530462265015,2.6011171340942383,1.7270530462265015,3.145716667175293,3.923612356185913,7.117424964904785,3.2155609130859375,7.117424964904785,3.2155609130859375,7.861614227294922,12.206714630126953,1.5036349296569824,0.4723030626773834,1.8487368822097778,0.4869042634963989,1.9639830589294434,2.831939935684204,2.3903863430023193,2.3185267448425293,2.3903863430023193,2.3185267448425293,3.4548556804656982,5.1341705322265625,7.713637351989746,6.379140853881836,7.713637351989746,6.379140853881836,10.099340438842773,14.715991020202637
19.5,0.0,0.0,0.0,0.0,0.0,0,3.8074615001678467,3.637638807296753,6.051784515380859,6.912553310394287,1.752690315246582,-2.6018173694610596,-1.5405572652816772,2.0179388523101807,2.086585760116577,3.0237014256770505,210.63012088762923,0.7941515431065435,0.7972683118512467,208.07637672699522,-177.39534514792507,177.39534514792507,0.09339134395122528,0.024528500004165045,0.2051101177930832,0.13689810037612915,0.6717592592592593,0.3282407407407407,0.06988204270601273,0.018353967426581897,0.1586970090866089,0.10281165689229965,-6.711443185806274,-3.5334748029708862,-0.9785716533660889,-0.12207782396284095,0.00643790642260424,-4.428530216217041,0.09939862787723541,4.428530216217041,0.6910364031791687,4.528725624084473,6.86162805557251,-4.419256687164307,-2.971273899078369,4.419256687164307,2.971273899078369,5.424177646636963,8.154022216796875,-1.4352006912231445,-4.978645324707031,1.8158503770828247,4.978645324707031,5.491842269897461,6.567205429077148,-3.539708137512207,0.5697804093360901,3.539708137512207,0.5871627926826477,3.6043286323547363,5.790543079376221,-2.6044750213623047,-1.3212906122207642,2.6044750213623047,1.3222429752349854,2.9724979400634766,4.578066349029541,-0.9713231325149536,-3.407165765762329,1.536219835281372,3.407165765762329,3.9145495891571045,4.826566696166992,-3.3311972618103027,1.0402519702911377,3.3311972618103027,1.0406134128570557,3.511213541030884,6.368290901184082,-1.6382627487182617,-0.6878058314323425,1.6382627487182617,0.696526288986206,1.8001139163970947,3.297219753265381,-1.0484017133712769,-2.208265781402588,1.7444249391555786,2.208265781402588,3.0197038650512695,4.076345443725586
20.0,0.0,0.0,0.0,0.0,0.0,0,6.2433061599731445,6.385195732116699,8.971419334411621,9.478541374206543,2.046146869659424,-4.024643898010254,-4.11756706237793,1.2249226570129395,2.9177114963531494,5.757787510751919,225.6538609763398,0.9222337273264021,0.9137265410080352,221.22600214809307,13.149625421097852,13.149625421097852,0.04002953693270683,0.006411591790540547,0.08737172931432724,0.0556766651570797,0.6459722222222222,0.3540277777777778,0.0501621812582016,0.008034552837604961,0.09387671947479248,0.06146983802318573,-1.4228265285491943,-2.5770097970962524,2.435844659805298,0.1164582291567885,-0.018116908213624498,-6.138989448547363,-1.473036289215088,6.138989448547363,1.4732774496078491,6.396481990814209,7.379594326019287,-4.762834072113037,-4.801116943359375,4.762834072113037,4.801116943359375,6.810123920440674,7.663809299468994,-4.337578296661377,-7.766168594360352,4.337578296661377,7.766168594360352,8.915529251098633,9.874236106872559,-4.688058376312256,-0.6860453486442566,4.688058376312256,0.8968541622161865,4.837976455688477,5.895765781402588,-3.3720643520355225,-3.967311143875122,3.3720643520355225,3.967311143875122,5.251590728759766,6.523765563964844,-3.7789063453674316,-7.192574977874756,3.7789063453674316,7.192574977874756,8.139854431152344,9.52549934387207,-3.097194194793701,-0.17779336869716644,3.097194194793701,0.7880037426948547,3.248724937438965,4.182577133178711,-2.261395215988159,-3.6356894969940186,2.261395215988159,3.6356894969940186,4.303891658782959,6.294764041900635,-3.7847769260406494,-7.358366012573242,3.7847769260406494,7.358366012573242,8.285584449768066,9.355056762695312
20.5,0.0,0.0,0.0,0.0,0.0,0,5.15691614151001,4.156105041503906,8.570704460144043,9.908493995666504,2.594871759414673,3.6016194820404053,-3.0517477989196777,3.1795551776885986,0.9657870531082153,4.720680832424926,319.7245083067104,0.9154077171095226,0.9055882261315403,309.56961506966263,88.34361292156956,88.34361292156956,0.10698286443948746,0.02074550773335899,0.2588965892791748,0.16460490226745605,0.5695061728395062,0.43049382716049384,0.09159815311431885,0.017762192139371424,0.21445685625076294,0.15168988704681396,7.626263380050659,1.065819263458252,-1.0863900184631348,-0.008138314876494857,0.014333915942818444,0.4618716835975647,-3.064248561859131,0.9215652346611023,3.064248561859131,3.269749402999878,3.9738967418670654,3.5684642791748047,-3.352651834487915,3.5684642791748047,3.352651834487915,5.1245551109313965,7.349887847900391,6.617856502532959,-4.058042049407959,6.617856502532959,4.058042049407959,7.811013221740723,9.14361572265625,0.8720579743385315,-2.4673409461975098,0.9394047260284424,2.4673409461975098,2.7562918663024902,3.2147984504699707,2.5104188919067383,-3.1198320388793945,2.51050066947937,3.1198320388793945,4.258833885192871,6.586180686950684,6.202603816986084,-3.306887149810791,6.202603816986084,3.306887149810791,7.174823760986328,9.378554344177246,1.745315432548523,-2.1120710372924805,1.745315432548523,2.1120710372924805,2.931594133377075,3.8544411659240723,2.562761068344116,-2.5703773498535156,2.562761068344116,2.5703773498535156,4.066087245941162,6.460150718688965,7.873227119445801,-3.414278507232666,7.873227119445801,3.436807155609131,9.019296646118164,13.082963943481445
21.0,0.0,0.0,0.0,0.0,0.0,0,5.461483001708984,5.52890682220459,6.785362243652344,7.169590473175049,1.1725349426269531,2.802342414855957,-4.46602725982666,1.2211666107177734,1.3830645084381104,5.272430416384416,302.1074455490763,0.9653843863900315,0.9561642447063875,302.1691050812481,-7.4005099884145125,7.4005099884145125,0.07844514399766922,0.01436333860414541,0.17764541506767273,0.14442920684814453,0.5334876543209877,0.46651234567901234,0.06393609195947647,0.011706725120767517,0.1401768922805786,0.10803546011447906,-0.7992770671844482,-1.4142794609069824,0.3045668601989746,0.05057601857484717,-0.006382169129213581,2.4455482959747314,-5.664783954620361,2.4455482959747314,5.664783954620361,6.209597587585449,6.882501602172852,3.6711885929107666,-4.951454162597656,3.6711885929107666,4.951454162597656,6.196675777435303,7.28463077545166,4.296743869781494,-3.836338996887207,4.296743869781494,3.836338996887207,5.770059585571289,6.502293109893799,2.3317947387695312,-5.273764133453369,2.3317947387695312,5.273764133453369,5.781931400299072,6.572089672088623,2.3918612003326416,-4.067970275878906,2.3918612003326416,4.067970275878906,4.748556137084961,5.624069690704346,3.30129075050354,-3.0419442653656006,3.30129075050354,3.328479290008545,4.787447929382324,5.9246296882629395,2.630159616470337,-5.419312000274658,2.630159616470337,5.419312000274658,6.053287982940674,8.070566177368164,1.7616409063339233,-4.1089701652526855,1.7616409063339233,4.1089701652526855,4.487504959106445,5.4236555099487305,2.3908534049987793,-3.829702377319336,2.7243173122406006,3.9448535442352295,5.118283748626709,6.789092063903809
21.5,0.0,0.0,0.0,0.0,0.0,0,6.1739277839660645,5.59065580368042,9.30865478515625,10.855204582214355,2.2277536392211914,-2.33947491645813,-5.58704137802124,1.7788732051849365,1.796581745147705,6.057076377631229,247.27936268073458,0.9810734089507326,0.9788469521773401,249.13211048781318,-53.03699459343494,53.03699459343494,0.08278501033782959,0.013408805516646954,0.16633018851280212,0.174991637468338,0.6734722222222222,0.32652777777777775,0.06807383894920349,0.011026016225842112,0.13956943154335022,0.1521141082048416,-5.141817331314087,-1.12101411819458,0.7124447822570801,0.02268270747095258,-0.0009545330874984569,-3.5689404010772705,-7.7667975425720215,3.5689404010772705,7.7667975425720215,8.595440864562988,10.825981140136719,-1.1800235509872437,-6.104475498199463,1.1800235509872437,6.104475498199463,6.2274956703186035,7.170279502868652,-0.369659423828125,-4.082672119140625,0.4525829255580902,4.082672119140625,4.122581958770752,5.070547103881836,-3.398491144180298,-6.670848369598389,3.398491144180298,6.670848369598389,7.527008533477783,9.470612525939941,-1.2421536445617676,-4.747569561004639,1.2421536445617676,4.747569561004639,4.912121295928955,5.585941791534424,-1.7793097496032715,-4.585873603820801,1.7793097496032715,4.585873603820801,4.984654426574707,8.580329895019531,-3.1556408405303955,-5.459311485290527,3.1556408405303955,5.474160194396973,6.426363468170166,8.128959655761719,-1.7103824615478516,-4.3300652503967285,1.7103824615478516,4.3300652503967285,4.674928188323975,4.991564750671387,-4.650672912597656,-6.535759449005127,4.650672912597656,6.535759449005127,8.094757080078125,12.963281631469727
22.0,0.0,0.0,0.0,0.0,0.0,0,6.10971736907959,4.756547451019287,12.553603172302246,15.053763389587402,4.219333171844482,3.900491714477539,0.6092856526374817,4.451164722442627,4.442239284515381,3.9477923731140945,8.878276263582702,0.6461497536847302,0.5327497134876151,342.726826269427,93.59471578161384,93.59471578161384,0.1453963965177536,0.023797561153323196,0.354890376329422,0.25156131386756897,0.5921759259259259,0.40782407407407406,0.12052179872989655,0.01972624455815183,0.26960933208465576,0.1926979124546051,6.239966630935669,6.196327030658722,-0.06421041488647461,-0.44609723868972495,0.010388755636676242,1.472639799118042,-4.467103004455566,1.5514012575149536,4.467103004455566,4.826642990112305,6.548791408538818,4.469134330749512,-0.08985936641693115,4.469134330749512,1.068283200263977,4.658998966217041,8.725398063659668,7.570416450500488,4.790361404418945,7.570416450500488,4.800178050994873,9.403131484985352,11.234613418579102,0.1937810331583023,-4.0139288902282715,0.6501699090003967,4.0139288902282715,4.089670181274414,5.701437473297119,2.281019687652588,0.09907612949609756,2.303676128387451,0.9916802048683167,2.649635076522827,5.3948974609375,8.542292594909668,7.267573833465576,8.542292594909668,7.267573833465576,11.720870971679688,15.944174766540527,-0.739111065864563,-3.278704881668091,0.8309038877487183,3.2792181968688965,3.458618640899658,4.648633003234863,1.3495365381240845,1.298240065574646,2.5110886096954346,1.7896273136138916,3.2485406398773193,6.550690650939941,9.964715957641602,3.877915143966675,9.965117454528809,3.879070520401001,10.931347846984863,17.408485412597656
22.5,0.0,0.0,0.0,0.0,0.0,0,9.601576805114746,10.274911880493164,14.793659210205078,16.464313507080078,4.353299617767334,8.377793312072754,-1.5028672218322754,4.591847896575928,4.196475982666016,8.5115234045539,349.83004988756585,0.8864714179050074,0.8079154007440617,348.1439547657134,5.417128496286352,5.417128496286352,0.17422375082969666,0.018145325108638703,0.4154384732246399,0.26720574498176575,0.4281635802469136,0.5718364197530864,0.18280960619449615,0.019039538074368752,0.39186421036720276,0.27848002314567566,4.477301597595215,-2.112152874469757,3.4918594360351562,0.2751656872564465,-0.005652236044684494,9.365836143493652,-3.155592918395996,9.560102462768555,4.530350685119629,11.414329528808594,17.406213760375977,12.40820026397705,2.460939645767212,12.40820026397705,2.5179996490478516,12.745537757873535,14.346652030944824,1.8450239896774292,-2.810927629470825,2.5533158779144287,2.9697515964508057,4.371927261352539,7.719356536865234,12.1480073928833,-5.20454740524292,12.1480073928833,5.20454740524292,13.302206039428711,17.48971176147461,9.508502960205078,2.5731711387634277,9.508502960205078,2.7677154541015625,10.025754928588867,12.774642944335938,6.4546918869018555,-2.7481629848480225,6.486626625061035,3.318148374557495,7.570582866668701,11.748159408569336,9.817180633544922,-6.205873012542725,9.817180633544922,6.205873012542725,11.685572624206543,16.903913497924805,7.619690418243408,2.3881945610046387,7.619690418243408,2.707927942276001,8.196451187133789,12.543078422546387,6.232997417449951,-0.8230065703392029,6.434931755065918,2.4244987964630127,7.101830959320068,14.087719917297363
23.0,0.0,0.0,0.0,0.0,0.0,0,9.75761604309082,10.089953422546387,16.729415893554688,17.574398040771484,5.065695285797119,4.990652561187744,-1.5996012687683105,9.022732734680176,3.463711738586426,5.240738230968513,342.2283341519303,0.5370920732917523,0.3225752867115854,339.8778305480331,-8.266124217680272,8.266124217680272,0.21215015649795532,0.021742004790829002,0.5295432209968567,0.33962541818618774,0.4485648148148148,0.5514351851851852,0.20907756686210632,0.021427113396518274,0.4387187063694,0.3080175817012787,-3.3871407508850098,-0.09673404693603516,0.15603923797607422,-0.48534011403247623,0.0035966796821902992,3.1603400707244873,-1.5743587017059326,5.893924713134766,3.2061100006103516,7.2379536628723145,16.520042419433594,15.370832443237305,-1.0203099250793457,15.370832443237305,1.627768874168396,15.511356353759766,18.285371780395508,-0.23141542077064514,1.386512041091919,3.7436728477478027,2.18147349357605,4.770550727844238,6.808764457702637,5.353740215301514,-2.720608949661255,9.54179573059082,4.269315242767334,10.641484260559082,18.111948013305664,12.811354637145996,-0.3676694631576538,12.811354637145996,1.9717098474502563,13.027508735656738,15.17867374420166,-0.5519604086875916,0.21995212137699127,5.410680294036865,1.616625428199768,5.924539566040039,10.333505630493164,7.516087055206299,-5.460071563720703,8.057811737060547,5.512404441833496,10.16672134399414,17.18856430053711,10.251080513000488,-0.6938772201538086,10.253105163574219,2.295156240463257,10.58770751953125,12.268836975097656,-8.764185905456543,-4.165979862213135,8.782700538635254,4.25316047668457,9.950722694396973,14.167115211486816
23.5,0.0,0.0,0.0,0.0,0.0,0,8.84716510772705,7.215886116027832,16.912689208984375,17.809614181518555,5.530234336853027,5.950416564941406,-0.9519945383071899,7.418415546417236,4.184398651123047,6.026089187632042,350.91040010637363,0.6811322174115299,0.4308096198499154,6.373376159973541,26.49554561194043,26.49554561194043,0.20352089405059814,0.02300407741557429,0.5106381773948669,0.3224511444568634,0.440216049382716,0.5597839506172839,0.1843932718038559,0.020842071863306395,0.42522624135017395,0.2701157033443451,0.9597640037536621,0.6476067304611206,-0.9104509353637695,0.10823433313832997,0.0012620726247452897,4.334742069244385,0.5649730563163757,4.354098796844482,4.763950824737549,7.177207946777344,9.57853889465332,9.005691528320312,-4.014097213745117,11.40833568572998,4.082854747772217,12.391067504882812,18.370773315429688,-2.8917109966278076,2.5856754779815674,3.607071876525879,2.607858657836914,4.678223609924316,7.301883697509766,7.866459369659424,-2.1272408962249756,8.194987297058105,5.710198402404785,10.56843090057373,18.263599395751953,12.985302925109863,-3.2089452743530273,13.265233993530273,3.7255728244781494,13.932931900024414,16.716812133789062,-1.3725411891937256,3.2065234184265137,2.0555102825164795,3.239072322845459,4.078584671020508,6.0329179763793945,10.177335739135742,-2.8992128372192383,10.177335739135742,4.847908973693848,11.579572677612305,16.767614364624023,12.607248306274414,-2.810443162918091,12.607248306274414,3.08886456489563,13.101916313171387,14.92355728149414,0.8412220478057861,0.13481669127941132,1.618626594543457,1.0835732221603394,2.1165571212768555,3.5318892002105713
24.0,0.0,0.0,0.0,0.0,0.0,0,12.456398963928223,12.214422225952148,16.954010009765625,19.796171188354492,3.9907045364379883,10.626830101013184,-5.892207145690918,3.954406976699829,2.793315887451172,12.151033826120763,330.99315799255083,0.9754852795987228,0.941150273441208,331.21555342311353,-35.15782273686,35.15782273686,0.13068684935569763,0.010491542478898094,0.3387709856033325,0.2491028606891632,0.5594135802469136,0.44058641975308643,0.1264394223690033,0.010150558968494268,0.36481255292892456,0.25963157415390015,4.676413536071777,-4.940212607383728,3.609233856201172,0.5103406535912927,-0.012512534936676197,7.756762504577637,-4.33003044128418,8.455864906311035,5.133605480194092,10.040251731872559,14.39435863494873,10.229657173156738,-6.663817405700684,10.229657173156738,6.663817405700684,12.216361045837402,13.323234558105469,15.726473808288574,-6.485734462738037,15.726473808288574,6.655345916748047,17.193567276000977,21.26940155029297,9.615370750427246,-5.141982078552246,9.615488052368164,5.8968186378479,11.365433692932129,14.931172370910645,9.372119903564453,-5.495428562164307,9.372119903564453,5.495428562164307,10.87520980834961,11.509580612182617,13.228997230529785,-7.5299506187438965,13.228997230529785,7.5299506187438965,15.547506332397461,22.809932708740234,12.298633575439453,-7.461994171142578,12.298633575439453,7.461994171142578,14.455145835876465,18.606197357177734,8.309647560119629,-5.660953998565674,8.309647560119629,5.660953998565674,10.198168754577637,11.177800178527832,9.103806495666504,-4.259974479675293,9.103806495666504,4.259974479675293,10.21593952178955,15.90057373046875
24.5,0.0,0.0,0.0,0.0,0.0,0,6.376108646392822,6.01246452331543,9.350732803344727,10.890992164611816,2.0903704166412354,4.884850978851318,-3.412940502166748,2.7686867713928223,1.359723687171936,5.959021056928302,325.0588265510589,0.9345858716349696,0.9123892697540213,321.95001725155885,-9.265536171554686,9.265536171554686,0.06929037719964981,0.010867187210127367,0.14849768579006195,0.13693588972091675,0.7455864197530864,0.2544135802469136,0.06273152679204941,0.00983852698134492,0.11322010308504105,0.18875814974308014,-5.741979122161865,2.47926664352417,-6.0802903175354,-0.028761003687186704,0.00037564473122927294,4.308307647705078,-4.408699989318848,4.308307647705078,4.408699989318848,6.177406311035156,6.625804424285889,4.48421049118042,-4.493294715881348,4.48421049118042,4.493294715881348,6.3569488525390625,7.013183116912842,8.467568397521973,-4.569072723388672,8.467568397521973,4.569072723388672,9.674697875976562,12.105911254882812,4.409546852111816,-4.124082088470459,4.5362467765808105,4.124082088470459,6.154050350189209,7.055567264556885,4.1257004737854,-3.689542531967163,4.1257004737854,3.689542531967163,5.546391010284424,5.9782304763793945,7.692529201507568,-2.6456830501556396,7.692529201507568,2.6499617099761963,8.266145706176758,10.938819885253906,1.278649091720581,-3.0575294494628906,3.4432780742645264,3.0865767002105713,4.697967052459717,6.223339080810547,3.2174904346466064,-2.8671929836273193,3.2174904346466064,2.8671929836273193,4.33033561706543,5.150918006896973,5.979657173156738,-0.8613674640655518,5.979657173156738,1.1130647659301758,6.181035041809082,9.004969596862793
25.0,0.0,0.0,0.0,0.0,0.0,0,1.856162667274475,1.6910738945007324,2.790661573410034,3.2593438625335693,0.707305371761322,1.409409523010254,-0.9977930784225464,0.801724910736084,0.5664201378822327,1.7268544324580266,324.7033710252997,0.9303357205183314,0.9414050094575214,324.062789522865,2.1127722713061416,2.1127722713061416,0.02721724845468998,0.014663172722616009,0.05625590309500694,0.05906887352466583,0.5980864197530864,0.4019135802469136,0.028597982600331306,0.015407037161934955,0.06058512255549431,0.06847244501113892,-3.4754414558410645,2.4151474237442017,-4.519945979118347,0.02901573970350002,0.003795985512488642,1.4081329107284546,-0.9720914959907532,1.4081329107284546,0.9720914959907532,1.7168978452682495,1.9289864301681519,1.3274308443069458,-1.0608240365982056,1.3274308443069458,1.0608240365982056,1.7038483619689941,1.8648138046264648,2.1536412239074707,-1.2840826511383057,2.1536412239074707,1.2840826511383057,2.5177931785583496,3.1546630859375,1.414475917816162,-1.1136260032653809,1.4280574321746826,1.1136260032653809,1.891015648841858,2.1994457244873047,1.2793893814086914,-0.8477388620376587,1.2793893814086914,0.8477388620376587,1.5363205671310425,1.6513084173202515,2.320296287536621,-0.759441614151001,2.320296287536621,0.7833606600761414,2.48542857170105,4.376974105834961,0.5748665928840637,-1.7552484273910522,0.9228919744491577,1.7552484273910522,2.1350014209747314,3.5455780029296875,0.7995851635932922,-0.7784435749053955,0.8671830296516418,0.7784435749053955,1.2046918869018555,1.4554780721664429,1.4068681001663208,-0.40864092111587524,1.4068681001663208,0.46911945939064026,1.5144671201705933,2.404057502746582
25.5,0.0,0.0,0.0,0.0,0.0,0,1.1774932146072388,0.34975701570510864,4.147358417510986,5.708422660827637,2.0651965141296387,-0.10204283893108368,0.751396119594574,1.4810972213745117,1.6979013681411743,0.758293392770172,97.73370221480907,0.6439896072123916,0.6366737828924837,147.67739816000145,-176.38539136286354,176.38539136286354,0.06660684943199158,0.056566604409354786,0.177577942609787,0.18589362502098083,0.5838888888888889,0.4161111111111111,0.046396199613809586,0.0394024862612895,0.1173517107963562,0.11775200068950653,-1.5114523619413376,1.7491891980171204,-0.6786694526672363,-0.3047312265650377,0.041903431686738775,-0.7058547139167786,0.21451589465141296,0.7058547139167786,0.2203061580657959,0.7471482157707214,1.1439578533172607,-0.203872412443161,-0.07059651613235474,0.203872412443161,0.08495761454105377,0.22846151888370514,0.30613479018211365,-0.04513454809784889,0.19302405416965485,0.17033901810646057,0.20032984018325806,0.282652884721756,0.4010699987411499,-0.8610361218452454,0.36929377913475037,0.8610361218452454,0.37087494134902954,0.9446262717247009,1.8053327798843384,-0.12159514427185059,-0.038859207183122635,0.12685255706310272,0.07469253242015839,0.1567099392414093,0.29608362913131714,0.5932505130767822,1.8933498859405518,0.7955551743507385,1.8952441215515137,2.1348109245300293,9.704741477966309,-1.4107931852340698,1.1469300985336304,1.4107931852340698,1.1470402479171753,1.8451826572418213,4.579895973205566,-0.16249875724315643,0.3837551474571228,0.4592246115207672,0.40940356254577637,0.6629632115364075,1.7806947231292725,1.9991487264633179,2.671152353286743,2.1075007915496826,2.671201467514038,3.5948829650878906,8.068462371826172
26.0,0.0,0.0,0.0,0.0,0.0,0,5.160762786865234,3.4936885833740234,11.960060119628906,14.023451805114746,4.040999412536621,-3.2327444553375244,0.053291890770196915,4.069249629974365,3.993856430053711,3.2331836847196556,179.05556287632749,0.6264933728301753,0.7133083399693153,186.43673557979574,38.75933741979429,38.75933741979429,0.14991995692253113,0.02904995522253808,0.3944026827812195,0.285548597574234,0.6639351851851852,0.3360648148148148,0.11264950037002563,0.021828067515264345,0.30124327540397644,0.21442130208015442,-3.1307016164064407,-0.6981042288243771,3.9832695722579956,0.07663455707683164,-0.027516649186816705,-9.635236740112305,-0.16390450298786163,9.635236740112305,0.47373491525650024,9.653400421142578,15.166712760925293,-3.012953281402588,-0.3388347625732422,3.012953281402588,0.4418037533760071,3.0701072216033936,3.706533193588257,-1.0374553203582764,-2.039243459701538,1.2391002178192139,2.0398571491241455,2.5982725620269775,3.6205642223358154,-6.426969528198242,0.3693859875202179,6.43070650100708,1.0882318019866943,6.760087013244629,11.346864700317383,-2.3738369941711426,0.16874299943447113,2.3738369941711426,0.31461241841316223,2.401298761367798,3.5801618099212646,0.09005920588970184,1.834929347038269,2.087343215942383,3.0230441093444824,3.9792768955230713,13.392889976501465,-4.172804832458496,-4.740512371063232,4.224185466766357,5.3907246589660645,7.495859146118164,12.27724552154541,-3.6242165565490723,-0.30632448196411133,3.6242165565490723,1.165094017982483,3.8547298908233643,6.4249677658081055,1.0987147092819214,5.695388317108154,2.817880392074585,5.699767589569092,6.633839130401611,13.833734512329102
26.5,0.0,0.0,0.0,0.0,0.0,0,9.169111251831055,8.821110725402832,14.659570693969727,15.682127952575684,3.729058027267456,-6.007007598876953,-2.4275429248809814,6.546814441680908,3.6249961853027344,6.478974065784271,202.00454506165312,0.7066087309705651,0.6810791472445158,206.42202394470434,19.985288364908598,19.985288364908598,0.18307062983512878,0.0199660146813635,0.4512743353843689,0.2813790440559387,0.6368209876543209,0.3631635802469136,0.1598045974969864,0.017428579027928656,0.37821105122566223,0.27662423253059387,-2.7742631435394287,-2.4808348156511784,4.00834846496582,-0.032229192724799516,-0.00908394054117458,-3.0853991508483887,1.4408074617385864,11.76706314086914,2.589902400970459,12.268738746643066,16.705684661865234,-9.391439437866211,-3.1773366928100586,9.391439437866211,3.1773366928100586,10.003840446472168,11.365970611572266,-1.869183897972107,-8.08912181854248,3.113009452819824,8.08912181854248,9.056319236755371,10.658308029174805,-8.61766529083252,1.3104641437530518,9.715095520019531,1.5398625135421753,10.130592346191406,15.911907196044922,-7.84105110168457,-1.699312686920166,7.84105110168457,1.7547839879989624,8.11868953704834,9.940791130065918,-1.160290241241455,-5.940178871154785,2.9664878845214844,5.940178871154785,7.009225368499756,8.638452529907227,-10.583677291870117,-0.5540640950202942,10.584896087646484,1.6543612480163574,10.745797157287598,17.022422790527344,-9.256475448608398,-0.3838448226451874,9.256475448608398,1.3630224466323853,9.390198707580566,14.397958755493164,-2.257888078689575,-4.755300521850586,2.6774051189422607,4.75949764251709,5.798603534698486,8.381711959838867
27.0,0.0,0.0,0.0,0.0,0.0,0,7.67856502532959,6.617101669311523,15.156167030334473,16.91009521484375,4.721746921539307,-1.9065008163452148,1.6335514783859253,6.236816883087158,6.004508972167969,2.5106245827008493,139.40896444198424,0.32696533459298077,0.3035646848902953,116.63199052313715,-89.79003342156719,89.79003342156719,0.28764113783836365,0.03746026756682308,0.6313498616218567,0.39472994208335876,0.4991512345679012,0.5008487654320988,0.23822195827960968,0.03102427686286443,0.5307105779647827,0.341035395860672,4.100506782531738,4.061094403266907,-1.4905462265014648,-0.3775144623542205,0.01749425288545958,2.584233283996582,2.3552558422088623,3.0176522731781006,2.583347797393799,4.526081085205078,6.61556339263916,-9.169610023498535,1.1500905752182007,9.262972831726074,2.90435528755188,10.197771072387695,16.214191436767578,0.41336050629615784,-0.6497649550437927,5.32178258895874,4.548844337463379,7.451706886291504,12.116068840026855,0.4702930450439453,3.2379448413848877,3.3654730319976807,3.4511802196502686,5.504798412322998,8.029860496520996,-7.8489556312561035,0.15107491612434387,7.9577131271362305,5.965065002441406,10.59355354309082,18.51465606689453,-1.7650001049041748,-2.795454978942871,3.0855438709259033,4.008031845092773,5.391404151916504,14.669010162353516,3.8050200939178467,6.746448516845703,4.522144317626953,7.613115310668945,9.094504356384277,17.228960037231445,-5.0049543380737305,3.266883611679077,6.466814994812012,8.744891166687012,11.488160133361816,15.286338806152344,-0.6428941488265991,1.2394851446151733,2.646976947784424,3.4703471660614014,4.859100341796875,8.060436248779297
27.5,0.0,0.0,0.0,0.0,0.0,0,5.1307878494262695,4.805424690246582,9.15202522277832,10.185649871826172,2.868593692779541,0.9484938979148865,-2.1221694946289062,3.9981305599212646,3.6284327507019043,2.3244879088339614,294.08203597652334,0.45304697388606474,0.37152575707057633,292.00130335508896,175.3693128319518,175.3693128319518,0.25708797574043274,0.0501069101234171,0.5514619946479797,0.3436914384365082,0.48757716049382716,0.5124228395061728,0.211624413728714,0.04124597989495866,0.4585641622543335,0.2864440679550171,2.8549947142601013,-3.7557209730148315,-2.5477771759033203,0.06796107218028102,0.01264664255659402,0.4378482401371002,-1.3243248462677002,2.16988468170166,1.8391317129135132,3.15390944480896,5.673610210418701,-0.9300743937492371,0.2134552299976349,4.134421348571777,1.7411975860595703,4.741067886352539,7.912644386291504,3.0245249271392822,-0.5326194167137146,4.011554718017578,2.527581214904785,4.978050708770752,7.849549293518066,0.12446822971105576,-1.3924237489700317,1.7091631889343262,2.3406195640563965,3.142028570175171,5.485345363616943,0.6945323348045349,-4.924514293670654,4.1850152015686035,5.085187911987305,7.015074253082275,9.676782608032227,1.887264370918274,-2.308711051940918,2.8067333698272705,3.2291572093963623,4.706148147583008,7.343735694885254,-1.3997710943222046,-0.9719944000244141,2.8975818157196045,1.8664640188217163,3.722788095474243,7.419060707092285,1.6087961196899414,-7.100948333740234,4.545988082885742,7.10107421875,8.626754760742188,11.858491897583008,3.0888571739196777,-0.7574442625045776,3.6590256690979004,4.1415629386901855,6.091269493103027,10.290053367614746
28.0,0.0,0.0,0.0,0.0,0.0,0,8.412565231323242,8.739664077758789,12.940580368041992,14.459561347961426,3.6275737285614014,-3.1687769889831543,0.5075563788414001,6.3747477531433105,5.744073390960693,3.2091682853368315,170.89999050117507,0.3814732126400463,0.25552853705597844,155.85126754203472,-136.15003581305425,136.15003581305425,0.2799094617366791,0.033272779558568916,0.598076581954956,0.38280344009399414,0.43993827160493826,0.5600617283950617,0.22460557520389557,0.026698818057158593,0.4859374761581421,0.3028657138347626,-4.117270886898041,2.6297258734703064,3.2817773818969727,-0.11599722001459789,-0.016834130564848185,0.9135269522666931,2.412708282470703,5.215583801269531,5.479300022125244,7.878598690032959,12.091395378112793,-2.4587574005126953,0.5220071077346802,4.308726787567139,2.6415865421295166,5.576710224151611,10.334209442138672,-9.261991500854492,0.6215221881866455,9.261991500854492,3.4322211742401123,10.444548606872559,12.135550498962402,0.5007331371307373,3.3695497512817383,3.7093353271484375,4.432792663574219,6.3671722412109375,9.566267013549805,-0.12174194306135178,0.8358772993087769,4.285008430480957,2.7520267963409424,5.655448913574219,9.696539878845215,-9.298470497131348,-4.003699779510498,9.298470497131348,4.797268390655518,10.885820388793945,14.873952865600586,1.6202077865600586,8.80621337890625,2.62878680229187,8.906448364257812,9.861184120178223,14.772863388061523,-3.488668918609619,-1.4648784399032593,8.556184768676758,2.3215713500976562,9.090927124023438,15.440025329589844,-6.923835277557373,-6.53129243850708,6.923835277557373,6.536401748657227,9.952677726745605,13.445737838745117
28.5,0.0,0.0,0.0,0.0,0.0,0,8.036325454711914,6.37225341796875,17.665000915527344,19.179243087768555,5.462919235229492,-5.449734687805176,-0.3890416920185089,7.185476303100586,3.597774028778076,5.46360335361157,184.08326249680962,0.6798633759174241,0.47729720090165484,190.85669182942883,35.005424287394106,35.005424287394106,0.25191131234169006,0.0313465752992137,0.5543732047080994,0.34419241547584534,0.6308641975308642,0.3691358024691358,0.17881809175014496,0.022251222963360223,0.3985229730606079,0.25355708599090576,-2.2809576988220215,-0.8965980708599091,-0.3762397766113281,0.2217686638456764,-0.0019262042593552187,-2.792752742767334,-2.0093090534210205,4.754292011260986,2.3501133918762207,5.606617450714111,9.869043350219727,-14.257790565490723,-2.7373671531677246,14.27508544921875,3.2229607105255127,15.44972038269043,20.674209594726562,-5.0486907958984375,-2.6683804988861084,5.158756732940674,4.750704765319824,8.45730972290039,11.947501182556152,-1.9634469747543335,-0.857039749622345,3.7219038009643555,2.4103429317474365,4.993913650512695,9.29615592956543,-12.005017280578613,0.7989315986633301,12.005017280578613,1.9648939371109009,12.273469924926758,19.545629501342773,-0.07084052264690399,-2.3269100189208984,3.0290322303771973,2.8282628059387207,4.620601177215576,7.231102466583252,-1.8101786375045776,2.621763229370117,4.184164047241211,2.7605230808258057,5.395429611206055,11.815896987915039,-10.71072006225586,4.102653503417969,10.71072006225586,4.137020111083984,11.666547775268555,17.7252140045166,-0.3881784975528717,-0.42571672797203064,3.375760555267334,1.3721994161605835,3.8633227348327637,5.77314567565918
29.0,0.0,0.0,0.0,0.0,0.0,0,7.819976806640625,6.351661682128906,15.87208080291748,16.412317276000977,4.969703674316406,2.7840683460235596,4.705796718597412,4.217996120452881,6.177616596221924,5.46768317590664,59.3903676356423,0.6991942957252192,0.5159344337883983,59.996565975439815,-130.86012585398902,130.86012585398902,0.2457120418548584,0.03142106639307887,0.5501136779785156,0.34215712547302246,0.4820833333333333,0.5179166666666667,0.23874713480472565,0.03053041078991102,0.5555604100227356,0.341020405292511,8.233803033828735,5.094838410615921,-0.21634864807128906,0.03863723288674348,7.44910938651755e-05,6.320405960083008,-2.1065785884857178,6.321223735809326,2.390612840652466,6.947136402130127,10.758727073669434,3.44533371925354,8.708654403686523,3.4542019367218018,8.752005577087402,9.563142776489258,17.356260299682617,5.029748439788818,6.545269012451172,5.065847873687744,6.545477390289307,8.547059059143066,15.832279205322266,1.397263765335083,1.5298287868499756,2.8653345108032227,3.7411394119262695,4.997498512268066,8.746458053588867,1.7351828813552856,5.511281490325928,3.5238759517669678,6.620118141174316,7.876058101654053,15.740093231201172,2.4807658195495605,4.91770076751709,4.294408321380615,5.227329730987549,7.116671562194824,15.174467086791992,1.7486491203308105,7.417184352874756,3.9275906085968018,8.885493278503418,10.0161771774292,15.931047439575195,-0.1456301510334015,3.62229061126709,3.5002636909484863,5.137128829956055,6.801016807556152,14.029227256774902,3.044894218444824,6.206538677215576,4.987181663513184,6.640625,8.515030860900879,16.507110595703125
29.5,0.0,0.0,0.0,0.0,0.0,0,9.600316047668457,9.066560745239258,15.004379272460938,16.405372619628906,3.5553948879241943,4.027690410614014,6.823089122772217,5.782473564147949,2.9313952922821045,7.923183401956856,59.44651632294423,0.8253044340015336,0.8067140417917761,68.35229749730605,8.355731521866232,8.355731521866232,0.1463238149881363,0.015241560696547272,0.29797378182411194,0.21771006286144257,0.18313271604938272,0.8168672839506173,0.09014148265123367,0.009389427682820698,0.22695331275463104,0.1639915555715561,1.243622064590454,2.1172924041748047,1.780339241027832,0.29077960800337777,-0.0161795056965316,10.531845092773438,9.005776405334473,10.531845092773438,9.005966186523438,14.026721000671387,17.949342727661133,4.229485511779785,9.170049667358398,4.260532379150391,9.170049667358398,10.340510368347168,12.21987533569336,-2.6226301193237305,8.3212251663208,2.787226915359497,8.3212251663208,8.920186996459961,10.253076553344727,11.301411628723145,7.831764221191406,11.301411628723145,7.831764221191406,13.826983451843262,16.95028305053711,3.194767713546753,7.260493755340576,3.2695329189300537,7.260493755340576,8.257341384887695,10.30892276763916,-1.2844561338424683,6.410933494567871,1.595210313796997,6.410933494567871,6.823217391967773,8.0514497756958,10.290184020996094,6.168484687805176,10.290184020996094,6.168484687805176,12.078460693359375,15.277386665344238,2.762753963470459,5.317043781280518,2.9170236587524414,5.317043781280518,6.3172221183776855,8.668722152709961,-2.154151439666748,1.922036051750183,2.3941214084625244,4.8306779861450195,5.812209606170654,8.715306282043457
30.0,0.0,0.0,0.0,0.0,0.0,0,6.790987014770508,6.8172688484191895,8.827543258666992,9.376777648925781,1.9190317392349243,6.2815022468566895,-1.7957152128219604,1.7605630159378052,2.0046803951263428,6.533135816958488,344.04616910322807,0.9620303797885066,0.9716988074371017,342.9780588460943,-85.37423865121173,85.37423865121173,0.09747298061847687,0.014353284147530752,0.21595582365989685,0.21223439276218414,0.40304012345679013,0.5969598765432099,0.07003752887248993,0.010313304738597267,0.1651591956615448,0.14408275485038757,2.253811836242676,-8.618804335594177,-2.809329032897949,0.1649847656453256,-0.0008882765490165201,6.4555511474609375,-0.9373797178268433,6.4555511474609375,0.9382513165473938,6.543436527252197,8.189837455749512,5.181066513061523,-1.7220783233642578,5.181066513061523,1.7220783233642578,5.463358402252197,6.7527689933776855,7.467155933380127,-2.8965537548065186,7.467155933380127,2.8965537548065186,8.021459579467773,9.216095924377441,6.025005340576172,-1.3425688743591309,6.025005340576172,1.3425688743591309,6.188527584075928,8.754122734069824,5.623108863830566,-2.040775775909424,5.623108863830566,2.040775775909424,5.986824035644531,7.512690544128418,7.3438944816589355,-2.152421236038208,7.3438944816589355,2.7183871269226074,7.900700092315674,9.107279777526855,6.272310256958008,-1.9008663892745972,6.272310256958008,1.9008663892745972,6.567344665527344,9.24737548828125,5.993340969085693,-2.6289095878601074,5.993340969085693,2.6289095878601074,6.55775260925293,7.973965644836426,6.172091007232666,-0.539882242679596,6.172433853149414,4.021868705749512,7.889483451843262,12.882405281066895
30.5,0.0,0.0,0.0,0.0,0.0,0,7.406515121459961,7.210057258605957,10.750870704650879,11.555376052856445,2.5857527256011963,7.202877998352051,-0.42998939752578735,2.745659589767456,1.3919769525527954,7.215701098377664,356.5836747205571,0.9742370035093261,0.9547258976754703,358.36282278084377,15.384763934749458,15.384763934749458,0.08033408969640732,0.010846407187806403,0.1872582733631134,0.14449456334114075,0.4035648148148148,0.5964351851851852,0.07768896967172623,0.010489273012803798,0.18428772687911987,0.14161065220832825,0.9213757514953613,1.365725815296173,0.6155281066894531,-0.01697290976163135,-0.0035068769597243494,8.03250503540039,-0.7396752834320068,8.03250503540039,0.7396752834320068,8.070573806762695,9.882232666015625,6.75265645980835,-0.34326082468032837,6.75265645980835,0.3592052161693573,6.766474723815918,8.510476112365723,11.73486328125,-0.912857711315155,11.73486328125,0.9560710191726685,11.799541473388672,14.53111457824707,7.1944193840026855,-1.2294669151306152,7.1944193840026855,1.2294669151306152,7.3062357902526855,9.357048034667969,6.752783298492432,-0.5620536208152771,6.752783298492432,0.5622314214706421,6.779994964599609,8.600855827331543,7.916975975036621,-0.22425711154937744,7.924315452575684,0.5398581027984619,7.992218017578125,10.974874496459961,6.59188985824585,-1.8667347431182861,6.59188985824585,1.8667347431182861,6.8612141609191895,9.246129989624023,6.272477149963379,-0.3885028064250946,6.272477149963379,0.6150214076042175,6.311593055725098,8.546910285949707,3.5773274898529053,2.396904945373535,3.587211847305298,2.425244092941284,4.770790100097656,8.149555206298828
31.0,0.0,0.0,0.0,0.0,0.0,0,9.782114028930664,9.754884719848633,14.039041519165039,15.10427474975586,3.5257480144500732,8.951970100402832,-1.2141281366348267,4.455164909362793,2.5807480812072754,9.033929145763468,352.27627819374146,0.9235150110748622,0.8831917014676236,351.778684174465,-6.584138606378758,6.584138606378758,0.14221172034740448,0.014537931717917084,0.3790503442287445,0.239080548286438,0.380570987654321,0.619429012345679,0.12917783856391907,0.013205512118992145,0.3082997500896454,0.24280034005641937,1.7490921020507812,-0.7841387391090393,2.375598907470703,-0.07153419620784673,0.003691524530110681,10.183815002441406,-1.0751256942749023,10.183815002441406,1.1034326553344727,10.257994651794434,12.742561340332031,9.40963077545166,1.1360334157943726,9.40963077545166,1.1360715627670288,9.494516372680664,13.202157020568848,4.4637651443481445,-0.1938542276620865,8.204859733581543,1.4245661497116089,8.543522834777832,17.13985252380371,8.619606018066406,-1.7087898254394531,8.619606018066406,1.7087898254394531,8.808256149291992,11.542130470275879,9.654865264892578,0.5779337286949158,9.654865264892578,0.6203062534332275,9.68502140045166,13.489812850952148,10.307506561279297,-2.57375168800354,10.385225296020508,3.9813151359558105,11.503582954406738,15.353412628173828,7.8673505783081055,-2.4236958026885986,7.8673505783081055,2.4236958026885986,8.251773834228516,12.36391830444336,9.89959716796875,0.5131756663322449,9.89959716796875,0.6795119047164917,9.93570327758789,14.200361251831055,10.161599159240723,-5.179077625274658,10.161599159240723,5.26226282119751,11.5586519241333,14.757572174072266
31.5,0.0,0.0,0.0,0.0,0.0,0,12.126969337463379,12.405122756958008,18.194637298583984,20.035999298095703,4.549255847930908,10.082550048828125,3.0522985458374023,5.939958572387695,4.6369853019714355,10.534436002940316,16.842680992252642,0.8686783737793984,0.8103541897424101,15.338173961505651,23.55948978704066,23.55948978704066,0.18943244218826294,0.015620755796116418,0.5375000238418579,0.3334197402000427,0.4390277777777778,0.5609722222222222,0.16406166553497314,0.013528660577996452,0.3978772759437561,0.2744975984096527,1.130579948425293,4.266426682472229,2.344855308532715,-0.07283751172521347,0.0010828240781993338,9.506957054138184,2.344888687133789,9.522215843200684,2.664073944091797,11.003070831298828,16.093551635742188,12.473907470703125,1.5123080015182495,12.473907470703125,2.95504093170166,13.032156944274902,13.93038272857666,7.211911201477051,6.028060436248779,8.799792289733887,6.422501564025879,12.025988578796387,18.559053421020508,7.6609721183776855,-0.8599904775619507,7.728389739990234,1.870139241218567,8.486180305480957,13.931796073913574,11.911844253540039,2.6990978717803955,11.911844253540039,2.714440107345581,12.303969383239746,14.506168365478516,13.717574119567871,8.376436233520508,13.717574119567871,8.376436233520508,16.578630447387695,20.33987808227539,6.588226318359375,-3.6324305534362793,6.703785419464111,3.633019208908081,8.464219093322754,12.226378440856934,10.4306640625,2.612461805343628,10.4306640625,2.7458462715148926,10.889939308166504,13.594795227050781,11.240898132324219,8.389854431152344,12.91215991973877,8.389854431152344,16.35856056213379,22.517011642456055
32.0,0.0,0.0,0.0,0.0,0.0,0,12.385525703430176,12.078289031982422,16.792415618896484,17.765600204467773,3.1235713958740234,11.212349891662598,2.1417973041534424,4.135803699493408,3.968498468399048,11.415081505847658,10.814432125334251,0.9216469110137365,0.906892073815508,12.38039694225145,-2.957777019254195,2.957777019254195,0.09689439833164215,0.00782319562597263,0.17106923460960388,0.20459455251693726,0.4020216049382716,0.5979783950617283,0.09797754138708115,0.007910647946844783,0.13269688189029694,0.18944759666919708,1.1297998428344727,-0.91050124168396,0.2585563659667969,0.09653788407309782,-0.007797560170143788,15.101445198059082,-1.8020108938217163,15.101445198059082,2.2519307136535645,15.629120826721191,18.54134178161621,11.225024223327637,2.873020887374878,11.225024223327637,2.873020887374878,11.62498664855957,12.403099060058594,7.338062286376953,5.528233528137207,10.245319366455078,5.528233528137207,11.977311134338379,15.99118423461914,13.801287651062012,-1.924023151397705,13.801287651062012,1.9608467817306519,13.978940963745117,17.72284698486328,9.596512794494629,2.4521217346191406,9.596512794494629,2.4522736072540283,9.97823429107666,10.908652305603027,12.706290245056152,6.393212795257568,12.728594779968262,6.393212795257568,14.291425704956055,17.53047752380371,11.776079177856445,-3.287322521209717,11.776079177856445,3.287322521209717,12.27635383605957,16.093704223632812,7.9270172119140625,2.2622504234313965,7.9270172119140625,2.3038060665130615,8.374536514282227,9.573494911193848,11.439431190490723,6.780693054199219,11.439431190490723,6.781097412109375,13.33881950378418,17.059307098388672
32.5,0.0,0.0,0.0,0.0,0.0,0,5.724089622497559,5.47175931930542,8.036334037780762,8.959981918334961,1.668562412261963,5.4636454582214355,0.22593538463115692,1.5493797063827515,1.8017370700836182,5.468314959031909,2.367974420224786,0.955316097347538,0.9575752433655822,1.1260760039935562,-11.254320938257905,11.254320938257905,0.041327059268951416,0.0072198471328393165,0.08248721063137054,0.08721410483121872,0.43762345679012343,0.5623765432098765,0.04151074215769768,0.0072519365774096605,0.07290768623352051,0.06802632659673691,-5.748704433441162,-1.9158619195222855,-6.661436080932617,0.050683169550074236,-0.0006033484931333129,6.239856719970703,-1.4637621641159058,6.239856719970703,1.4637621641159058,6.418506622314453,7.982326507568359,4.7894673347473145,0.3041538596153259,4.7894673347473145,0.5143545866012573,4.826412200927734,5.253787040710449,7.446455001831055,1.985878586769104,7.446455001831055,1.985878586769104,7.711334705352783,9.464597702026367,5.453940391540527,-1.8871405124664307,5.453940391540527,1.8871405124664307,5.780880451202393,7.405189514160156,4.1684112548828125,0.30222514271736145,4.1684112548828125,0.6285940408706665,4.229396820068359,4.962156295776367,7.076966285705566,2.471057891845703,7.076966285705566,2.471057891845703,7.503418445587158,9.303792953491211,4.76769495010376,-2.2457377910614014,4.76769495010376,2.2457377910614014,5.278389930725098,7.0175018310546875,3.70824933052063,0.3228470981121063,3.70824933052063,0.7628423571586609,3.800962448120117,4.976266384124756,5.521767616271973,2.243896722793579,5.521767616271973,2.243896722793579,5.967504501342773,7.721434593200684
33.0,0.0,0.0,0.0,0.0,0.0,0,1.6093690395355225,1.4664990901947021,2.128669023513794,2.5736494064331055,0.9196892380714417,-0.14538545906543732,-0.9726542830467224,1.1110117435455322,1.111016035079956,0.9834598548170644,261.4987725613957,0.6110841147415755,0.7554773779993835,258.7699146412494,-102.35616136274416,102.35616136274416,0.044199321419000626,0.02746374067691537,0.08396708965301514,0.11650574952363968,0.5044907407407407,0.49550925925925926,0.03820180892944336,0.023737119488361248,0.07122883200645447,0.10285701602697372,-5.609030917286873,-1.1985896676778793,-4.114720582962036,-0.20209786536619867,0.020243893544076054,0.1612168550491333,-1.85808265209198,0.1852852702140808,1.85808265209198,1.872230887413025,2.233232259750366,0.3457043170928955,-1.1202869415283203,0.3457043170928955,1.1202869415283203,1.1770566701889038,1.404977560043335,-0.5848948955535889,-0.4976547658443451,0.6709702014923096,0.5181331634521484,0.951876163482666,1.5467756986618042,0.14042195677757263,-1.7595993280410767,0.14644472301006317,1.7595993280410767,1.7700941562652588,2.100982427597046,0.032046813517808914,-1.025835633277893,0.2992943525314331,1.025835633277893,1.0859851837158203,1.2891414165496826,-1.2576119899749756,-0.5475968718528748,1.286962628364563,0.6113885045051575,1.4748375415802002,1.9778205156326294,0.005896111484616995,-1.7144125699996948,0.18089012801647186,1.7149500846862793,1.7506580352783203,2.131659507751465,-0.46721556782722473,-1.142873764038086,0.5354061126708984,1.142873764038086,1.3359425067901611,1.6504791975021362,0.3159674108028412,0.9124541282653809,2.0598702430725098,1.7526121139526367,3.065640687942505,5.764843940734863
33.5,0.0,0.0,0.0,0.0,0.0,0,4.839079856872559,3.699787139892578,10.459997177124023,12.028443336486816,3.5310404300689697,0.5534248352050781,-1.6055713891983032,5.532027244567871,1.5483778715133667,1.6982751644047371,289.0185741802397,0.35095001831656336,0.45063404896362436,256.9072718884579,-1.862642752791487,1.862642752791487,0.11092987656593323,0.02292374933317934,0.26244962215423584,0.1667732447385788,0.788425925925926,0.21157407407407408,0.07275816798210144,0.01503553466745009,0.1781710535287857,0.14181798696517944,0.6988102942705154,-0.6329171061515808,3.229710817337036,-0.30484332903575917,-0.004539991343736033,-5.066669940948486,-2.2979960441589355,5.066669940948486,2.298056125640869,5.702586650848389,10.466852188110352,-0.6204748153686523,-2.30713152885437,0.7672045230865479,2.30713152885437,2.4861550331115723,2.9492533206939697,6.82436990737915,-3.947054147720337,6.82436990737915,3.947054147720337,8.099726676940918,13.57632064819336,-4.319012641906738,-1.1828856468200684,4.319012641906738,1.1904025077819824,4.5873188972473145,8.390922546386719,-0.361703097820282,-1.3525580167770386,0.7731560468673706,1.3525580167770386,1.6144890785217285,2.029069423675537,7.845399379730225,-1.8162178993225098,7.845399379730225,1.8196560144424438,8.126200675964355,12.5447998046875,-5.040459156036377,-0.30346551537513733,5.040459156036377,0.5490100979804993,5.121129512786865,9.356745719909668,-0.18906831741333008,-0.1065477654337883,0.8491236567497253,0.7851735353469849,1.2138259410858154,1.8462589979171753,5.908442497253418,-1.1362857818603516,5.90937614440918,2.2391226291656494,6.600283622741699,9.82273006439209
34.0,0.0,0.0,0.0,0.0,0.0,0,2.119561195373535,1.7502508163452148,3.8997349739074707,5.128211498260498,1.342211365699768,-0.2835691273212433,-1.4540082216262817,1.6344704627990723,1.1949998140335083,1.481401822101807,258.9643665173151,0.6989191089812985,0.7654405151613053,247.7216799370345,-9.18559195142339,9.18559195142339,0.045203059911727905,0.0213266022626723,0.10041459649801254,0.07977142184972763,0.720679012345679,0.279320987654321,0.0419287346303463,0.019781790183777598,0.0744079127907753,0.10922118276357651,-0.8369939625263214,0.15156316757202148,-2.7195186614990234,0.31480646619768093,-0.0015971470705070379,-1.7448296546936035,-0.6722837090492249,1.7448296546936035,0.6735232472419739,1.926925778388977,3.4723498821258545,-0.5036942362785339,-1.6530436277389526,0.5037287473678589,1.6530436277389526,1.7516818046569824,2.2575340270996094,1.5323810577392578,-3.5423853397369385,1.5349881649017334,3.5423853397369385,3.9668829441070557,5.803921222686768,-1.3248111009597778,-0.31307950615882874,1.3248111009597778,0.40430569648742676,1.4589065313339233,2.8631577491760254,-0.37192410230636597,-1.2844045162200928,0.37192410230636597,1.2844045162200928,1.3507839441299438,1.876844048500061,1.6501567363739014,-2.7087645530700684,1.6721153259277344,2.7087645530700684,3.3161327838897705,5.06205415725708,-1.2299538850784302,-0.04526055231690407,1.2299764156341553,0.34275323152542114,1.347047209739685,2.4441020488739014,-0.40951284766197205,-0.9329552054405212,0.42995306849479675,0.9329552054405212,1.0609902143478394,1.5552338361740112,-0.14993421733379364,-1.9338972568511963,1.7612310647964478,1.9338972568511963,2.896697521209717,5.367039203643799
34.5,0.0,0.0,0.0,0.0,0.0,0,5.500983715057373,3.6863656044006348,13.470224380493164,15.425045013427734,4.8500566482543945,2.572049617767334,-0.7440172433853149,6.54628324508667,1.9393426179885864,2.677498999945989,343.8664204912729,0.4867309446157966,0.11778044181043715,278.81699234778637,31.09531241075186,31.09531241075186,0.11968599259853363,0.02175719417487699,0.28531327843666077,0.18109378218650818,0.7847376543209876,0.21526234567901234,0.10016658902168274,0.018208846999248213,0.2618725299835205,0.17724096775054932,2.8556187450885773,0.7099909782409668,3.381422519683838,-0.6476600733508682,0.0004305919122046878,-3.688804864883423,-0.3287605941295624,3.688804864883423,0.5293676853179932,3.7521042823791504,8.215179443359375,-0.1048845499753952,-1.556473970413208,0.847840428352356,1.5564799308776855,1.880749225616455,3.0289196968078613,7.370823383331299,-4.302849769592285,7.370823383331299,4.302849769592285,8.916583061218262,15.899138450622559,-3.247246742248535,0.5928353667259216,3.247246742248535,0.6119311451911926,3.339867115020752,6.980722904205322,0.9983413219451904,-0.9194698333740234,1.4465152025222778,0.9503612518310547,1.8396525382995605,4.52700662612915,11.54664134979248,-2.3191113471984863,11.54664134979248,2.4340760707855225,11.89578914642334,18.919761657714844,-3.4270730018615723,1.5816190242767334,3.4270730018615723,1.5816190242767334,3.8427059650421143,7.316777229309082,2.210866928100586,0.22114871442317963,2.3275883197784424,0.4819846451282501,2.453195810317993,6.474343776702881,11.48978328704834,0.334907203912735,11.48978328704834,1.1687999963760376,11.588212013244629,14.80411148071289
35.0,0.0,0.0,0.0,0.0,0.0,0,3.282546281814575,2.7800393104553223,6.528548240661621,7.374238967895508,2.2798962593078613,0.006419436540454626,0.2305372953414917,3.5568785667419434,1.8078899383544922,0.2306266543764339,88.4049799765829,0.07025846235713838,0.13938119950997047,175.58268819901423,-103.23430414877214,103.23430414877214,0.13398145139217377,0.04081630510988695,0.3357538878917694,0.20893630385398865,0.7246759259259259,0.27532407407407405,0.10213472694158554,0.03111447244261048,0.27792888879776,0.16719172894954681,-2.5656301812268794,0.9745545387268066,-2.218437433242798,0.02160075769953332,0.019059110935009962,-3.047011137008667,-0.43843430280685425,3.047011137008667,0.5065624713897705,3.125446319580078,6.4907002449035645,1.2986401319503784,-1.575982689857483,1.9112560749053955,1.575982689857483,2.5352540016174316,4.902621746063232,1.3702863454818726,-0.21136261522769928,2.367086887359619,1.5647881031036377,2.9987070560455322,5.10477352142334,-2.71468186378479,0.6811254620552063,2.71468186378479,0.701813280582428,2.8349523544311523,5.988648414611816,2.3461735248565674,-0.5423198342323303,2.6267249584198,0.7864799499511719,2.8677709102630615,7.696130752563477,-0.723084032535553,-0.23038484156131744,2.324831247329712,1.9469531774520874,3.2903034687042236,5.326428413391113,-2.3175721168518066,1.9777264595031738,2.3226277828216553,1.9777264595031738,3.113863945007324,5.81919527053833,3.3269951343536377,1.193886399269104,3.4178340435028076,1.240584135055542,3.858079671859741,9.313363075256348,0.5180290937423706,1.2205816507339478,4.002745628356934,1.9170200824737549,4.918540000915527,7.199703216552734
35.5,0.0,0.0,0.0,0.0,0.0,0,7.576239585876465,7.04144287109375,12.439526557922363,13.460626602172852,3.3418545722961426,-0.7173601388931274,-5.431887626647949,5.627230167388916,2.623293161392212,5.479051811892625,262.47679103619504,0.7231888260380002,0.7863242041604653,254.99687511079546,79.41418691178126,79.41418691178126,0.130850151181221,0.017271118795402333,0.30124861001968384,0.17458301782608032,0.7449691358024692,0.25503086419753085,0.0937647894024849,0.012376163129940734,0.22214798629283905,0.1571751832962036,-0.7237795754335821,-5.662424921989441,4.29369330406189,0.6469430046504949,-0.023545186314484618,-6.391524314880371,-4.677628993988037,6.391524314880371,4.677628993988037,8.073542594909668,13.12289047241211,-1.6057275533676147,-5.76315975189209,1.6058796644210815,5.76315975189209,6.049864768981934,7.895297050476074,3.6469802856445312,-9.287410736083984,3.694439649581909,9.287410736083984,10.16532039642334,13.096906661987305,-6.326358318328857,-3.535733938217163,6.326358318328857,3.535733938217163,7.460322856903076,14.565340995788574,-1.3269340991973877,-4.890476703643799,1.3286406993865967,4.890476703643799,5.121837615966797,7.753276348114014,5.300628185272217,-8.43790340423584,5.31011438369751,8.43790340423584,10.362982749938965,12.480956077575684,-5.560074806213379,-2.3485007286071777,5.560074806213379,2.348518133163452,6.218825340270996,11.039591789245605,-1.7596741914749146,-4.0455474853515625,1.7765522003173828,4.0455474853515625,4.499505043029785,6.791019439697266,7.566444396972656,-5.900623798370361,7.566603660583496,5.939681053161621,10.233951568603516,13.796294212341309
36.0,0.0,0.0,0.0,0.0,0.0,0,7.705624103546143,6.758993148803711,12.824308395385742,14.165355682373047,3.389111042022705,-2.596224308013916,-3.087312698364258,6.898382663726807,2.6463468074798584,4.033841885225986,229.93840028572984,0.5234932084695909,0.5988286959243985,229.96720485030446,-25.029670260491002,25.029670260491002,0.14393064379692078,0.018678646036216273,0.32939842343330383,0.18494856357574463,0.7730401234567901,0.22695987654320987,0.09695785492658615,0.012582737107462699,0.23641231656074524,0.1559302657842636,-1.8788641691207886,2.3445749282836914,0.12938451766967773,-0.18749550823606687,0.0014075272408139404,-10.491003036499023,-4.375095844268799,10.491003036499023,4.375095844268799,11.42672348022461,17.07781410217285,-4.036325931549072,-4.4428229331970215,4.036325931549072,4.4428229331970215,6.087639331817627,6.884101867675781,1.7359273433685303,-5.918491840362549,2.6668739318847656,5.918491840362549,6.594854831695557,8.402033805847168,-8.764595985412598,-2.625061511993408,8.764595985412598,2.625061511993408,9.201204299926758,13.145276069641113,-3.769915819168091,-3.324063539505005,3.769915819168091,3.324063539505005,5.151862144470215,6.138388633728027,5.507175445556641,-4.867939472198486,5.767514705657959,4.867939472198486,8.00953197479248,10.738211631774902,-8.534899711608887,-2.42956805229187,8.534899711608887,2.4316720962524414,9.028154373168945,13.057464599609375,-3.8757457733154297,-1.4019560813903809,3.8757457733154297,1.5281641483306885,4.218971252441406,5.427952766418457,8.86336612701416,1.5991852283477783,8.906272888183594,2.744462728500366,9.631677627563477,14.619869232177734
36.5,0.0,0.0,0.0,0.0,0.0,0,9.959843635559082,9.007247924804688,16.947097778320312,19.453819274902344,4.61259651184082,-4.330428123474121,-3.484196186065674,9.057588577270508,2.746339797973633,5.558077976744316,218.81962335494626,0.5580487184458013,0.48899168077976707,228.97435882106691,-0.9928460292375405,0.9928460292375405,0.18084779381752014,0.018157692256749597,0.41033366322517395,0.2489916980266571,0.7326388888888888,0.2673611111111111,0.1235964447259903,0.01240947517240588,0.3026304841041565,0.20647941529750824,-1.734203815460205,-0.396883487701416,2.2542195320129395,-0.1098370151446314,-0.0005209537794666763,-15.334395408630371,-6.184653282165527,15.334395408630371,6.184653282165527,16.565826416015625,22.002269744873047,-6.211363792419434,-5.051281452178955,6.211363792419434,5.051281452178955,8.190292358398438,9.510319709777832,5.029864311218262,-3.051945447921753,6.846014499664307,4.573980808258057,8.560420036315918,12.927911758422852,-13.971232414245605,-3.848628520965576,13.971232414245605,3.848628520965576,14.514174461364746,19.391328811645508,-4.569762706756592,-4.317300796508789,4.994038105010986,4.317300796508789,7.23471212387085,8.41270637512207,6.204912185668945,-5.2010884284973145,7.302470684051514,5.205235004425049,9.33962631225586,12.998067855834961,-12.86178970336914,-1.1015304327011108,12.86178970336914,1.346649408340454,12.964726448059082,16.683692932128906,-3.327346086502075,-1.4390536546707153,4.602659702301025,1.8310964107513428,5.201846122741699,7.495907306671143,6.067265033721924,-1.1622810363769531,6.585852146148682,1.7192566394805908,7.066961765289307,11.109217643737793
37.0,0.0,0.0,0.0,0.0,0.0,0,6.423856735229492,6.495162010192871,10.363930702209473,11.318385124206543,2.944918632507324,-1.7194294929504395,1.3515652418136597,5.421347141265869,3.9704298973083496,2.187045126216334,141.83072404747492,0.3404567094752,0.28072780816572324,129.09358080338333,-99.88077801768358,99.88077801768358,0.26018306612968445,0.04050261958679404,0.5655864477157593,0.3456217646598816,0.49561728395061727,0.5043827160493827,0.21034598350524902,0.03274449593609103,0.45734739303588867,0.28043103218078613,2.6109986305236816,4.8357614278793335,-3.53598690032959,-0.20826387261404383,0.022344927330044444,-7.957738876342773,3.61726450920105,7.957738876342773,3.638368606567383,8.989678382873535,12.976578712463379,0.085758276283741,3.5926589965820312,4.319225311279297,3.6982269287109375,6.208029747009277,8.588881492614746,-3.3914730548858643,-4.6551313400268555,4.908044815063477,4.875577449798584,7.938175678253174,10.7459077835083,-5.548821926116943,1.1166858673095703,5.785820484161377,2.680868625640869,6.858310699462891,10.889198303222656,3.3661670684814453,4.127053260803223,4.2376861572265625,4.267055511474609,7.061117172241211,10.264545440673828,-0.9388943314552307,-0.13582994043827057,2.9545822143554688,3.131014108657837,4.87515115737915,8.223312377929688,-3.4832193851470947,-0.045996032655239105,5.744283676147461,1.7111561298370361,6.2137532234191895,9.209134101867676,2.5947482585906982,1.3378591537475586,3.217543840408325,2.910536289215088,4.821739196777344,7.970632553100586,-0.20139123499393463,3.2095232009887695,2.7611865997314453,3.4896442890167236,4.848757266998291,8.34487533569336
37.5,0.0,0.0,0.0,0.0,0.0,0,7.860430717468262,7.4306864738464355,13.360396385192871,15.609164237976074,4.089442729949951,1.1312427520751953,-2.1724767684936523,6.724287509918213,5.2244133949279785,2.449360217233734,297.50670046611236,0.3116063616959962,0.23428956263136605,309.19133136260115,-179.90224944078216,179.90224944078216,0.28837108612060547,0.036686418314627364,0.6184095144271851,0.3999630808830261,0.48228395061728396,0.5177160493827161,0.22515255212783813,0.02864378958060038,0.4771827459335327,0.29892340302467346,2.8506722450256348,-3.524042010307312,1.4365739822387695,-0.046438245534357186,-0.0038162012721666763,8.796448707580566,-1.991796612739563,8.802107810974121,2.5877490043640137,9.945783615112305,16.308746337890625,-1.698864221572876,-0.8433322310447693,7.1943817138671875,1.9799693822860718,7.8924455642700195,14.663527488708496,2.3739733695983887,-0.4016108512878418,5.90454626083374,4.0221266746521,7.730142116546631,11.400470733642578,2.874699592590332,0.10812138766050339,4.336675643920898,3.6237592697143555,6.539851188659668,10.771361351013184,-0.6509316563606262,-1.983668565750122,5.680810928344727,3.1023991107940674,6.81702995300293,11.77116584777832,2.8343722820281982,-2.543395519256592,4.368159770965576,4.903867244720459,7.362843036651611,11.283065795898438,-2.6581919193267822,1.6504911184310913,3.4690964221954346,2.40893816947937,4.53161096572876,7.272881507873535,1.1361089944839478,-3.214315891265869,6.042678356170654,4.615238666534424,8.14281940460205,11.809796333312988,-2.826429843902588,-10.332784652709961,4.595338344573975,10.332784652709961,11.781346321105957,18.16707420349121
38.0,0.0,0.0,0.0,0.0,0.0,0,6.897854804992676,6.7969865798950195,11.153528213500977,12.513855934143066,3.1082510948181152,1.0589990615844727,-2.322880983352661,4.665558338165283,5.381165027618408,2.5528915126299863,294.5081937713831,0.37009934027347174,0.3426602031448152,295.8843442057601,-13.306987156841046,13.306987156841046,0.26212647557258606,0.03800115325444446,0.5685614943504333,0.34800443053245544,0.46703703703703703,0.532962962962963,0.23820413649082184,0.03453306987345393,0.5113942623138428,0.3146843910217285,-0.07224369049072266,-0.1504042148590088,-0.9625759124755859,0.10837064051344916,0.001314734939817097,0.903880774974823,-1.0344456434249878,4.11175012588501,3.7734436988830566,6.015613555908203,8.446205139160156,-6.156215190887451,1.9866352081298828,6.276336669921875,3.204826831817627,7.644205570220947,13.330671310424805,5.988759994506836,2.071491003036499,6.129791736602783,4.967926502227783,8.312548637390137,11.656566619873047,1.0203899145126343,-4.034748077392578,3.2754316329956055,5.697841644287109,6.927955627441406,9.416830062866211,0.33307528495788574,-1.13546621799469,2.5123355388641357,2.6779186725616455,4.083567142486572,6.995571136474609,4.633502960205078,-4.578824996948242,4.890571594238281,6.40575647354126,8.47425651550293,12.276016235351562,1.9882251024246216,-2.3116116523742676,2.255403995513916,5.849801540374756,6.558462619781494,9.95004653930664,2.0440022945404053,-4.221895694732666,2.1957192420959473,4.92727518081665,5.60305118560791,9.905872344970703,-1.2246298789978027,-7.647063732147217,3.2356536388397217,7.647182941436768,8.461031913757324,12.798216819763184
38.5,0.0,0.0,0.0,0.0,0.0,0,6.491018295288086,5.577136039733887,12.30824089050293,14.460892677307129,4.047131061553955,0.9341724514961243,-0.29879432916641235,4.197485446929932,6.319156646728516,0.9807936685543422,342.2631653526048,0.15110012388446248,0.1953297347226291,358.95994478557077,63.07560057981067,63.07560057981067,0.2827971577644348,0.043567449871813026,0.610856831073761,0.3823167681694031,0.4507098765432099,0.5492901234567901,0.2401147186756134,0.0369918356042965,0.510624349117279,0.3305647373199463,-0.12482661008834839,2.024086654186249,-0.40683650970458984,-0.1473304684221861,0.005566296617368564,3.3977086544036865,0.3415907919406891,3.459277391433716,2.592970132827759,4.643848419189453,7.0615644454956055,0.56683748960495,1.3517929315567017,2.101015567779541,2.9735701084136963,4.104984760284424,7.114640235900879,-3.9873650074005127,1.1388568878173828,5.013818264007568,3.247710943222046,6.499754428863525,16.248825073242188,4.167051792144775,-0.35866305232048035,4.351475715637207,5.3075666427612305,7.574353218078613,11.06707763671875,1.1734020709991455,-5.0553083419799805,2.0385777950286865,5.514832019805908,6.2823405265808105,12.369073867797852,-0.6306173801422119,1.8499581813812256,2.5386295318603516,2.633244276046753,4.100404262542725,7.662868976593018,4.378085613250732,0.36981600522994995,4.378085613250732,6.283427715301514,7.987419128417969,10.409472465515137,-0.6899552941322327,-7.525969982147217,3.409414052963257,9.183406829833984,10.104310989379883,16.567522048950195,0.03240395337343216,5.198777675628662,1.6216533184051514,6.662774562835693,7.121747016906738,12.438190460205078
39.0,0.0,0.0,0.0,0.0,0.0,0,8.550148010253906,7.514993667602539,16.455341339111328,17.375110626220703,5.005328178405762,4.5601301193237305,-3.353156328201294,5.5214433670043945,5.969384670257568,5.660251237049452,323.67219970083175,0.6620062284607591,0.47581801422775527,333.41040033499934,-25.54954445057143,25.54954445057143,0.258737176656723,0.030261130694497634,0.5676788091659546,0.3552795946598053,0.485462962962963,0.514537037037037,0.24745213985443115,0.028941266351927918,0.5288927555084229,0.3533213138580322,3.625957667827606,-3.0543619990348816,2.0591297149658203,0.28048827950512617,-0.013306319177315392,2.8899247646331787,2.7200772762298584,3.293886423110962,3.05355167388916,5.023554801940918,8.299601554870605,1.4765870571136475,1.7887232303619385,3.8678388595581055,2.5125911235809326,4.9252729415893555,8.182880401611328,9.919071197509766,-2.9857096672058105,9.919071197509766,3.8550126552581787,10.924890518188477,16.179729461669922,-2.9661240577697754,2.7688026428222656,3.2684340476989746,3.170924663543701,4.958855152130127,7.7703447341918945,5.624334812164307,-7.520799160003662,5.624334812164307,7.569183349609375,9.761308670043945,16.99291229248047,9.159928321838379,-6.165631294250488,9.172276496887207,6.178033828735352,11.23648738861084,17.714574813842773,-0.08334188163280487,-1.3796489238739014,3.0794761180877686,2.6104586124420166,4.492225170135498,7.507944583892822,6.389101982116699,-12.8654146194458,6.411632537841797,12.8654146194458,14.601905822753906,17.582969665527344,8.631689071655273,-6.538805961608887,8.631689071655273,6.538805961608887,11.026826858520508,16.459150314331055
39.5,0.0,0.0,0.0,0.0,0.0,0,8.27879524230957,8.574647903442383,14.073532104492188,15.631183624267578,4.166378498077393,-1.5488985776901245,2.712979316711426,6.608509063720703,5.697844505310059,3.123994810635012,119.72298066264642,0.37734896433596277,0.21105249214898766,103.19498506349484,129.78458472849547,129.78458472849547,0.2882574498653412,0.03481876367389915,0.6281197667121887,0.41420185565948486,0.47555555555555556,0.5244444444444445,0.23879435658454895,0.028844091531588595,0.5160770416259766,0.32789358496665955,-6.109028697013855,6.06613564491272,-0.27135276794433594,-0.2647655220787676,0.004557632979401514,0.20028580725193024,-0.9800127744674683,2.50005841255188,1.2588986158370972,3.004448890686035,4.891555309295654,1.2766225337982178,4.983741760253906,2.576582670211792,6.424315452575684,7.3475565910339355,12.307315826416016,-11.01361083984375,3.7885069847106934,11.01361083984375,4.164944648742676,12.391947746276855,16.64628028869629,1.0248730182647705,0.3929987847805023,4.86631965637207,1.8654215335845947,5.494638442993164,8.345077514648438,4.136578559875488,5.424142837524414,4.778687953948975,6.341335773468018,8.807380676269531,12.854344367980957,-9.930317878723145,0.7908980250358582,9.954416275024414,3.605480432510376,11.022439002990723,16.143184661865234,4.413286209106445,6.979318141937256,4.7776288986206055,7.004150390625,9.870702743530273,15.627374649047852,1.304303765296936,6.499859809875488,2.9673001766204834,6.833165645599365,8.081110000610352,13.481793403625488,-5.352107048034668,-3.462639093399048,5.486560344696045,5.934606552124023,8.488933563232422,11.878396987915039
40.0,0.0,0.0,0.0,0.0,0.0,0,9.631658554077148,8.072196006774902,18.9388484954834,22.432323455810547,6.217869281768799,3.1221835613250732,6.279804229736328,6.766340255737305,6.038495063781738,7.013128499779738,63.56442338905714,0.7281330064188198,0.5689105036370583,70.76362475230482,-32.43136031119002,32.43136031119002,0.2795352339744568,0.029022540965552256,0.5940143465995789,0.44116535782814026,0.5187962962962963,0.4812037037037037,0.22644799947738647,0.023510797719332746,0.5166352987289429,0.3388851583003998,4.671082139015198,3.5668249130249023,1.3528633117675781,0.3578580114880706,-0.005796222708346892,-0.8945202231407166,3.8538830280303955,3.4529502391815186,3.898975372314453,5.487924098968506,7.900136470794678,-1.405693769454956,4.634696006774902,5.701642990112305,5.502434730529785,8.552401542663574,13.97036361694336,2.0593082904815674,-1.9939180612564087,3.0741093158721924,2.8359408378601074,4.638468265533447,7.218289375305176,5.357851982116699,8.377875328063965,5.776307582855225,8.421391487121582,10.506948471069336,23.44324493408203,7.557868480682373,9.888676643371582,7.866318702697754,9.890340805053711,13.094197273254395,19.0933780670166,0.10167007148265839,4.088710308074951,3.0841736793518066,4.326564788818359,5.695418834686279,9.915464401245117,9.44438362121582,12.794897079467773,9.499436378479004,12.79555892944336,16.65163803100586,25.352998733520508,9.433557510375977,11.716645240783691,9.433557510375977,11.716645240783691,15.114700317382812,19.108993530273438,-3.554776430130005,3.1567742824554443,4.494584083557129,4.102732181549072,6.943235874176025,10.182233810424805
40.5,0.0,0.0,0.0,0.0,0.0,0,8.724936485290527,8.073697090148926,16.063068389892578,19.363439559936523,5.087125301361084,0.9476322531700134,2.1146109104156494,6.469022750854492,7.401723861694336,2.3172367573679167,65.86115407560034,0.2655878081490419,0.16419456532030877,56.10476152556256,-14.658863226742255,14.658863226742255,0.3064299523830414,0.03512116309138664,0.6811564564704895,0.43867167830467224,0.5668981481481481,0.43310185185185185,0.2600029706954956,0.02979998093210841,0.5628451108932495,0.38320404291152954,-2.17455130815506,-4.165193319320679,-0.9067220687866211,-0.40471593831674957,0.006098622125834383,0.8504790663719177,-3.9247727394104004,4.02805233001709,4.258501052856445,6.457023620605469,10.190055847167969,-2.8978912830352783,-3.1252198219299316,6.522310256958008,3.6978490352630615,7.8453474044799805,13.533415794372559,3.8224756717681885,3.2488303184509277,5.257467269897461,3.5044243335723877,6.98452615737915,12.343304634094238,-1.2795746326446533,-1.9179974794387817,3.0486745834350586,6.69195032119751,7.8919677734375,11.198001861572266,-1.1983507871627808,6.199801445007324,6.915996074676514,7.335392951965332,10.788549423217773,19.438167572021484,7.94389533996582,5.814188480377197,8.037016868591309,5.9076924324035645,10.560675621032715,17.252735137939453,-1.4362598657608032,-4.386451721191406,1.6821030378341675,5.14434289932251,5.749715328216553,14.893610000610352,-2.1867706775665283,12.935002326965332,5.495345592498779,13.933903694152832,15.33767318725586,21.11923599243164,4.91068696975708,4.188115119934082,4.9832377433776855,4.523619174957275,6.9089484214782715,11.055923461914062
41.0,0.0,0.0,0.0,0.0,0.0,0,8.567294120788574,7.109493255615234,18.333526611328125,21.50984001159668,6.064277648925781,2.41475510597229,2.049025535583496,6.046294689178467,7.974131107330322,3.1669461421521645,40.31606480443271,0.36965535412955614,0.25605036893691097,16.14834721319413,-39.95641431236842,39.95641431236842,0.3434257209300995,0.040085664855500976,0.7606183886528015,0.4817681908607483,0.4921141975308642,0.5078858024691358,0.26704734563827515,0.03117055521879756,0.6003094911575317,0.383369505405426,1.4671228528022766,-0.06558537483215332,-0.15764236450195312,0.0918558036166022,0.004964501764114337,4.717134475708008,0.7211979031562805,5.089644432067871,3.072352647781372,6.351449489593506,9.413552284240723,2.2838664054870605,5.252557277679443,3.615110397338867,5.795502185821533,7.888702869415283,13.604961395263672,2.2006285190582275,1.934038519859314,3.2772486209869385,2.6137077808380127,4.443617820739746,7.804238319396973,3.383589744567871,-0.11066524684429169,6.797301292419434,2.9702160358428955,7.901817321777344,14.010488510131836,-0.5159346461296082,12.497193336486816,5.461795806884766,12.978132247924805,14.819708824157715,23.20335578918457,3.1977462768554688,-2.634070873260498,4.466376304626465,3.4276795387268066,5.966084003448486,10.073211669921875,5.394070625305176,-5.264318466186523,7.866103649139404,5.586031913757324,10.28961181640625,20.48541259765625,1.3497973680496216,10.380105972290039,6.770669460296631,11.246329307556152,13.680401802062988,23.590320587158203,-0.2781018018722534,-4.334808349609375,2.5773262977600098,4.59958553314209,5.764257907867432,12.895246505737305
41.5,0.0,0.0,0.0,0.0,0.0,0,7.7913899421691895,6.612339019775391,14.34302806854248,16.27177619934082,4.743255138397217,1.9526121616363525,-1.1380892992019653,5.516116619110107,6.904254913330078,2.260075553322988,329.7640255774056,0.2900734747071026,0.2509704261873185,348.02672166133954,-28.121625551854606,28.121625551854606,0.30578482151031494,0.03924649960192882,0.6622532606124878,0.4343906044960022,0.5016820987654321,0.49831790123456793,0.2648427188396454,0.03399171223795772,0.5927298665046692,0.3899267911911011,-0.4621429443359375,-3.1871148347854614,-0.7759041786193848,-0.005079942749592448,-0.0008391652535721522,2.18284010887146,0.8036428689956665,2.990373373031616,2.556748151779175,4.339919567108154,7.241425514221191,-4.44259786605835,-4.166260719299316,4.631791114807129,5.111650466918945,7.509829044342041,11.81529426574707,1.3833473920822144,0.46926820278167725,2.7661349773406982,4.04733943939209,5.222805976867676,8.918991088867188,0.39273518323898315,3.113715171813965,2.7187252044677734,3.209576368331909,4.62296724319458,8.782190322875977,0.39727282524108887,-8.21362590789795,3.117976665496826,8.715225219726562,9.510611534118652,14.76191234588623,6.072411060333252,-0.27457743883132935,6.07260274887085,2.18237566947937,6.6382904052734375,10.881665229797363,0.9376670718193054,9.379057884216309,3.4476418495178223,9.381946563720703,10.363972663879395,15.294865608215332,2.7698616981506348,-8.534550666809082,5.3871355056762695,9.306147575378418,11.275399208068848,18.505203247070312,7.879971027374268,-2.8194732666015625,8.141803741455078,4.0971903800964355,10.63870620727539,20.297780990600586
42.0,0.0,0.0,0.0,0.0,0.0,0,6.782506942749023,5.307279109954834,12.223292350769043,19.12842559814453,6.104285717010498,-1.202079176902771,-0.26262298226356506,7.740711212158203,4.672485828399658,1.2304329231438227,192.32399202119643,0.1814127038173167,0.05158656694020576,315.8767375477951,-32.14998411354446,32.14998411354446,0.3302977383136749,0.04869846686531143,0.7163650989532471,0.4620916247367859,0.43896604938271605,0.561033950617284,0.2449289709329605,0.03611185906458197,0.5304709076881409,0.3377096652984619,-3.1546913385391235,0.8754663169384003,-1.008882999420166,-0.19938385924711277,0.009451967263382606,-0.14427728950977325,-1.148959994316101,2.138040065765381,3.1498804092407227,4.072627067565918,7.539455413818359,-0.31702443957328796,1.2416750192642212,2.3030507564544678,5.108821392059326,6.167168140411377,10.538002014160156,-1.3484183549880981,0.48863962292671204,3.475241184234619,1.592881679534912,4.007610321044922,8.267218589782715,3.3857290744781494,3.6672823429107666,3.9067935943603516,5.544190406799316,7.4249043464660645,10.942503929138184,1.8042792081832886,1.1662172079086304,2.709397077560425,4.098361492156982,5.150458812713623,9.163080215454102,-6.364218711853027,0.20845076441764832,8.025805473327637,1.4595342874526978,8.621766090393066,21.41337776184082,4.103880405426025,-1.4802173376083374,4.5031328201293945,2.5427582263946533,5.7256340980529785,10.85050106048584,-1.097611665725708,-3.015477180480957,2.2969086170196533,5.74123477935791,6.49424934387207,11.033041000366211,-10.84105110168457,-3.4912173748016357,11.762557983398438,3.5068442821502686,13.378137588500977,33.19768524169922
42.5,0.0,0.0,0.0,0.0,0.0,0,7.464226245880127,6.534612655639648,13.855504989624023,18.313488006591797,4.639608860015869,-0.07536590844392776,4.574676513671875,4.758902549743652,5.801736354827881,4.575297282679743,90.94383894858807,0.6129633711471533,0.5006177570189551,85.71834863930273,129.84161109150767,129.84161109150767,0.27058184146881104,0.03625048281028132,0.5942912697792053,0.379330039024353,0.47203703703703703,0.527962962962963,0.2553507089614868,0.03420993232788128,0.5723017454147339,0.3721395432949066,1.1267132684588432,4.83729949593544,0.6817193031311035,0.4490311900787493,-0.012447984055030108,-0.36885592341423035,3.2712390422821045,2.548938274383545,4.811051368713379,6.200192928314209,12.014476776123047,-2.17102313041687,9.394730567932129,4.113802433013916,10.179703712463379,11.493589401245117,21.255210876464844,2.8296923637390137,4.599877834320068,3.895353078842163,5.8880534172058105,7.8569183349609375,12.015816688537598,-1.7393994331359863,3.9911577701568604,2.158313512802124,4.038516521453857,5.058681488037109,7.80905818939209,-1.7518713474273682,5.872983932495117,4.100564002990723,6.246945381164551,8.167762756347656,18.58660316467285,4.438535213470459,5.091609477996826,4.555141448974609,5.261658191680908,7.756621837615967,10.753022193908691,-0.8120679259300232,4.325532913208008,2.6786551475524902,4.600935935974121,5.618067264556885,9.780139923095703,-5.0828537940979,4.285347938537598,5.746471405029297,4.582214832305908,8.235259056091309,15.887813568115234,3.979550838470459,0.3396056592464447,4.13807487487793,4.88974142074585,6.7909440994262695,10.270672798156738
43.0,0.0,0.0,0.0,0.0,0.0,0,7.60034704208374,6.941650390625,14.660390853881836,15.496886253356934,4.42020320892334,3.4145665168762207,-0.3182033598423004,5.874395370483398,5.57085657119751,3.429361146975794,354.6759842615252,0.45121112601663343,0.2862112147384481,348.7488927314903,-96.96945590781246,96.96945590781246,0.3058297038078308,0.04023890775980614,0.6702306866645813,0.44022083282470703,0.5398456790123457,0.4601543209876543,0.2334536761045456,0.03071618231321694,0.49983981251716614,0.34739410877227783,3.4899324253201485,-4.892879873514175,0.13612079620361328,-0.21440654228050693,0.003988424949524817,6.212477207183838,-0.9535320401191711,6.218396186828613,2.208512783050537,6.828200340270996,10.377347946166992,10.018394470214844,2.1872682571411133,10.051504135131836,2.7679545879364014,10.579177856445312,16.187320709228516,4.913854122161865,-4.114734649658203,6.454532146453857,4.2125654220581055,8.331928253173828,14.052895545959473,0.649768590927124,0.08558892458677292,1.736167311668396,2.911668300628662,3.6777164936065674,6.452557563781738,6.485071182250977,5.394227027893066,7.530160427093506,5.663827419281006,9.707368850708008,15.34499454498291,3.797513246536255,-8.221923828125,5.47205924987793,8.262452125549316,10.262968063354492,14.758700370788574,-2.8067309856414795,5.697154998779297,3.564831256866455,5.773614883422852,7.356319427490234,9.717866897583008,0.1690041720867157,2.3346736431121826,3.6059398651123047,3.476806163787842,5.456176280975342,9.537027359008789,1.291746735572815,-5.272552967071533,2.828599691390991,5.2852983474731445,6.203274726867676,13.302144050598145
43.5,0.0,0.0,0.0,0.0,0.0,0,6.752584934234619,6.092350006103516,11.805717468261719,14.163698196411133,3.766845941543579,-0.25283554196357727,0.09319312125444412,4.847328186035156,6.018083572387695,0.2694638549586222,159.76652440173382,0.03990528924597154,0.17045793226242775,86.89899828499348,98.15010555350318,98.15010555350318,0.3221559226512909,0.04770852615410752,0.6908061504364014,0.4660457670688629,0.41794753086419756,0.5820524691358024,0.23576977849006653,0.03491547990448346,0.49500319361686707,0.35496363043785095,-3.667402058839798,0.41139648109674454,-0.8477621078491211,-0.11575328247602037,0.0074696183943013805,0.6624308824539185,4.874940395355225,1.9085416793823242,4.875403881072998,5.410696983337402,9.367701530456543,-1.3287500143051147,1.630989670753479,4.402951240539551,2.396933078765869,5.647778511047363,8.682449340820312,-2.851757764816284,1.7719799280166626,6.0520124435424805,2.705066442489624,6.909967422485352,10.0518217086792,1.0286498069763184,5.256827354431152,2.621939182281494,5.264725685119629,6.200436592102051,9.974682807922363,-0.9628545045852661,2.0782790184020996,3.456953287124634,2.6867475509643555,4.947298049926758,8.5958251953125,-4.455186367034912,-5.1208906173706055,6.131726264953613,5.387065410614014,8.66491413116455,14.226958274841309,2.5630359649658203,2.26678729057312,2.810826301574707,3.303955316543579,4.882575988769531,7.648181915283203,3.5853545665740967,-0.3675367832183838,4.392515182495117,3.082716464996338,6.079789638519287,11.031476974487305,-0.5164428353309631,-11.55263900756836,2.414804220199585,11.552669525146484,12.02980899810791,18.616607666015625
44.0,0.0,0.0,0.0,0.0,0.0,0,6.219874382019043,6.067189693450928,10.076204299926758,11.206581115722656,3.1381654739379883,-0.7154110074043274,1.190340280532837,5.113800048828125,4.52274751663208,1.388784682005914,121.0064506128567,0.22328178942339,0.2282244879646799,130.82130485475398,43.92230656976051,43.92230656976051,0.2565456032752991,0.04124610020595323,0.5504224300384521,0.34811389446258545,0.5205092592592593,0.4794907407407407,0.2235800325870514,0.03594606304065127,0.4906969964504242,0.3061472475528717,-0.4625754654407501,1.0971471592783928,-0.5327105522155762,0.05776655570225214,-0.006462425948154292,-3.569013833999634,2.114741086959839,4.477338790893555,2.394040584564209,5.283403396606445,9.427020072937012,-3.517820119857788,0.8877531886100769,3.6541335582733154,3.676051378250122,5.455357551574707,9.945588111877441,2.6895642280578613,0.9174616932868958,4.425097465515137,5.605087757110596,7.505245208740234,9.47261905670166,-4.149792671203613,4.261474132537842,4.696690082550049,4.261474132537842,6.680410385131836,9.459650039672852,-0.8535049557685852,-0.12255378067493439,5.089787006378174,2.355942964553833,5.928096771240234,9.942752838134766,2.571347951889038,0.6551603078842163,3.2420449256896973,4.062022686004639,5.673532009124756,7.861586570739746,-4.362387657165527,1.987104892730713,4.81203556060791,2.6681323051452637,5.7717180252075195,10.67922306060791,2.2176334857940674,1.9047902822494507,4.518407344818115,3.8668909072875977,6.218933582305908,14.95513916015625,2.5352745056152344,-1.892869472503662,3.6436150074005127,6.164036273956299,7.46217679977417,9.85632038116455
44.5,0.0,0.0,0.0,0.0,0.0,0,6.902597904205322,6.06879997253418,12.279030799865723,14.989784240722656,4.163150310516357,-0.3856026828289032,0.0822683647274971,6.073194980621338,5.285690784454346,0.39428100745506905,167.95650690170035,0.057120668613024415,0.03284774470645507,125.45176619076084,-5.369538663993126,5.369538663993126,0.2712819576263428,0.03930142275267764,0.5821641087532043,0.3671909272670746,0.5443055555555556,0.45569444444444446,0.2457541972398758,0.035603140302727584,0.5325824022293091,0.3347008228302002,0.3298083245754242,-1.1080719158053398,0.6827235221862793,-0.19537674325822482,-0.0019446774532755895,-8.227577209472656,-0.4535801112651825,8.288395881652832,5.794929504394531,10.463212013244629,19.193603515625,-3.3431396484375,-0.15005095303058624,4.211117267608643,3.905278205871582,6.372954845428467,10.236458778381348,7.817251682281494,-1.8073958158493042,8.157702445983887,6.033472061157227,10.51400375366211,15.787896156311035,-3.9721593856811523,1.7657723426818848,4.442441940307617,5.721619129180908,7.447654724121094,12.252091407775879,1.2231992483139038,-3.259782552719116,2.1527113914489746,3.5345778465270996,4.570941925048828,6.996262073516846,2.8097314834594727,-0.2724912166595459,3.568009614944458,3.9937779903411865,5.631556034088135,11.06645393371582,-0.8818275332450867,5.2502288818359375,5.190861701965332,5.253556251525879,7.878655433654785,10.995964050292969,3.186140775680542,0.19175462424755096,4.744919300079346,2.197075366973877,5.4879069328308105,8.192296981811523,-2.0820422172546387,-0.5240398645401001,2.975112199783325,1.6989076137542725,3.756497383117676,6.160628318786621
45.0,0.0,0.0,0.0,0.0,0.0,0,6.385800838470459,6.333157539367676,10.303276062011719,11.598730087280273,2.894035577774048,0.2730758786201477,-3.8268179893493652,4.335720539093018,3.954277515411377,3.836548756251129,274.08162066125954,0.6007936754209935,0.5201860847399908,278.02764610323766,152.5758799124768,152.5758799124768,0.2623339593410492,0.04108081740974975,0.5711594820022583,0.3605217933654785,0.4869753086419753,0.5130246913580246,0.231767937541008,0.03629425769912734,0.49414998292922974,0.3116554021835327,0.6586785614490509,-3.9090863540768623,-0.5167970657348633,0.48733834003353577,0.0017793946570721086,-3.380112409591675,-0.21178142726421356,4.047858238220215,2.739779233932495,5.454954624176025,7.753089427947998,-0.1047549918293953,-5.212107181549072,2.5662825107574463,5.4366326332092285,6.285816192626953,9.646994590759277,-3.0168826580047607,-3.2870659828186035,3.5875866413116455,5.512556552886963,6.854026794433594,12.099390029907227,0.3337233364582062,-1.594866156578064,4.946053504943848,2.4296059608459473,6.119316577911377,9.112173080444336,-1.1792927980422974,-8.10754680633545,3.8077237606048584,8.10754680633545,9.182817459106445,12.290231704711914,0.6769852042198181,-3.702735424041748,1.9015545845031738,4.710885524749756,5.433958530426025,8.912841796875,4.070597171783447,-5.574263095855713,4.48440408706665,5.574658393859863,7.3893585205078125,11.61658000946045,4.371238708496094,-3.3465847969055176,4.4349751472473145,3.365198850631714,5.8512420654296875,7.804155349731445,0.6861810088157654,-3.4044125080108643,2.4437804222106934,3.816329002380371,4.900716304779053,9.062196731567383
45.5,0.0,0.0,0.0,0.0,0.0,0,7.190083980560303,6.618365287780762,12.39946174621582,14.778441429138184,3.8744962215423584,1.6207078695297241,-2.5479397773742676,5.619174003601074,5.1005120277404785,3.0197170575207224,302.45985331059154,0.4199835587018282,0.2767712313393351,287.16972233873616,9.142076235498507,9.142076235498507,0.27362412214279175,0.038055756348163355,0.6017847657203674,0.37325093150138855,0.465679012345679,0.534320987654321,0.21058964729309082,0.029288895452899106,0.46142593026161194,0.2877580523490906,1.3476319909095764,1.2788782119750977,0.8042831420898438,-0.24341485340065572,-0.0030250610615863913,-4.28537130355835,0.8357200026512146,5.394789695739746,3.292384386062622,7.060538291931152,11.783135414123535,6.216152191162109,-4.033497333526611,6.473750114440918,4.940501689910889,8.740998268127441,12.34335708618164,-2.634174108505249,1.8576269149780273,2.9404754638671875,2.983130931854248,4.6801438331604,8.551194190979004,-1.6912811994552612,-4.226162433624268,3.5437326431274414,4.424627780914307,6.1556243896484375,9.160629272460938,5.598209857940674,-7.549912452697754,6.3018012046813965,7.836158752441406,10.54177474975586,16.90757179260254,0.39681342244148254,1.4145444631576538,3.2111611366271973,2.9784576892852783,4.765085697174072,8.614169120788574,2.435459613800049,-6.010840892791748,3.0522265434265137,6.0925421714782715,7.574376106262207,11.694747924804688,4.679648399353027,-6.498007774353027,6.306971549987793,6.498007774353027,9.665987014770508,15.143170356750488,3.870913028717041,1.2790697813034058,3.9570534229278564,3.4249680042266846,5.526226043701172,10.115133285522461
46.0,0.0,0.0,0.0,0.0,0.0,0,8.264603614807129,7.821264266967773,13.781344413757324,15.94669246673584,4.020841121673584,3.19240140914917,-2.598823070526123,6.177977085113525,5.418313503265381,4.11646791667765,320.8521619239465,0.4980841318635602,0.3998277345598335,312.3750801151866,25.205357776450455,25.205357776450455,0.2441980093717575,0.029547452147226087,0.5270849466323853,0.33869755268096924,0.5835493827160494,0.4164506172839506,0.16970521211624146,0.020533978336022538,0.382549524307251,0.24977608025074005,1.5716935396194458,-0.05088329315185547,1.0745196342468262,0.12305650322049838,-0.008508304200937268,-1.7749038934707642,-3.89892578125,3.4452264308929443,3.901219129562378,5.488699913024902,10.187050819396973,4.2288408279418945,-10.7229585647583,5.004551410675049,10.7229585647583,12.163612365722656,18.272653579711914,5.881867408752441,-2.5767550468444824,5.881867408752441,4.522408485412598,7.977299213409424,12.652833938598633,-2.9967947006225586,-2.0647079944610596,3.8032546043395996,2.717024087905884,4.800967216491699,7.648316383361816,4.102993965148926,-6.5153913497924805,5.91140079498291,6.5153913497924805,9.32176685333252,15.700069427490234,8.383975982666016,2.36169695854187,8.383975982666016,4.734870910644531,10.097843170166016,12.972935676574707,-2.819956064224243,1.4989070892333984,4.306143283843994,2.2449963092803955,5.217329502105713,8.518818855285645,3.854395627975464,-4.092583656311035,6.067541599273682,4.185091495513916,8.024247169494629,12.58415699005127,9.871194839477539,2.6213090419769287,9.871194839477539,4.769167900085449,11.289664268493652,14.941039085388184
46.5,0.0,0.0,0.0,0.0,0.0,0,5.899104595184326,5.4661760330200195,10.31856918334961,11.770957946777344,3.0652353763580322,-0.7028694152832031,-1.7822154760360718,4.028627395629883,4.928990364074707,1.9158072496895489,248.4767356405814,0.324762380252335,0.2306012586955554,240.520656405167,-71.85442371001963,71.85442371001963,0.2837507128715515,0.048100632933777025,0.6195363402366638,0.38268932700157166,0.4605246913580247,0.5394753086419753,0.2505834102630615,0.04247820389376022,0.5422629714012146,0.3356499969959259,-3.895270824432373,0.8166075944900513,-2.3654990196228027,-0.1692264758642781,0.018553180786550938,-1.6656811237335205,2.466763496398926,3.565500259399414,4.326816558837891,5.942025184631348,10.518457412719727,0.7449483275413513,-3.392836809158325,2.931720495223999,5.382444858551025,6.7364020347595215,11.454757690429688,-1.5486252307891846,0.5644004940986633,2.239506721496582,2.1090850830078125,3.447937250137329,5.503766059875488,-1.957725167274475,-1.982055425643921,3.8672218322753906,3.274260997772217,5.670680522918701,9.896042823791504,0.6853852272033691,-3.413750648498535,3.182065486907959,4.8355255126953125,6.404097080230713,9.74075698852539,-3.271019697189331,-1.2412962913513184,3.56427264213562,2.455566644668579,4.649287223815918,6.82186222076416,-0.12368883192539215,-2.0433151721954346,3.5350937843322754,4.475252151489258,6.106476783752441,8.597074508666992,2.1190290451049805,-2.9483423233032227,3.160061836242676,6.331353187561035,7.603724956512451,14.596922874450684,-1.3084473609924316,-4.049506187438965,4.031385898590088,4.621628284454346,6.531306743621826,11.80638313293457
47.0,0.0,0.0,0.0,0.0,0.0,0,8.080472946166992,7.588183879852295,14.383015632629395,15.549206733703613,4.387335300445557,0.8962246775627136,-4.4878435134887695,5.3005194664001465,5.958465099334717,4.5764569345986,281.2934324726789,0.5663600342563442,0.41950216245499294,267.6312494879601,27.110593082793088,27.110593082793088,0.2779415547847748,0.034396689678904,0.5989388227462769,0.3831912577152252,0.511141975308642,0.48885802469135803,0.20964430272579193,0.02594455524793043,0.4783407747745514,0.29308435320854187,1.5990940928459167,-2.7056280374526978,2.181368350982666,0.18890090375943755,-0.013703943254873029,-2.9804275035858154,-7.173898220062256,3.6913976669311523,7.456300258636475,8.631918907165527,13.980121612548828,6.777576923370361,-6.753137111663818,6.820742130279541,9.310171127319336,12.722882270812988,16.641023635864258,0.11927544325590134,3.999112129211426,4.108771324157715,4.310094833374023,6.187784194946289,9.376326560974121,-2.2772281169891357,-3.0709292888641357,2.6229991912841797,4.746055603027344,5.789432525634766,12.577010154724121,5.5352654457092285,-9.730344772338867,5.582514762878418,9.73773193359375,12.038209915161133,16.12807273864746,0.8811557292938232,-2.0422816276550293,3.7609591484069824,2.5856542587280273,4.932419776916504,8.602502822875977,-4.364030361175537,-2.7338671684265137,4.388659954071045,3.5202741622924805,6.0382819175720215,9.118355751037598,4.56808614730835,-8.000046730041504,6.340951442718506,8.000046730041504,10.584338188171387,14.375606536865234,-0.19365207850933075,-4.885195255279541,1.5958420038223267,5.163490295410156,5.798992156982422,13.211372375488281
47.5,0.0,0.0,0.0,0.0,0.0,0,7.803551197052002,7.516397476196289,13.057516098022461,14.912656784057617,3.9855101108551025,2.0476810932159424,2.162531614303589,5.771230220794678,5.882436275482178,2.9781774363487012,46.56258579977425,0.38164386458741845,0.3541153577844959,48.84865401529302,141.21740452733297,141.21740452733297,0.31905314326286316,0.040885629416740996,0.6833747625350952,0.45714449882507324,0.4406635802469136,0.5593364197530865,0.2320018857717514,0.029730292040514094,0.5094472169876099,0.32894575595855713,1.1514564156532288,6.650375127792358,-0.27692174911499023,-0.06538680467049707,0.006488939737836999,-0.44523265957832336,4.296896457672119,4.788524627685547,4.353298664093018,6.929452896118164,11.498804092407227,1.8478540182113647,4.5699782371521,3.9653141498565674,5.202469825744629,6.9223408699035645,10.38361644744873,4.169522762298584,1.822000503540039,4.336504936218262,2.7677600383758545,5.854758262634277,9.900835990905762,2.5201833248138428,4.048317909240723,6.031336784362793,4.125245571136475,7.705591201782227,14.42675495147705,3.8147287368774414,6.478471755981445,5.204850196838379,6.478471755981445,8.794541358947754,12.55386734008789,2.8866372108459473,-3.565378427505493,3.0643060207366943,4.851150035858154,6.2929558753967285,10.553818702697754,1.9783068895339966,7.04368257522583,8.73276138305664,7.04368257522583,11.759221076965332,17.822256088256836,4.100470066070557,3.43369197845459,4.623310565948486,3.9633724689483643,6.527285099029541,10.737714767456055,-2.443341016769409,-8.664877891540527,2.9465034008026123,8.716747283935547,9.445809364318848,14.891214370727539
48.0,0.0,0.0,0.0,0.0,0.0,0,5.57959508895874,5.342845916748047,9.123100280761719,10.243651390075684,2.904879570007324,2.1780619621276855,0.04998244345188141,4.472143650054932,3.8501534461975098,2.178635388384418,1.3146001183271234,0.39046478349220015,0.28094669499587954,6.302251573805314,-42.546402441487714,42.546402441487714,0.24688436090946198,0.044247712015931126,0.5398141145706177,0.3379232585430145,0.45209876543209876,0.5479012345679012,0.21958430111408234,0.03935487401115104,0.47722724080085754,0.326785147190094,0.13038086891174316,-2.1125491708517075,-2.2239561080932617,-0.07316866278861633,0.0033620825991901304,4.9707932472229,3.6663715839385986,5.325850486755371,4.227538108825684,7.254397869110107,13.04779052734375,5.927479267120361,0.9775443077087402,6.121638774871826,3.226999282836914,7.245279788970947,11.631169319152832,-0.7523536682128906,-3.1683425903320312,2.3386335372924805,3.646709680557251,4.768232345581055,7.952746391296387,2.3779075145721436,0.13244448602199554,3.1901965141296387,2.3639774322509766,4.404409885406494,8.727945327758789,2.588733196258545,1.962638020515442,4.048923015594482,2.5635392665863037,5.225147724151611,8.380789756774902,-1.3925021886825562,-1.6155608892440796,2.985126256942749,3.38521671295166,5.17136287689209,7.6919145584106445,2.691351890563965,-1.103455662727356,4.5000200271606445,3.7560813426971436,6.3172287940979,9.668764114379883,0.693930983543396,-1.6304380893707275,2.456624984741211,3.1113991737365723,4.479659080505371,7.576414585113525,2.497218370437622,1.2286404371261597,4.771078586578369,1.8820679187774658,5.350632667541504,8.218803405761719
48.5,0.0,0.0,0.0,0.0,0.0,0,7.698643207550049,7.302979469299316,13.395051956176758,14.950422286987305,4.147318363189697,-1.2660319805145264,-0.9998204112052917,4.819509506225586,7.116123676300049,1.6132197092610332,218.29912481821472,0.20954597657921734,0.16451877327482853,202.8963617097826,-163.4058898640227,163.4058898640227,0.29131853580474854,0.037840238872066966,0.6309397220611572,0.4321363568305969,0.5915123456790123,0.40848765432098766,0.21149420738220215,0.02747161729786007,0.4750836193561554,0.3216346204280853,-3.444093942642212,-1.0498028546571732,2.1190481185913086,-0.11642792172105101,-0.0064074731438641605,1.100341558456421,-4.478658676147461,1.8094711303710938,5.197469711303711,5.750819206237793,11.859965324401855,-6.442205429077148,-10.031402587890625,6.44688606262207,10.031402587890625,12.136225700378418,16.535934448242188,-1.9794737100601196,2.0913655757904053,2.4311165809631348,2.768343210220337,4.038984298706055,7.606592655181885,-1.2173802852630615,-0.1741137057542801,2.7679524421691895,5.00313138961792,6.18129301071167,10.962039947509766,-4.369228839874268,-9.27543830871582,6.425551414489746,9.27543830871582,11.578597068786621,15.414648056030273,2.620058536529541,2.1126394271850586,3.431814193725586,4.03548002243042,6.308588981628418,10.214266777038574,-3.6663215160369873,2.5320146083831787,3.900725841522217,4.934002876281738,6.910470962524414,10.725349426269531,-1.898688793182373,2.844357967376709,4.732009410858154,5.657954692840576,7.88400936126709,12.309443473815918,4.4586100578308105,5.380852222442627,4.4910783767700195,5.9404144287109375,8.498800277709961,14.950662612915039
49.0,0.0,0.0,0.0,0.0,0.0,0,7.517057418823242,7.2338547706604,12.512505531311035,13.727813720703125,3.4764790534973145,-4.329183101654053,-3.7263588905334473,3.563720464706421,4.823315620422363,5.712055401403655,220.72033452302924,0.7598791765379183,0.6935965779750345,213.0705419496196,10.174180239837,10.174180239837,0.2728941738605499,0.036303319550797124,0.5860316157341003,0.37584516406059265,0.444891975308642,0.555108024691358,0.21841493248939514,0.029055904626531678,0.45753899216651917,0.29259824752807617,-3.0631511211395264,-2.7265384793281555,-0.18158578872680664,0.5290778047002059,-0.0015369193212698418,-3.975724935531616,2.6862218379974365,3.9888112545013428,2.9787139892578125,5.344029903411865,8.356988906860352,-3.0206825733184814,0.19853481650352478,3.124337673187256,2.69634747505188,4.488785743713379,6.834568977355957,-7.299187183380127,-3.05218505859375,7.299187183380127,3.18813157081604,8.195913314819336,14.66395092010498,-3.4669628143310547,-2.299928665161133,3.6924939155578613,4.200017929077148,6.041240215301514,11.28005599975586,-4.91799783706665,-3.2228949069976807,4.91799783706665,3.4893133640289307,6.417040824890137,9.95885944366455,-3.1682894229888916,-6.714942455291748,3.223315954208374,6.714942455291748,7.766356468200684,12.091907501220703,-3.592660903930664,-9.894676208496094,4.339837551116943,9.894676208496094,11.161852836608887,14.17534065246582,-8.045858383178711,-3.9780631065368652,8.045858383178711,4.341203212738037,10.113039016723633,13.19902515411377,-1.475286841392517,-7.25929594039917,2.8253118991851807,7.25929594039917,8.12525463104248,12.04854679107666
49.5,0.0,0.0,0.0,0.0,0.0,0,8.155599594116211,8.085302352905273,12.864445686340332,14.351594924926758,3.5424628257751465,0.884348452091217,3.9059252738952637,6.22121524810791,4.931634426116943,4.004787688501092,77.24263510524145,0.4910476099624009,0.4453776540650057,80.17385869867104,-132.89668325094857,132.89668325094857,0.3308117091655731,0.04056251962660291,0.7151321172714233,0.4473933279514313,0.5677777777777778,0.43222222222222223,0.23320211470127106,0.028594106836167622,0.5164813995361328,0.33749276399612427,5.21353155374527,7.632284164428711,0.6385421752929688,-0.2482189239100288,0.004259200075805783,3.5058035850524902,1.7289007902145386,3.96213436126709,5.688296794891357,7.656167507171631,11.463314056396484,0.626313328742981,-1.646044373512268,5.793580532073975,2.5731570720672607,6.554047107696533,9.968583106994629,-3.2021820545196533,0.8421345353126526,4.5029730796813965,2.388868570327759,5.312136650085449,8.925978660583496,0.9081640839576721,4.503971099853516,3.7833781242370605,5.457218647003174,7.4257354736328125,11.267412185668945,-0.649504542350769,3.7604856491088867,7.232237339019775,4.2729268074035645,8.990594863891602,14.773419380187988,2.464374542236328,5.154079914093018,5.8188886642456055,5.2049455642700195,8.303932189941406,11.691666603088379,-0.6224591732025146,6.191459655761719,3.048952341079712,6.220491409301758,7.248622894287109,9.272019386291504,-1.770004391670227,10.775550842285156,5.454801082611084,10.775766372680664,12.720849990844727,16.597997665405273,6.6986308097839355,3.842787981033325,6.892336368560791,5.540998458862305,9.18831729888916,13.780272483825684
50.0,0.0,0.0,0.0,0.0,0.0,0,5.586886882781982,5.1910223960876465,9.811684608459473,11.53550910949707,3.0415501594543457,0.855660080909729,0.49833279848098755,4.123470783233643,4.741395950317383,0.990196824931456,30.21634008225425,0.17723588211229166,0.16332448234359906,12.829683359028285,-67.34417533964276,67.34417533964276,0.2677248418331146,0.047920210222618866,0.5837807655334473,0.36003902554512024,0.4790740740740741,0.5209259259259259,0.22768756747245789,0.04075391743123386,0.4976041913032532,0.31136852502822876,-0.028688371181488037,-3.407592475414276,-2.5687127113342285,-0.28205317172140665,0.007357690596015959,-0.6094868183135986,2.719059467315674,1.8100203275680542,3.00046443939209,3.792811870574951,6.0818610191345215,-2.504323720932007,-1.134828805923462,3.0842626094818115,3.319474458694458,4.965407371520996,7.360872745513916,-1.464942455291748,1.3750499486923218,3.4102866649627686,4.168717384338379,5.812943935394287,11.709074020385742,3.0526578426361084,2.395413398742676,3.628669261932373,3.7985997200012207,5.808903217315674,9.384392738342285,0.6992979645729065,0.4250781536102295,2.3559467792510986,2.775851249694824,3.978116750717163,6.85383415222168,2.9714784622192383,-2.175380229949951,3.5946717262268066,3.419071674346924,5.427852153778076,10.06629753112793,0.038862865418195724,2.646055221557617,4.527313709259033,6.371253490447998,8.279511451721191,13.488935470581055,2.5941178798675537,0.5449957251548767,4.272644519805908,3.1464920043945312,5.898471355438232,8.294208526611328,2.92327880859375,-2.310447931289673,4.817148208618164,3.709571361541748,6.317967891693115,10.308581352233887
50.5,0.0,0.0,0.0,0.0,0.0,0,6.317094802856445,5.760878086090088,10.433616638183594,13.775660514831543,3.7607879638671875,-0.7049443125724792,-2.411381244659424,3.9341185092926025,5.679808616638184,2.512310886598933,253.704222672149,0.39770036147992016,0.32076763000212183,246.5496228907382,-126.28006046829012,126.28006046829012,0.2858502268791199,0.045250259897889306,0.612064003944397,0.41703230142593384,0.4698148148148148,0.5301851851851852,0.23844221234321594,0.03774554317118285,0.5149680972099304,0.3311222791671753,-1.5606043934822083,-2.9097140431404114,0.7302079200744629,0.15744314765852277,-0.00266995032472956,-0.47528916597366333,0.38236120343208313,1.3316437005996704,4.491881847381592,4.914616107940674,6.926812648773193,-2.423994779586792,-3.0439236164093018,3.3391318321228027,3.086897850036621,4.889283657073975,7.965999603271484,-0.7495236396789551,-1.7717790603637695,2.8972270488739014,2.6799261569976807,4.292923927307129,8.756178855895996,-4.190637111663818,-2.984299421310425,4.199880599975586,4.214522838592529,6.662385940551758,8.970425605773926,-1.357017159461975,-5.849939823150635,4.356505870819092,5.849939823150635,7.474050521850586,9.86213207244873,1.098376989364624,-2.3904991149902344,2.083456039428711,4.21577787399292,4.916451930999756,9.975808143615723,-0.9891223311424255,-1.0338709354400635,1.9553349018096924,4.563640594482422,5.118110656738281,7.9237589836120605,0.7404792904853821,-0.9705372452735901,3.5121984481811523,4.310900688171387,5.881860733032227,9.5708589553833,2.0022294521331787,-4.039944171905518,5.306872367858887,10.999064445495605,12.704170227050781,18.632001876831055
51.0,0.0,0.0,0.0,0.0,0.0,0,5.503220558166504,5.051375389099121,9.563941955566406,12.204795837402344,3.2226767539978027,0.02403504215180874,2.7143020629882812,4.169183254241943,3.990110397338867,2.7144084755971565,89.4926612984412,0.4932399940920249,0.3461781667681558,95.91235194128608,-150.6372709494521,150.6372709494521,0.2864585220813751,0.052052878310211784,0.6289344429969788,0.39470112323760986,0.5220370370370371,0.477962962962963,0.22644931077957153,0.04114849972622529,0.4896080791950226,0.30718865990638733,0.728979354724288,5.125683307647705,-0.8138742446899414,0.025410536766033998,0.006802618412322478,-1.6636451482772827,0.39225679636001587,2.486035108566284,3.0555245876312256,4.307413578033447,7.068514823913574,-3.653184175491333,2.458237886428833,3.6616551876068115,3.117866277694702,5.10038948059082,8.67171859741211,0.18809804320335388,1.7804958820343018,2.2779085636138916,3.0367188453674316,4.081946849822998,7.941900253295898,2.3458383083343506,0.5001475811004639,3.4102485179901123,1.8190807104110718,4.205284118652344,7.603252410888672,0.8881963491439819,2.244748592376709,3.1971635818481445,2.5649235248565674,4.36423921585083,7.570156574249268,-0.3789536654949188,5.797259330749512,2.3135664463043213,5.851646900177002,6.650553226470947,9.717500686645508,2.6792118549346924,1.8156461715698242,4.472314834594727,2.3765242099761963,5.61564302444458,8.509806632995605,2.4866514205932617,0.20323045551776886,3.867648124694824,1.7214770317077637,4.6075053215026855,8.305052757263184,-2.6758971214294434,9.236695289611816,4.2004852294921875,9.236695289611816,10.59600830078125,14.479365348815918
51.5,0.0,0.0,0.0,0.0,0.0,0,6.357905864715576,6.355127334594727,10.148944854736328,11.02082347869873,2.8078927993774414,-1.5111140012741089,2.5415239334106445,5.080178737640381,3.7089359760284424,2.956824213399532,120.73444853092155,0.46506259707445463,0.46265341275635524,119.24185069824874,23.329498756962664,23.329498756962664,0.2986029088497162,0.04696559971755332,0.638553261756897,0.40456104278564453,0.4975154320987654,0.5024845679012345,0.212999165058136,0.033501460400468544,0.46838223934173584,0.2916933000087738,-1.5351490434259176,-0.17277812957763672,0.8546853065490723,0.11647524598819942,-0.005087278592658465,-3.556483745574951,-1.177933931350708,4.576374053955078,2.584660291671753,5.617580890655518,10.130911827087402,0.7549424767494202,-0.5378076434135437,3.9878504276275635,2.7672603130340576,5.390328407287598,10.07925796508789,-2.388853073120117,5.112187385559082,3.6948037147521973,5.124807834625244,6.840487957000732,10.177300453186035,-2.216223955154419,3.8512277603149414,2.68743896484375,4.07710599899292,5.497454643249512,7.7482523918151855,2.4819743633270264,3.090744733810425,4.297790050506592,3.7557320594787598,6.195060729980469,10.130308151245117,-2.966172456741333,2.2332146167755127,4.774044036865234,3.2257184982299805,6.370179653167725,10.232389450073242,-2.8478012084960938,5.476600170135498,3.079240083694458,5.485474586486816,6.6325297355651855,9.739129066467285,-0.39337947964668274,3.0038349628448486,5.528246879577637,3.263253688812256,7.069136142730713,10.805837631225586,-2.4680278301239014,1.8216472864151,6.229044437408447,3.2627737522125244,7.608395576477051,11.282187461853027
52.0,0.0,0.0,0.0,0.0,0.0,0,7.504530429840088,7.361310958862305,12.914105415344238,13.855693817138672,3.829509735107422,0.7466073632240295,2.0770132541656494,7.007752895355225,4.123483657836914,2.207126324613097,70.22841625110146,0.2941058531573078,0.30100908496340406,65.80615269327285,-53.43569800497589,53.43569800497589,0.2887580692768097,0.03847782795986807,0.6314939260482788,0.388620525598526,0.5742438271604938,0.4257561728395062,0.21745021641254425,0.028975855247657726,0.47475287318229675,0.3078823685646057,2.2577213644981384,-0.4645106792449951,1.1466245651245117,-0.16164432779295118,-0.008487771757685246,-7.6477251052856445,-1.6199125051498413,8.227095603942871,2.7428059577941895,9.069286346435547,16.984848022460938,-0.6723178625106812,-2.0632128715515137,5.924844741821289,2.3147852420806885,6.634162425994873,9.786561012268066,3.586562395095825,0.436629980802536,8.244888305664062,2.136843204498291,8.653799057006836,12.994146347045898,-0.13426662981510162,5.92033576965332,4.967342853546143,5.928565502166748,8.147621154785156,12.968323707580566,0.9298045039176941,0.4469006359577179,5.9271745681762695,2.267554759979248,6.634867191314697,11.127945899963379,4.688047885894775,0.6513808965682983,5.977275371551514,1.7972936630249023,6.608858585357666,12.825034141540527,2.5825695991516113,6.480186462402344,2.8545567989349365,6.4841156005859375,7.403380393981934,13.515836715698242,0.8986220955848694,3.2017621994018555,3.7513959407806396,3.502925395965576,5.780625343322754,8.634560585021973,2.488168478012085,5.239049911499023,6.0740647315979,5.239049911499023,8.608176231384277,11.96363639831543
52.5,0.0,0.0,0.0,0.0,0.0,0,7.881890296936035,7.907432556152344,13.281725883483887,14.516712188720703,3.9538934230804443,0.447504460811615,3.3980154991149902,6.590214729309082,4.751818656921387,3.4273560618459222,82.49755972569655,0.43483935106001853,0.38078862701688676,83.10718558711275,17.301032893839903,17.301032893839903,0.295937180519104,0.037546468147073415,0.655066967010498,0.40148377418518066,0.4728703703703704,0.5271296296296296,0.23457138240337372,0.029760798971505704,0.5286007523536682,0.3327029347419739,-0.29910290241241455,1.3210022449493408,0.37735986709594727,0.0797795420534827,-0.0009313598127946576,6.6754469871521,1.6187093257904053,8.011919975280762,3.0059571266174316,9.09886360168457,13.293438911437988,-1.9701930284500122,2.342585802078247,6.1958909034729,2.8931546211242676,7.212639808654785,11.77566146850586,-6.875212669372559,6.940814971923828,6.875212669372559,6.940863132476807,10.101162910461426,14.84376335144043,5.26617956161499,3.0523996353149414,5.906949996948242,3.139725923538208,7.623693943023682,10.515689849853516,-0.9030759930610657,3.4822466373443604,5.3687520027160645,4.348548889160156,7.578035831451416,10.978534698486328,-4.669913291931152,5.983206272125244,4.924236297607422,6.347796440124512,8.157358169555664,13.604828834533691,3.2504053115844727,3.2518880367279053,3.7978577613830566,3.380683660507202,5.3423686027526855,9.027116775512695,1.1600375175476074,6.685352325439453,4.43454122543335,6.945461273193359,8.838204383850098,13.906244277954102,2.0938656330108643,-2.775062084197998,4.541572093963623,4.39070463180542,6.984688758850098,16.141807556152344
53.0,0.0,0.0,0.0,0.0,0.0,0,6.77285099029541,6.187668323516846,12.279667854309082,13.599204063415527,3.7259607315063477,-1.4641300439834595,0.6340027451515198,5.996909141540527,4.609310150146484,1.5955050192821927,156.58625359961167,0.2355736190812906,0.20364154123216957,173.7173697870148,90.61018419990205,90.61018419990205,0.31179487705230713,0.0460359797466514,0.6786554455757141,0.43453285098075867,0.46953703703703703,0.5304629629629629,0.24350771307945251,0.03595349690623189,0.5271298885345459,0.33106109499931335,-1.9116345047950745,-2.7640127539634705,-1.109039306640625,-0.1771470857847172,0.008489511599577983,-2.187039613723755,2.010958433151245,9.303922653198242,2.953619956970215,10.051309585571289,14.185651779174805,-2.888782501220703,-3.6122937202453613,3.4203457832336426,5.169341564178467,6.91834831237793,11.30204963684082,-4.057462215423584,1.8699612617492676,5.929340362548828,2.7457571029663086,6.829044818878174,11.955397605895996,-1.7938406467437744,0.6862085461616516,4.930900573730469,2.0820374488830566,5.6124725341796875,9.375112533569336,0.5016304850578308,-2.646678924560547,3.0425233840942383,4.486236572265625,5.88259744644165,9.195777893066406,0.20224975049495697,1.1441932916641235,4.676235675811768,3.8655412197113037,6.603979110717773,10.879024505615234,-3.325131893157959,0.2710058093070984,4.246792316436768,2.502650022506714,5.176033973693848,9.533388137817383,-0.19976575672626495,0.938499391078949,2.0694830417633057,3.1526827812194824,4.033413410186768,6.472984790802002,0.5709720849990845,5.04417085647583,6.4841437339782715,6.240001678466797,9.848459243774414,14.419872283935547
53.5,0.0,0.0,0.0,0.0,0.0,0,8.323826789855957,7.892602443695068,13.881648063659668,15.47554874420166,3.8386123180389404,0.5495980381965637,2.333385944366455,6.398104667663574,6.110527992248535,2.3972375704039943,76.74631067403071,0.287997051227141,0.17422901708499752,74.1499831160779,-99.5673866709369,99.5673866709369,0.2903318405151367,0.03487960681610412,0.6353944540023804,0.3997363746166229,0.5423611111111111,0.4576388888888889,0.24314779043197632,0.02921105488610595,0.5438406467437744,0.34380725026130676,2.013728082180023,1.6993831992149353,1.5509757995605469,-0.029412524147172048,-0.011156372930547276,-0.8777125477790833,2.2235655784606934,3.696962594985962,4.529793739318848,6.304309844970703,9.639131546020508,6.379392147064209,1.181079626083374,6.417054176330566,3.3955721855163574,7.826564311981201,10.40669059753418,-1.9422881603240967,-5.389097213745117,3.837231397628784,5.407402515411377,7.3004889488220215,9.170669555664062,-1.9912508726119995,3.003359079360962,2.837540626525879,6.653720855712891,7.589356422424316,11.75676155090332,8.106668472290039,4.073038578033447,8.922019958496094,4.649257183074951,10.705493927001953,14.636686325073242,-2.5280065536499023,2.9547204971313477,4.3951520919799805,5.102105140686035,7.271820545196533,14.086840629577637,-2.4696223735809326,-1.7458751201629639,2.7067291736602783,5.187891483306885,6.17863655090332,9.044957160949707,5.126010894775391,8.101630210876465,6.489423751831055,8.101630210876465,11.096696853637695,15.511911392211914,-4.856810092926025,6.598052501678467,7.230162143707275,6.712891578674316,10.641074180603027,16.901702880859375
54.0,0.0,0.0,0.0,0.0,0.0,0,4.979416370391846,4.562434196472168,8.609807968139648,9.94424819946289,3.077859878540039,0.08833444863557816,1.5129958391189575,3.999711513519287,3.99664306640625,1.5155722958694613,86.65864766188717,0.3043674565720633,0.24272929046187228,83.35632018876935,9.20633707269144,9.20633707269144,0.27478960156440735,0.05518509117117517,0.6045037508010864,0.3767297565937042,0.4945833333333333,0.5054166666666666,0.23183183372020721,0.04655802405693171,0.5088822245597839,0.32915598154067993,-0.46126358956098557,-0.8203901052474976,-3.3444104194641113,0.06850027337687475,0.020305484355071048,0.5787835717201233,5.564886093139648,3.707108736038208,5.843784809112549,7.812045574188232,14.640451431274414,-2.2782669067382812,0.7026063799858093,2.7772743701934814,3.6323249340057373,5.146329402923584,8.52653694152832,1.2107725143432617,-0.18046532571315765,2.0547752380371094,1.8972280025482178,3.1908586025238037,5.720715045928955,0.7170102000236511,2.668614625930786,2.775153636932373,2.920302152633667,4.481820106506348,7.346560955047607,-1.9919039011001587,-0.6820054650306702,3.612689256668091,1.8188036680221558,4.299249172210693,7.699872016906738,0.7690324783325195,0.5354886054992676,2.6450672149658203,1.6951017379760742,3.3677332401275635,6.143590927124023,2.644866704940796,3.029654026031494,3.143601417541504,3.4849750995635986,5.524752140045166,10.452592849731445,-0.21866488456726074,0.34228989481925964,3.0969674587249756,3.6566574573516846,5.447969913482666,8.752799034118652,-0.6366199851036072,1.6358929872512817,4.239716053009033,2.6647932529449463,5.5439887046813965,8.391888618469238
54.5,0.0,0.0,0.0,0.0,0.0,0,6.029628276824951,5.7244462966918945,10.817704200744629,12.411717414855957,3.6045889854431152,-0.5081572532653809,-0.5852140784263611,5.325259208679199,4.515572547912598,0.7750479415072539,229.0313320343324,0.12853992085816845,0.167260259711537,212.06392882041155,128.7076086316422,128.7076086316422,0.27390238642692566,0.045426074116973844,0.595236599445343,0.364292711019516,0.5685030864197531,0.4314969135802469,0.21741029620170593,0.03605699226606327,0.47475290298461914,0.29975175857543945,-0.596491701900959,-2.0982099175453186,1.0502119064331055,-0.07546903075033529,-0.009759017054201326,-2.221088171005249,-5.760372161865234,4.600990295410156,5.8035407066345215,8.377647399902344,11.344403266906738,0.15506932139396667,-2.578796863555908,2.152188539505005,3.014263868331909,4.175268173217773,7.230780601501465,2.6999289989471436,0.477886825799942,8.977615356445312,3.1285834312438965,9.993769645690918,15.424378395080566,-3.606778860092163,-3.623077154159546,5.164865016937256,3.6696903705596924,6.77019739151001,10.620867729187012,-0.8970776796340942,-1.5271894931793213,1.6997219324111938,1.9317632913589478,2.9137794971466064,5.651797294616699,2.5782482624053955,3.231752634048462,5.603331089019775,3.6666629314422607,7.291750907897949,12.603960037231445,-2.9375476837158203,-1.8453755378723145,3.0954136848449707,3.5270512104034424,5.118861675262451,9.27286148071289,-1.8038229942321777,0.7898920774459839,2.143798828125,2.0930542945861816,3.304905891418457,6.203096389770508,1.4596537351608276,5.568352699279785,2.316368341445923,5.626122951507568,6.3204731941223145,9.853904724121094
55.0,0.0,0.0,0.0,0.0,0.0,0,8.803568840026855,8.34996223449707,15.23449993133545,16.23627281188965,4.596078872680664,0.7676815390586853,-4.459023952484131,6.9672980308532715,5.441626071929932,4.524624797067566,279.7684843061786,0.513953474924354,0.4027870007592642,281.33330295313993,69.26937413272839,69.26937413272839,0.31232237815856934,0.0354767876933906,0.6940877437591553,0.43104851245880127,0.5878086419753087,0.41219135802469137,0.24182960391044617,0.02746949343332619,0.5412245988845825,0.3635880947113037,1.2758387923240662,-3.8738098740577698,2.7739405632019043,0.23552674104772722,-0.009949286423583246,2.23164439201355,-6.942166328430176,5.1432318687438965,7.324246883392334,9.753305435180664,15.63420581817627,-1.3073521852493286,-9.175660133361816,4.788596153259277,9.175660133361816,10.59124755859375,15.148760795593262,8.9708833694458,-2.08388090133667,8.9708833694458,4.747087478637695,11.021681785583496,16.25302505493164,-0.6557897925376892,-6.414804458618164,3.151312828063965,6.4247612953186035,7.881948947906494,14.30649185180664,-2.4911069869995117,-5.173301696777344,5.517238616943359,5.250865459442139,7.825520992279053,12.912548065185547,7.801506519317627,-0.32450345158576965,8.081352233886719,3.16949462890625,9.019974708557129,13.532756805419922,-1.6692315340042114,-5.659066677093506,2.6605892181396484,6.718135833740234,7.69417142868042,16.666772842407227,-5.0217437744140625,0.03146640211343765,5.851668834686279,2.11759090423584,6.589763641357422,14.578737258911133,-0.949676513671875,-4.389298915863037,6.17387580871582,5.693135738372803,8.854506492614746,16.54281997680664
55.5,0.0,0.0,0.0,0.0,0.0,0,6.275175094604492,5.565932273864746,11.677165985107422,13.553229331970215,3.6088554859161377,2.4234557151794434,-0.5538239479064941,4.923042297363281,4.6888651847839355,2.485932132764417,347.1274427258084,0.39615342923289354,0.3682679243172928,345.62189587925417,64.28859292611423,64.28859292611423,0.2963281273841858,0.04722228076419624,0.6487063765525818,0.40617281198501587,0.46111111111111114,0.5388888888888889,0.2368732988834381,0.03774767358116149,0.5195789933204651,0.33116570115089417,1.655774176120758,3.9052000045776367,-2.5283937454223633,-0.034519076441971386,0.011745493070805642,6.714905738830566,-2.997755289077759,6.723916053771973,4.955692768096924,8.856728553771973,13.910778999328613,3.526484727859497,2.8248138427734375,3.756016254425049,4.256353378295898,6.0949835777282715,12.183114051818848,3.4201269149780273,1.1306637525558472,3.444633722305298,3.8601090908050537,5.495935916900635,7.728475570678711,4.574499607086182,-1.054689884185791,6.015278339385986,2.48281192779541,7.221678256988525,15.220869064331055,2.1235032081604004,0.8923432230949402,4.061436653137207,1.4251385927200317,4.446664810180664,7.2175116539001465,3.744194269180298,-1.3741400241851807,3.8300726413726807,2.8125767707824707,5.113976955413818,10.454983711242676,-0.553734302520752,1.0496635437011719,4.275388240814209,3.2094454765319824,5.925605297088623,9.8214693069458,-2.243506908416748,0.3844897449016571,3.7112557888031006,4.171502113342285,6.111537933349609,12.301545143127441,0.5046278834342957,-5.839804649353027,2.206183433532715,6.2130045890808105,7.209465026855469,11.817558288574219
56.0,0.0,0.0,0.0,0.0,0.0,0,5.654982566833496,5.22756290435791,9.989446640014648,12.28283405303955,3.3237998485565186,1.1014518737792969,-0.29068124294281006,3.781902313232422,5.236983299255371,1.1391627694279256,345.2162851890694,0.20144408156253593,0.1380419586027336,340.972437578704,-4.6494583005501795,4.6494583005501795,0.27629345655441284,0.04885840131788803,0.6172302961349487,0.38003021478652954,0.5083333333333333,0.49166666666666664,0.22668442130088806,0.040085778963248136,0.5082733035087585,0.3246189057826996,-1.3220038414001465,0.2631427049636841,-0.6201925277709961,-0.23022596571455922,0.0016361205536917917,-2.6439552307128906,2.1394848823547363,3.743734359741211,2.6266679763793945,4.931089401245117,7.61043119430542,3.5117359161376953,-2.3128163814544678,3.8052711486816406,3.9128012657165527,5.953731060028076,10.046716690063477,-0.972396731376648,-4.960200786590576,2.6573214530944824,5.957087516784668,7.170611381530762,10.309845924377441,4.132596492767334,2.706451892852783,5.4058613777160645,3.260345697402954,6.721529960632324,13.03121566772461,2.064117908477783,-3.200563907623291,2.3083739280700684,3.3186912536621094,4.293748378753662,7.676779747009277,-0.825646162033081,-1.6908611059188843,1.4174472093582153,2.859877109527588,3.4304423332214355,6.902941703796387,3.650266647338867,0.9976431131362915,3.709216594696045,4.08447265625,5.903042316436768,8.879919052124023,0.09538384526968002,-0.13172824680805206,1.8905571699142456,7.129147529602051,7.6844162940979,13.343183517456055,0.9009632468223572,3.8364598751068115,1.8101481199264526,4.002106189727783,4.806229591369629,11.294127464294434
56.5,0.0,0.0,0.0,0.0,0.0,0,7.791060447692871,7.584936618804932,13.339879035949707,14.783609390258789,3.8453948497772217,-2.586759328842163,-4.314705848693848,4.4683661460876465,5.496669769287109,5.030706748172155,239.05640259997924,0.6457024408868338,0.5459350204324307,235.17652202491396,-105.79591555379002,105.79591555379002,0.2708956003189087,0.03477005054287278,0.6002200841903687,0.3861405551433563,0.5271296296296296,0.4728703703703704,0.22318732738494873,0.028646588001310154,0.5029863119125366,0.3275797963142395,-3.68821120262146,-4.024024605751038,2.136077880859375,0.4078930618296971,-0.014088350775015253,-4.986800193786621,-3.208148956298828,7.046792984008789,3.2864856719970703,7.939512729644775,10.863917350769043,-1.16422700881958,-8.478487014770508,5.6083855628967285,8.480103492736816,10.8643217086792,15.429874420166016,-2.3429839611053467,-9.212074279785156,2.485722541809082,9.212685585021973,9.837233543395996,15.281952857971191,-5.390845775604248,-0.9082874655723572,6.441917419433594,1.9923101663589478,6.966312885284424,9.278470039367676,-1.7329999208450317,-7.61585807800293,4.384865760803223,7.61585807800293,9.297454833984375,13.295892715454102,-0.3656104505062103,-4.509810447692871,3.775521993637085,5.022006511688232,6.707249164581299,12.37735366821289,-3.5047965049743652,-1.7971231937408447,3.568917989730835,2.929063320159912,5.150566577911377,7.553955078125,-2.379376173019409,-7.11375093460083,3.406367778778076,7.197953701019287,8.26257038116455,12.196002960205078,-1.4131925106048584,4.0111846923828125,2.200083017349243,4.456492900848389,5.094324111938477,11.170180320739746
57.0,0.0,0.0,0.0,0.0,0.0,0,8.209362030029297,7.4122514724731445,14.27933120727539,16.462812423706055,4.570469856262207,1.5149264335632324,-0.3671771287918091,7.280150413513184,5.7317023277282715,1.558788357352085,346.3757830262178,0.18987935379754745,0.06780096851635138,350.40469772265584,115.2281756977419,115.2281756977419,0.32112225890159607,0.03911658647899387,0.6988279819488525,0.45348086953163147,0.4925925925925926,0.5074074074074074,0.21161139011383057,0.02577683424886564,0.4535442888736725,0.30639591813087463,4.1016857624053955,3.9475287199020386,0.4183015823364258,-0.47813405191607933,0.004346535936121089,2.01633358001709,-2.973224401473999,6.0177483558654785,3.9915027618408203,7.517082691192627,12.837418556213379,0.8530128598213196,6.473245620727539,4.425392150878906,7.66721773147583,9.895454406738281,14.278307914733887,0.08185187727212906,4.313695430755615,2.465052604675293,4.355952262878418,5.446821212768555,8.465703964233398,2.082683563232422,-1.7912606000900269,6.571094989776611,2.050718307495117,7.201730728149414,14.523799896240234,0.8192166090011597,0.9734805226325989,6.315301418304443,3.3379602432250977,7.891825199127197,13.661689758300781,1.9424948692321777,-0.6687617897987366,6.436363697052002,4.073625564575195,8.287850379943848,13.831088066101074,0.6202148199081421,1.862867832183838,6.584835052490234,2.1569387912750244,7.213765621185303,16.307973861694336,3.2892422676086426,-1.9643616676330566,6.342698574066162,3.334174871444702,7.909248352050781,14.95893669128418,1.9292868375778198,-9.530274391174316,6.539742946624756,9.530274391174316,12.520479202270508,19.478092193603516
57.5,0.0,0.0,0.0,0.0,0.0,0,5.670968055725098,5.411568641662598,9.459831237792969,10.911529541015625,2.826139450073242,0.6967512965202332,-0.8395094275474548,3.958143711090088,4.825951099395752,1.0909804985166698,309.69099493298893,0.1923799407431463,0.1998073723528473,286.24253797144297,-64.16215975121287,64.16215975121287,0.280057430267334,0.049384404590358935,0.6168664693832397,0.38266125321388245,0.48183641975308644,0.5181635802469136,0.22282741963863373,0.039292653063179646,0.4767305254936218,0.3032504916191101,-0.8181751370429993,-0.47233229875564575,-2.538393974304199,0.13200640383649592,0.010267818111365068,0.14950679242610931,-4.674372673034668,1.9729809761047363,5.277327060699463,6.054039001464844,9.510201454162598,1.8048391342163086,4.172000408172607,3.5900449752807617,4.81406307220459,6.854493141174316,11.409564971923828,2.5219595432281494,3.790395736694336,4.74605131149292,4.370384693145752,7.425937652587891,11.826874732971191,0.2548085153102875,-1.8490010499954224,2.980783700942993,2.64363694190979,4.436483383178711,7.625875949859619,-0.34583407640457153,-3.0876400470733643,2.343085765838623,4.560771942138672,5.524657249450684,9.490911483764648,-0.8612532019615173,-1.0602507591247559,3.689187526702881,3.1326301097869873,5.215858459472656,7.872014045715332,3.32169246673584,2.337583303451538,3.671083688735962,2.8241677284240723,4.857743263244629,8.200935363769531,-0.6514310836791992,-4.420987606048584,3.0021812915802,4.886152267456055,6.224876403808594,10.144113540649414,0.07647383213043213,-2.763312816619873,2.3887155055999756,3.1584219932556152,4.444623947143555,7.458730697631836
58.0,0.0,0.0,0.0,0.0,0.0,0,5.3022308349609375,5.037384033203125,9.135777473449707,10.078989028930664,2.789588451385498,1.7128700017929077,-0.6620376706123352,3.5077366828918457,4.496556758880615,1.8363598558974878,338.8680925150298,0.34633721410037716,0.2760125658589633,344.8373241135576,58.59478614211463,58.59478614211463,0.2666975259780884,0.050299106919389006,0.5766739845275879,0.3623120188713074,0.5002777777777778,0.49972222222222223,0.2284815013408661,0.04309157133310248,0.49728676676750183,0.3125719428062439,1.0161187052726746,0.17747175693511963,-0.36873722076416016,0.07620519350611599,0.0009147023290300704,0.9356513023376465,-2.8798062801361084,1.8659470081329346,3.840358018875122,4.787082672119141,9.367666244506836,3.726322889328003,-2.818810224533081,4.125515460968018,5.240458965301514,7.832756042480469,12.528349876403809,1.2377527952194214,-1.3645901679992676,3.262723207473755,3.5999631881713867,5.207278728485107,9.14233112335205,2.3044939041137695,2.3569157123565674,3.215099573135376,3.7626748085021973,5.333137512207031,8.193259239196777,1.3496614694595337,-2.318157911300659,1.8289673328399658,3.5439116954803467,4.3934831619262695,6.823496341705322,1.2382516860961914,-0.19141119718551636,3.97277569770813,1.8467611074447632,4.777768135070801,7.462011814117432,4.640472888946533,3.3673744201660156,4.698520183563232,3.4284746646881104,6.417834758758545,9.505708694458008,0.8989917039871216,-3.581291437149048,2.484402656555176,4.101465702056885,5.093441963195801,9.083739280700684,-0.9157676696777344,1.4714374542236328,1.9976911544799805,2.8057141304016113,3.8772940635681152,8.303346633911133
58.5,0.0,0.0,0.0,0.0,0.0,0,8.287799835205078,8.513221740722656,12.02383804321289,12.795377731323242,3.1326913833618164,-1.325821876525879,-2.708604335784912,6.648765563964844,5.020056247711182,3.015682525748927,243.918933485601,0.36387009649278107,0.30072729545374427,250.41004370063985,-94.42728041291775,94.42728041291775,0.23369184136390686,0.02819708702111014,0.4965382218360901,0.3030011057853699,0.6314506172839506,0.36854938271604937,0.20431511104106903,0.0246525121806952,0.4575790464878082,0.29543522000312805,-3.0386918783187866,-2.046566665172577,2.9855690002441406,0.024714729594780993,-0.022102019898278865,-9.639240264892578,1.2173062562942505,9.639240264892578,2.3273508548736572,10.062479019165039,12.583816528320312,-2.828629493713379,-7.906378269195557,3.851959466934204,7.912511825561523,9.442319869995117,12.028658866882324,0.8756155967712402,-8.075784683227539,5.741793632507324,8.075784683227539,10.349123001098633,12.468164443969727,-8.30318832397461,2.092921018600464,8.42897891998291,2.2794387340545654,8.864606857299805,11.72915267944336,-1.1738406419754028,-2.967031717300415,3.4835379123687744,3.420830726623535,5.476301193237305,7.584692001342773,6.02463436126709,-7.822932720184326,6.356634140014648,7.832058429718018,10.60006046295166,14.8921480178833,-2.259310007095337,1.2909308671951294,7.037381172180176,1.9632561206817627,7.485044479370117,12.494516372680664,-0.23455822467803955,1.5106247663497925,3.286172866821289,2.5541787147521973,4.418259143829346,7.270170211791992,5.606121063232422,-3.7170956134796143,5.606121063232422,5.124676704406738,7.892007350921631,10.3639554977417
59.0,0.0,0.0,0.0,0.0,0.0,0,6.786155700683594,6.310859680175781,11.588659286499023,13.99630355834961,3.736191511154175,-0.20685069262981415,-3.5414111614227295,5.2106804847717285,4.5028276443481445,3.547447000772657,266.6572022167528,0.5227476582088015,0.4729327343345276,261.158005789116,10.747962088476129,10.747962088476129,0.22532294690608978,0.03320332212243083,0.48454245924949646,0.29690954089164734,0.6060030864197531,0.3939969135802469,0.18833021819591522,0.027752117509597742,0.4142822027206421,0.2639712989330292,1.1189711838960648,-0.8328068256378174,-1.5016441345214844,0.17220543888078332,0.005006235101320689,-5.300857067108154,-3.628431558609009,5.350301265716553,3.7573935985565186,7.019345760345459,10.806318283081055,2.5357916355133057,-8.89298152923584,3.2871761322021484,10.168991088867188,11.246891975402832,16.477275848388672,0.6123741865158081,-4.226986408233643,1.8472710847854614,4.813906192779541,5.493601322174072,9.623971939086914,-4.676294326782227,-2.085158586502075,4.715847015380859,2.281181573867798,5.6665802001953125,10.129348754882812,4.132439613342285,-7.07914400100708,4.972070217132568,7.07914400100708,9.249537467956543,12.237696647644043,0.4293229579925537,-1.9733529090881348,3.7163100242614746,2.6626152992248535,4.886159896850586,8.067792892456055,-4.159264087677002,-0.27877095341682434,4.168369770050049,2.344271659851074,4.943182468414307,8.06953239440918,5.711409091949463,-3.34513783454895,5.847601890563965,3.366379976272583,6.951026916503906,12.459296226501465,-1.146578311920166,-0.36273589730262756,4.742821216583252,2.550344467163086,5.619068145751953,9.636128425598145
