time,bike_x,bike_y,bike_dx,bike_dy,bike_speed,tracked_points,flow_mean,flow_median,flow_p90,flow_p95,flow_std,flow_x,flow_y,flow_std_x,flow_std_y,flow_resultant,flow_resultant_angle,flow_resultant_ratio,flow_coherence,flow_angle,angle_change,angle_change_abs,div_abs_mean,div_normalized_mean,div_abs_p90,div_std,div_pos_fraction,div_neg_fraction,curl_abs_mean,curl_normalized_mean,curl_abs_p90,curl_std,delta_flow_x,delta_flow_y,delta_flow_mean,delta_flow_coherence,delta_div_mean,grid_0_0_x,grid_0_0_y,grid_0_0_abs_x,grid_0_0_abs_y,grid_0_0_mag,grid_0_0_p90,grid_0_1_x,grid_0_1_y,grid_0_1_abs_x,grid_0_1_abs_y,grid_0_1_mag,grid_0_1_p90,grid_0_2_x,grid_0_2_y,grid_0_2_abs_x,grid_0_2_abs_y,grid_0_2_mag,grid_0_2_p90,grid_1_0_x,grid_1_0_y,grid_1_0_abs_x,grid_1_0_abs_y,grid_1_0_mag,grid_1_0_p90,grid_1_1_x,grid_1_1_y,grid_1_1_abs_x,grid_1_1_abs_y,grid_1_1_mag,grid_1_1_p90,grid_1_2_x,grid_1_2_y,grid_1_2_abs_x,grid_1_2_abs_y,grid_1_2_mag,grid_1_2_p90,grid_2_0_x,grid_2_0_y,grid_2_0_abs_x,grid_2_0_abs_y,grid_2_0_mag,grid_2_0_p90,grid_2_1_x,grid_2_1_y,grid_2_1_abs_x,grid_2_1_abs_y,grid_2_1_mag,grid_2_1_p90,grid_2_2_x,grid_2_2_y,grid_2_2_abs_x,grid_2_2_abs_y,grid_2_2_mag,grid_2_2_p90
0.5,0.0,0.0,0.0,0.0,0.0,0,0.3901858329772949,0.007656597997993231,0.31580913066864014,3.5560545921325684,1.172133207321167,-0.28419649600982666,0.19020728766918182,0.9414442181587219,0.7231025099754333,0.3419743566800445,146.20636042151875,0.8764397058463784,0.2250946454349562,213.01653899433748,0.0,0.0,0.03108135424554348,0.07965761942395456,0.032206881791353226,0.14910413324832916,0.4680246913580247,0.5319753086419753,0.03147967532277107,0.08067846647352882,0.024540141224861145,0.1505976915359497,0.0,0.0,0.0,0.0,0.0,-0.0019523493247106671,-0.007467009127140045,0.004783241078257561,0.007563656661659479,0.009479323402047157,0.033023376017808914,-1.5560332536697388,0.9223818778991699,1.5582181215286255,1.1471937894821167,1.9956274032592773,4.577289581298828,-0.19782231748104095,0.16718699038028717,0.19820034503936768,0.1683083474636078,0.26600202918052673,0.005031076725572348,-0.0020855756010860205,-0.028098296374082565,0.027783868834376335,0.028726475313305855,0.04336820915341377,0.100235715508461,-0.7403819561004639,0.5655316114425659,0.770376443862915,0.6108651161193848,0.9975427985191345,4.76328182220459,0.0068316045217216015,0.00017735641449689865,0.007269548252224922,0.0014286242658272386,0.007667857222259045,0.009920849464833736,-0.0039441329427063465,-0.010902268812060356,0.01723143458366394,0.01231548935174942,0.022898780182003975,0.07535488158464432,-0.05347375571727753,0.08049953728914261,0.07818156480789185,0.09609861671924591,0.14121989905834198,0.26547786593437195,-0.008906987495720387,0.022555889561772346,0.012768151238560677,0.023592088371515274,0.027865931391716003,0.012824693694710732
1.0,0.0,0.0,0.0,0.0,0.0,0,0.3892398476600647,0.0072795068845152855,0.400911420583725,3.489319086074829,1.1546344757080078,-0.1993218958377838,0.27430033683776855,0.6961696147918701,0.9407797455787659,0.33907210582659497,126.00424276975747,0.8711135508477468,0.14655233858206673,38.609382083829644,-174.40715691050784,174.40715691050784,0.02968304231762886,0.07625880607359052,0.028714917600154877,0.1385396271944046,0.5042746913580247,0.4957253086419753,0.02804345265030861,0.0720465306220887,0.025195389986038208,0.13797961175441742,0.08487460017204285,0.08409304916858673,-0.0009459853172302246,-0.07854230685288946,-0.003398813350364044,0.005637694615870714,-0.002854911144822836,0.00640928465873003,0.003721828106790781,0.008286445401608944,0.026401862502098083,-1.2982697486877441,1.5505129098892212,1.3011260032653809,1.5907487869262695,2.132128953933716,5.173830032348633,-0.18044783174991608,0.15432649850845337,0.18076646327972412,0.15442095696926117,0.24486440420150757,0.0029056845232844353,0.02175595611333847,-0.018614476546645164,0.03827112540602684,0.020036209374666214,0.046238385140895844,0.11011496931314468,-0.38328567147254944,0.7553901672363281,0.4383733868598938,0.7869256734848022,0.9267891645431519,3.479517936706543,-0.0007887630490586162,-0.00046879021101631224,0.0030885124579072,0.0016268151812255383,0.0037065469659864902,0.009695721790194511,-0.011019572615623474,-0.013057398609817028,0.016280649229884148,0.013142377138137817,0.022208018228411674,0.06920672208070755,0.04746432229876518,0.02198844775557518,0.059833332896232605,0.06254598498344421,0.0958450585603714,0.192138671875,0.005056524183601141,0.021480463445186615,0.005734354257583618,0.021620765328407288,0.023092037066817284,0.016740718856453896
1.5,0.0,0.0,0.0,0.0,0.0,0,1.4767621755599976,0.011004934087395668,7.589095115661621,10.492914199829102,3.291647434234619,0.20242974162101746,1.415495753288269,0.6532566547393799,3.2472169399261475,1.4298972088475017,81.86132706194195,0.9682650548015801,0.5041193907068207,84.42968029418354,45.82029821035388,45.82029821035388,0.09849707782268524,0.06669795093267718,0.19252128899097443,0.37802454829216003,0.496929012345679,0.503070987654321,0.0859556645154953,0.05820544955212632,0.1494293361902237,0.34576916694641113,0.40175163745880127,1.1411954164505005,1.0875223278999329,0.3575670521247539,-0.009560855140913344,-0.0013622604310512543,0.004591205157339573,0.004557090345770121,0.0055236597545444965,0.007859883829951286,0.02304413542151451,0.4994966685771942,5.315346717834473,0.791390597820282,5.316754341125488,5.464151382446289,12.662964820861816,0.1302628070116043,0.3506336808204651,0.13057830929756165,0.3511616289615631,0.39965835213661194,0.0029663345776498318,0.008588739670813084,0.04267978295683861,0.03887702897191048,0.05064624547958374,0.07150481641292572,0.1519559770822525,0.5121035575866699,4.029270648956299,0.768409788608551,4.030065059661865,4.148853302001953,10.51333236694336,-0.0015954497503116727,-0.0011444824049249291,0.00579344155266881,0.002367527224123478,0.006722548045217991,0.0077509223483502865,0.0005571267101913691,0.031377650797367096,0.028211325407028198,0.03283749520778656,0.04812150448560715,0.1458236575126648,0.6411691904067993,2.9389259815216064,0.7611026167869568,2.952491521835327,3.0915684700012207,7.77551794052124,0.03264743462204933,0.027781762182712555,0.038001369684934616,0.033450569957494736,0.052419714629650116,0.014535944908857346
2.0,0.0,0.0,0.0,0.0,0.0,0,2.4954843521118164,0.02197391912341118,8.88741683959961,14.39796257019043,5.896069526672363,0.3211052119731903,-0.18042440712451935,4.041257858276367,4.952136516571045,0.36832258122816985,330.668993177083,0.14759562844642765,0.0037198572627397133,193.02380250782977,108.59412221364624,108.59412221364624,0.262106716632843,0.10503236030258961,0.8229274749755859,0.8393223881721497,0.49964506172839507,0.5003549382716049,0.32375049591064453,0.12973448056373849,0.8387742042541504,1.0791903734207153,0.11867547035217285,-1.5959201604127884,1.0187221765518188,-0.500399533444081,0.038334409369912434,0.00025426814681850374,0.0006010057404637337,0.0019065553788095713,0.001630028709769249,0.00278096622787416,0.007153023965656757,-0.5658680200576782,0.5844371914863586,4.476924419403076,4.926620006561279,7.216244220733643,15.391054153442383,1.3937753438949585,-1.756879210472107,1.7222012281417847,3.3770956993103027,3.8476521968841553,17.818872451782227,0.003758867271244526,-0.007344075944274664,0.05210789293050766,0.030639175325632095,0.06630806624889374,0.17393627762794495,-0.34907302260398865,0.7943907380104065,3.6087162494659424,2.505983591079712,4.909328460693359,13.411863327026367,1.237229824066162,-1.7441128492355347,1.2376611232757568,1.8821078538894653,2.308255434036255,2.8132481575012207,-0.02554371766746044,-0.03834082558751106,0.09905093908309937,0.048275597393512726,0.11873351782560349,0.3539983034133911,1.1917905807495117,0.5420112013816833,3.0860326290130615,2.096592903137207,3.97894287109375,10.758562088012695,0.0036227607633918524,0.0014168091583997011,0.009711134247481823,0.0034381437581032515,0.011114311404526234,0.022751664742827415
2.5,0.0,0.0,0.0,0.0,0.0,0,3.59806752204895,0.013272006995975971,12.128179550170898,23.284326553344727,8.101998329162598,-0.006336850579828024,0.6276257634162903,5.355531215667725,7.036532878875732,0.6276577527436049,90.57846965220784,0.17444301667417844,0.16734754006443783,73.49227397015568,-119.53152853767409,119.53152853767409,0.33790355920791626,0.09391248586213534,1.1283888816833496,0.9424929618835449,0.49061728395061727,0.5093827160493827,0.45857149362564087,0.12744934978739747,1.290857195854187,1.4411706924438477,-0.32744206255301833,0.8080501705408096,1.1025831699371338,0.16362768280169812,-0.011119874440454272,0.00043321450357325375,0.0003231050504837185,0.0006423293380066752,0.00046147190732881427,0.0008783169323578477,0.0014522119890898466,1.1982907056808472,4.982823371887207,6.284326076507568,5.668365955352783,8.847855567932129,29.699195861816406,-0.9208738803863525,2.0869686603546143,1.5243569612503052,3.2863054275512695,3.7343435287475586,11.81835651397705,-0.004964523483067751,-0.0038092522881925106,0.013540001586079597,0.00819355994462967,0.017480982467532158,0.06242012232542038,-0.6315749287605286,2.639768362045288,4.366719722747803,4.828911781311035,6.933920383453369,16.894182205200195,1.322364330291748,-2.2811315059661865,2.005260705947876,4.35456657409668,4.8739399909973145,20.61132049560547,9.487178613198921e-05,-0.008237318135797977,0.0558742918074131,0.02929997816681862,0.06781714409589767,0.18571126461029053,-2.668307304382324,0.8001070618629456,3.5984106063842773,2.5919723510742188,4.796203136444092,12.629883766174316,1.6475059986114502,-2.5681803226470947,1.6829943656921387,2.5946953296661377,3.110170602798462,15.66280746459961
3.0,0.0,0.0,0.0,0.0,0.0,0,1.165350079536438,0.0035458726342767477,5.539710998535156,6.334749698638916,2.2755582332611084,0.4317752420902252,1.0673936605453491,0.8681468963623047,2.1111056804656982,1.1514161221098447,67.97599869557126,0.9880431145359032,0.5242901660835614,56.214552663301944,-17.27772130685372,17.27772130685372,0.07511114329099655,0.0644536608837869,0.14933961629867554,0.2759283483028412,0.522608024691358,0.47739197530864197,0.07700567692518234,0.06607938009188977,0.1543731540441513,0.2788071632385254,0.43811209267005324,0.43976789712905884,-2.432717442512512,0.3569426260191235,-0.02945882497834844,0.00023511242761742324,0.00010625955474097282,0.00035511262831278145,0.0003626967081800103,0.0005506935412995517,0.0013395549030974507,0.7763926982879639,1.4551236629486084,0.7815786004066467,1.4551408290863037,1.6644644737243652,5.234078407287598,0.4862006604671478,0.9013350009918213,0.4908991754055023,0.9018535017967224,1.0477272272109985,6.283544540405273,0.0031648974400013685,0.002086541149765253,0.00417774124071002,0.004722537938505411,0.0068491194397211075,0.01996276155114174,0.9792898297309875,2.754230499267578,0.9794743657112122,2.7542777061462402,2.9285552501678467,6.091731071472168,0.43672385811805725,1.2437798976898193,0.4373023211956024,1.2441997528076172,1.3357633352279663,6.43973970413208,0.018296808004379272,0.027100015431642532,0.0245802141726017,0.028655540198087692,0.040353816002607346,0.11610689014196396,0.9017916917800903,2.511171340942383,0.9106623530387878,2.513713836669922,2.6902353763580322,6.402068138122559,0.28388169407844543,0.7116098403930664,0.28405338525772095,0.7119032144546509,0.7736510634422302,5.816525459289551
3.5,0.0,0.0,0.0,0.0,0.0,0,3.7906532287597656,0.0058593833819031715,12.55087661743164,22.582433700561523,9.479413986206055,0.009077931754291058,1.9946887493133545,5.390707015991211,8.437402725219727,1.9947094062750619,89.73924574173199,0.526217853730634,0.12507967942197384,110.43572780312799,54.221175139826045,54.221175139826045,0.37825828790664673,0.09978707238365185,1.1240124702453613,1.2609715461730957,0.4963888888888889,0.5036111111111111,0.4827282726764679,0.12734695478527144,1.2199013233184814,1.6264225244522095,-0.42269731033593416,0.9272950887680054,2.6253031492233276,-0.39921048666158754,0.03533341149986495,-0.00029561930568888783,-0.00013903855870012194,0.0005268928362056613,0.00040739341056905687,0.0007244175649248064,0.0018280316144227982,2.515000104904175,1.493390679359436,4.719544410705566,4.26157808303833,6.9294281005859375,21.227319717407227,-0.42728501558303833,1.3172458410263062,2.5433175563812256,4.256343364715576,4.9918317794799805,20.61452293395996,-0.002960412995889783,0.0009061176679097116,0.005810896400362253,0.005543436389416456,0.008879515342414379,0.02555069699883461,1.2013301849365234,4.631269931793213,3.864018440246582,6.631980895996094,8.06583023071289,22.46218490600586,-2.191415786743164,4.6600542068481445,2.7237393856048584,5.409389019012451,6.151119232177734,21.77104377746582,0.010130097158253193,-0.004398019518703222,0.02278631180524826,0.015832506120204926,0.030277734622359276,0.0809263214468956,0.6458179354667664,3.5548079013824463,3.1218013763427734,3.563614845275879,5.027121543884277,15.123588562011719,-1.668620228767395,2.299060344696045,1.6689491271972656,2.31084942817688,2.9106647968292236,12.397623062133789
4.0,0.0,0.0,0.0,0.0,0.0,0,2.0370066165924072,0.00765783479437232,6.5100555419921875,11.518802642822266,5.713186264038086,-0.5259775519371033,0.740702748298645,4.450276851654053,4.019905090332031,0.90845635364552,125.37879393705505,0.44597614276051056,0.0970941232551481,238.41918888393946,127.98346108081148,127.98346108081148,0.23372410237789154,0.11473894376932921,0.6970418691635132,0.7604542374610901,0.4757098765432099,0.5242901234567902,0.27501705288887024,0.13501032134034452,0.5198337435722351,1.1218940019607544,-0.5350554836913943,-1.2539860010147095,-1.7536466121673584,-0.027985556166825742,0.014951871385677357,-0.0005292221321724355,0.00021382857812568545,0.0033839468378573656,0.0016800382873043418,0.004028224386274815,0.003431277349591255,0.22196456789970398,2.1036629676818848,4.320157527923584,3.2189865112304688,5.71812629699707,23.057315826416016,-3.716930866241455,4.9202117919921875,6.823020935058594,4.959916591644287,9.084833145141602,18.21294403076172,0.009705313481390476,-0.0011507823364809155,0.0174164567142725,0.011542336083948612,0.022966690361499786,0.0674658715724945,-0.6917639374732971,-0.4307319223880768,1.9980013370513916,1.2155330181121826,2.577136993408203,7.521821022033691,-0.5629497170448303,0.08135979622602463,0.583663821220398,0.3007935583591461,0.6939091086387634,2.3373336791992188,0.006876490078866482,-0.016926076263189316,0.027821684256196022,0.023089149966835976,0.04034391790628433,0.11049049347639084,-7.687462493777275e-05,0.00931928027421236,0.13494685292243958,0.10954119265079498,0.1900145411491394,0.5747841000556946,-9.334932110505179e-05,0.0003663217357825488,0.0009984431089833379,0.001157193211838603,0.0017023058608174324,0.003505403408780694
4.5,0.0,0.0,0.0,0.0,0.0,0,0.943718433380127,0.0037429030053317547,2.3820207118988037,7.888726711273193,2.999760866165161,0.10493689775466919,-0.17618250846862793,2.8383679389953613,1.3382023572921753,0.2050659133075803,300.77865105072203,0.21729565308276688,0.24256848489119465,234.6158668132695,-3.8033220706699638,3.8033220706699638,0.09281040728092194,0.09834533866543597,0.21051761507987976,0.3875662386417389,0.4841512345679012,0.5158487654320988,0.07139785587787628,0.07565580759755051,0.1510397493839264,0.3164542317390442,0.6309144496917725,-0.916885256767273,-1.0932881832122803,0.14547436163604655,-0.016393605103893233,-8.525580051355064e-05,-0.002862783381715417,0.0021215106826275587,0.0030260486528277397,0.004028492607176304,0.007831903174519539,0.0006373287760652602,0.00016119157953653485,0.001604372402653098,0.0016412449767813087,0.002545200753957033,0.00461107213050127,1.8475285768508911,-0.7966141104698181,5.910455226898193,2.6283137798309326,6.770623207092285,13.618645668029785,-0.009377147071063519,-0.011334509588778019,0.018828023225069046,0.014959796331822872,0.026164978742599487,0.07470499724149704,-0.006302710622549057,-0.006638722028583288,0.0160320233553648,0.011301861144602299,0.021555768325924873,0.06273414939641953,-0.08415698260068893,0.16335532069206238,0.13027410209178925,0.2129024863243103,0.2780708372592926,1.1766552925109863,-0.003918203990906477,-0.024892788380384445,0.030790694057941437,0.033219583332538605,0.04987926781177521,0.1196412667632103,-0.8036744594573975,-0.9045547246932983,0.8970977663993835,0.9576296806335449,1.331445574760437,5.295227527618408,0.0037810266949236393,-0.0022616356145590544,0.006941945757716894,0.0050040725618600845,0.009152374230325222,0.010593021288514137
5.0,0.0,0.0,0.0,0.0,0.0,0,1.4924583435058594,0.004881319589912891,3.7655599117279053,14.270678520202637,4.586369037628174,-1.0615813732147217,-0.9662972092628479,3.309941053390503,3.2009084224700928,1.4355087281467926,222.30981524740736,0.9618417387615059,0.3781340655813235,244.15774182396007,9.541875010690575,9.541875010690575,0.06407806277275085,0.04293454495197731,0.14372192323207855,0.2309061735868454,0.4817901234567901,0.5182098765432098,0.0794084444642067,0.053206437287378575,0.125126451253891,0.3825984299182892,-1.1665182709693909,-0.79011470079422,0.5487399101257324,0.13556558069012886,-0.05541079371345867,0.0006682568928226829,-0.0008377123740501702,0.002920335391536355,0.0015605781227350235,0.00356193445622921,0.008852160535752773,-0.0020395717583596706,0.0018402735004201531,0.003453347599133849,0.003259338904172182,0.005196593701839447,0.011131827719509602,-6.305185317993164,-5.513378143310547,6.305473327636719,5.53691291809082,8.600436210632324,17.8087158203125,-0.008101248182356358,-0.026311764493584633,0.02423631027340889,0.027945222333073616,0.03999389708042145,0.0856880396604538,-0.033076174557209015,-0.03937631472945213,0.034703467041254044,0.040067970752716064,0.05649467557668686,0.12360761314630508,-1.9277042150497437,-2.0463528633117676,1.9322044849395752,2.046673059463501,2.841536283493042,16.122316360473633,-0.031361114233732224,-0.04699142277240753,0.04606803506612778,0.050368309020996094,0.07310943305492401,0.1660396009683609,-1.2532607316970825,-1.0248591899871826,1.4321799278259277,1.040745496749878,1.8012603521347046,7.234598159790039,0.005827927030622959,-0.00040775947854854167,0.00801848154515028,0.005406534299254417,0.010533725842833519,0.02167396992444992
5.5,0.0,0.0,0.0,0.0,0.0,0,0.9572374224662781,0.009438764303922653,3.2288706302642822,8.053630828857422,2.826127290725708,0.13765671849250793,-0.1647724211215973,2.403581142425537,1.7549920082092285,0.21470752876505886,309.87657774013053,0.22429913804652019,0.24952989906005738,240.78640156814805,-3.371340255812015,3.371340255812015,0.0651218444108963,0.06803095538425322,0.16214323043823242,0.21346330642700195,0.45969135802469135,0.5403086419753086,0.0718960389494896,0.07510776548673523,0.1469104140996933,0.2791106700897217,1.1992380917072296,0.8015247881412506,-0.5352209210395813,-0.12860416652126613,0.02509641043227591,-0.0006278305081650615,-0.004335008095949888,0.002632215851917863,0.005142979323863983,0.00633987644687295,0.017067722976207733,-0.0031355139799416065,-0.0019631239119917154,0.007004018407315016,0.005307941231876612,0.009492207318544388,0.03267677128314972,3.583831310272217,0.776251494884491,3.8227531909942627,2.6365416049957275,4.914173126220703,13.341538429260254,-0.016162842512130737,-0.0036311272997409105,0.058272846043109894,0.032571762800216675,0.07272539287805557,0.160038560628891,-0.11399005353450775,-0.08919935673475266,0.12505637109279633,0.09679841250181198,0.16312994062900543,0.23956924676895142,-1.0631179809570312,-0.999564528465271,1.0884758234024048,1.0272539854049683,1.565550684928894,8.15604305267334,-0.0019474225118756294,-0.00027403869898989797,0.05000510811805725,0.02234042063355446,0.05970223248004913,0.14822517335414886,-1.0559786558151245,-1.1353504657745361,1.2331435680389404,1.1582536697387695,1.719342827796936,7.788535118103027,-0.089960478246212,-0.024885840713977814,0.09560726583003998,0.03156430646777153,0.10468029230833054,0.07149611413478851
6.0,0.0,0.0,0.0,0.0,0.0,0,0.8286867141723633,0.015791654586791992,4.128788471221924,5.682312488555908,1.927720308303833,-0.6084625124931335,-0.4492816925048828,1.6676530838012695,1.0245387554168701,0.7563601445935056,216.4417318352457,0.912721456321292,0.5940558521867682,237.5274113438108,-3.2589902243372535,3.2589902243372535,0.04376748949289322,0.05281541978283725,0.1120074912905693,0.14507709443569183,0.49243827160493825,0.5075617283950618,0.04772249981760979,0.05758803829410185,0.1132754534482956,0.16516241431236267,-0.7461192309856415,-0.2845092713832855,-0.1285507082939148,0.34452595312671075,-0.015215535601415968,-0.0037187018897384405,-0.007387448567897081,0.010141424834728241,0.012248437851667404,0.016806799918413162,0.049674659967422485,-0.013880659826099873,-0.016502641141414642,0.014177768491208553,0.017773384228348732,0.023264842107892036,0.05616683140397072,-2.9213216304779053,-1.4167882204055786,2.9223380088806152,1.4464956521987915,3.3687446117401123,7.426805019378662,0.0013244852889329195,-0.091141477227211,0.0561840683221817,0.10160999745130539,0.1288605034351349,0.2599846422672272,-0.3612881898880005,-0.3837483525276184,0.36268842220306396,0.38378915190696716,0.5304203629493713,1.34224271774292,-0.3887273371219635,-0.798147439956665,0.392986923456192,0.798256516456604,0.939044177532196,4.186851501464844,-0.005357296206057072,-0.05812915787100792,0.041699040681123734,0.059127967804670334,0.07683729380369186,0.22125551104545593,-0.9975773096084595,-1.09538996219635,1.064770221710205,1.0988430976867676,1.553723692893982,4.925875186920166,-0.7856160402297974,-0.17630039155483246,0.7873163223266602,0.17816321551799774,0.8204779624938965,1.6628316640853882
6.5,0.0,0.0,0.0,0.0,0.0,0,0.9705401062965393,0.04156877100467682,3.6239607334136963,6.959859371185303,2.0482230186462402,-0.8902397155761719,-0.3014339804649353,1.996759057044983,0.5164577960968018,0.9398878634007773,198.70603182017592,0.9684173351550333,0.8531455418510591,222.82535226821682,-14.70205907559398,14.70205907559398,0.039055876433849335,0.04024134184576845,0.0960247665643692,0.12932057678699493,0.4225925925925926,0.5774074074074074,0.043868280947208405,0.045199817568370854,0.09561941027641296,0.16399702429771423,-0.28177720308303833,0.1478477120399475,0.14185339212417603,0.2590896896642909,-0.0125740779370688,-0.03360464423894882,-0.04035244882106781,0.03371424600481987,0.04035412147641182,0.053191740065813065,0.15076899528503418,-0.04228407144546509,-0.05393361672759056,0.04235842451453209,0.0539381317794323,0.06880445033311844,0.2243925929069519,-4.156926155090332,-0.7384291291236877,4.15692663192749,0.7391504049301147,4.225636959075928,7.717202186584473,-0.26152071356773376,-0.24471056461334229,0.2615279257297516,0.24471056461334229,0.3595455586910248,0.9807963371276855,-0.33083853125572205,-0.3146454989910126,0.3310415744781494,0.3146611750125885,0.4575328230857849,2.139163017272949,-1.5037940740585327,-0.3882855474948883,1.503820538520813,0.41915011405944824,1.5644359588623047,7.8821234703063965,-0.2059013545513153,-0.16594354808330536,0.20590394735336304,0.1659446507692337,0.2653197944164276,0.9076654314994812,-0.9147250056266785,-0.7283950448036194,0.914764404296875,0.7283950448036194,1.1736805438995361,2.315074920654297,-0.5625630617141724,-0.038210440427064896,0.5625836849212646,0.04775075614452362,0.5667126178741455,3.794384717941284
7.0,0.0,0.0,0.0,0.0,0.0,0,0.26716911792755127,0.036182574927806854,0.9854471683502197,1.1741236448287964,0.40226662158966064,-0.06192198395729065,-0.012386768124997616,0.24258020520210266,0.41275277733802795,0.06314874600330095,191.31204223801265,0.2363624452300101,0.589569404317346,241.77988958949499,18.954537321278167,18.954537321278167,0.014981555752456188,0.05607496777210223,0.0433146134018898,0.033236064016819,0.4448765432098765,0.5551234567901234,0.01444206852465868,0.0540557029232399,0.040474921464920044,0.034417737275362015,0.8283177316188812,0.2890472123399377,-0.703370988368988,-0.2635761375337131,0.015833625926333784,-0.013427294790744781,-0.04219355806708336,0.014928027987480164,0.04219357669353485,0.045286182314157486,0.11864622682332993,-0.015541806817054749,-0.03924375772476196,0.015678104013204575,0.03928108513355255,0.04260065034031868,0.16398979723453522,0.195517435669899,0.7743531465530396,0.2011863887310028,0.7753283977508545,0.8050508499145508,1.43720281124115,-0.11493248492479324,-0.1998620331287384,0.11541936546564102,0.1998620331287384,0.23349860310554504,0.5660275816917419,-0.12183286994695663,-0.19006644189357758,0.12259846925735474,0.1901378035545349,0.2271624207496643,0.9641869068145752,0.0989651158452034,0.1442638784646988,0.10680058598518372,0.1524200141429901,0.18818655610084534,0.8511014580726624,-0.10360434651374817,-0.13093501329421997,0.10369299352169037,0.13093505799770355,0.16847540438175201,0.5491348505020142,-0.290714293718338,-0.39754000306129456,0.29077690839767456,0.39764997363090515,0.4970989227294922,0.9093859791755676,-0.19172737002372742,-0.03025708720088005,0.19177347421646118,0.030314527451992035,0.19716215133666992,1.0587396621704102
7.5,0.0,0.0,0.0,0.0,0.0,0,2.699096918106079,0.076486736536026,12.792661666870117,19.316852569580078,6.33096981048584,0.8640628457069397,-1.203505516052246,4.908472061157227,4.5910964012146,1.4815634068440533,305.67664708003923,0.5489107845314598,0.7182319529915135,284.5560269641379,42.77613737464293,42.77613737464293,0.18961961567401886,0.07025295910978746,0.5389007925987244,0.6212996244430542,0.4736574074074074,0.5263425925925926,0.1723661571741104,0.06386065359757583,0.4028960168361664,0.6457627415657043,0.9259848296642303,-1.1911187479272485,2.431927800178528,0.1286625486741676,0.014177991337685228,-0.010466141626238823,-0.0381619930267334,0.014693052507936954,0.03889093175530434,0.0437173955142498,0.12538886070251465,0.011009498499333858,-0.05842994153499603,0.011336672119796276,0.058449551463127136,0.059793829917907715,0.2078482210636139,1.9776227474212646,-4.013155460357666,5.1499738693237305,5.6488823890686035,8.593995094299316,20.925310134887695,0.028549853712320328,-0.20321713387966156,0.05534550920128822,0.2040724903345108,0.2193024903535843,0.5542186498641968,0.09301691502332687,-0.2803705036640167,0.09418513625860214,0.28042522072792053,0.29667437076568604,1.2380852699279785,4.849728584289551,1.5477529764175415,4.854414463043213,1.935888648033142,5.287696361541748,26.520999908447266,0.05071162059903145,-0.1362445205450058,0.05207177996635437,0.1362459361553192,0.14796984195709229,0.4802369773387909,0.26310768723487854,-0.7051967978477478,0.2631973624229431,0.7051967978477478,0.7556535005569458,1.4355525970458984,0.5132841467857361,-6.944526195526123,4.614426612854004,6.95277214050293,8.887069702148438,19.50408172607422
8.0,0.0,0.0,0.0,0.0,0.0,0,1.490680456161499,0.013133952394127846,5.8358259201049805,12.676629066467285,3.9669926166534424,0.5640887022018433,0.5392717719078064,2.143679141998291,3.571384906768799,0.7803909968268118,43.71151296999462,0.5235132677839743,0.31917210880047414,302.00749845775533,17.45147149361742,17.45147149361742,0.12600740790367126,0.08453007004470293,0.27185750007629395,0.49154701828956604,0.48603395061728394,0.5139660493827161,0.09873642027378082,0.06623576074262497,0.20146521925926208,0.40235400199890137,-0.29997414350509644,1.7427772879600525,-1.20841646194458,-0.3990598441910394,0.014277110934915474,0.010487837716937065,-0.01003646943718195,0.017370136454701424,0.01820909045636654,0.027674173936247826,0.07476966083049774,0.009299895726144314,-0.008717704564332962,0.011699686758220196,0.01177073735743761,0.017611954361200333,0.056074127554893494,-5.009048618376255e-05,-0.00015745106793474406,0.0007684418233111501,0.0007515706238336861,0.0011717627057805657,0.0032452696468681097,0.017675066366791725,-0.10895604640245438,0.0729437991976738,0.11729453504085541,0.1476006954908371,0.41300326585769653,0.5029906630516052,-1.0872697830200195,0.5336049795150757,1.0903286933898926,1.2229751348495483,6.315627098083496,-0.031829845160245895,0.04897365719079971,0.03213493525981903,0.04939785972237587,0.059542637318372726,0.0015454026870429516,-0.0023306370712816715,-0.10949388146400452,0.06929738074541092,0.10985634475946426,0.14074335992336273,0.45572400093078613,1.0661897659301758,-1.9199305772781372,1.0875787734985352,1.9316006898880005,2.2404751777648926,7.544735431671143,3.5043656826019287,8.049034118652344,4.457991600036621,8.049707412719727,9.558328628540039,17.372217178344727
8.5,0.0,0.0,0.0,0.0,0.0,0,0.9070566296577454,0.010204607620835304,1.8332160711288452,7.350716590881348,2.7713940143585205,0.33668655157089233,-0.6223551034927368,1.2647008895874023,2.5304596424102783,0.7075900711938758,298.41284968472974,0.7800947019822422,0.23303421416147801,281.0914844302078,-20.916014027547533,20.916014027547533,0.06799643486738205,0.0749637428142672,0.13531765341758728,0.25819340348243713,0.4818672839506173,0.5181327160493827,0.05670173093676567,0.06251171820048589,0.11445795744657516,0.22041675448417664,-0.22740215063095093,-1.1616268754005432,-0.5836238265037537,-0.08613789463899613,-0.00956632723043574,-0.003385540097951889,-0.0010415882570669055,0.03908542916178703,0.02624095045030117,0.05013100430369377,0.13560804724693298,0.00042462305282242596,-0.005221300758421421,0.01360962726175785,0.015393462963402271,0.02274095080792904,0.08143511414527893,-0.00010571399616310373,-0.00019683963910210878,0.0004464393714442849,0.00039304918027482927,0.0006583884241990745,0.0014758987817913294,-0.10272666066884995,-0.05852612107992172,0.14542648196220398,0.07962049543857574,0.18507498502731323,0.5363516807556152,0.8314102292060852,-2.093658924102783,0.8995000720024109,2.1010501384735107,2.3186018466949463,9.84329891204834,0.04942595586180687,0.022768298164010048,0.051503125578165054,0.02358979545533657,0.05699737370014191,0.007091032341122627,-0.013218065723776817,-0.02296561747789383,0.07480315864086151,0.039759717881679535,0.09240077435970306,0.28527340292930603,2.0663139820098877,-4.046439170837402,2.1959733963012695,4.050271987915039,4.663510799407959,14.257577896118164,0.2020401656627655,0.6040852069854736,0.28611305356025696,0.6057056784629822,0.773393988609314,4.290735244750977
9.0,0.0,0.0,0.0,0.0,0.0,0,1.2571842670440674,0.03757280856370926,3.88938045501709,6.6617302894592285,3.6120493412017822,-0.06639686226844788,-0.6146655082702637,1.738158106803894,3.3502233028411865,0.6182412396275719,263.8347509050842,0.49176660560762575,0.10391046941529007,270.0075265631499,-11.083957867057904,11.083957867057904,0.09726717323064804,0.0773690050149455,0.2665975093841553,0.28899651765823364,0.47682098765432096,0.523179012345679,0.07951576262712479,0.06324904110122503,0.19335556030273438,0.2812907099723816,-0.4030834138393402,0.0076895952224731445,0.350127637386322,-0.12912374474618793,0.0024052622006782987,0.01125375833362341,0.01011421624571085,0.08815334737300873,0.04965054243803024,0.11076042801141739,0.28291749954223633,0.2096133828163147,-0.007682090159505606,0.22415338456630707,0.05982115492224693,0.2417943924665451,0.6859820485115051,8.838729991111904e-05,-0.0001814858114812523,0.000893297721631825,0.0008205734193325043,0.0013279407285153866,0.002550688339397311,0.07286278903484344,0.03838580846786499,0.15355007350444794,0.06960048526525497,0.18279296159744263,0.4957219660282135,0.726129949092865,-0.3391224145889282,1.295607089996338,0.622231662273407,1.5414977073669434,4.651321887969971,-0.009671388193964958,-0.005997483152896166,0.012026138603687286,0.008410807698965073,0.014962129294872284,0.010298666544258595,-0.02725549414753914,-0.00380122778005898,0.06008172780275345,0.0240424033254385,0.06894651055335999,0.20463167130947113,-1.1913697719573975,-4.769278526306152,3.115377426147461,5.697303771972656,7.231986999511719,24.009504318237305,-0.3892233967781067,-0.45442599058151245,1.0873119831085205,1.3874937295913696,1.9205889701843262,6.379392147064209
9.5,0.0,0.0,0.0,0.0,0.0,0,3.486445188522339,0.17100611329078674,10.39881420135498,18.687917709350586,5.82219934463501,-0.019656319171190262,-2.4409022331237793,4.072324275970459,4.848822593688965,2.440981376936746,269.5386133167972,0.7001347346496813,0.24901878442982928,290.66809594437484,20.660569381224946,20.660569381224946,0.2059345245361328,0.05906717425155903,0.5778511762619019,0.4732579290866852,0.47402777777777777,0.5259722222222222,0.13921478390693665,0.0399302832681723,0.3608251214027405,0.34982362389564514,0.046740543097257614,-1.8262367248535156,2.2292609214782715,0.1451083150145392,-0.018301830763386463,0.010505742393434048,0.01601954735815525,0.10862267017364502,0.03685283288359642,0.12138895690441132,0.3177499771118164,0.3299260437488556,-0.28589004278182983,0.5049198269844055,0.67734295129776,0.8907166719436646,2.178138017654419,0.0013116691261529922,5.205935849517118e-06,0.0033703413791954517,0.0023540908005088568,0.004492752254009247,0.010204085148870945,0.010037409141659737,0.00394918629899621,0.09912925213575363,0.027574433013796806,0.10782899707555771,0.3252021372318268,3.0417885780334473,-2.4648590087890625,3.8691232204437256,2.8334152698516846,4.963203430175781,8.969388961791992,-0.20575357973575592,-0.5829553008079529,0.354687362909317,0.5888825058937073,0.739212691783905,2.3604142665863037,-0.046048931777477264,-2.156691789627075,2.0639736652374268,2.1653072834014893,3.3112869262695312,10.829353332519531,3.6420106887817383,-3.465902805328369,4.198740005493164,3.5167691707611084,5.88456392288208,9.360342979431152,-6.960684299468994,-13.031795501708984,7.614916801452637,13.032508850097656,15.355310440063477,24.422224044799805
10.0,0.0,0.0,0.0,0.0,0.0,0,3.9229443073272705,2.039456367492676,9.731230735778809,15.034786224365234,4.978048801422119,1.025474190711975,-1.1410225629806519,4.056146621704102,4.622186660766602,1.5341218351380428,311.9470679404954,0.3910638833879471,0.18425774548499893,314.78638555710916,24.118289612734316,24.118289612734316,0.2943968176841736,0.07504484376427571,0.7043183445930481,0.730617344379425,0.4775462962962963,0.5224537037037037,0.21658287942409515,0.0552092528589583,0.5056027173995972,0.6003531813621521,1.0451305098831654,1.2998796701431274,0.43649911880493164,-0.06476103894483035,0.01597766951271668,-0.02676570601761341,0.022126968950033188,0.11565592139959335,0.03454020246863365,0.1254095584154129,0.42045748233795166,2.0449931621551514,1.6867676973342896,2.1490976810455322,1.8539568185806274,3.1122400760650635,8.555474281311035,0.4917672276496887,0.605538010597229,0.4933100640773773,0.6120592355728149,0.8245987296104431,5.429831504821777,-0.027503065764904022,-0.013348059728741646,0.039164938032627106,0.020558476448059082,0.048052869737148285,0.1122521236538887,4.236485004425049,2.4410088062286377,4.762774467468262,2.702221155166626,5.885354042053223,9.784341812133789,1.0622719526290894,-0.7115064859390259,2.852374792098999,1.4729509353637695,3.468919038772583,9.384756088256836,-0.6077343225479126,-8.213723182678223,4.8156633377075195,8.213773727416992,10.487131118774414,18.878599166870117,0.8018374443054199,-2.5489466190338135,2.9158143997192383,4.387376308441162,5.864837169647217,10.467695236206055,1.2539154291152954,-3.537121057510376,2.8734214305877686,3.682910203933716,5.489955425262451,8.477076530456543
10.5,0.0,0.0,0.0,0.0,0.0,0,3.9044854640960693,2.77386474609375,10.910707473754883,12.592350006103516,4.362468242645264,3.502372980117798,0.4723452031612396,4.062176704406738,2.2989416122436523,3.53408071254869,7.680813733037475,0.9051335304092029,0.6425598232617242,18.232769076778325,63.446383519669155,63.446383519669155,0.1086060032248497,0.027815694643467833,0.21821238100528717,0.31243160367012024,0.589320987654321,0.410679012345679,0.10928591340780258,0.027989830266476143,0.21024411916732788,0.344737708568573,2.4768987894058228,1.6133677661418915,-0.018458843231201172,0.45830207777672527,-0.047229149120807876,0.008461585268378258,0.01969616487622261,0.05606119707226753,0.03635610640048981,0.07519848644733429,0.2391994744539261,1.1966372728347778,-0.01155261229723692,1.201939582824707,0.6756916046142578,1.4384939670562744,4.044152736663818,0.8105477690696716,-0.33017995953559875,0.810594916343689,0.3450748026371002,0.8845211863517761,5.307321548461914,-0.0034901148173958063,0.013365385122597218,0.012458252720534801,0.013455470092594624,0.0201476588845253,0.061513401567935944,2.5625109672546387,0.2828911542892456,2.5700559616088867,0.6289536356925964,2.725724935531616,4.854526996612549,5.59951114654541,-1.4278477430343628,5.599541187286377,1.42982017993927,5.795785903930664,11.435779571533203,6.194981575012207,5.194023609161377,6.194991111755371,5.194023609161377,8.099650382995605,12.016307830810547,4.176573276519775,2.25342059135437,4.176573276519775,2.262399673461914,4.926496505737305,5.968538761138916,10.97562313079834,-1.7427098751068115,10.97562313079834,1.8261491060256958,11.174349784851074,14.664986610412598
11.0,0.0,0.0,0.0,0.0,0.0,0,8.153844833374023,10.364181518554688,17.27292823791504,18.9564151763916,7.733606815338135,-7.893085956573486,-1.4879000186920166,7.532560348510742,2.2449371814727783,8.032101367853949,190.67536885905014,0.9850691952069319,0.7128735200728455,188.09451208424537,169.86174300746706,169.86174300746706,0.14104387164115906,0.017297833994341757,0.34223461151123047,0.42946648597717285,0.5387191358024691,0.46128086419753084,0.21545423567295074,0.026423633715404307,0.3987952768802643,0.774560809135437,-11.395458936691284,-1.9602452218532562,4.249359369277954,0.07031369681112132,-0.010517860649126076,-0.1279565840959549,-0.01469294261187315,0.14006303250789642,0.028585929423570633,0.1467527151107788,0.4988941550254822,-5.13203239440918,-1.5495696067810059,5.176670551300049,1.5727853775024414,5.436161994934082,15.620647430419922,-2.8680996894836426,-0.8824915885925293,2.868173837661743,0.8832706809043884,3.002488136291504,15.796492576599121,-0.01848824881017208,0.008417170494794846,0.023866308853030205,0.009276661090552807,0.027925070375204086,0.0849824920296669,-10.800689697265625,-2.6333460807800293,10.802515029907227,2.635068416595459,11.144266128540039,15.776542663574219,-11.95063304901123,-3.341195583343506,11.950634002685547,3.342273712158203,12.430870056152344,19.166431427001953,-12.447224617004395,1.2339508533477783,12.447315216064453,1.3017339706420898,12.53070068359375,22.3608341217041,-13.319819450378418,-1.4698296785354614,13.319819450378418,1.5400288105010986,13.450423240661621,15.731586456298828,-14.372827529907227,-4.7423415184021,14.372827529907227,4.764310836791992,15.215015411376953,18.43463897705078
11.5,0.0,0.0,0.0,0.0,0.0,0,3.374659538269043,3.1349401473999023,7.463336944580078,9.62751293182373,3.5507352352142334,1.7698025703430176,2.372844696044922,3.0301263332366943,2.460038661956787,2.96016774685849,53.28232959296833,0.8771752270976771,0.6708958995090012,69.6875492435248,-118.40696284072057,118.40696284072057,0.111284539103508,0.032976513590486624,0.24882596731185913,0.2939060926437378,0.6427469135802469,0.35725308641975306,0.07791509479284286,0.02308827626046431,0.18830843269824982,0.21003657579421997,9.662888526916504,3.8607447147369385,-4.7791852951049805,-0.04197762056384435,0.015678679596144867,0.017680909484624863,-0.0002027604350587353,0.0667433962225914,0.022966859862208366,0.07658767700195312,0.2348257452249527,0.6414412260055542,1.0894975662231445,0.8202154040336609,1.1298786401748657,1.4477028846740723,3.5344934463500977,0.49650838971138,0.29134389758110046,0.49972832202911377,0.29308652877807617,0.5816104412078857,3.7089860439300537,-0.002434483263641596,0.002341734478250146,0.013245883397758007,0.006281695794314146,0.01620151661336422,0.047203779220581055,0.8645818829536438,3.1357383728027344,1.2465922832489014,3.1431469917297363,3.4787185192108154,5.020614147186279,4.401749134063721,2.6431713104248047,4.401904106140137,2.6433181762695312,5.230654239654541,9.791373252868652,0.561286211013794,4.6613969802856445,0.6277819275856018,4.661543369293213,4.731310844421387,7.421232223510742,1.1289801597595215,5.635849952697754,1.2747888565063477,5.635849952697754,5.8976030349731445,6.660059928894043,7.818428993225098,3.8964643478393555,7.818428993225098,3.9261763095855713,8.911547660827637,13.510498046875
12.0,0.0,0.0,0.0,0.0,0.0,0,4.684632778167725,2.258334159851074,13.718392372131348,21.033693313598633,6.566463947296143,-0.6210271716117859,0.7270753383636475,7.295691967010498,3.304966449737549,0.9561973099401331,130.50210360374783,0.2041136104405873,0.08995784820825568,70.77544520278093,1.087895959256116,1.087895959256116,0.24587100744247437,0.05248457383975926,0.6220786571502686,0.5852735042572021,0.5070679012345679,0.4929320987654321,0.25219330191612244,0.05383415521004962,0.5446661710739136,0.7963607311248779,-2.3908297419548035,-1.6457693576812744,1.3099732398986816,-0.5809380513007455,0.019508060249272638,0.026910848915576935,0.03186485171318054,0.06194330379366875,0.040926769375801086,0.08430060744285583,0.2415420413017273,-7.770900726318359,1.4824717044830322,7.794754981994629,1.976180911064148,8.09852123260498,21.642576217651367,-2.3732612133026123,0.6229401230812073,2.374952554702759,0.6236513257026672,2.4592173099517822,14.452744483947754,0.02827906236052513,0.019372697919607162,0.043372269719839096,0.03499828279018402,0.06364383548498154,0.09575924277305603,-3.9805972576141357,-1.2962615489959717,6.39047908782959,2.984853506088257,7.558074474334717,16.752960205078125,-0.3422759473323822,-0.2801068127155304,2.8949568271636963,1.8226497173309326,3.7790794372558594,8.099906921386719,3.106127977371216,5.455780506134033,8.49085521697998,5.456508159637451,10.643491744995117,26.87061309814453,3.3176138401031494,-0.7680200338363647,3.6530325412750244,2.698237419128418,4.917123794555664,8.838983535766602,2.3988585472106934,1.275636076927185,3.872338056564331,1.706175684928894,4.558243751525879,6.363197326660156
12.5,0.0,0.0,0.0,0.0,0.0,0,4.814630508422852,3.854189395904541,11.987255096435547,13.546850204467773,4.71537971496582,-1.0063272714614868,0.7003359198570251,4.579484939575195,4.789637088775635,1.2260362873622894,145.16468612264708,0.25464805351468334,0.15644362599872333,167.70061092158215,96.92516571880122,96.92516571880122,0.238922581076622,0.04962427148550084,0.6074259281158447,0.40744706988334656,0.5145987654320988,0.48540123456790124,0.16986462473869324,0.035280919098694734,0.43467044830322266,0.322997123003006,-0.3853000998497009,-0.026739418506622314,0.12999773025512695,0.06648577779046765,-0.0028603023542584233,-0.6713468432426453,-0.006327266804873943,0.748791515827179,0.135528102517128,0.780673623085022,1.68757164478302,-0.0533394031226635,4.121945858001709,1.7742189168930054,4.533369064331055,5.274158954620361,12.5017671585083,-0.9239239692687988,-0.8395071029663086,1.052491545677185,0.8682449460029602,1.4114046096801758,6.883322715759277,-2.8436005115509033,-0.5204989910125732,2.866159677505493,0.9576569199562073,3.0745909214019775,10.03519058227539,-3.716106653213501,4.518501281738281,4.224435806274414,4.921730995178223,7.386214256286621,12.455628395080566,2.7029733657836914,-3.8393218517303467,3.638395071029663,3.9841766357421875,5.745222568511963,14.174097061157227,-4.072910785675049,0.313969224691391,4.191903114318848,1.670676827430725,4.742627143859863,12.173406600952148,-3.9944558143615723,6.475030899047852,4.2214813232421875,6.478460311889648,8.02755069732666,15.325572967529297,4.51576566696167,-3.920769214630127,4.80787992477417,4.263425350189209,6.889232635498047,12.508880615234375
13.0,0.0,0.0,0.0,0.0,0.0,0,6.550719738006592,6.586581230163574,11.487247467041016,13.239972114562988,4.417497634887695,1.1588568687438965,1.3379050493240356,5.811090469360352,5.0521769523620605,1.770011063028042,49.10178218418681,0.2702010059686453,0.21761237296113542,55.172501715900495,-112.52810920568166,112.52810920568166,0.2896307110786438,0.04421356407368077,0.6605486273765564,0.47417381405830383,0.49628086419753087,0.5037191358024692,0.20979291200637817,0.0320259281988899,0.4748985469341278,0.36154860258102417,2.1651841402053833,0.6375691294670105,1.7360892295837402,0.06116874696241209,-0.005410707411820072,-0.3666129410266876,0.13034072518348694,0.9838780164718628,2.088836908340454,2.4230825901031494,7.528696060180664,-1.9802453517913818,6.465882301330566,2.9085114002227783,6.466226100921631,7.363264083862305,15.769856452941895,4.207016944885254,1.0137020349502563,4.262035369873047,3.6880435943603516,5.910533905029297,11.900400161743164,-1.7438056468963623,0.31359362602233887,2.856006383895874,5.362467288970947,6.4722819328308105,10.5187349319458,-0.9210061430931091,2.382425308227539,4.276142120361328,2.424420118331909,5.155710697174072,8.165421485900879,7.608891487121582,1.1415985822677612,7.609132289886475,3.2781481742858887,8.495534896850586,12.93795394897461,-3.9025766849517822,-0.4065103530883789,5.091060161590576,5.104949951171875,8.016791343688965,11.900118827819824,0.2728654444217682,3.0588884353637695,5.465520858764648,3.249183416366577,6.750823497772217,10.068008422851562,7.255183696746826,-2.0587728023529053,7.255423069000244,3.338902473449707,8.368451118469238,11.25640869140625
13.5,0.0,0.0,0.0,0.0,0.0,0,6.780666351318359,6.993391036987305,11.61673641204834,13.042510032653809,3.922194719314575,0.06540394574403763,1.767915964126587,6.119668960571289,4.558607578277588,1.7691253580039286,87.88131226205321,0.26090730119171235,0.22553234623089952,92.50651576448024,37.334014048579746,37.334014048579746,0.2898463308811188,0.042745988833203005,0.6550171375274658,0.4688349664211273,0.45762345679012345,0.5423765432098765,0.19903166592121124,0.029352813758444247,0.45886164903640747,0.30479106307029724,-1.0934529229998589,0.43001091480255127,0.22994661331176758,0.007919973269764097,-0.0014675752404777614,1.3599085807800293,6.6331000328063965,3.1558096408843994,6.64026403427124,7.635194301605225,11.492070198059082,-2.5650837421417236,4.537784576416016,2.601184606552124,4.5388569831848145,5.368221759796143,14.235092163085938,6.304101467132568,3.4637227058410645,6.30753755569458,3.465240716934204,7.38327693939209,14.024747848510742,3.3868722915649414,1.9782475233078003,5.285872459411621,3.7988059520721436,7.142248153686523,10.420059204101562,-4.414199352264404,1.12436044216156,5.038727283477783,2.4525444507598877,5.954115867614746,11.007891654968262,4.959835529327393,0.7714182138442993,5.272636890411377,1.7269450426101685,5.906127452850342,8.587320327758789,1.1607544422149658,0.9197942614555359,5.75531530380249,5.834901332855225,8.78554916381836,12.164655685424805,-5.514050006866455,-2.3384618759155273,5.947481155395508,2.4459338188171387,6.636934757232666,10.424909591674805,-4.089504718780518,-1.1787220239639282,5.398716926574707,2.4546127319335938,6.214330673217773,10.757508277893066
14.0,0.0,0.0,0.0,0.0,0.0,0,5.955700874328613,5.833470344543457,11.039529800415039,15.10696792602539,4.307661056518555,-0.3658236265182495,-1.46444833278656,5.73527717590332,4.342174530029297,1.5094488547547078,255.97437887606878,0.2534460488539677,0.18036125652837898,261.81374564762734,169.3072298831471,169.3072298831471,0.2678605318069458,0.044975476855469994,0.6156590580940247,0.4006083905696869,0.4076851851851852,0.5923148148148148,0.20551954209804535,0.03450803052851157,0.47566482424736023,0.30427369475364685,-0.43122757226228714,-3.232364296913147,-0.8249654769897461,-0.04517108970252054,0.0022294880222669886,1.369826078414917,0.5345818400382996,4.308563232421875,5.381855487823486,7.458199977874756,10.044025421142578,-0.16277284920215607,1.591740608215332,0.6079388856887817,1.6187288761138916,1.8429051637649536,8.273218154907227,4.591063022613525,0.2925441563129425,6.2540669441223145,1.9712648391723633,6.723257541656494,13.741016387939453,0.8070998191833496,-0.14544476568698883,4.462286949157715,3.8033876419067383,6.123466968536377,9.017059326171875,-0.2429112046957016,0.13439740240573883,2.1556875705718994,1.3660615682601929,2.84293270111084,6.62947416305542,-1.603745698928833,-2.1099987030029297,4.587944984436035,2.3446009159088135,5.737260818481445,8.797843933105469,2.601867437362671,-4.897543907165527,3.1202468872070312,5.187425136566162,6.634547710418701,14.004857063293457,-1.741722822189331,-2.987658739089966,3.261145830154419,3.386977434158325,5.0392842292785645,7.5099639892578125,-8.911117553710938,-5.592652320861816,9.151334762573242,5.594813346862793,11.199454307556152,18.769142150878906
14.5,0.0,0.0,0.0,0.0,0.0,0,5.70242977142334,5.252735614776611,10.45455265045166,12.613248825073242,3.8627567291259766,0.36621835827827454,-0.6025795936584473,5.808152198791504,3.6341090202331543,0.7051369034688328,301.28918454757485,0.12365551733797661,0.08786202182575872,328.2865592831331,66.47281363550576,66.47281363550576,0.2692153751850128,0.04721063454801329,0.6225864887237549,0.3925584554672241,0.4999074074074074,0.5000925925925926,0.19864414632320404,0.034834994809349,0.46456557512283325,0.2832116484642029,0.732041984796524,0.8618687391281128,-0.25327110290527344,-0.09249923470262025,0.002235157692543295,4.133640289306641,-2.594496488571167,4.323135852813721,4.0405049324035645,6.7517409324646,10.199131965637207,0.6432430744171143,0.21511423587799072,0.9561561346054077,0.4385841190814972,1.0758090019226074,4.507147312164307,2.4495084285736084,1.5602507591247559,4.03521203994751,4.276798248291016,6.228728294372559,12.214604377746582,0.9770117402076721,-0.9079234004020691,3.0068533420562744,3.791289806365967,5.270439624786377,8.512279510498047,1.2981244325637817,0.5696998238563538,2.870176315307617,1.665480136871338,3.584080696105957,7.911604881286621,-1.096814751625061,-1.3478312492370605,3.926574945449829,3.2575650215148926,5.586468696594238,9.069782257080078,-1.4859755039215088,0.6001947522163391,4.9390058517456055,2.022738218307495,5.658884525299072,9.43078899383545,2.6346049308776855,-0.4108744263648987,5.647735595703125,2.055104970932007,6.329585552215576,9.789994239807129,-6.257378101348877,-3.1073498725891113,9.640161514282227,3.4803950786590576,10.836133003234863,17.02332878112793
15.0,0.0,0.0,0.0,0.0,0.0,0,6.148217678070068,5.731719970703125,12.459891319274902,14.541780471801758,4.470365047454834,2.0244245529174805,0.09431657195091248,6.5205488204956055,3.340658664703369,2.0266204346644963,2.667442813923564,0.32962730677106644,0.17233633454698435,352.9352692691587,24.648709986025608,24.648709986025608,0.25910723209381104,0.042143463930132206,0.6102986335754395,0.3922545313835144,0.46785493827160496,0.532145061728395,0.18851791322231293,0.030662200402001457,0.4419950544834137,0.28822463750839233,1.658206194639206,0.6968961656093597,0.4457879066467285,0.08447431272122563,-0.005067170617881082,5.2805070877075195,0.879517138004303,6.118636131286621,2.2599072456359863,6.696950435638428,13.077836036682129,4.7801666259765625,1.1827045679092407,4.781668663024902,1.5607784986495972,5.115682601928711,18.1534423828125,-1.4164108037948608,-1.6180661916732788,5.718856334686279,4.028270244598389,7.221946716308594,13.337002754211426,2.756248712539673,-0.0363902784883976,4.228050231933594,1.9862433671951294,4.942154884338379,9.384008407592773,5.639846324920654,1.4051260948181152,6.0657196044921875,1.9743393659591675,6.7981719970703125,14.435037612915039,-2.9839701652526855,-1.1504532098770142,5.662110328674316,3.4227702617645264,6.935364723205566,9.53469467163086,4.148359298706055,0.11930762976408005,4.402839660644531,2.0744686126708984,5.1867594718933105,8.417487144470215,3.241691827774048,1.2714534997940063,4.503044128417969,2.8883605003356934,6.025383472442627,11.789202690124512,-3.2266170978546143,-1.2043503522872925,5.441775321960449,2.225144147872925,6.4115471839904785,9.233002662658691
15.5,0.0,0.0,0.0,0.0,0.0,0,7.124160289764404,6.039090156555176,16.908496856689453,17.7625675201416,5.894015312194824,-3.916187047958374,1.6014118194580078,7.5059919357299805,3.354417562484741,4.230962161269789,157.75930754611355,0.5938892429678484,0.3681377953709405,160.0552771525562,167.12000788339748,167.12000788339748,0.22367370128631592,0.03139649597878669,0.547356367111206,0.40532490611076355,0.592854938271605,0.40714506172839504,0.16752353310585022,0.023514842841435755,0.38695645332336426,0.34314677119255066,-5.9406116008758545,1.5070952475070953,0.9759426116943359,0.19580146082395614,-0.01074696795134552,-1.5761504173278809,-1.2751555442810059,1.580370545387268,1.295394778251648,2.276047945022583,7.027200222015381,-4.948591709136963,0.43544796109199524,4.9503984451293945,0.8189943432807922,5.03583288192749,16.06073760986328,-8.179821968078613,0.8120297789573669,8.179821968078613,1.5949562788009644,8.429708480834961,12.423076629638672,-0.2628968060016632,0.10377700626850128,2.1841659545898438,1.2221003770828247,2.589773654937744,7.295605659484863,-9.106424331665039,3.189457416534424,9.816183090209961,3.2306926250457764,10.437053680419922,18.32590103149414,-4.717130184173584,3.1604509353637695,7.097545623779297,3.1612298488616943,8.035225868225098,15.110289573669434,2.429203987121582,-1.0815577507019043,3.4721853733062744,4.486565589904785,6.151586055755615,9.941950798034668,-7.4836578369140625,3.6070351600646973,10.031893730163574,4.079572677612305,10.967778205871582,18.23365020751953,-1.4002137184143066,5.461221694946289,7.974835395812988,5.461221694946289,10.194437980651855,16.811731338500977
16.0,0.0,0.0,0.0,0.0,0.0,0,6.620621204376221,6.948420524597168,13.869684219360352,15.142653465270996,5.182581901550293,-0.4870913028717041,2.8999671936035156,6.50578498840332,4.440659999847412,2.940589679181695,99.53465302810531,0.44415615822242926,0.5006813755977211,102.65544106216684,-57.39983609038934,57.39983609038934,0.19283859431743622,0.029126959425349812,0.4854752719402313,0.3486137092113495,0.5806481481481481,0.41935185185185186,0.18164819478988647,0.027436725610142397,0.4472888112068176,0.3569098711013794,3.42909574508667,1.2985553741455078,-0.5035390853881836,0.1325435802267806,-0.0022695365534368753,-0.38302531838417053,0.15734699368476868,0.3837238550186157,0.15736909210681915,0.4268815219402313,2.191009998321533,0.6141387224197388,-0.7240384817123413,1.1133863925933838,1.3532371520996094,1.8123579025268555,5.46687126159668,7.0115966796875,3.1463232040405273,7.0115966796875,5.200466632843018,9.509809494018555,12.15221118927002,-2.2735233306884766,0.1385999172925949,2.455254077911377,0.3162153363227844,2.529907703399658,13.245928764343262,-2.0269315242767334,2.3225057125091553,2.571277618408203,2.5630667209625244,4.025450229644775,6.867702007293701,4.040683269500732,5.710031032562256,5.47871732711792,6.137548446655273,9.688873291015625,13.69714641571045,-3.6941959857940674,1.7022091150283813,9.944388389587402,3.4198005199432373,11.045234680175781,15.696324348449707,-6.516313076019287,4.208420276641846,6.7351484298706055,4.3275146484375,9.183745384216309,14.623490333557129,-1.1562511920928955,9.438308715820312,5.592301368713379,9.438308715820312,11.363323211669922,15.343318939208984
16.5,0.0,0.0,0.0,0.0,0.0,0,5.1207709312438965,4.149776458740234,12.949833869934082,14.464077949523926,4.971299171447754,-1.13540518283844,0.6574223041534424,5.602430820465088,4.22226619720459,1.3120019112847408,149.92830066290864,0.25621179484512496,0.06429471491878318,259.5701136278333,156.91467256566642,156.91467256566642,0.18691867589950562,0.03650205055199575,0.4475344717502594,0.36118218302726746,0.5249074074074074,0.47509259259259257,0.17000935971736908,0.03319994758604135,0.4206901490688324,0.32691654562950134,-0.6483138799667358,-2.2425448894500732,-1.4998502731323242,-0.4363866606789379,0.007375091126645937,0.09394561499357224,-0.3050062358379364,0.09603887051343918,0.3050976097583771,0.321523517370224,1.5655040740966797,1.9016594886779785,-2.190561056137085,1.9024851322174072,2.1946678161621094,2.9942119121551514,10.066012382507324,1.5181041955947876,4.005593776702881,2.087066411972046,5.272397994995117,6.023429870605469,9.269560813903809,-3.2198095321655273,-0.8071807622909546,3.247837543487549,2.2016446590423584,4.048208713531494,12.74701976776123,0.02683359757065773,-1.2568241357803345,1.0678507089614868,1.3618535995483398,1.871949315071106,3.6616876125335693,-0.47854962944984436,2.7148807048797607,2.854677677154541,3.929781913757324,5.252120018005371,7.741291046142578,-10.495956420898438,0.9579486846923828,10.495965957641602,5.644099235534668,12.202138900756836,17.383792877197266,-4.0460333824157715,-1.335536003112793,5.389482021331787,2.2512435913085938,5.986978530883789,14.603623390197754,4.4811601638793945,4.133485794067383,4.991138458251953,4.13352632522583,7.386377811431885,15.029396057128906
17.0,0.0,0.0,0.0,0.0,0.0,0,4.27323055267334,3.6801602840423584,9.789239883422852,11.61763858795166,3.7904937267303467,0.20175015926361084,-0.22058486938476562,4.056252479553223,4.0107102394104,0.2989327873693122,312.44649448221395,0.06995475289352207,0.17297550354240954,233.3841876561858,-26.185925971647492,26.185925971647492,0.2079218178987503,0.04865681050414273,0.5312803983688354,0.3357311487197876,0.5360802469135802,0.46391975308641975,0.17746467888355255,0.04152938512600151,0.4415016770362854,0.29496797919273376,1.3371553421020508,-0.878007173538208,-0.8475403785705566,0.10868078862362636,0.01215475995214698,-0.3609451353549957,-0.3846362233161926,0.3702569603919983,0.38472631573677063,0.5506385564804077,2.2783215045928955,-0.02305336855351925,-0.18176229298114777,0.6330840587615967,1.7855175733566284,1.9535341262817383,5.7710490226745605,4.91713285446167,1.7248198986053467,5.079339027404785,2.6046550273895264,6.181100368499756,8.893805503845215,-0.47045302391052246,-3.5016536712646484,1.3736042976379395,3.5980165004730225,4.086939334869385,11.098472595214844,-1.5919177532196045,-2.1142969131469727,1.6947999000549316,2.214266300201416,2.9389002323150635,5.741635322570801,0.2397768199443817,2.3566601276397705,3.1448488235473633,2.7428131103515625,4.576200485229492,7.8430304527282715,-1.2464724779129028,-2.5517420768737793,2.5278520584106445,3.1770873069763184,4.35407018661499,9.734167098999023,-0.9355403780937195,-2.5431461334228516,3.441655158996582,2.7438602447509766,4.67575740814209,8.870728492736816,1.2872236967086792,5.210493564605713,6.674531936645508,5.312136650085449,9.141934394836426,14.453641891479492
17.5,0.0,0.0,0.0,0.0,0.0,0,7.342984199523926,6.2034196853637695,17.01454734802246,20.62055778503418,6.433134078979492,-0.34464511275291443,-2.07673716545105,5.413300037384033,7.846604347229004,2.1051407335639416,260.57735054573254,0.28668735712388244,0.3765146781859121,233.45798398027722,0.07379632409143255,0.07379632409143255,0.2310212254524231,0.03146148591820682,0.5683637857437134,0.3678759038448334,0.5502623456790123,0.44973765432098767,0.21878789365291595,0.02979549702307732,0.5304279327392578,0.3739617168903351,-0.5463952720165253,-1.8561522960662842,3.069753646850586,0.20353917464350257,-0.01719532458593591,-0.02180333435535431,-0.17858269810676575,0.44445323944091797,0.2666533589363098,0.5783135294914246,2.0610766410827637,-1.6552773714065552,-3.3341267108917236,1.6681883335113525,3.334265947341919,3.805039882659912,9.675667762756348,-3.7850255966186523,-0.5079601407051086,4.246783256530762,3.0303211212158203,5.642467498779297,10.11636734008789,0.9647902846336365,-1.7101325988769531,2.021627902984619,5.582765102386475,6.284420490264893,15.783539772033691,-4.700555324554443,-4.634521484375,4.7005615234375,4.634607791900635,6.735162734985352,9.560630798339844,1.1182314157485962,-2.631381034851074,5.3672003746032715,3.49530291557312,6.99597692489624,9.695905685424805,2.5788183212280273,2.514388084411621,3.0621631145477295,17.42258071899414,17.81861686706543,27.448801040649414,-5.136638641357422,-6.011960029602051,5.219486236572266,6.034617900848389,8.746237754821777,18.402841567993164,7.535654067993164,-2.1963555812835693,8.453786849975586,2.338421106338501,9.480621337890625,17.058719635009766
18.0,0.0,0.0,0.0,0.0,0.0,0,8.81247329711914,8.492834091186523,16.284902572631836,18.254276275634766,5.46242094039917,2.6276795864105225,3.7778940200805664,5.362627029418945,7.587013244628906,4.601867363994651,55.17980969343548,0.5221992973866977,0.34389068424935554,49.82885976303452,176.3708757827573,176.3708757827573,0.3286356031894684,0.037292092108217746,0.7148527503013611,0.46517413854599,0.46949074074074076,0.5305092592592593,0.23122958838939667,0.02623889507002446,0.5187231302261353,0.3657633662223816,2.972324699163437,5.854631185531616,1.4694890975952148,-0.03262399393655657,0.005830606190010926,-0.9028940200805664,-2.955672264099121,1.1878682374954224,3.2082571983337402,3.52984881401062,11.103765487670898,7.3900909423828125,8.512872695922852,7.394891262054443,8.537663459777832,12.060136795043945,21.895307540893555,0.1679994761943817,4.860137462615967,2.923341751098633,6.894425868988037,8.136944770812988,15.725608825683594,0.47697094082832336,5.477712154388428,3.6134819984436035,7.541737079620361,9.066919326782227,14.25583553314209,7.479358196258545,10.485332489013672,7.479358196258545,10.485332489013672,13.313213348388672,18.704936981201172,0.34890004992485046,1.6907230615615845,3.4337081909179688,4.560925006866455,6.051756858825684,11.163835525512695,2.105046033859253,9.064404487609863,6.786313056945801,9.064404487609863,11.659393310546875,16.715957641601562,5.690290927886963,2.8009262084960938,5.690290927886963,3.345156192779541,6.997812271118164,10.953330993652344,0.8933549523353577,-5.935389518737793,4.691741466522217,6.456374645233154,8.496228218078613,11.565893173217773
18.5,0.0,0.0,0.0,0.0,0.0,0,8.404268264770508,7.649785995483398,15.380672454833984,18.104148864746094,5.100713729858398,-0.649407684803009,0.37744611501693726,7.241267204284668,6.606727600097656,0.7511297563155006,149.83416196441158,0.0893747953601302,0.15505614691753938,74.82263351930615,24.993773756271622,24.993773756271622,0.3116530179977417,0.0370827026335468,0.692195475101471,0.47484976053237915,0.4009567901234568,0.5990432098765432,0.24115391075611115,0.02869421518501243,0.5237389206886292,0.3918578624725342,-3.2770872712135315,-3.400447905063629,-0.4082050323486328,-0.18883453733181615,-0.0002093894746709457,0.08412537723779678,4.75014591217041,2.3405847549438477,4.832334518432617,5.804720401763916,15.52247142791748,0.3457961678504944,4.093507289886475,2.038595199584961,5.168972492218018,6.041291236877441,12.861205101013184,-5.190536022186279,2.208843946456909,6.472511291503906,3.0590739250183105,8.300450325012207,13.704253196716309,0.7878299951553345,-1.6969243288040161,4.125090599060059,6.639865398406982,8.560542106628418,14.020096778869629,2.6271615028381348,-0.42226818203926086,3.1006922721862793,4.393584728240967,6.024328231811523,8.584417343139648,-6.351490020751953,1.6119678020477295,7.612797260284424,2.274160146713257,8.66959285736084,16.375534057617188,1.6834490299224854,-7.488426208496094,4.3093743324279785,9.090683937072754,11.291943550109863,19.35307502746582,7.964191436767578,0.40451768040657043,8.175046920776367,3.3622677326202393,9.753681182861328,13.279069900512695,-7.795197486877441,-0.06434854865074158,10.07263469696045,2.633969783782959,11.191855430603027,21.633867263793945
19.0,0.0,0.0,0.0,0.0,0.0,0,9.272351264953613,8.83895492553711,15.793763160705566,17.363176345825195,4.684431552886963,2.372073173522949,1.7243595123291016,6.615899085998535,7.453196048736572,2.932600700454648,36.01497593116037,0.31627368470593836,0.17132054001596936,34.9377505871669,-39.88488293213925,39.88488293213925,0.31696197390556335,0.0341835561083646,0.697579562664032,0.43946027755737305,0.5450771604938272,0.45492283950617285,0.21984899044036865,0.02371016373820527,0.4900342524051666,0.31120020151138306,3.0214808583259583,1.3469133973121643,0.8680830001831055,0.016264393098429974,-0.0028991465251822016,-0.257854700088501,-4.221678733825684,1.5596598386764526,4.766010284423828,5.324380397796631,10.170561790466309,2.31257700920105,6.2404656410217285,7.404594898223877,6.582761287689209,10.59086799621582,16.518014907836914,4.416794300079346,-2.213820695877075,8.17846965789795,6.68226957321167,11.369423866271973,14.886251449584961,-1.2987520694732666,-4.635894298553467,3.3364171981811523,4.911783695220947,6.7419352531433105,9.423371315002441,4.889683246612549,3.1947379112243652,8.24100112915039,3.5471158027648926,9.35792064666748,16.844247817993164,6.325757026672363,6.275023937225342,7.113114356994629,6.669969081878662,10.617105484008789,16.614057540893555,-1.9783936738967896,-4.508456707000732,3.9982528686523438,6.285793304443359,7.84303092956543,13.241759300231934,1.6259851455688477,1.9325371980667114,4.23894739151001,4.552024841308594,6.707932472229004,10.470561027526855,5.312861442565918,13.456321716308594,5.523922443389893,13.456321716308594,14.898565292358398,18.307592391967773
19.5,0.0,0.0,0.0,0.0,0.0,0,6.961014270782471,6.839522361755371,11.552114486694336,12.689640998840332,3.3855769634246826,-0.9089791774749756,-0.627979576587677,5.974817276000977,4.7957072257995605,1.1048083515679636,214.63913840197046,0.15871370300233198,0.13153341897272697,194.8901775356966,159.9524269485297,159.9524269485297,0.2808041572570801,0.04033954047417505,0.6254653930664062,0.39117518067359924,0.4925925925925926,0.5074074074074074,0.21786853671073914,0.03129838511132142,0.4792878329753876,0.3081102669239044,-3.281052350997925,-2.3523390889167786,-2.3113369941711426,-0.03978712104324239,0.006155984365810448,0.2956460118293762,2.5638649463653564,2.0993378162384033,2.6448397636413574,3.7045483589172363,5.974865913391113,0.013496212661266327,-2.2502386569976807,5.565145969390869,5.096130847930908,7.852317810058594,12.779013633728027,-4.453729152679443,0.4590248763561249,4.726063251495361,2.95570969581604,6.222755432128906,9.202665328979492,-0.6465300917625427,0.15326374769210815,3.374156951904297,3.3634676933288574,5.556223392486572,9.149818420410156,-1.2225502729415894,0.007975345477461815,7.0157151222229,2.4258155822753906,7.795711994171143,11.561903953552246,2.0628724098205566,-1.520933985710144,4.8060784339904785,2.9578661918640137,6.204811096191406,9.632073402404785,-1.2612498998641968,-5.4559550285339355,5.566403865814209,6.0316362380981445,10.075657844543457,13.85989761352539,-4.181711196899414,3.7507052421569824,8.20969009399414,3.787527084350586,9.621612548828125,12.302908897399902,1.212943434715271,-3.3595240116119385,2.78784441947937,4.199060916900635,5.615493297576904,9.3002290725708
20.0,0.0,0.0,0.0,0.0,0.0,0,9.590804100036621,8.645383834838867,17.880983352661133,18.668193817138672,5.784143447875977,3.491706132888794,0.6686615943908691,9.398872375488281,4.945901393890381,3.555154011609983,10.840891364334771,0.3706836230339027,0.20257927209711488,39.9627547716812,-154.9274227640154,154.9274227640154,0.27600133419036865,0.028777702321290503,0.6102786660194397,0.4541817009449005,0.5327777777777778,0.4672222222222222,0.2313326895236969,0.024120257591598186,0.4949896037578583,0.420280784368515,4.4006853103637695,1.2966411709785461,2.6297898292541504,0.07104585312438791,-0.011561838152884543,5.225868225097656,-4.231605052947998,9.23953628540039,4.381587982177734,10.394285202026367,17.844226837158203,3.906093120574951,-1.5235004425048828,5.786589622497559,2.8412747383117676,6.728457450866699,11.749014854431152,-5.157602310180664,4.492099285125732,5.161307334899902,4.569000720977783,7.154295444488525,13.535931587219238,6.0300164222717285,-1.3140206336975098,9.406359672546387,3.119384288787842,10.224427223205566,18.234771728515625,9.859783172607422,-0.1350078284740448,11.012239456176758,1.688231348991394,11.360390663146973,18.818056106567383,-5.421431064605713,4.613080978393555,5.524578094482422,4.868373394012451,7.632341384887695,14.388904571533203,3.9430336952209473,-0.9939278960227966,8.275873184204102,2.2880353927612305,8.894292831420898,16.75304412841797,15.182040214538574,-0.9803028702735901,15.182040214538574,1.655301809310913,15.485965728759766,21.78639793395996,-2.1424434185028076,6.09113883972168,4.595979690551758,6.573502063751221,8.442789077758789,18.353137969970703
20.5,0.0,0.0,0.0,0.0,0.0,0,7.79295015335083,7.696713447570801,12.617316246032715,13.842555046081543,3.5069408416748047,2.603189706802368,-4.375156879425049,5.4274163246154785,4.201578617095947,5.091030776687775,300.7523685874454,0.6532867112589861,0.5810363890850488,298.9561094660413,-101.00664530563989,101.00664530563989,0.22707577049732208,0.029138610781575803,0.49573373794555664,0.33951425552368164,0.5284876543209877,0.47151234567901235,0.1968434453010559,0.025259165806065232,0.4009619355201721,0.36717280745506287,-0.8885164260864258,-5.043818473815918,-1.797853946685791,0.37845711698793394,0.0003609084602852995,-3.3692209720611572,-8.995536804199219,3.4412612915039062,9.016592979431152,9.878389358520508,14.834066390991211,4.417730808258057,-5.026124000549316,4.455197334289551,5.1380934715271,7.431128025054932,10.198003768920898,0.4767603278160095,1.5308626890182495,3.5580224990844727,1.9329239130020142,4.470808029174805,7.7177276611328125,-1.5102118253707886,-7.175937652587891,2.704148769378662,7.176608562469482,7.938633918762207,12.289548873901367,6.491536617279053,-6.017563819885254,6.493171215057373,6.060246467590332,9.292875289916992,11.716955184936523,3.045250654220581,-3.0445823669433594,4.842833042144775,3.3001136779785156,6.663951396942139,9.103630065917969,-1.8292146921157837,-3.383997678756714,3.817383050918579,3.6488213539123535,5.54380989074707,8.305588722229004,10.454534530639648,-4.5683159828186035,10.454534530639648,5.337881088256836,11.955781936645508,14.758966445922852,5.251539707183838,-2.6952154636383057,5.465098857879639,3.3352785110473633,6.961170673370361,10.793619155883789
21.0,0.0,0.0,0.0,0.0,0.0,0,6.607297897338867,6.90439510345459,10.698628425598145,11.618490219116211,3.1734976768493652,-2.6631336212158203,-0.7718623876571655,4.366219997406006,5.193799018859863,2.7727337106058183,196.16330036674253,0.4196471467893941,0.28481931842422625,195.41728396825803,-103.53882549778328,103.53882549778328,0.23462292551994324,0.03550965820759814,0.4945695400238037,0.365449994802475,0.5729783950617284,0.4270216049382716,0.19510145485401154,0.029528171479057792,0.42894595861434937,0.2986891567707062,-5.2663233280181885,3.6032944917678833,-1.185652256011963,-0.2962170706608226,0.006371047426022337,-7.283709526062012,2.554090738296509,7.283709526062012,3.6770334243774414,8.474631309509277,10.439762115478516,-3.606537103652954,-5.280819416046143,3.608299732208252,5.331941604614258,6.757961273193359,9.948097229003906,1.2278531789779663,-2.846248149871826,2.108813524246216,3.3102571964263916,4.215450763702393,6.653160095214844,-4.7405242919921875,3.3020334243774414,4.804291248321533,4.592858791351318,7.001978397369385,9.819591522216797,-5.247074127197266,-6.042567253112793,5.3210344314575195,6.35330057144165,8.660566329956055,12.073318481445312,0.5716871619224548,1.917502999305725,1.2498819828033447,3.7294206619262695,4.1324357986450195,7.621579170227051,-3.0708842277526855,1.246476650238037,4.38144063949585,4.931931495666504,7.206175804138184,11.754079818725586,-4.687997817993164,-5.214981555938721,5.061121940612793,5.217613697052002,7.928557872772217,10.952649116516113,2.868983268737793,3.4177513122558594,3.0260086059570312,3.8655452728271484,5.087925434112549,9.496386528015137
21.5,0.0,0.0,0.0,0.0,0.0,0,7.138380527496338,7.153631210327148,12.404682159423828,13.2039155960083,3.9355885982513428,-2.2035317420959473,-3.689188003540039,5.0861029624938965,4.702258110046387,4.29716886611268,239.1503597758919,0.6019809184394709,0.481777788490186,234.92535771612268,39.50807374786464,39.50807374786464,0.23103879392147064,0.03236571105530464,0.48630014061927795,0.39016079902648926,0.5542438271604938,0.4457561728395062,0.19561584293842316,0.02740338859515008,0.4447636306285858,0.35567933320999146,0.45960187911987305,-2.9173256158828735,0.5310826301574707,0.19695847006595973,-0.0031439471522934984,-2.9877748489379883,-3.371762752532959,3.9545459747314453,3.414684295654297,5.801454067230225,10.05841064453125,-1.5491658449172974,-5.340813636779785,1.875593662261963,5.340839385986328,5.766604900360107,12.559732437133789,0.007773369550704956,-7.076590538024902,6.515357971191406,7.245872497558594,10.300159454345703,14.963848114013672,-3.768312692642212,-0.9888430237770081,4.4675517082214355,2.8727962970733643,5.687142848968506,10.810579299926758,-3.5424418449401855,-8.930330276489258,4.1485443115234375,8.930330276489258,10.24073314666748,12.950959205627441,0.951506495475769,-2.353334665298462,3.9463109970092773,4.04976224899292,6.040148735046387,12.808655738830566,-8.495604515075684,-1.3956458568572998,8.496789932250977,2.8746750354766846,9.073711395263672,12.301942825317383,-3.227409839630127,-5.133676052093506,4.060522079467773,5.163315773010254,6.986018657684326,10.591235160827637,2.7796425819396973,1.3883073329925537,2.8299834728240967,2.8997411727905273,4.349451541900635,6.742491245269775
22.0,0.0,0.0,0.0,0.0,0.0,0,7.250853538513184,6.720659255981445,13.793855667114258,14.822545051574707,4.260284900665283,-0.880131721496582,-4.6504292488098145,5.154534816741943,4.6641764640808105,4.732982573955915,259.2830613841709,0.6527483349120897,0.5202960538349758,270.01448975808046,35.08913204195778,35.08913204195778,0.24594774842262268,0.03391982932718648,0.5295576453208923,0.3735441267490387,0.4678858024691358,0.5321141975308642,0.1992790549993515,0.027483526795479538,0.4505610466003418,0.3512824475765228,1.3234000205993652,-0.9612412452697754,0.1124730110168457,0.038518265344789804,0.0015541182718818367,0.3215310573577881,-0.19040177762508392,1.8172805309295654,1.3584867715835571,2.481743097305298,5.574351787567139,0.4650183916091919,-2.9904861450195312,2.89022159576416,4.144901752471924,5.4134674072265625,15.445019721984863,5.437583923339844,-0.30764564871788025,5.444282531738281,2.0887742042541504,5.959281921386719,10.041440963745117,-1.2039732933044434,-5.619509696960449,5.375626564025879,6.070201873779297,8.296821594238281,14.527701377868652,-3.0319206714630127,-8.166580200195312,3.441293478012085,8.230464935302734,9.105264663696289,14.713689804077148,-0.18297186493873596,-4.380288600921631,2.78305983543396,4.440512657165527,5.6381707191467285,8.791987419128418,-2.823556900024414,-7.264978408813477,8.197388648986816,7.264978408813477,11.591812133789062,14.374872207641602,-2.780284881591797,-7.100645065307617,3.525771141052246,7.100645065307617,8.28528118133545,11.478691101074219,-4.122610569000244,-5.833329200744629,4.171356201171875,6.209814548492432,8.485835075378418,15.05950927734375
22.5,0.0,0.0,0.0,0.0,0.0,0,9.807292938232422,9.464235305786133,19.363998413085938,21.97775650024414,6.307991027832031,-6.747069835662842,-5.170105457305908,6.328751087188721,4.864945411682129,8.500173045707701,217.46201406934074,0.8667196033852432,0.7240629066890908,217.97528912575368,-52.03920063232678,52.03920063232678,0.27868086099624634,0.028415673349999875,0.5651673078536987,0.4786842465400696,0.5443827160493827,0.4556172839506173,0.22580304741859436,0.02302399100513664,0.4721266031265259,0.4410451352596283,-5.86693811416626,-0.5196762084960938,2.5564393997192383,0.203766852854115,-0.005504155977186603,-2.5553059577941895,-0.7065517902374268,3.534924030303955,2.489225149154663,4.65824556350708,14.688998222351074,-6.111752510070801,-10.917864799499512,6.113792419433594,10.917871475219727,12.696880340576172,21.309459686279297,-2.0160677433013916,-2.1868350505828857,4.967414855957031,3.1576614379882812,6.388029098510742,9.443826675415039,-14.182945251464844,-6.5084733963012695,14.182945251464844,6.528472423553467,15.820976257324219,23.441686630249023,-8.729839324951172,-10.16334342956543,8.729839324951172,10.16334342956543,13.575904846191406,21.25416374206543,-2.2252540588378906,-2.4396133422851562,2.9194891452789307,2.723950147628784,4.354543685913086,7.054746150970459,-14.597414016723633,-5.835268974304199,14.597414016723633,5.835268974304199,15.863492012023926,21.438234329223633,-8.207098007202148,-6.96480131149292,8.207098007202148,6.96480131149292,10.90101146697998,14.927979469299316,-2.0979537963867188,-0.8081997632980347,3.090179681777954,2.052600860595703,4.006551265716553,7.309450149536133
23.0,0.0,0.0,0.0,0.0,0.0,0,7.230587482452393,6.522006511688232,13.566144943237305,15.36970329284668,4.402182102203369,-1.7947638034820557,-1.387612223625183,5.966231346130371,5.560398578643799,2.2686217828107442,217.70921455062603,0.31375345202811894,0.22496309533173642,241.94715676331498,23.971867637561303,23.971867637561303,0.24628578126430511,0.03406165097930903,0.5278883576393127,0.3674955368041992,0.5515123456790123,0.44848765432098764,0.21784719824790955,0.030128557139794863,0.4814848303794861,0.3175404667854309,4.952306032180786,3.782493233680725,-2.5767054557800293,-0.4990998113573544,0.005645977629309153,-1.7285926342010498,-3.0869383811950684,5.272485733032227,3.0931754112243652,6.345714092254639,11.031378746032715,-2.4747672080993652,-2.8192272186279297,2.9687201976776123,4.360554218292236,5.479452133178711,9.529423713684082,5.0293803215026855,-1.783243179321289,5.0293803215026855,2.041870355606079,5.618812084197998,7.688864231109619,-5.803738117218018,0.0678858757019043,10.033984184265137,5.97044563293457,12.418808937072754,16.369361877441406,-4.821950912475586,-4.9748406410217285,4.885382175445557,6.183553218841553,8.271865844726562,14.087608337402344,1.3169538974761963,-0.7499237060546875,3.3448686599731445,1.939900279045105,4.042657852172852,6.624391555786133,-5.948639869689941,6.117100715637207,6.624703884124756,8.834656715393066,12.217928886413574,18.383634567260742,-3.6185905933380127,-4.229074954986572,4.129943370819092,4.765172481536865,6.643261909484863,12.712740898132324,1.897070288658142,-1.0302485227584839,3.422902822494507,1.6705437898635864,4.036782264709473,7.00827169418335
23.5,0.0,0.0,0.0,0.0,0.0,0,5.161608695983887,5.088606834411621,8.23309326171875,9.057907104492188,2.3244059085845947,0.3199094831943512,-0.0402245856821537,3.212768077850342,4.649648189544678,0.32242843350265776,352.83338769534356,0.06246665574504533,0.04562069619002303,342.0350818344698,100.08792507115481,100.08792507115481,0.23989567160606384,0.04647691044766914,0.5037524700164795,0.32424113154411316,0.5164197530864197,0.48358024691358026,0.19282175600528717,0.03735690363324386,0.4114830195903778,0.2584098279476166,2.114673286676407,1.3473876379430294,-2.068978786468506,-0.1793423991417134,0.012415259468360113,-0.961481511592865,1.6864715814590454,3.13254714012146,3.6645798683166504,5.296316146850586,9.431096076965332,0.05374610796570778,-4.4778947830200195,1.480468988418579,5.590413570404053,5.972935199737549,9.256757736206055,0.3030223846435547,4.126645565032959,1.7145678997039795,4.211726188659668,4.793388366699219,7.986825466156006,-1.6378885507583618,2.0982437133789062,2.3567864894866943,4.0924296379089355,5.0447773933410645,7.95887565612793,0.361055463552475,-3.2865548133850098,2.2337465286254883,4.59191370010376,5.49515962600708,8.221790313720703,2.4025216102600098,-0.5888471007347107,2.856886148452759,2.839580774307251,4.541799545288086,7.452617168426514,0.21329428255558014,2.7713804244995117,2.0809786319732666,3.3002121448516846,4.276712894439697,6.977980613708496,0.8053421974182129,-0.7042917013168335,4.242640495300293,2.9546852111816406,5.5311665534973145,8.90041732788086,1.3395730257034302,-1.9871746301651,2.1251614093780518,4.717108249664307,5.502223491668701,7.966277122497559
24.0,0.0,0.0,0.0,0.0,0.0,0,6.3501811027526855,6.103759288787842,10.35899543762207,11.704790115356445,2.9598255157470703,-1.8421578407287598,-1.513208270072937,4.519520282745361,4.7933244705200195,2.3839766732867957,219.40079412953014,0.37541869038245007,0.31508564651541376,213.97658096565016,-128.05850086881964,128.05850086881964,0.26221582293510437,0.041292646209537626,0.5555049180984497,0.34057745337486267,0.4878240740740741,0.512175925925926,0.20316272974014282,0.03199321317920561,0.43990176916122437,0.27063870429992676,-2.162067323923111,-1.4729836843907833,1.1885724067687988,0.26946495032539075,-0.0051842642381315154,-0.6858843564987183,2.2791454792022705,5.091330528259277,2.7377572059631348,6.278998374938965,9.21587085723877,-0.27075448632240295,-1.7058428525924683,2.5004231929779053,4.819939613342285,5.7053375244140625,8.928524017333984,-2.857530355453491,1.8944015502929688,3.822441339492798,4.171830654144287,6.007861137390137,11.099528312683105,-4.450891971588135,-2.735238552093506,5.165838718414307,4.394478797912598,7.612993240356445,12.072188377380371,-1.7702007293701172,-6.791745662689209,4.709909915924072,6.79176139831543,8.796636581420898,12.656168937683105,-0.5431811809539795,1.2660682201385498,2.0375216007232666,4.391260623931885,5.079953193664551,8.113056182861328,-1.6801671981811523,-3.807499408721924,3.9788029193878174,3.842280626296997,6.205271244049072,10.138617515563965,-3.445105791091919,-2.71276593208313,3.8943850994110107,3.051863431930542,5.896531105041504,10.045289993286133,-0.8757033348083496,-1.305397391319275,3.136650323867798,4.211064338684082,5.568048000335693,9.093449592590332
24.5,0.0,0.0,0.0,0.0,0.0,0,7.112760543823242,6.754798889160156,11.825233459472656,14.413907051086426,3.5328521728515625,1.3916704654693604,-0.37418654561042786,4.3603515625,6.479427814483643,1.4410975870410618,344.9504758069151,0.20260735310322212,0.17096349576114758,28.43003638037747,174.45345541472727,174.45345541472727,0.2554771304130554,0.03591813514891597,0.5352635383605957,0.3355376422405243,0.5509567901234568,0.4490432098765432,0.20021384954452515,0.02814853953854138,0.4426686465740204,0.2810499370098114,3.23382830619812,1.1390217244625092,0.7625794410705566,-0.14412215075426618,-0.005374511060621659,1.3185276985168457,2.48427677154541,5.100098609924316,2.607919692993164,6.161475658416748,9.43685245513916,-0.3246762454509735,-11.568291664123535,1.7987043857574463,11.577027320861816,11.92602825164795,17.321229934692383,-1.7905279397964478,-0.7625564932823181,2.606396436691284,4.622908592224121,5.6804518699646,8.23393440246582,5.3653244972229,5.6470561027526855,5.414463520050049,5.653582572937012,8.339959144592285,10.722187995910645,2.0801119804382324,-7.626824378967285,3.6251583099365234,7.721731662750244,8.99290943145752,13.735754013061523,-2.8213653564453125,1.9625935554504395,3.1317214965820312,4.301628112792969,5.638350486755371,9.571325302124023,3.447796106338501,5.153658390045166,3.575751304626465,5.230711936950684,6.6895432472229,9.1353759765625,3.5967681407928467,-1.4275416135787964,5.028084754943848,2.0786995887756348,5.822118282318115,11.283347129821777,1.6530754566192627,2.769951105117798,2.662343740463257,3.1905229091644287,4.764007568359375,6.877781867980957
25.0,0.0,0.0,0.0,0.0,0.0,0,5.4566779136657715,4.605396270751953,10.934768676757812,12.43802261352539,3.4766666889190674,0.7224229574203491,-1.8421757221221924,3.8218793869018555,4.831177234649658,1.9787638364858966,291.4129992783472,0.3626315988946784,0.255474237627291,277.2032972974159,-111.22673908296156,111.22673908296156,0.24837705492973328,0.04551798976254491,0.539425790309906,0.3338893949985504,0.505216049382716,0.494783950617284,0.19864150881767273,0.03640337134739458,0.42515093088150024,0.28105852007865906,-0.6692475080490112,-1.4679891765117645,-1.6560826301574707,0.08451074186614341,0.009599854613628944,-0.6442087292671204,-0.8492275476455688,2.085540294647217,3.0798208713531494,4.004024982452393,6.648723125457764,0.13072918355464935,-4.7809739112854,1.6220768690109253,5.303353309631348,5.770585060119629,10.945170402526855,1.383668065071106,-1.0401917695999146,2.826935291290283,1.8369534015655518,3.75689959526062,5.933279037475586,0.8699030876159668,-1.293279767036438,1.3438209295272827,5.744818687438965,6.068782329559326,10.526976585388184,2.289322853088379,-7.4758148193359375,3.298057794570923,7.723683834075928,8.705113410949707,15.123908996582031,-0.13035309314727783,0.1830393373966217,2.8485312461853027,1.5328648090362549,3.5607118606567383,5.701508522033691,0.5931260585784912,2.3309993743896484,2.5537853240966797,3.7652668952941895,4.889368534088135,11.432830810546875,5.384711265563965,-4.056865692138672,6.30443000793457,4.079880237579346,7.945611000061035,13.902617454528809,-3.3750922679901123,0.40273240208625793,3.8036890029907227,1.3457717895507812,4.409002780914307,7.098971366882324
25.5,0.0,0.0,0.0,0.0,0.0,0,7.427801132202148,7.139360427856445,12.73652458190918,13.817754745483398,3.7539658546447754,-1.974894642829895,-2.8357763290405273,5.733076095581055,4.94514799118042,3.455696201726186,235.14583035697024,0.4652381155904295,0.3926140002130675,238.47937823085527,-38.7239190665606,38.7239190665606,0.2567185163497925,0.03456184101038811,0.5465646386146545,0.3445928692817688,0.5358796296296297,0.46412037037037035,0.19657263159751892,0.026464441041759455,0.4265533685684204,0.27967721223831177,-2.697317600250244,-0.993600606918335,1.971123218536377,0.13713976258577654,-0.010956148752156801,-0.2917882204055786,0.5411654114723206,3.2020840644836426,4.6471848487854,5.812617778778076,9.426569938659668,-2.7583630084991455,-4.233299732208252,6.020455360412598,5.468318462371826,8.725814819335938,13.111499786376953,2.408661127090454,-8.952743530273438,3.068821430206299,8.952839851379395,9.970319747924805,13.408958435058594,-4.816133975982666,0.6002692580223083,5.444572448730469,3.3238227367401123,7.206329345703125,10.78561019897461,-3.2032649517059326,-5.087583541870117,5.593262195587158,6.033562183380127,8.568428993225098,14.239892959594727,2.8107168674468994,-5.882477760314941,2.91213059425354,5.8973708152771,6.768398284912109,10.063333511352539,-8.094154357910156,-1.0105277299880981,8.095781326293945,1.8626134395599365,8.539044380187988,14.062806129455566,-4.948723793029785,-0.8021473288536072,5.472967624664307,3.1497960090637207,6.593313694000244,13.050986289978027,1.1189992427825928,-0.6946432590484619,4.198971748352051,1.4672913551330566,4.665940761566162,8.099166870117188
26.0,0.0,0.0,0.0,0.0,0.0,0,6.3375325202941895,5.741963863372803,11.990217208862305,13.376513481140137,3.60263991355896,-4.296281337738037,-1.5478930473327637,4.0111775398254395,4.024894714355469,4.566618685524033,199.81341733425103,0.7205672982190946,0.6608625156678563,201.08996337739603,-37.38941485345924,37.38941485345924,0.24765777587890625,0.0390779433490728,0.5254641175270081,0.32788047194480896,0.4758024691358025,0.5241975308641975,0.19029362499713898,0.030026448678776456,0.40929776430130005,0.26374372839927673,-2.321386694908142,1.2878832817077637,-1.090268611907959,0.2682485154547887,0.004516102338684692,-3.5992069244384766,-5.160874366760254,4.282098293304443,5.2774553298950195,7.625939846038818,12.824441909790039,-2.619633436203003,4.194554805755615,2.7223312854766846,4.356137275695801,5.52443790435791,8.980650901794434,-5.434218883514404,2.7191903591156006,5.434528350830078,3.1043338775634766,6.4364519119262695,11.460001945495605,-3.2589354515075684,-2.191110134124756,4.903637886047363,2.35697340965271,5.666703224182129,10.009621620178223,-3.6470086574554443,-1.9359499216079712,3.8284244537353516,3.5012526512145996,5.566797256469727,12.22606372833252,-4.670287609100342,-2.0577211380004883,4.687872886657715,2.3976497650146484,5.551825523376465,9.885642051696777,-4.960173606872559,-1.8168621063232422,5.527376174926758,1.9529327154159546,6.320400238037109,12.793251037597656,-6.719002723693848,-4.149253845214844,7.488387584686279,4.217482566833496,8.837645530700684,16.05736541748047,-3.7580642700195312,-3.533010244369507,3.7581138610839844,3.578498601913452,5.507589340209961,7.833494186401367
26.5,0.0,0.0,0.0,0.0,0.0,0,5.611992359161377,4.943586349487305,10.044963836669922,12.403423309326172,3.510361671447754,0.49685409665107727,-1.2483279705047607,3.424607753753662,5.503087520599365,1.343572370698167,291.70333075413055,0.23941094084079306,0.10855380532305864,318.53937550664097,117.44941212924493,117.44941212924493,0.2452264130115509,0.04369684661355267,0.5330628156661987,0.33137452602386475,0.5110185185185185,0.48898148148148146,0.21383114159107208,0.0381025293342517,0.4599258601665497,0.28135958313941956,4.793135434389114,0.29956507682800293,-0.7255401611328125,-0.5523087103447977,0.004618903264479869,3.0884430408477783,-7.452119827270508,3.752601146697998,7.531164169311523,8.72592544555664,15.640803337097168,1.5535436868667603,1.0056411027908325,2.429513931274414,2.701596975326538,3.9561898708343506,6.590789794921875,-0.7034440040588379,0.9943599700927734,2.944869041442871,4.0254011154174805,5.475484848022461,8.874600410461426,-0.20146386325359344,-4.647025108337402,3.035815954208374,6.104413986206055,7.2291483879089355,13.575366973876953,0.21908074617385864,-3.614602565765381,1.8141053915023804,4.2821125984191895,5.0347185134887695,9.732902526855469,1.916938304901123,3.034181594848633,2.511889934539795,3.2149906158447266,4.284481525421143,7.142119884490967,-1.53043794631958,1.892891526222229,3.139822483062744,3.8301968574523926,5.197518348693848,9.452431678771973,-1.0438878536224365,-4.9956464767456055,2.5463945865631104,5.344560623168945,6.179356575012207,9.833527565002441,1.1729142665863037,2.547367811203003,2.5832629203796387,3.3070685863494873,4.425108909606934,9.09829044342041
27.0,0.0,0.0,0.0,0.0,0.0,0,7.933972358703613,8.107173919677734,11.292047500610352,12.496589660644531,2.9737305641174316,2.1052470207214355,-1.2266275882720947,5.719358444213867,5.757017612457275,2.4365303730031145,329.7726735116224,0.3071009404677629,0.28263038717383693,318.2921421685865,-0.2472333380544569,0.2472333380544569,0.27036428451538086,0.03407678250126586,0.56998610496521,0.36386391520500183,0.5161882716049383,0.4838117283950617,0.2075948864221573,0.026165311759513855,0.4508703351020813,0.28009524941444397,1.6083929240703583,0.021700382232666016,2.3219799995422363,0.1740765818507783,-0.00962006411228681,4.0357818603515625,-5.48830509185791,5.540467262268066,5.511176109313965,8.716353416442871,12.200078010559082,2.5888173580169678,0.563987135887146,7.518980026245117,1.7934768199920654,7.973980903625488,15.695632934570312,5.995699405670166,3.3477530479431152,6.232578277587891,5.044364929199219,9.44186019897461,11.559012413024902,-1.1192803382873535,-6.185370922088623,2.8366031646728516,6.259496212005615,7.25680685043335,10.15645694732666,1.5168672800064087,-4.951974868774414,4.03945779800415,4.978786945343018,7.287275314331055,11.00196361541748,4.832144260406494,5.282042026519775,5.095254421234131,5.673800945281982,9.058989524841309,12.051633834838867,-2.4632627964019775,-5.579395771026611,2.5723283290863037,5.579395771026611,6.322543621063232,8.746980667114258,1.7190165519714355,-3.9790918827056885,5.277612686157227,3.994739055633545,7.212051868438721,10.518823623657227,1.8414382934570312,5.95070743560791,3.80869460105896,5.960391521453857,8.135891914367676,11.013479232788086
27.5,0.0,0.0,0.0,0.0,0.0,0,6.587435245513916,6.491837501525879,10.608963966369629,11.860886573791504,3.0266401767730713,2.1177902221679688,0.6365860104560852,4.82105827331543,4.941858768463135,2.2113971090282836,16.730238800420345,0.335699255720845,0.3022101728059914,29.627810502399967,71.33566833381349,71.33566833381349,0.2547549605369568,0.03867285405766871,0.5441250205039978,0.3409186601638794,0.5312191358024692,0.46878086419753084,0.20440301299095154,0.031029220682044736,0.43836089968681335,0.2848820090293884,0.012543201446533203,1.86321359872818,-1.3465371131896973,0.019579785632154456,0.004596071556402848,1.6739327907562256,1.3543483018875122,2.8263142108917236,5.874301433563232,7.105293273925781,10.633965492248535,2.5883052349090576,-0.7550559639930725,4.985043048858643,3.635530710220337,6.4448699951171875,13.286415100097656,2.3318989276885986,1.6466033458709717,2.9277284145355225,4.623554706573486,5.936784744262695,9.65713882446289,3.252178907394409,2.798846960067749,4.94569206237793,5.420684337615967,8.041881561279297,11.194257736206055,2.09456467628479,-3.462517023086548,3.377286195755005,4.593005657196045,6.084549903869629,11.689460754394531,2.0832207202911377,2.7527670860290527,3.683035373687744,3.5939013957977295,5.802811622619629,8.859674453735352,2.7394521236419678,3.7306225299835205,5.3270487785339355,4.751925945281982,8.037810325622559,11.803201675415039,2.021122932434082,-3.7815799713134766,4.033572673797607,3.9305062294006348,6.127689361572266,9.210046768188477,0.27543705701828003,1.4452381134033203,5.207129955291748,1.7787262201309204,5.70522403717041,8.871488571166992
28.0,0.0,0.0,0.0,0.0,0.0,0,5.324528694152832,5.045810699462891,9.52446174621582,10.61341381072998,2.9978737831115723,-2.446676254272461,-2.1667051315307617,3.8714067935943604,3.416024923324585,3.2681548035890917,221.52716452188207,0.6137923169008439,0.48901497659872895,221.97834880251898,-167.649461699881,167.649461699881,0.24047930538654327,0.04516442187384685,0.5137360095977783,0.3203664720058441,0.5162962962962963,0.4837037037037037,0.18479947745800018,0.03470719257344718,0.40850430727005005,0.26108619570732117,-4.56446647644043,-2.803291141986847,-1.262906551361084,0.18680480379273756,0.006491567816178143,-0.9803363680839539,-1.1026731729507446,4.570213794708252,2.3334333896636963,5.393246173858643,8.973057746887207,-1.3906100988388062,-2.959437131881714,3.6424560546875,3.250647783279419,5.492623805999756,8.874059677124023,-4.606586456298828,-0.02285325713455677,4.7005615234375,2.1980154514312744,5.517061710357666,9.371761322021484,-2.127476930618286,-1.6487092971801758,2.666750431060791,3.466928482055664,4.745453357696533,7.933558464050293,-4.180558204650879,-7.596931457519531,4.522364139556885,7.596931457519531,9.132023811340332,11.806938171386719,-1.8208799362182617,-0.3606155812740326,3.3404860496520996,2.0611400604248047,4.3081374168396,6.810960292816162,-2.269258737564087,-1.5177395343780518,2.437899351119995,2.2361574172973633,3.5088324546813965,7.518007755279541,-3.7677927017211914,-3.2546637058258057,4.324521064758301,3.6196603775024414,5.879382610321045,10.718682289123535,-0.8765872120857239,-1.0367233753204346,3.276130199432373,1.6397632360458374,3.9439985752105713,6.843092918395996
28.5,0.0,0.0,0.0,0.0,0.0,0,6.232613563537598,5.792476654052734,11.08917236328125,12.751823425292969,3.3647541999816895,-0.2933694124221802,-0.14485357701778412,4.896066188812256,5.107692718505859,0.3271821677900285,206.27823819785354,0.052495179502886055,0.006281092979826252,97.10444799387554,-124.87390080864344,124.87390080864344,0.240822434425354,0.03863907064528382,0.510739266872406,0.3202020525932312,0.517608024691358,0.482391975308642,0.19250619411468506,0.03088690823926381,0.40752658247947693,0.26818200945854187,2.1533068418502808,2.0218515545129776,0.9080848693847656,-0.4827338836189027,-0.006525351228563035,0.8553712964057922,-0.6843375563621521,2.6775615215301514,2.6393978595733643,4.089000225067139,6.765218257904053,-1.616270661354065,-4.8339362144470215,3.564180612564087,6.2180891036987305,7.662530422210693,15.447379112243652,0.13892622292041779,2.914874792098999,2.577920913696289,3.8769404888153076,5.374510765075684,8.517350196838379,-0.9445854425430298,-0.95241779088974,2.0148582458496094,2.4429807662963867,3.40592360496521,5.793344020843506,-0.5065545439720154,-4.533603668212891,5.848270416259766,4.961170673370361,8.414692878723145,12.56318187713623,2.3685357570648193,3.8550689220428467,3.2655718326568604,4.720274448394775,6.422653675079346,10.257583618164062,-5.155291557312012,-1.2730640172958374,5.158647537231445,2.9024951457977295,6.1969780921936035,10.458915710449219,-1.611567735671997,-0.6175297498703003,6.440298557281494,2.650041341781616,7.286017894744873,12.812384605407715,3.8311119079589844,4.821262836456299,4.0739827156066895,4.971858501434326,7.241210460662842,10.201947212219238
29.0,0.0,0.0,0.0,0.0,0.0,0,5.453428745269775,4.955583572387695,9.811849594116211,12.233308792114258,3.1455559730529785,0.39941978454589844,-1.0352708101272583,5.017847537994385,3.6365222930908203,1.1096494106645765,291.09720724869635,0.20347738322006503,0.1387503633428162,279.85777019687794,-177.24667779699757,177.24667779699757,0.24506938457489014,0.04493857921016764,0.5297474265098572,0.32901689410209656,0.5360648148148148,0.4639351851851852,0.18637649714946747,0.03417601506852228,0.40105414390563965,0.25404977798461914,0.6927891969680786,-0.8904172331094742,-0.7791848182678223,0.13246927036298994,0.0062995085648838225,0.7446149587631226,-0.9305980205535889,2.9838263988494873,1.2599889039993286,3.450423002243042,6.080815315246582,-4.0763750076293945,0.5611960887908936,4.107228755950928,3.123276472091675,5.384034156799316,8.242940902709961,6.018599033355713,-3.6769981384277344,8.495317459106445,3.8429410457611084,9.705289840698242,13.926365852355957,1.9208027124404907,-2.924107074737549,3.53566575050354,3.283646821975708,5.135144233703613,8.784433364868164,-0.935113787651062,-2.846773386001587,2.297062635421753,3.154620885848999,4.272648811340332,6.899693012237549,3.249269723892212,-0.20271070301532745,5.3072733879089355,3.1260814666748047,6.487133026123047,11.2853422164917,0.5495834946632385,-3.046088933944702,3.282745122909546,4.4274702072143555,5.985457897186279,8.94328784942627,-2.342592716217041,0.6524496078491211,2.7384955883026123,2.224189519882202,3.857271671295166,6.383583068847656,-1.534010410308838,3.0961930751800537,2.9043946266174316,3.368303060531616,4.803455352783203,8.866565704345703
29.5,0.0,0.0,0.0,0.0,0.0,0,5.620400905609131,5.156878471374512,9.87835693359375,11.221823692321777,2.8894989490509033,1.9655194282531738,-1.4835723638534546,4.353365898132324,3.8629088401794434,2.4625705231790644,322.9545264510371,0.43814855284103166,0.40143258019982647,326.1371702341306,46.279400037252685,46.279400037252685,0.24195285141468048,0.04304903020782425,0.514578640460968,0.3184688687324524,0.47401234567901235,0.5259876543209877,0.21125756204128265,0.0375876255095652,0.4545120894908905,0.28100094199180603,1.5660996437072754,-0.4483015537261963,0.16697216033935547,0.26268221685701026,-0.0018895490023433867,4.743958950042725,-0.4734920263290405,4.744179725646973,1.5812199115753174,5.112736701965332,8.36236572265625,3.6947178840637207,1.8579837083816528,4.451816082000732,2.435218572616577,5.360335350036621,10.92916488647461,4.487076759338379,-1.0313009023666382,5.547994613647461,3.840768337249756,7.790996074676514,12.298266410827637,2.898752212524414,0.23561716079711914,3.9252376556396484,1.5954800844192505,4.508676528930664,8.457527160644531,0.5659468770027161,-4.222672939300537,2.6599059104919434,4.306293487548828,5.475955963134766,10.13490104675293,2.7515132427215576,-4.6976189613342285,3.7427799701690674,5.3831353187561035,7.566352844238281,11.638361930847168,1.1223820447921753,2.0645689964294434,3.8060545921325684,2.8211636543273926,5.105212688446045,8.722184181213379,-0.32279330492019653,-3.9181063175201416,2.151588201522827,3.9325993061065674,4.761545658111572,7.635499954223633,-2.251880168914795,-3.167131185531616,3.1948602199554443,3.3364453315734863,4.901795864105225,7.51055908203125
30.0,0.0,0.0,0.0,0.0,0.0,0,7.130726337432861,6.749374866485596,11.46291732788086,13.912762641906738,3.423722743988037,-0.23764938116073608,-2.996558427810669,5.207603931427002,5.139471054077148,3.0059673384202346,265.4655092624012,0.42155135342108996,0.32178770898123216,268.48010398825204,-57.65706624587858,57.65706624587858,0.22108487784862518,0.031004533953785718,0.47664695978164673,0.29306668043136597,0.4906635802469136,0.5093364197530864,0.2119501680135727,0.029723499158485146,0.4597541093826294,0.2795912027359009,-2.20316880941391,-1.5129860639572144,1.5103254318237305,-0.07964487121859432,-0.012044496254038535,-0.5275508165359497,-0.3903801739215851,5.342895030975342,3.4612953662872314,6.597999095916748,9.199372291564941,-1.662705659866333,-6.736752986907959,2.175487995147705,7.056704521179199,8.104530334472656,10.27126407623291,5.161038398742676,0.784887433052063,5.283970832824707,3.7183003425598145,7.08338737487793,13.23568058013916,0.33596497774124146,-1.3989118337631226,3.5434842109680176,3.7453017234802246,5.492343902587891,8.118980407714844,-4.048912525177002,-8.730262756347656,4.059497833251953,8.97033977508545,10.339193344116211,16.59505844116211,3.5670220851898193,1.3468949794769287,4.330554962158203,3.059556007385254,5.9826812744140625,9.343921661376953,-2.467146635055542,-1.8670037984848022,4.05468225479126,2.0306918621063232,4.8924946784973145,7.009769916534424,-5.580089092254639,-7.069603443145752,5.626753807067871,7.3032612800598145,10.436200141906738,15.089656829833984,3.0835347175598145,-2.9078938961029053,3.1624181270599365,3.6094889640808105,5.247708320617676,8.787742614746094
30.5,0.0,0.0,0.0,0.0,0.0,0,6.271410942077637,5.7840142250061035,10.595063209533691,12.975149154663086,3.5046234130859375,-0.4359344244003296,-1.8590776920318604,4.159115314483643,5.5379180908203125,1.9095048277990174,256.80316408568217,0.304477707717623,0.14455771685423044,274.32989581706704,5.849791828815,5.849791828815,0.2378944456577301,0.037933155700009526,0.5120269060134888,0.32706525921821594,0.5111574074074074,0.4888425925925926,0.2293114811182022,0.03656457002603377,0.5027241706848145,0.3137296140193939,-0.1982850432395935,1.1374807357788086,-0.8593153953552246,-0.17722999212700172,0.006928621746223808,0.11005937308073044,0.9220506548881531,2.9123730659484863,1.4581472873687744,3.453765630722046,5.560608863830566,-0.257628858089447,-0.9590553045272827,2.454890727996826,5.030574321746826,5.865862846374512,8.85372543334961,-6.325074195861816,-2.7968437671661377,6.33347225189209,3.077188014984131,7.553641319274902,11.031963348388672,2.5938265323638916,0.5875126123428345,2.7970666885375977,1.890795350074768,3.6565093994140625,6.00289249420166,1.0163522958755493,-4.436644077301025,4.072164535522461,7.2762532234191895,8.979782104492188,13.71236801147461,-3.095188856124878,-3.825428009033203,3.5989620685577393,4.79464864730835,6.660682678222656,9.339505195617676,0.8379008173942566,0.1564149111509323,2.0182549953460693,2.9265294075012207,3.836210012435913,6.148775100708008,-1.051622748374939,-5.016470432281494,3.776047468185425,9.093657493591309,10.230867385864258,17.10301971435547,2.2479658126831055,-1.3632359504699707,2.8725929260253906,5.134081840515137,6.205378532409668,8.678380012512207
31.0,0.0,0.0,0.0,0.0,0.0,0,6.903317928314209,6.888351917266846,11.595648765563965,12.728055000305176,3.4977028369903564,1.190332055091858,0.8564845323562622,5.29334831237793,5.451580047607422,1.4664433693616439,35.73630385474093,0.21242587761270174,0.22412599415202028,54.268755264536864,139.93885944746984,139.93885944746984,0.24590522050857544,0.03562130376158436,0.5368363857269287,0.33439597487449646,0.49441358024691356,0.5055864197530864,0.21790149807929993,0.03156474448624547,0.4545808434486389,0.3097844123840332,1.6262664794921875,2.7155622243881226,0.6319069862365723,0.07956827729778984,-0.0023118519384251676,-1.5952171087265015,-1.5270447731018066,1.9522743225097656,3.0775911808013916,4.029435157775879,9.302257537841797,3.395571231842041,-0.2039741724729538,3.625990629196167,5.043594837188721,7.1080217361450195,14.978854179382324,6.098846435546875,3.8942277431488037,6.113597869873047,6.089913845062256,9.207873344421387,13.125869750976562,-4.734286785125732,-2.3159797191619873,4.736629962921143,3.8396155834198,6.429370880126953,9.289949417114258,3.410418748855591,5.016659259796143,3.5580782890319824,5.410069942474365,7.281201362609863,10.61535930633545,5.72361421585083,2.338548421859741,5.829995155334473,3.3053157329559326,7.14244270324707,12.91279411315918,-5.662306308746338,-6.452059268951416,5.666905879974365,6.667771816253662,9.353565216064453,12.054071426391602,-0.038522813469171524,5.754685878753662,2.8357372283935547,5.754685878753662,6.644510746002197,8.711177825927734,4.114869117736816,1.2032978534698486,4.260203838348389,1.7623001337051392,4.933438777923584,10.243160247802734
31.5,0.0,0.0,0.0,0.0,0.0,0,6.1582183837890625,6.156739234924316,10.230098724365234,11.287840843200684,2.9034223556518555,-1.1989450454711914,1.168049931526184,5.002005100250244,4.304841041564941,1.6738607661924096,135.74780856682483,0.2718092574629527,0.25514531088084696,131.74895138646022,77.48019612192337,77.48019612192337,0.23000876605510712,0.037349881795472196,0.494240403175354,0.30273205041885376,0.4882561728395062,0.5117438271604938,0.20054611563682556,0.0325656010509701,0.4398338198661804,0.26459527015686035,-2.3892771005630493,0.3115653991699219,-0.7450995445251465,0.031019316728826685,0.0017285780338878384,-6.004878044128418,0.8373473882675171,6.028323650360107,4.281039714813232,7.780778884887695,10.439517974853516,-3.3639421463012695,3.9688308238983154,3.91756534576416,4.726988792419434,6.4766998291015625,10.721780776977539,-1.0736902952194214,1.7370811700820923,3.881808042526245,2.0701966285705566,4.781342029571533,8.047133445739746,-3.619676351547241,3.437466859817505,3.8657357692718506,4.180387020111084,6.256025791168213,8.853877067565918,-2.439073324203491,-1.2582629919052124,3.6770644187927246,1.946754813194275,4.448864936828613,7.975697994232178,4.2051310539245605,1.31046724319458,5.451549530029297,1.6888988018035889,5.973729610443115,9.854597091674805,-1.0465065240859985,4.886935710906982,1.8498154878616333,4.901098251342773,5.513805389404297,7.267159938812256,-1.7922496795654297,-5.2215576171875,2.6139886379241943,5.346339702606201,6.386973857879639,12.398961067199707,4.3443803787231445,0.8141394257545471,6.796409606933594,2.9760005474090576,7.805745601654053,11.630062103271484
32.0,0.0,0.0,0.0,0.0,0.0,0,7.096303462982178,6.607744216918945,12.05845832824707,14.320823669433594,3.41095232963562,1.3892489671707153,2.8514273166656494,4.3729634284973145,5.727884769439697,3.171852839431862,64.02411090645569,0.44697254788747587,0.3041330633079877,70.23193566369083,-61.517015722769386,61.517015722769386,0.2346748411655426,0.03307000740874666,0.5075035691261292,0.31345248222351074,0.512175925925926,0.4878240740740741,0.20046816766262054,0.028249657086778242,0.429085910320282,0.26213547587394714,2.5881940126419067,1.6833773851394653,0.9380850791931152,0.04898775242714076,-0.0042798743867255365,-0.5987491607666016,10.730507850646973,2.0698354244232178,10.730507850646973,11.064842224121094,15.821563720703125,3.7332849502563477,-1.5961024761199951,3.9520328044891357,4.7969841957092285,6.588592052459717,9.766853332519531,-2.922720193862915,-0.8757140040397644,2.9466309547424316,2.775268077850342,4.403861045837402,7.475309371948242,-1.1913399696350098,6.645634651184082,2.7399344444274902,6.645634651184082,7.531890869140625,11.417475700378418,3.9167747497558594,-0.9212567806243896,4.126281261444092,4.61615514755249,6.657656192779541,8.295126914978027,1.7062163352966309,1.9081647396087646,3.5036633014678955,4.231955528259277,5.770454406738281,8.522553443908691,1.932863712310791,5.203785419464111,4.480215072631836,5.291563510894775,7.162392616271973,15.339373588562012,1.373945713043213,1.8352316617965698,5.9329376220703125,4.835999488830566,7.9849724769592285,14.325265884399414,4.5529656410217285,2.7325947284698486,4.5769524574279785,4.077600955963135,6.702069282531738,8.908687591552734
32.5,0.0,0.0,0.0,0.0,0.0,0,6.577374458312988,6.576577663421631,10.951756477355957,12.432005882263184,3.2253968715667725,-0.2575162351131439,-3.6118969917297363,3.620922327041626,5.238497257232666,3.6210653805493718,265.92190220927176,0.5505335606934759,0.38319098930807866,265.5108141662038,-164.72112149748705,164.72112149748705,0.2543291449546814,0.0386672688166586,0.5461562275886536,0.3353211581707001,0.45871913580246915,0.5412808641975309,0.19759276509284973,0.030041278066788316,0.43575236201286316,0.2699933648109436,-1.6467652022838593,-6.463324308395386,-0.5189290046691895,0.07905792600009093,0.0055972614079119395,0.2431923747062683,1.4085172414779663,4.609130859375,3.211550235748291,6.009606838226318,8.604373931884766,-3.9153640270233154,0.0970945879817009,4.340944766998291,2.364309787750244,5.301804542541504,8.114094734191895,-2.434575080871582,-5.6458845138549805,2.5699172019958496,6.685126304626465,7.344074249267578,13.245296478271484,2.3786892890930176,-3.6849708557128906,3.319187879562378,4.764113903045654,6.47997522354126,9.26395034790039,-2.1021668910980225,-3.5164973735809326,3.7309021949768066,4.144700050354004,5.789388179779053,9.063247680664062,0.20846149325370789,-5.759332656860352,1.3021690845489502,6.110185623168945,6.3889994621276855,11.657487869262695,1.4267797470092773,-8.44137191772461,1.9283910989761353,8.44137191772461,8.795618057250977,11.216012001037598,0.12920451164245605,-0.20791402459144592,1.4158092737197876,5.1640191078186035,5.51942777633667,9.46255111694336,1.7481328248977661,-6.7567138671875,2.550201892852783,6.8214616775512695,7.567478179931641,13.06700611114502
33.0,0.0,0.0,0.0,0.0,0.0,0,6.741978168487549,6.479678153991699,11.095536231994629,12.41961669921875,3.28014874458313,1.7652548551559448,-2.741377830505371,4.764772415161133,4.78323221206665,3.260563925648134,302.77869175805967,0.48362125242235654,0.4262934253621589,301.68311776297656,36.17230359677279,36.17230359677279,0.27108633518218994,0.04020871741183437,0.5821759104728699,0.36744728684425354,0.4509413580246914,0.5490586419753086,0.2297614961862564,0.034079235554475854,0.5005260109901428,0.31343334913253784,2.0227710902690887,0.8705191612243652,0.16460371017456055,0.04310243605408026,0.0015414485951757706,2.813875913619995,2.236196756362915,5.1889777183532715,4.490203380584717,7.434419631958008,10.432344436645508,1.2517263889312744,1.8064101934432983,2.912193536758423,3.37589430809021,4.780275821685791,7.306585788726807,0.9652706980705261,-4.425383567810059,2.641634702682495,4.4490647315979,5.411783218383789,7.693638324737549,-0.25135207176208496,-3.0291526317596436,3.1909565925598145,3.265739917755127,5.014105796813965,7.305452823638916,5.509159088134766,-2.0261716842651367,6.360199451446533,4.822532653808594,8.96123218536377,13.617464065551758,1.1939932107925415,-2.420107126235962,3.175067186355591,2.673332452774048,4.3747992515563965,8.284317016601562,-0.49965691566467285,-4.143782615661621,3.250594139099121,4.345921516418457,5.867255687713623,9.9683837890625,6.513898849487305,-5.146635055541992,6.513898849487305,5.293749809265137,9.0005521774292,12.707660675048828,-1.6096211671829224,-7.52377462387085,5.0774922370910645,7.524535179138184,9.833378791809082,13.915154457092285
33.5,0.0,0.0,0.0,0.0,0.0,0,7.418630123138428,7.0649919509887695,12.087431907653809,16.290380477905273,3.982121229171753,-0.09320853650569916,-1.3695136308670044,5.713817596435547,6.030040740966797,1.3726818336410151,266.1064770569458,0.18503171217010433,0.07407341348632865,290.18646060679646,-11.496657156180106,11.496657156180106,0.2618429362773895,0.03529531687600848,0.5628709197044373,0.3568601608276367,0.5102006172839506,0.4897993827160494,0.24909387528896332,0.03357679754585034,0.5315577983856201,0.36078017950057983,-1.858463391661644,1.3718641996383667,0.6766519546508789,-0.3522200118758303,-0.004913400535825889,-6.257616996765137,-2.358147144317627,6.264953136444092,3.443763494491577,7.666153430938721,11.28107738494873,-0.06992544233798981,-7.875941753387451,6.409505367279053,8.287345886230469,11.651386260986328,18.937973022460938,6.547695159912109,4.248544216156006,6.550212860107422,4.248544216156006,8.017528533935547,11.417765617370605,-5.309358596801758,-1.470536708831787,5.357883453369141,2.09565806388855,6.002859115600586,8.768341064453125,-2.013349771499634,-8.579299926757812,6.803310394287109,8.654120445251465,11.520362854003906,17.62582015991211,3.6055989265441895,4.161398410797119,3.813981294631958,4.218164443969727,6.120502471923828,9.536124229431152,-0.3517845869064331,-0.714317262172699,1.9475045204162598,3.4460015296936035,4.267090320587158,8.182500839233398,1.5799105167388916,-3.8157970905303955,3.2301502227783203,4.491456031799316,6.0862627029418945,9.41002368927002,1.4299544095993042,4.078473091125488,2.1906018257141113,4.492237567901611,5.43552303314209,9.824549674987793
34.0,0.0,0.0,0.0,0.0,0.0,0,9.688055992126465,9.16862678527832,15.905510902404785,18.848674774169922,4.793195724487305,-1.075652003288269,-4.312244892120361,8.37594223022461,5.188858985900879,4.444376586406266,255.99388823973916,0.4587480285021303,0.45816700530559784,267.28957041973877,-22.896890187057693,22.896890187057693,0.2909092307090759,0.030027613477655986,0.6233543753623962,0.44632136821746826,0.5512962962962963,0.4487037037037037,0.2615308463573456,0.026995180413357713,0.5743206143379211,0.43899044394493103,-0.9824434667825699,-2.942731261253357,2.269425868988037,0.38409359181926916,-0.005267703398352495,-0.8947995901107788,-6.68725061416626,3.797362804412842,6.699223518371582,8.2296724319458,11.53317928314209,5.248721599578857,-5.75952672958374,7.144461631774902,5.77517032623291,9.996498107910156,11.91491413116455,6.8482866287231445,-6.797824382781982,6.8482866287231445,6.847316741943359,9.89350700378418,14.288755416870117,-2.641456127166748,1.6866307258605957,3.7448480129241943,3.710273504257202,5.564731121063232,9.650928497314453,0.9345068335533142,-4.120741844177246,5.503584861755371,4.13042688369751,7.5462799072265625,10.130319595336914,3.259168863296509,-8.563735008239746,6.245335102081299,8.733365058898926,11.074752807617188,18.80025291442871,-9.59508228302002,3.3312480449676514,11.470773696899414,4.252539157867432,12.668060302734375,22.064125061035156,-7.254312992095947,-3.250117301940918,7.616148948669434,3.565112829208374,9.371200561523438,12.531046867370605,-5.585901737213135,-8.648887634277344,8.631680488586426,8.648887634277344,12.847799301147461,18.660472869873047
34.5,0.0,0.0,0.0,0.0,0.0,0,6.603614330291748,5.575667381286621,12.73652458190918,16.182405471801758,4.4429731369018555,1.550832748413086,1.6008388996124268,6.50150203704834,4.0137810707092285,2.228848894847475,45.90900999186322,0.3375195435965147,0.23206119908435047,62.363267619440634,155.07369719970188,155.07369719970188,0.2853058874607086,0.04320449832260351,0.5881698727607727,0.3849292993545532,0.5442438271604938,0.45575617283950615,0.21965473890304565,0.033262800438338264,0.4713192582130432,0.3101629316806793,2.626484751701355,5.913083791732788,-3.084441661834717,-0.22610580622124737,0.013176884844947521,-3.053887367248535,-2.435988187789917,4.434613227844238,3.2962710857391357,5.808890342712402,9.701080322265625,11.218891143798828,0.5109409689903259,11.218891143798828,4.004730224609375,12.480810165405273,21.171894073486328,1.954148769378662,-0.027217814698815346,3.4349701404571533,2.320601224899292,4.487496852874756,8.940813064575195,-0.5676472783088684,0.8972536325454712,2.3162450790405273,2.6457159519195557,3.879596471786499,6.1896443367004395,8.014873504638672,3.0172736644744873,8.014873504638672,3.261967182159424,8.87658977508545,15.217947006225586,0.5829418301582336,3.429380416870117,4.390966415405273,3.7237982749938965,6.570194244384766,10.52038860321045,-1.3632937669754028,2.090367317199707,2.355332612991333,2.6039607524871826,3.946321964263916,6.271671295166016,0.9666892886161804,1.4638805389404297,4.249995231628418,2.5184900760650635,5.418230056762695,8.71243953704834,-3.795222759246826,5.461658000946045,4.876506805419922,5.78486967086792,7.9644012451171875,15.566254615783691
35.0,0.0,0.0,0.0,0.0,0.0,0,8.097870826721191,7.792887210845947,13.159667015075684,15.080852508544922,3.939300775527954,1.983561635017395,-0.005378809757530689,6.103663444519043,6.316988468170166,1.9835689278437716,359.8446318293882,0.24494944045025152,0.16634604269433914,351.8002513094382,-70.56301631000247,70.56301631000247,0.31397905945777893,0.03877303397439773,0.6516780257225037,0.4412418305873871,0.44973765432098767,0.5502623456790123,0.2303457111120224,0.02844521573581004,0.49081555008888245,0.3368215560913086,0.4327288866043091,-1.6062177093699574,1.4942564964294434,-0.06571515639001133,-0.00443146434820578,1.8507972955703735,1.4889696836471558,3.2459890842437744,6.776287078857422,7.992176532745361,12.139686584472656,7.294460773468018,5.159362316131592,8.540443420410156,5.204117774963379,10.851139068603516,17.234907150268555,-2.0412845611572266,1.296165943145752,2.962796211242676,3.590665102005005,4.933076858520508,8.02031135559082,2.394810676574707,-2.9470810890197754,3.5553760528564453,5.876224994659424,7.403651237487793,12.285189628601074,4.570441246032715,5.2268500328063965,5.478392124176025,5.654853820800781,8.614355087280273,14.666723251342773,-4.00025749206543,-0.8846780061721802,4.589900493621826,2.795351266860962,5.9071044921875,9.44161319732666,6.829561710357666,-8.856852531433105,6.837542533874512,8.857154846191406,11.60516357421875,15.294939994812012,5.5470781326293945,0.19341640174388885,5.696017742156982,4.482497692108154,7.738344192504883,12.65847396850586,-4.593552112579346,-0.7245622873306274,5.871557235717773,4.488003730773926,7.835822105407715,10.941145896911621
35.5,0.0,0.0,0.0,0.0,0.0,0,6.969193458557129,6.781131267547607,11.702319145202637,13.423290252685547,3.4794137477874756,-0.9854609966278076,3.865738868713379,3.826387882232666,5.488138675689697,3.989369671634363,104.301343208095,0.5724291763971644,0.4308509549859312,102.63997385998837,110.83972255055016,110.83972255055016,0.25885018706321716,0.03714205258620497,0.5550873875617981,0.35817331075668335,0.5243518518518518,0.47564814814814815,0.20587767660617828,0.02954110088769173,0.45603567361831665,0.27867981791496277,-2.9690226316452026,3.8711176784709096,-1.1286773681640625,0.264504912291592,-0.0016309813881927593,1.6573779582977295,0.576103925704956,3.171719789505005,1.9881335496902466,4.074113368988037,6.261961460113525,-1.6270545721054077,-0.4880765676498413,2.887558698654175,2.2209231853485107,4.110548496246338,6.0988874435424805,1.747665286064148,5.3305792808532715,3.1967241764068604,5.346633434295654,6.629615306854248,8.988194465637207,1.043350338935852,-0.6244030594825745,2.257452964782715,2.42712664604187,3.696976900100708,6.017341136932373,-1.8614479303359985,5.030275821685791,3.8538360595703125,5.037899494171143,7.001326560974121,8.944723129272461,-1.9468836784362793,7.669101715087891,2.817953109741211,7.669101715087891,8.424040794372559,11.39439582824707,-0.6455504298210144,-1.8000309467315674,3.3740439414978027,5.765190124511719,7.281257629394531,10.449936866760254,-3.9679980278015137,7.911235809326172,4.052828788757324,7.911235809326172,9.099161148071289,11.73609733581543,-3.268608331680298,11.186861991882324,3.579693078994751,11.187331199645996,12.405701637268066,16.591707229614258
36.0,0.0,0.0,0.0,0.0,0.0,0,6.054579257965088,5.8466339111328125,9.714320182800293,10.818401336669922,2.6106784343719482,-3.3631975650787354,-1.6246366500854492,4.3892292976379395,3.2027640342712402,3.7350424504351225,205.78347413848297,0.6168954590067502,0.5680119270578248,209.20202781130922,106.56205395132088,106.56205395132088,0.25511834025382996,0.042136420591371244,0.5395525693893433,0.3348071873188019,0.48583333333333334,0.5141666666666667,0.18979166448116302,0.031346791419848315,0.4092414677143097,0.2527477741241455,-2.3777365684509277,-5.490375518798828,-0.914614200592041,0.1371609720718936,0.004994368005166276,-6.236331939697266,0.7106531262397766,6.237737655639648,1.8586947917938232,6.626668930053711,10.285904884338379,-1.6618850231170654,-2.5841422080993652,3.0461246967315674,3.5791385173797607,5.007388114929199,7.637020111083984,-3.184326171875,-0.8236798644065857,6.3767476081848145,1.5858186483383179,6.834091663360596,10.559270858764648,-2.9213931560516357,-1.1542011499404907,4.58913516998291,2.108382225036621,5.475424289703369,9.860998153686523,-4.71049690246582,-2.0738189220428467,4.744482517242432,3.088897466659546,5.976940631866455,9.147522926330566,-1.6503545045852661,-1.5935405492782593,4.477025985717773,1.880784273147583,4.99954080581665,7.48826265335083,-2.225637435913086,-5.546170711517334,3.3625316619873047,5.55305290222168,6.919798851013184,11.012418746948242,-5.520431995391846,-2.8992435932159424,5.561074256896973,3.1481614112854004,7.1719489097595215,11.080118179321289,-2.1579208374023438,1.3424153327941895,4.300987720489502,2.603578567504883,5.479412078857422,7.81818962097168
36.5,0.0,0.0,0.0,0.0,0.0,0,8.802355766296387,8.952630996704102,14.116476058959961,15.021903991699219,4.049201965332031,-3.6878390312194824,-2.623357057571411,7.282302379608154,4.512582778930664,4.525721928233724,215.42627638035452,0.5141489447134597,0.45333369349414315,216.09032413110967,6.888296319800446,6.888296319800446,0.29741036891937256,0.03378758403182841,0.652133584022522,0.4261576235294342,0.48962962962962964,0.5103703703703704,0.23677803575992584,0.026899390929771505,0.5279377698898315,0.3659408688545227,-0.32464146614074707,-0.9987204074859619,2.747776508331299,-0.11467823356368162,-0.008348836559542834,0.6920585632324219,-4.068185329437256,5.334752559661865,4.070735454559326,7.133777141571045,11.747044563293457,4.232867240905762,2.7663986682891846,8.050623893737793,4.586804389953613,10.406081199645996,15.775951385498047,-7.212111473083496,-4.393184661865234,7.212111473083496,4.413785457611084,8.878101348876953,10.946797370910645,2.513106346130371,-0.07552600651979446,3.090862989425659,1.8821519613265991,4.035309791564941,7.4526143074035645,-3.033460855484009,-2.281944513320923,7.325586318969727,4.631533622741699,8.996977806091309,13.760782241821289,-9.91815185546875,-2.038890838623047,9.91815185546875,2.842531442642212,10.417505264282227,13.490772247314453,-1.7844092845916748,-3.685664415359497,3.556554079055786,5.252028942108154,6.961142539978027,14.336699485778809,-9.51184368133545,-6.706433296203613,9.732291221618652,6.706433296203613,12.250455856323242,14.839635848999023,-9.168606758117676,-3.126784324645996,9.168606758117676,3.741673707962036,10.141846656799316,13.543782234191895
37.0,0.0,0.0,0.0,0.0,0.0,0,8.894942283630371,9.11487102508545,13.339422225952148,14.262445449829102,3.4218904972076416,1.0183979272842407,3.8142483234405518,5.89307975769043,6.3651652336120605,3.947863296919727,75.05084305598325,0.44383236799468595,0.41243609025781536,74.88677559725804,-141.20354853385163,141.20354853385163,0.2790589928627014,0.0313727680958081,0.5958341956138611,0.3852229118347168,0.4547685185185185,0.5452314814814815,0.23470981419086456,0.026386881479369073,0.5075687766075134,0.3481547236442566,4.706236958503723,6.437605381011963,0.09258651733398438,-0.040897603236327795,-0.0024148159360203106,0.03049224056303501,10.080810546875,3.5906612873077393,10.080810546875,10.888346672058105,13.739806175231934,-2.2903897762298584,5.645871162414551,4.450506210327148,5.645871162414551,7.599798202514648,10.160983085632324,2.5519254207611084,0.853637158870697,2.671105146408081,4.110544681549072,5.212305545806885,7.102478504180908,-1.450085997581482,10.271696090698242,2.345890998840332,10.271696090698242,10.71603012084961,12.804241180419922,-2.1209681034088135,2.0855164527893066,3.76291823387146,4.3586745262146,6.784566879272461,11.177651405334473,0.5097962021827698,2.149094820022583,5.313354969024658,3.0130062103271484,6.6373372077941895,11.510978698730469,5.681815147399902,7.735959053039551,6.464427947998047,7.736246585845947,11.265642166137695,14.539759635925293,4.904318809509277,-1.5125634670257568,5.000728607177734,8.929914474487305,10.749415397644043,14.383333206176758,1.3486772775650024,-2.9817893505096436,9.09637451171875,3.7857742309570312,10.20104694366455,14.738487243652344
37.5,0.0,0.0,0.0,0.0,0.0,0,6.124538898468018,5.658263206481934,10.907312393188477,12.558704376220703,3.405792236328125,-1.2847681045532227,1.392470359802246,5.080667018890381,4.43921422958374,1.8946247083275034,132.69629822907024,0.30934977142547365,0.20489227126885382,128.720851472144,53.83407587488597,53.83407587488597,0.2923201322555542,0.04772932123908192,0.6210379600524902,0.4261906147003174,0.4802932098765432,0.5197067901234568,0.21200376749038696,0.034615460263948516,0.4484063386917114,0.29809290170669556,-2.3031660318374634,-2.4217779636383057,-2.7704033851623535,-0.20754381898896154,0.01635655314327382,1.2886251211166382,-0.848254382610321,3.1587018966674805,2.584644317626953,4.421671390533447,6.8749003410339355,-4.401060104370117,4.31376314163208,4.498912334442139,4.374310493469238,6.652245998382568,8.542373657226562,-1.4103795289993286,-0.22262027859687805,2.9390668869018555,2.7489447593688965,4.333089351654053,7.401553630828857,2.383051872253418,-0.805931031703949,2.798765182495117,1.7857325077056885,3.565404176712036,5.458669662475586,-0.33404138684272766,2.703031063079834,2.9937620162963867,3.321889638900757,4.947890758514404,10.123855590820312,-2.9970061779022217,-1.2057725191116333,3.4825873374938965,5.787710666656494,7.010251522064209,11.124187469482422,-0.40456193685531616,1.6326509714126587,3.3749799728393555,4.138966083526611,5.884643077850342,8.534789085388184,-2.3817410469055176,6.088805198669434,7.87893533706665,6.114248275756836,10.760607719421387,14.77639102935791,-3.3058011531829834,0.8765588998794556,6.061795234680176,3.5499465465545654,7.545051097869873,12.81020450592041
38.0,0.0,0.0,0.0,0.0,0.0,0,8.144688606262207,7.752415657043457,13.232184410095215,14.616000175476074,3.533010721206665,-3.2508771419525146,4.932407379150391,3.5957415103912354,5.567037105560303,5.9073551396514645,123.38828907823209,0.7253015339480844,0.6396840401454934,125.86171465682678,-2.8591368153172425,2.8591368153172425,0.24560049176216125,0.03015467791103131,0.5204028487205505,0.335300087928772,0.5004475308641976,0.4995524691358025,0.2104460895061493,0.025838441939437892,0.4574615955352783,0.2823498547077179,-1.966109037399292,3.5399370193481445,2.0201497077941895,0.4347917688766396,-0.01757464332805061,-2.1446938514709473,8.63279914855957,3.3501968383789062,8.633124351501465,9.641761779785156,14.700271606445312,-1.847739815711975,5.1615214347839355,3.7218668460845947,5.216328144073486,7.112574100494385,10.80424976348877,-5.939868927001953,2.1029880046844482,5.995755195617676,3.871035099029541,7.37608528137207,10.523746490478516,-3.732419490814209,8.784078598022461,3.9516026973724365,8.784078598022461,10.0681734085083,15.73417854309082,-3.5775506496429443,4.904638767242432,4.060683250427246,8.585981369018555,10.046499252319336,14.790848731994629,-2.2807111740112305,-0.2910519540309906,4.678983688354492,3.7376275062561035,6.536236763000488,9.034923553466797,-3.844829797744751,6.819441318511963,4.085508823394775,6.819441318511963,8.19229507446289,11.025460243225098,-3.867337465286255,4.724423885345459,4.342708110809326,6.641853332519531,8.632710456848145,12.424504280090332,-2.0227441787719727,3.5528311729431152,3.481292963027954,4.076849460601807,5.695858478546143,9.95363998413086
38.5,0.0,0.0,0.0,0.0,0.0,0,4.998873710632324,4.248683929443359,9.963362693786621,11.923027992248535,3.278447389602661,1.914849877357483,1.2736397981643677,3.760256052017212,4.038393974304199,2.29974093938516,33.62939606478282,0.4600518181713093,0.23719117794024946,30.50576259749342,-95.35595205933336,95.35595205933336,0.24004118144512177,0.04801904335281053,0.5227973461151123,0.3219151496887207,0.5458641975308642,0.4541358024691358,0.2003447264432907,0.04007796515027048,0.4337942600250244,0.2658030688762665,5.165727019309998,-3.658767580986023,-3.145814895629883,-0.40249286220524394,0.017864365441779217,5.343173503875732,-1.41846764087677,5.343173503875732,2.6245386600494385,6.677757263183594,10.58245849609375,0.5532427430152893,0.878864049911499,1.373387336730957,4.525221824645996,4.916426658630371,7.847012996673584,-0.9213065505027771,0.20522230863571167,1.8872061967849731,3.811208724975586,4.473227500915527,7.122310161590576,4.343147277832031,2.5672595500946045,4.915186405181885,3.9805097579956055,6.706258296966553,13.755816459655762,1.3929243087768555,1.2984009981155396,2.173264741897583,2.7881147861480713,3.839587926864624,7.580445289611816,0.1852891892194748,-0.23264706134796143,1.6393643617630005,2.261636257171631,3.0319769382476807,5.2162981033325195,1.6808310747146606,5.0175323486328125,3.110645055770874,5.590438365936279,6.624125003814697,12.432092666625977,4.426729202270508,2.868978500366211,4.874380111694336,3.3718202114105225,6.156009197235107,10.986597061157227,0.22961848974227905,0.27761536836624146,2.1522457599639893,1.1619311571121216,2.564497947692871,4.961359024047852
39.0,0.0,0.0,0.0,0.0,0.0,0,5.479466438293457,4.777021408081055,10.513714790344238,12.930837631225586,3.513399600982666,-1.167028546333313,0.6490066647529602,4.673220157623291,4.329709053039551,1.3353521179264318,150.9207358531602,0.243701121808918,0.13340174549543615,168.62471640555677,138.11895380806334,138.11895380806334,0.2551751732826233,0.04656933838119419,0.538680911064148,0.3393661081790924,0.4446141975308642,0.5553858024691358,0.20627765357494354,0.03764556608793122,0.4476481080055237,0.2716793119907379,-3.081878423690796,-0.6246331334114075,0.4805927276611328,-0.10378943244481331,-0.001449704971616339,-0.9730267524719238,-2.09161114692688,2.3984806537628174,3.243079900741577,4.341429233551025,6.160172462463379,0.2080831080675125,2.522789239883423,2.314579486846924,3.5671186447143555,4.576896667480469,7.947762966156006,-5.467245578765869,7.093049049377441,5.74629020690918,7.300646781921387,9.599003791809082,15.44858169555664,-1.3228222131729126,-1.679343581199646,3.390361785888672,2.5850000381469727,4.706298828125,8.600241661071777,0.9120399355888367,-1.011794924736023,1.9893684387207031,1.889885663986206,3.0525081157684326,5.077814102172852,-5.226500988006592,2.399345636367798,5.452499866485596,2.882145643234253,6.833618640899658,11.442863464355469,4.658775806427002,0.6906151175498962,5.184891700744629,2.51633620262146,6.501953125,11.08221435546875,-1.2008814811706543,-0.6285233497619629,3.3130431175231934,3.201704740524292,5.210743427276611,8.579000473022461,-2.091679096221924,-1.4534655809402466,2.7951838970184326,2.7148096561431885,4.4927473068237305,7.3177876472473145
39.5,0.0,0.0,0.0,0.0,0.0,0,6.02061128616333,5.500741958618164,10.942425727844238,12.025822639465332,3.2762107849121094,0.11777060478925705,-0.8424621224403381,3.833214521408081,5.618199825286865,0.8506540678202312,277.95799766154494,0.1412903154493994,0.05498495261654189,250.10997096020407,81.48525455464733,81.48525455464733,0.2560933828353882,0.042536102752197845,0.5541988611221313,0.3388300836086273,0.4921141975308642,0.5078858024691358,0.2140805423259735,0.03555793533125807,0.45967161655426025,0.27915287017822266,1.28479915112257,-1.4914687871932983,0.541144847869873,-0.07841679287889426,-0.004033235628996344,2.666442632675171,3.53584361076355,3.389305830001831,5.272237300872803,6.649331569671631,9.58316421508789,2.929821491241455,-6.679965496063232,3.8330588340759277,6.689091682434082,8.503913879394531,11.400447845458984,-2.217472553253174,2.906073570251465,2.8976080417633057,4.020204067230225,5.477283954620361,8.249096870422363,1.4722685813903809,-1.5211000442504883,1.8993664979934692,4.518771648406982,5.28773832321167,10.318594932556152,-0.4538936913013458,-4.968481540679932,2.7178914546966553,5.072119235992432,6.3391265869140625,12.56264591217041,-2.0991146564483643,-0.8201467990875244,2.3468167781829834,2.175227642059326,3.647275447845459,5.720990180969238,2.4464941024780273,-2.5566017627716064,6.009433746337891,6.63299036026001,9.550175666809082,13.392474174499512,-1.777429461479187,-0.7985866069793701,2.309046745300293,2.697036027908325,3.8141162395477295,5.95400857925415,-1.9071804285049438,3.320805311203003,2.133803129196167,3.8505196571350098,4.916542053222656,8.811811447143555
40.0,0.0,0.0,0.0,0.0,0.0,0,6.576655864715576,6.065409183502197,11.670181274414062,12.601018905639648,3.590672016143799,-1.1280938386917114,1.667932152748108,5.5841145515441895,4.572571277618408,2.013602089556211,124.07217038516298,0.3061741606945545,0.23273699646346224,119.55844939443404,-130.55152156577003,130.55152156577003,0.2599871754646301,0.039531813931100376,0.560723602771759,0.35364916920661926,0.48856481481481484,0.5114351851851852,0.2165474146604538,0.032926670664886346,0.47122621536254883,0.28876325488090515,-1.2458644434809685,2.510394275188446,0.5560445785522461,0.17775204384692034,-0.0030042888210974686,-2.7774879932403564,1.6345114707946777,3.855259895324707,3.0730509757995605,5.1450114250183105,11.778729438781738,0.4061676263809204,2.571115255355835,4.574124813079834,3.5403976440429688,6.025834560394287,10.33933162689209,-0.7665876150131226,1.087817668914795,6.44564962387085,7.3307204246521,10.361735343933105,14.450841903686523,0.5564871430397034,-0.20469631254673004,5.5237135887146,3.0852224826812744,6.574133396148682,11.510536193847656,-2.3005805015563965,3.594006061553955,4.283333778381348,4.91758394241333,6.933035850524902,10.937432289123535,-3.1547532081604004,1.197094440460205,4.0960187911987305,5.23305082321167,7.185697555541992,11.881760597229004,2.8084444999694824,0.3553134500980377,5.61452579498291,2.4449148178100586,6.694194793701172,13.066502571105957,-2.2996668815612793,2.3397107124328613,3.6027610301971436,2.9558537006378174,5.323098182678223,8.524818420410156,-2.6248679161071777,2.436516284942627,3.326652765274048,3.218515634536743,4.9471659660339355,8.61701774597168
40.5,0.0,0.0,0.0,0.0,0.0,0,8.109244346618652,7.776206016540527,13.047892570495605,14.82027816772461,3.928473472595215,3.8078579902648926,-1.85892915725708,6.178945064544678,5.005796909332275,4.23738127688844,333.97918519444715,0.5225371311761398,0.4109150248483699,330.69116354440615,-148.86728585002788,148.86728585002788,0.29561060667037964,0.036453528538711893,0.6534436941146851,0.4050104320049286,0.48311728395061726,0.5168827160493827,0.22229240834712982,0.0274122188743272,0.47535640001296997,0.3128903806209564,4.935951828956604,-3.526861310005188,1.5325884819030762,0.17817802838490765,-0.003078285392388483,3.796689510345459,-3.003753185272217,5.134246826171875,3.181694984436035,6.778311252593994,10.442046165466309,6.290227890014648,1.5277382135391235,6.307039737701416,3.6121976375579834,7.479654312133789,11.014957427978516,-0.3685431480407715,2.0140507221221924,5.533385753631592,2.6109025478363037,6.541202068328857,10.265958786010742,2.846648693084717,-2.2947094440460205,6.0979228019714355,3.1447322368621826,7.078063011169434,13.131086349487305,6.254971027374268,2.359776496887207,6.254971027374268,5.228921413421631,8.70398235321045,12.288817405700684,4.299238681793213,-0.2859494984149933,5.569037914276123,3.5675652027130127,7.0338053703308105,11.21784782409668,2.90463924407959,-5.652085304260254,7.84203577041626,5.662075519561768,10.34638786315918,15.937836647033691,-0.08227884769439697,-3.296020984649658,4.5861687660217285,3.8192808628082275,6.847470760345459,11.065579414367676,8.329127311706543,-8.099410057067871,8.329560279846191,8.175872802734375,12.17432689666748,20.695716857910156
41.0,0.0,0.0,0.0,0.0,0.0,0,6.152059078216553,5.611159801483154,10.821887969970703,12.599967956542969,3.43204665184021,0.5744354128837585,-0.34213221073150635,5.852490425109863,3.8636903762817383,0.6686033900564384,329.2220840462843,0.1086796114204844,0.0695174868147251,316.6160912508867,-14.07507229351944,14.07507229351944,0.24364463984966278,0.03960374846018961,0.5252618789672852,0.3231915831565857,0.5244753086419753,0.47552469135802466,0.1933755725622177,0.03143265346951491,0.4210694134235382,0.2597505748271942,-3.233422577381134,1.5167969465255737,-1.9571852684020996,-0.3413975380336448,0.0031502199214777163,-3.2640857696533203,0.3064347803592682,5.819131851196289,2.559008836746216,6.573044776916504,10.972448348999023,3.578735828399658,3.6352219581604004,4.14130163192749,4.297395706176758,6.436223030090332,9.012744903564453,-5.023775100708008,-4.274623870849609,5.063662528991699,4.4416303634643555,7.365002155303955,12.049835205078125,0.15599046647548676,1.6075875759124756,2.901916265487671,2.320235013961792,4.10625696182251,6.803055763244629,4.570029258728027,0.18974657356739044,5.382904529571533,3.0713953971862793,6.539663314819336,11.122068405151367,-4.853917121887207,-3.3252720832824707,4.854019641876221,3.388167142868042,6.134243488311768,8.128952026367188,2.762746810913086,0.7860809564590454,2.942826986312866,1.6061811447143555,3.634739637374878,6.3174333572387695,9.097923278808594,1.4202008247375488,9.199532508850098,3.0452723503112793,10.086204528808594,16.645191192626953,-1.85373055934906,-3.4245660305023193,2.4221770763397217,3.455812692642212,4.493156433105469,6.247635364532471
41.5,0.0,0.0,0.0,0.0,0.0,0,7.009084701538086,6.8410749435424805,11.926368713378906,13.466924667358398,3.4845595359802246,-0.011164821684360504,-0.8854146599769592,5.976997375488281,4.976027011871338,0.8854850497582428,269.2775551516018,0.12633390627508473,0.06494695022544784,285.39857886517586,-31.217512385710847,31.217512385710847,0.24268215894699097,0.03462393945243619,0.5206918120384216,0.32425907254219055,0.5073765432098766,0.4926234567901235,0.21409918367862701,0.030545950327250916,0.4710744619369507,0.2807578146457672,-0.585600234568119,-0.5432824492454529,0.8570256233215332,-0.004570536589277252,-0.004979809007753418,3.748953342437744,-2.602400779724121,4.876565933227539,3.151522397994995,6.305649757385254,8.12430191040039,0.8697478175163269,-3.2541353702545166,6.584356784820557,3.985715627670288,8.241314888000488,12.350042343139648,1.681442379951477,4.042917251586914,3.4420933723449707,4.5038580894470215,5.875667095184326,11.381875991821289,-1.9762649536132812,-0.9802078008651733,3.3653128147125244,2.556950330734253,4.731741428375244,7.229430675506592,1.8729722499847412,-6.100579261779785,5.99604606628418,6.167532444000244,9.425585746765137,14.116820335388184,1.3234212398529053,3.2682411670684814,2.6191961765289307,3.4689550399780273,4.674233913421631,7.5184502601623535,-7.457836151123047,1.3134362697601318,7.457858085632324,2.3056423664093018,8.023852348327637,13.199858665466309,-1.6590702533721924,-5.661019325256348,6.666344165802002,5.70265531539917,9.849994659423828,14.696846008300781,1.4961504936218262,2.005016803741455,2.7128753662109375,4.672677040100098,5.953724384307861,8.654670715332031
42.0,0.0,0.0,0.0,0.0,0.0,0,6.25852108001709,5.864584922790527,10.510409355163574,12.40798282623291,3.1552634239196777,-0.41292625665664673,-0.542839527130127,4.426975250244141,5.390869617462158,0.6820431406086647,232.74053881760318,0.10897832441379302,0.12829276540476092,266.4626840344462,-18.935894830729637,18.935894830729637,0.24659492075443268,0.039401462134612986,0.5283788442611694,0.3251747786998749,0.4908950617283951,0.509104938271605,0.20037733018398285,0.03201671698559154,0.4286087155342102,0.26678282022476196,-0.4017614349722862,0.3425751328468323,-0.7505636215209961,0.06334581517931308,0.0047775226821767935,2.501624584197998,-1.0260740518569946,2.5932540893554688,5.101905822753906,6.139169692993164,8.587320327758789,2.8576273918151855,0.6121270060539246,3.1424148082733154,2.725921869277954,4.751769542694092,7.319090843200684,-0.7883707880973816,4.971870422363281,2.706479549407959,6.591236114501953,7.592302322387695,15.637484550476074,-3.1640210151672363,-1.579967737197876,3.800816774368286,3.739501476287842,5.957053184509277,8.673673629760742,1.513426661491394,-4.879324913024902,3.20226788520813,4.916980266571045,6.180895805358887,8.933265686035156,-0.4222484529018402,3.462421417236328,1.700279951095581,4.703305244445801,5.433440685272217,12.11962604522705,-7.156062602996826,1.0095319747924805,7.177609920501709,2.728951930999756,7.948781490325928,12.477554321289062,1.9391379356384277,-3.447519063949585,4.90087366104126,3.447519063949585,6.376114368438721,9.929131507873535,-0.9974501132965088,-4.008620738983154,2.3943474292755127,4.989221572875977,5.947158336639404,9.88728141784668
42.5,0.0,0.0,0.0,0.0,0.0,0,7.436152458190918,6.967925071716309,12.964599609375,14.539517402648926,3.8941709995269775,-0.7045416235923767,2.241497278213501,5.687905311584473,5.708588123321533,2.3496146381082825,107.4488412916822,0.3159718216266778,0.1100817887441084,86.47964570888736,-179.98303832555888,179.98303832555888,0.2422453761100769,0.0325767048074087,0.5259464979171753,0.3187335431575775,0.5158024691358025,0.48419753086419753,0.21058900654315948,0.02831961547420674,0.4632687270641327,0.2857269048690796,-0.29161536693573,2.784336805343628,1.1776313781738281,-0.018210976660652523,-0.006824757327204285,-6.393847465515137,8.408528327941895,6.4263997077941895,8.414407730102539,11.312886238098145,15.595513343811035,2.290478467941284,-0.5546579360961914,2.9581565856933594,1.9303184747695923,4.042500019073486,7.2518110275268555,3.4616503715515137,-0.5907419323921204,6.431454181671143,2.5850865840911865,7.305478572845459,10.39873218536377,-7.019113540649414,6.150426387786865,7.050687313079834,6.666294097900391,10.4785795211792,14.215120315551758,2.4454410076141357,-3.397321939468384,2.7386136054992676,3.510545492172241,4.792126655578613,7.408202648162842,1.8694056272506714,0.8740524053573608,4.072790622711182,2.9076807498931885,5.485936641693115,8.72758960723877,-4.558352947235107,4.967435836791992,4.894688606262207,6.322251319885254,8.33492660522461,13.03408145904541,4.339651107788086,-1.2316246032714844,4.473543643951416,3.36088490486145,6.160411834716797,9.849376678466797,-2.7761878967285156,5.547379493713379,4.021963119506836,7.059314250946045,9.012529373168945,14.926437377929688
43.0,0.0,0.0,0.0,0.0,0.0,0,6.292238712310791,6.23565149307251,10.226105690002441,11.400124549865723,3.035212755203247,-1.533623456954956,-0.8356618285179138,4.289402961730957,5.230246067047119,1.7465198536988846,208.5856900507344,0.27756732278478424,0.23085723886114456,217.9111430052693,131.43149729638196,131.43149729638196,0.26234355568885803,0.04169319156350351,0.5667323470115662,0.34546273946762085,0.4460648148148148,0.5539351851851851,0.20832641422748566,0.033108467533411706,0.44871389865875244,0.27517959475517273,-0.8290818333625793,-3.077159106731415,-1.143913745880127,0.12077545011703616,0.009116486756094812,-1.8270026445388794,7.113244533538818,3.926575183868408,7.147437572479248,8.5324068069458,12.4253511428833,-2.176983118057251,-1.0761288404464722,2.847445249557495,3.649587631225586,5.386324405670166,8.396828651428223,-1.4916764497756958,0.6421298384666443,3.9829063415527344,2.0192229747772217,4.782215595245361,9.686189651489258,-0.7826558351516724,1.1745119094848633,4.393429279327393,4.025029182434082,6.435362815856934,10.476418495178223,-4.741529941558838,-3.5176799297332764,4.916705131530762,4.231815338134766,7.465756416320801,9.312917709350586,-2.2294580936431885,-0.15543903410434723,2.9023897647857666,2.009514331817627,3.80412220954895,7.569212913513184,2.858487844467163,-7.503573894500732,3.8598556518554688,7.504019260406494,8.986056327819824,12.955373764038086,-3.94604754447937,-2.883547067642212,4.11275053024292,4.4474053382873535,6.6417999267578125,9.087105751037598,0.5342543125152588,-1.3144742250442505,2.8295795917510986,3.179791212081909,4.596104145050049,6.944057464599609
43.5,0.0,0.0,0.0,0.0,0.0,0,6.263194561004639,5.85966682434082,10.15607738494873,11.1474609375,2.8604936599731445,1.883606195449829,1.2546371221542358,4.297036170959473,4.880924224853516,2.263202732373846,33.66688951049458,0.36134958132464917,0.2691951941857117,43.598332939188786,-174.31281006608052,174.31281006608052,0.24490010738372803,0.039101462663644684,0.5294801592826843,0.32053858041763306,0.4672685185185185,0.5327314814814815,0.1954602748155594,0.031207755356150314,0.4225359559059143,0.25818899273872375,3.417229652404785,2.0902989506721497,-0.029044151306152344,0.03833795532456713,-0.002591728899858828,6.8596343994140625,0.901219367980957,7.536098957061768,3.5422096252441406,8.92371654510498,12.565542221069336,4.522225379943848,5.768855571746826,4.654548645019531,5.768855571746826,7.570347309112549,11.324575424194336,-1.5783629417419434,1.196398377418518,2.6985177993774414,2.8235020637512207,4.318270206451416,6.090090751647949,2.8549447059631348,-2.3100132942199707,4.627523422241211,3.5722434520721436,6.50876522064209,9.334197998046875,2.7492079734802246,5.076777458190918,3.866779088973999,5.12258768081665,6.7031755447387695,9.66130256652832,0.7475749850273132,1.8174026012420654,2.181229829788208,2.7927300930023193,3.8872835636138916,6.453282833099365,-0.7686488032341003,-3.9737961292266846,2.4929561614990234,6.163025856018066,7.114451885223389,9.869794845581055,2.1092164516448975,2.9861040115356445,2.6453440189361572,5.733797073364258,6.765371799468994,10.835803031921387,-0.5433367490768433,-0.17121319472789764,3.269554615020752,2.6808881759643555,4.577369213104248,6.478418350219727
44.0,0.0,0.0,0.0,0.0,0.0,0,6.510907173156738,6.3868408203125,11.435774803161621,12.391983985900879,3.5710294246673584,1.6328727006912231,-0.5538544058799744,4.522950649261475,5.631523132324219,1.7242470703397783,341.26356770154865,0.26482439765821403,0.22575288403118116,319.20068919655296,-84.39764374263581,84.39764374263581,0.2370532602071762,0.03640863208369343,0.5206904411315918,0.31494686007499695,0.47682098765432096,0.523179012345679,0.19591516256332397,0.030090297290790508,0.42178767919540405,0.2624196708202362,-0.25073349475860596,-1.8084915280342102,0.2477126121520996,-0.04344231015453054,-0.002692830579951254,1.764380693435669,4.229208946228027,3.3207037448883057,5.251055717468262,6.569588661193848,12.763290405273438,8.283971786499023,-2.7195723056793213,8.521648406982422,3.1844429969787598,9.179326057434082,14.603676795959473,1.7623745203018188,1.0078245401382446,2.9644830226898193,3.0728650093078613,4.688149929046631,8.76904010772705,1.2081410884857178,3.4978039264678955,2.6656718254089355,4.769948482513428,5.7598795890808105,11.60627269744873,1.3329678773880005,-5.140049934387207,4.657198429107666,5.152008533477783,7.534477710723877,10.942680358886719,1.3501046895980835,-2.0137507915496826,2.2117488384246826,2.7921299934387207,3.974412441253662,6.787765026092529,0.10745259374380112,2.4363958835601807,0.9212056994438171,6.038000106811523,6.171536445617676,9.966312408447266,-1.979722261428833,-6.715470790863037,4.542147636413574,6.715470790863037,8.502558708190918,11.006186485290527,0.866182804107666,0.4329201877117157,2.8804638385772705,5.2549543380737305,6.218236923217773,9.785669326782227
44.5,0.0,0.0,0.0,0.0,0.0,0,7.401382923126221,7.171984672546387,11.209633827209473,12.327853202819824,2.805739164352417,0.9288444519042969,-2.178964853286743,4.357893466949463,6.1685309410095215,2.3686789245679356,293.0874775619586,0.3200319385133833,0.28770993622999325,295.81606635816394,-23.38462283838902,23.38462283838902,0.25107404589653015,0.03392258103407243,0.5431706309318542,0.33033618330955505,0.5453858024691358,0.4546141975308642,0.2060231864452362,0.02783576538996986,0.45748502016067505,0.2746293544769287,-0.7040282487869263,-1.6251104474067688,0.8904757499694824,0.06195705219881209,-0.002486051049620998,-0.6169825792312622,-5.74213171005249,4.641271591186523,6.473482131958008,9.080406188964844,12.739567756652832,2.18133282661438,0.20649132132530212,3.24120831489563,4.363241672515869,5.9687581062316895,8.975341796875,-0.762017011642456,-5.760493755340576,3.3950178623199463,6.247809410095215,7.724666118621826,12.109785079956055,1.7920485734939575,-6.423705101013184,3.991375684738159,6.445564270019531,8.634964942932129,12.516363143920898,3.271946430206299,-4.186075210571289,4.062461853027344,5.122265815734863,7.383124828338623,11.589116096496582,1.439963936805725,4.612752914428711,2.703561305999756,4.80023717880249,6.489071369171143,9.882491111755371,-1.565510630607605,-3.615689277648926,3.6786155700683594,3.6265451908111572,5.716552734375,8.771576881408691,2.2566683292388916,-5.18263578414917,3.9810354709625244,6.273739337921143,8.142621040344238,11.03341293334961,0.36215081810951233,6.4808030128479,2.717899799346924,6.499757289886475,7.472286701202393,10.710410118103027
45.0,0.0,0.0,0.0,0.0,0.0,0,5.80809211730957,5.249563217163086,10.012093544006348,11.895880699157715,3.1373484134674072,1.6575599908828735,0.3440600335597992,5.3170485496521,3.527038097381592,1.6928917360743427,11.726376212265135,0.29147122701947187,0.24917757163198648,15.095478447878834,79.27941208971492,79.27941208971492,0.2518249750137329,0.043357599461212405,0.5478204488754272,0.34044399857521057,0.4633333333333333,0.5366666666666666,0.20699363946914673,0.03563882935214208,0.45035049319267273,0.2792855501174927,0.7287155389785767,2.5230248868465424,-1.5932908058166504,-0.03853236459800677,0.009435018427139973,8.797497749328613,1.982244610786438,8.797497749328613,2.2166476249694824,9.336450576782227,14.384726524353027,0.9698431491851807,-1.395769715309143,3.3605425357818604,4.018249988555908,5.7197065353393555,10.98464298248291,-3.7437169551849365,1.5345958471298218,5.456281661987305,2.840003252029419,6.65183687210083,10.762073516845703,5.51270055770874,1.8236522674560547,5.522592544555664,2.408416271209717,6.469633102416992,10.325023651123047,0.1534537374973297,0.970934271812439,2.2017762660980225,2.608258008956909,3.638554096221924,6.348515510559082,-1.3653779029846191,-1.8001823425292969,4.83107328414917,2.1579549312591553,5.703978538513184,9.503897666931152,2.136216402053833,1.6587367057800293,3.1453943252563477,2.520530939102173,4.440515995025635,6.499464511871338,0.3767907917499542,0.3607177734375,2.674349069595337,2.8431851863861084,4.334993839263916,6.4962944984436035,2.080634117126465,-2.038388729095459,4.057992935180664,3.2547619342803955,5.9771575927734375,9.022818565368652
45.5,0.0,0.0,0.0,0.0,0.0,0,6.433493137359619,6.368387222290039,10.246898651123047,11.615589141845703,2.919564723968506,2.789597749710083,1.0766894817352295,4.659702301025391,4.3885931968688965,2.990169868965112,21.104885616395762,0.4647816987012926,0.4336412457232634,26.20617822004463,11.110699772165788,11.110699772165788,0.2421741932630539,0.03764271608747358,0.528475284576416,0.32286450266838074,0.5059259259259259,0.49407407407407405,0.20270560681819916,0.03150785599400451,0.4399682879447937,0.27602264285087585,1.1320377588272095,0.7326294481754303,0.6254010200500488,0.18446367409127692,-0.0057148833737388285,5.575864791870117,4.367262363433838,5.5792131423950195,4.474403381347656,7.446375846862793,12.033866882324219,6.676392078399658,-1.4419455528259277,6.77031135559082,2.743671417236328,7.776389122009277,11.661871910095215,2.4011826515197754,0.10233902931213379,2.8870296478271484,2.464050054550171,4.244258880615234,6.440943717956543,2.0150866508483887,2.173819065093994,3.014873504638672,4.0165696144104,5.429497718811035,8.436063766479492,6.22181510925293,-0.9343903064727783,6.689124584197998,3.7363080978393555,8.090999603271484,12.398921012878418,0.6674350500106812,2.271718740463257,1.4072821140289307,2.9016032218933105,3.3957319259643555,5.095654487609863,-3.2493584156036377,3.961533784866333,3.3799126148223877,6.564983367919922,7.544116973876953,10.604456901550293,4.800997257232666,-4.0630316734313965,5.446640491485596,4.310484409332275,7.586702823638916,9.569783210754395,-0.0030363125260919333,3.252899646759033,4.748682498931885,3.655200958251953,6.387361526489258,9.501864433288574
46.0,0.0,0.0,0.0,0.0,0.0,0,6.943122863769531,6.862459182739258,11.348156929016113,12.348064422607422,3.204566478729248,1.826601266860962,-0.7239710092544556,5.689568519592285,4.716398239135742,1.9648425408512984,338.37916638439043,0.28299118125997763,0.258507792005025,345.4251299408031,-40.78104827924153,40.78104827924153,0.24399486184120178,0.03514194282409548,0.523277223110199,0.3251308798789978,0.5264351851851852,0.4735648148148148,0.18720142543315887,0.026962132479014175,0.4024553596973419,0.2528637647628784,-0.9629964828491211,-1.800660490989685,0.5096297264099121,-0.1751334537182384,-0.002500773263378095,-2.351762056350708,-6.347775936126709,3.281388998031616,6.350325584411621,7.749212265014648,11.035908699035645,7.280655384063721,-3.0501537322998047,7.3330488204956055,3.6573500633239746,8.650856018066406,11.946212768554688,0.5059924125671387,5.8593597412109375,2.9369239807128906,5.913773536682129,6.90693473815918,10.531365394592285,-1.1782970428466797,-4.170466899871826,5.494942665100098,4.7204508781433105,8.082512855529785,12.320521354675293,6.584831237792969,-3.2232048511505127,6.584831237792969,3.5464072227478027,7.97509241104126,12.352917671203613,1.760941982269287,2.789405345916748,3.2282326221466064,3.09918475151062,4.9223504066467285,7.736416816711426,-1.1182664632797241,0.01624637097120285,6.908641338348389,1.9668489694595337,7.391909599304199,12.644881248474121,3.965838670730591,-0.7327251434326172,4.606562614440918,1.6417843103408813,5.1236796379089355,10.347575187683105,0.9894768595695496,2.3435769081115723,3.916069507598877,3.3772969245910645,5.685558795928955,9.318066596984863
46.5,0.0,0.0,0.0,0.0,0.0,0,6.422004222869873,6.052477836608887,10.647966384887695,12.229249000549316,2.9942309856414795,-2.089820146560669,-2.84026837348938,4.129644393920898,4.551826477050781,3.526254766521396,233.65501074403687,0.5490894499825755,0.42308433436167914,230.52184378604778,-114.90328615475534,114.90328615475534,0.21877215802669525,0.0340660199477275,0.4642328917980194,0.2911652624607086,0.5526697530864197,0.44733024691358025,0.16857774555683136,0.026250016888260508,0.3708438277244568,0.22322618961334229,-3.916421413421631,-2.1162973642349243,-0.5211186408996582,0.16457654235665414,-0.0010759228763679851,-4.229328632354736,1.6999386548995972,4.523875713348389,2.6273295879364014,5.655518531799316,10.222963333129883,-4.1217145919799805,-8.204216957092285,4.195561408996582,8.204216957092285,9.761881828308105,12.114473342895508,-3.366528272628784,-7.949380397796631,3.7515182495117188,7.949380397796631,8.925271034240723,13.840178489685059,-2.782230854034424,2.099942922592163,4.129485607147217,2.7174859046936035,5.351085186004639,8.859513282775879,-2.953983783721924,-5.462619304656982,3.669843912124634,5.466907978057861,6.947009086608887,10.713899612426758,-1.5282446146011353,-3.083456039428711,3.654550313949585,3.4442853927612305,5.444263458251953,9.455245971679688,-2.9202301502227783,1.2340196371078491,2.9874255657196045,2.717344284057617,4.568807125091553,6.911068916320801,0.5094563364982605,-2.1381945610046387,4.273806095123291,2.3346505165100098,5.152482032775879,7.303609848022461,2.584423065185547,-3.7584476470947266,4.009556293487549,3.8517842292785645,5.991721153259277,7.950771808624268
47.0,0.0,0.0,0.0,0.0,0.0,0,6.546229839324951,5.990877151489258,11.74360466003418,13.899514198303223,3.6822664737701416,-2.625046730041504,-1.6157108545303345,4.512475967407227,5.152512550354004,3.0824327892670644,211.61221153574957,0.47087145806431474,0.3917686596531393,201.03973921775705,-29.482104568290737,29.482104568290737,0.24685893952846527,0.037710087772267045,0.5368286967277527,0.33503931760787964,0.5060493827160494,0.4939506172839506,0.1931644231081009,0.029507731677855108,0.4106464982032776,0.2556005120277405,-0.535226583480835,1.2245575189590454,0.12422561645507812,-0.03131567470853985,0.0036440678245395486,-0.29008597135543823,-7.5107741355896,5.629004955291748,7.630515098571777,10.425570487976074,15.58303451538086,-3.339571952819824,0.33942878246307373,3.412562370300293,2.9119796752929688,5.008805274963379,8.696255683898926,-1.5744879245758057,-3.019683599472046,4.824201583862305,4.123785495758057,6.590484142303467,12.501485824584961,-0.2570286989212036,0.5520761609077454,4.394312381744385,4.86632776260376,6.837888240814209,10.609321594238281,-3.622178316116333,0.9062483906745911,3.7592697143554688,1.8296910524368286,4.382453441619873,7.8863983154296875,-4.515813827514648,-4.104972839355469,5.287103176116943,4.4673004150390625,7.167850494384766,13.780265808105469,-0.8614534735679626,3.7904040813446045,3.145372152328491,4.421342372894287,5.693275451660156,9.238382339477539,-3.7967629432678223,-0.7001475095748901,3.98647141456604,3.04154372215271,5.175660610198975,8.57949161529541,-5.368037223815918,-4.7939772605896,5.432760238647461,4.895148754119873,7.63408088684082,11.327022552490234
47.5,0.0,0.0,0.0,0.0,0.0,0,6.150660991668701,6.220348358154297,9.229532241821289,10.171432495117188,2.4714698791503906,0.1660863310098648,0.4817182123661041,4.738729953765869,4.606907367706299,0.509545979744236,70.97688115776977,0.08284410089166594,0.10904154549131839,90.74026170321068,-110.29947751454637,110.29947751454637,0.2349541187286377,0.03819980988174797,0.5076453685760498,0.31535160541534424,0.4964969135802469,0.503503086419753,0.2025068998336792,0.03292440717893168,0.4298906922340393,0.2715228199958801,2.7911330610513687,2.0974290668964386,-0.39556884765625,-0.2827271141618209,0.0004897221094809223,0.18686862289905548,2.8093864917755127,1.5426106452941895,5.194194793701172,5.5246076583862305,8.728873252868652,-1.0730596780776978,-1.303351879119873,5.365776062011719,3.5262820720672607,6.929470062255859,10.174323081970215,-1.3844395875930786,0.9795556664466858,3.7443907260894775,3.9454872608184814,5.7378411293029785,8.179896354675293,1.5232999324798584,2.9218108654022217,2.9359912872314453,3.666023015975952,4.968540668487549,8.047101974487305,0.8813920617103577,0.8585111498832703,4.693643569946289,4.128230094909668,6.659320831298828,9.814271926879883,-0.37587878108024597,0.6037310361862183,5.631157398223877,2.5576629638671875,6.582158088684082,10.350680351257324,-0.3967578411102295,0.7351114749908447,3.740939140319824,2.2536027431488037,4.697698593139648,7.293301105499268,3.4950010776519775,-1.6523277759552002,4.114680290222168,4.957731246948242,6.971138000488281,10.125036239624023,-1.3616492748260498,-1.6169630289077759,4.918535232543945,4.7108917236328125,7.285174369812012,9.383981704711914
48.0,0.0,0.0,0.0,0.0,0.0,0,5.62679386138916,5.350580215454102,9.567337036132812,11.412907600402832,2.9232821464538574,-1.3901017904281616,-1.020693302154541,4.115688800811768,4.504807472229004,1.724586270621079,216.28827297285915,0.30649537073947614,0.24031830662080594,213.85154455267602,123.11128284946534,123.11128284946534,0.22575779259204865,0.04012191632241465,0.48415473103523254,0.2950911521911621,0.5253086419753087,0.47469135802469137,0.19627511501312256,0.03488222333462954,0.4307406544685364,0.2638446092605591,-1.5561881214380264,-1.5024115145206451,-0.523867130279541,0.13127676112948755,0.0019221064406666835,-4.275118350982666,0.47712528705596924,4.320828437805176,1.9163450002670288,5.004016399383545,9.563655853271484,-3.4894022941589355,-0.2030111700296402,3.951894998550415,3.5649492740631104,5.718402862548828,9.101191520690918,1.1046069860458374,-2.5941131114959717,2.068699836730957,6.563354969024658,7.040998458862305,10.531920433044434,-5.407637596130371,0.8349649906158447,5.449538707733154,1.7336244583129883,5.916162014007568,11.65904426574707,-1.5223101377487183,0.3696812391281128,2.8688628673553467,3.0287678241729736,4.5486040115356445,6.821078777313232,2.386404275894165,-4.5045623779296875,2.6870768070220947,6.643573760986328,7.688358306884766,10.467774391174316,-3.288301944732666,0.9328870177268982,4.323966026306152,4.3869757652282715,6.600277423858643,12.335386276245117,-0.5591272711753845,-2.1137454509735107,2.52038311958313,2.6183767318725586,3.8713414669036865,7.175394535064697,2.539970636367798,-2.3854668140411377,2.558884620666504,2.970410108566284,4.252983093261719,7.344596862792969
48.5,0.0,0.0,0.0,0.0,0.0,0,7.13559103012085,7.102546691894531,10.842144012451172,12.806772232055664,3.3125274181365967,-1.7001101970672607,-2.674014091491699,4.896655559539795,5.279350757598877,3.1687104701547377,237.55222596612174,0.44407119981777765,0.37294322272670477,236.79679530285173,22.945250750175717,22.945250750175717,0.24869604408740997,0.03485289560244072,0.5441108345985413,0.3367384970188141,0.47791666666666666,0.5220833333333333,0.2183382660150528,0.030598479438482554,0.49288034439086914,0.30436328053474426,-0.3100084066390991,-1.6533207893371582,1.5087971687316895,0.13262491610589883,-0.005269020719973934,1.386949896812439,-1.2092972993850708,2.941939115524292,5.448030471801758,6.613466739654541,9.203258514404297,0.043180983513593674,1.0249102115631104,3.6230928897857666,2.8745877742767334,5.126248359680176,8.096918106079102,-7.493582725524902,-4.448427200317383,7.493582725524902,6.395026683807373,10.613447189331055,17.5704288482666,0.8647177219390869,-3.357414484024048,3.5218019485473633,5.7597270011901855,7.39159631729126,11.39242935180664,-0.5671220421791077,-2.5784690380096436,4.0517964363098145,3.273181200027466,5.568381309509277,10.549747467041016,-6.230405807495117,-4.923512935638428,6.243465900421143,5.372128009796143,8.62320613861084,11.85127067565918,1.9810298681259155,-1.939744234085083,2.8591558933258057,6.7347612380981445,7.706411838531494,10.828312873840332,-1.8172675371170044,-4.313842296600342,4.868380069732666,4.319927215576172,7.285515308380127,9.697901725769043,-3.4684934616088867,-2.320330858230591,3.5602355003356934,3.127250909805298,5.292052745819092,8.293877601623535
49.0,0.0,0.0,0.0,0.0,0.0,0,4.930668354034424,4.573361396789551,8.389909744262695,9.700277328491211,2.566185235977173,0.18601839244365692,-0.26721668243408203,2.78732967376709,4.798081398010254,0.3255880797854851,304.84305606143516,0.06603325480592889,0.0672004489703785,80.27330012778174,-156.52349517507,156.52349517507,0.24621810019016266,0.049936039614722795,0.5299439430236816,0.33020222187042236,0.4635185185185185,0.5364814814814814,0.19937783479690552,0.04043626138381567,0.43261173367500305,0.2650027573108673,1.8861285895109177,2.406797409057617,-2.204922676086426,-0.3057427737563263,0.015083144012282078,1.5328547954559326,3.518259048461914,2.4241397380828857,3.5828278064727783,4.479435443878174,7.7763543128967285,1.895383596420288,3.5634565353393555,2.103882074356079,4.0393195152282715,4.706153869628906,7.363320827484131,1.4548386335372925,-2.0707709789276123,2.2869322299957275,4.870436191558838,5.683723449707031,11.122364044189453,-0.8161758184432983,3.2666611671447754,2.0999016761779785,4.171782970428467,5.005771636962891,7.411923408508301,-0.2138597071170807,-1.201206922531128,2.0413436889648438,2.9409098625183105,3.9868853092193604,7.440546989440918,1.2737475633621216,0.23742003738880157,2.4888439178466797,2.9276273250579834,4.2536702156066895,7.480205059051514,-1.3637359142303467,-0.5978508591651917,2.2124316692352295,2.993709087371826,3.908595323562622,6.808045387268066,-2.582942485809326,-3.371778964996338,2.916379690170288,4.527682304382324,5.848499298095703,8.548561096191406,0.4940551519393921,-5.749139308929443,1.967052698135376,5.985858917236328,6.50328254699707,10.6647310256958
49.5,0.0,0.0,0.0,0.0,0.0,0,4.755405902862549,4.135533332824707,8.653997421264648,9.645816802978516,2.868480920791626,-0.472647100687027,0.14392685890197754,3.4571759700775146,4.318088531494141,0.4940751182778206,163.06386220849728,0.10389757012759072,0.07293197884127992,126.37578621061982,46.102486082838084,46.102486082838084,0.24981805682182312,0.052533476508906836,0.535913348197937,0.33295679092407227,0.502962962962963,0.49703703703703705,0.20943892002105713,0.044042271103022536,0.44806572794914246,0.2833236753940582,-0.6586654931306839,0.41114354133605957,-0.175262451171875,0.0057315298709014195,0.002597436894184041,2.2431976795196533,1.9193321466445923,3.035384178161621,2.5826973915100098,4.497067451477051,7.425967693328857,-0.3151155114173889,-0.14152973890304565,2.681191921234131,2.897566795349121,4.452932834625244,7.264407634735107,-3.994544267654419,-2.853607654571533,4.558125019073486,4.428904056549072,6.828383922576904,13.83371639251709,-0.9424102306365967,-0.2840244174003601,1.8567006587982178,2.2136878967285156,3.215470314025879,5.794889450073242,-0.7609190344810486,-2.6197619438171387,2.2751221656799316,4.148442268371582,5.208713054656982,8.590343475341797,-1.155279517173767,1.6386895179748535,2.9138150215148926,3.7292306423187256,5.216922283172607,9.684049606323242,-0.9305788278579712,-1.5620124340057373,2.2862625122070312,2.879699468612671,3.9234566688537598,8.935893058776855,-0.8713315725326538,2.9319705963134766,1.7111003398895264,3.178668737411499,3.888278007507324,7.263194561004639,2.4731576442718506,2.2662856578826904,3.1002731323242188,3.908543348312378,5.567427158355713,8.556074142456055
50.0,0.0,0.0,0.0,0.0,0.0,0,5.065396308898926,4.439814567565918,9.688240051269531,11.004524230957031,2.973132848739624,0.4210682511329651,1.494019865989685,4.494971752166748,3.447258710861206,1.5522222238081795,74.26026456526937,0.30643648179733224,0.27578923485693696,76.80698132875474,-49.56880488186508,49.56880488186508,0.2506922781467438,0.049491138179097185,0.5477168560028076,0.33927884697914124,0.5244753086419753,0.47552469135802466,0.2131696194410324,0.04208349443123336,0.4668869376182556,0.2892613112926483,0.8937153518199921,1.3500930070877075,0.30999040603637695,0.20285725601565704,-0.0030423383298096504,4.070454120635986,1.8048216104507446,4.154664516448975,2.020197868347168,4.906339168548584,8.515501022338867,-3.194927453994751,-0.9253731369972229,3.644615888595581,3.958226203918457,5.748632431030273,10.757346153259277,3.9368724822998047,1.2353771924972534,5.258126735687256,2.4172871112823486,5.995826721191406,10.873452186584473,1.9059659242630005,0.8288562297821045,3.3854315280914307,1.7891563177108765,4.165901184082031,6.749703407287598,-2.5229415893554688,1.8839012384414673,3.399122714996338,3.853025197982788,5.6906328201293945,9.50352954864502,2.433103322982788,0.10796114057302475,4.263603210449219,1.6193351745605469,4.934323310852051,11.243431091308594,-1.7480770349502563,2.4226598739624023,3.0881540775299072,2.805175304412842,4.375988006591797,7.745838642120361,-0.9494300484657288,3.5545661449432373,2.442340135574341,4.164393424987793,5.326652526855469,10.59483528137207,-0.14140531420707703,2.5334086418151855,2.056952953338623,3.398303747177124,4.444272041320801,8.847674369812012
50.5,0.0,0.0,0.0,0.0,0.0,0,6.825580596923828,5.9906415939331055,12.214177131652832,14.127686500549316,3.7699878215789795,-3.063253164291382,1.976792812347412,5.576468467712402,4.051312446594238,3.6457138905143878,147.16484926735725,0.5341250958427549,0.435253825520578,134.85782396147007,58.05084263271533,58.05084263271533,0.2738468050956726,0.04012065509832754,0.6031091809272766,0.37529128789901733,0.556820987654321,0.443179012345679,0.1971590369939804,0.028885309507227425,0.41987621784210205,0.2627277672290802,-3.484321415424347,0.48277294635772705,1.7601842880249023,0.15946459066364105,-0.009370483080769647,-5.58540153503418,0.7408401966094971,5.5861382484436035,5.80810022354126,8.36980152130127,11.388909339904785,-3.6091721057891846,0.6615468263626099,5.074016571044922,3.3724422454833984,6.771657466888428,11.251304626464844,2.928283452987671,3.073949098587036,2.9834930896759033,3.1345999240875244,4.7434210777282715,7.4747772216796875,-7.065023899078369,4.158688068389893,7.106811046600342,4.226060390472412,8.725279808044434,14.333870887756348,-4.610021591186523,-0.04578862339258194,4.916810989379883,1.6683259010314941,5.462327480316162,9.804079055786133,2.1998519897460938,3.0356523990631104,2.6002633571624756,3.1399295330047607,4.461584568023682,7.222458839416504,-8.890984535217285,1.7086468935012817,9.113375663757324,2.6980783939361572,10.139704704284668,15.929218292236328,-4.992897987365723,-1.1454763412475586,4.993564128875732,2.21053409576416,5.750576019287109,10.801209449768066,2.05608868598938,5.60307502746582,2.3967628479003906,5.870641231536865,7.005875110626221,11.754914283752441
51.0,0.0,0.0,0.0,0.0,0.0,0,7.2085371017456055,6.697782516479492,12.767450332641602,13.858896255493164,3.8905317783355713,2.5068509578704834,2.8952879905700684,5.730607032775879,4.426330089569092,3.829751202534627,49.112734877181325,0.5312799460527465,0.42543233409043363,47.98232191842263,-86.87550204304745,86.87550204304745,0.26600149273872375,0.03690089293893159,0.5770545601844788,0.3804541230201721,0.4500925925925926,0.5499074074074074,0.21279431879520416,0.029519760566109002,0.45096343755722046,0.2843022346496582,5.570104122161865,0.9184951782226562,0.38295650482177734,-0.00982149143014438,-0.003219762159395949,2.662506580352783,2.5771853923797607,5.137393474578857,3.141382932662964,6.701663970947266,12.197137832641602,3.929870843887329,4.610075950622559,4.1906633377075195,4.883426189422607,6.680037021636963,12.502020835876465,-3.698728084564209,5.687844276428223,3.9708127975463867,5.736071586608887,7.30881929397583,13.589967727661133,1.882511019706726,1.5782935619354248,4.804497241973877,3.3006250858306885,6.533172607421875,10.863606452941895,5.612427234649658,3.5022099018096924,5.6125054359436035,4.575096607208252,7.620733737945557,12.802851676940918,-2.124328374862671,1.1215659379959106,4.023855209350586,3.825348377227783,6.082586765289307,9.282094955444336,6.895768165588379,3.699374198913574,7.024082183837891,4.2047505378723145,8.62495231628418,17.7017822265625,8.151156425476074,2.3613224029541016,8.151156425476074,5.460570812225342,10.149723052978516,13.92690658569336,-0.7495250105857849,0.9197220206260681,4.093223571777344,2.501612424850464,5.175146579742432,8.501479148864746
51.5,0.0,0.0,0.0,0.0,0.0,0,7.065581798553467,6.85645866394043,11.589847564697266,12.428353309631348,3.2770514488220215,2.354795455932617,-0.18684938549995422,5.528807640075684,4.95114278793335,2.3621969291620486,355.46317393489016,0.33432447553655953,0.24749482682929488,343.29080193121524,-64.69151998720736,64.69151998720736,0.27170059084892273,0.03845409481360092,0.5870270729064941,0.3615022301673889,0.486358024691358,0.513641975308642,0.21753479540348053,0.030787947945074865,0.47280746698379517,0.2926638126373291,-0.1520555019378662,-3.0821373760700226,-0.14295530319213867,-0.17793750726113874,0.0015532018746693271,-3.272592782974243,2.380918025970459,3.6919991970062256,6.878416538238525,8.771005630493164,11.361141204833984,5.292612075805664,0.35815873742103577,5.996685981750488,4.757511615753174,8.184591293334961,12.645620346069336,1.9556323289871216,2.585144519805908,6.045665740966797,3.1132407188415527,6.966000080108643,12.069967269897461,-3.8573594093322754,0.9662736654281616,3.8671875,3.3023197650909424,5.830390453338623,8.938419342041016,6.545945167541504,0.1658671498298645,6.581488609313965,5.450818061828613,9.14317512512207,13.30433177947998,5.959221839904785,-0.5968841314315796,5.993460178375244,1.9975926876068115,6.531835079193115,10.59622573852539,-1.7554950714111328,-1.5255208015441895,2.5761497020721436,2.443134069442749,3.8271028995513916,6.409010887145996,5.67099666595459,-1.4219998121261597,5.814058303833008,4.301258087158203,7.512425899505615,12.235294342041016,4.654200077056885,-4.593601226806641,4.654200077056885,4.5981550216674805,6.823708534240723,9.387481689453125
52.0,0.0,0.0,0.0,0.0,0.0,0,8.2048921585083,7.97420597076416,12.46358871459961,13.416717529296875,3.005629539489746,-2.485936403274536,-0.782538115978241,5.845872402191162,5.948747634887695,2.6061937196003506,197.47327506885824,0.31763899747271906,0.24890041172286273,185.88442206278802,-157.40637986842722,157.40637986842722,0.25594255328178406,0.031193892271025744,0.5505903959274292,0.33422157168388367,0.4011111111111111,0.5988888888888889,0.22067958116531372,0.02689609442829535,0.4805334210395813,0.2965778112411499,-4.840731859207153,-0.5956887304782867,1.139310359954834,0.001405584893567846,-0.007260202542575173,1.731204867362976,1.865505337715149,5.5264058113098145,4.8083415031433105,7.9283342361450195,11.39822006225586,0.8532536029815674,5.048920154571533,5.423793315887451,5.049867153167725,8.111762046813965,11.125189781188965,-5.2149763107299805,-0.027057291939854622,6.591876983642578,2.832348108291626,7.653658390045166,12.76143741607666,0.9809898734092712,-1.2452536821365356,3.2919986248016357,5.964710712432861,7.452821254730225,10.561477661132812,-2.6467018127441406,2.4832918643951416,5.632509708404541,4.5611796379089355,7.7106194496154785,12.308189392089844,-6.739564895629883,-2.6124114990234375,6.785958290100098,5.064465522766113,8.871344566345215,11.886302947998047,1.1684727668762207,-5.2417731285095215,4.709859848022461,6.351173400878906,8.8960542678833,12.864226341247559,-4.801954746246338,-1.803906798362732,4.914774417877197,4.422310829162598,7.137917518615723,12.552706718444824,-7.704150199890137,-5.510158538818359,7.704150199890137,5.705629348754883,10.081520080566406,14.781583786010742
52.5,0.0,0.0,0.0,0.0,0.0,0,9.233717918395996,8.91065788269043,15.341382026672363,16.8602352142334,4.348715305328369,-3.259596347808838,2.7018189430236816,7.310644149780273,5.727353572845459,4.233768292140032,140.3452944655358,0.45851176411889855,0.40504657488913354,145.43030100252156,-40.45412106026646,40.45412106026646,0.2790270447731018,0.03021827361640894,0.6111035346984863,0.3741665780544281,0.49675925925925923,0.5032407407407408,0.22394631803035736,0.024253101053812395,0.4879841208457947,0.3091167211532593,-0.7736599445343018,3.4843570590019226,1.0288257598876953,0.1561461631662708,-0.0009756186546168027,-4.363246440887451,4.0634589195251465,4.738378047943115,5.543826580047607,7.921067714691162,13.437483787536621,-6.546623229980469,-1.8158154487609863,8.966845512390137,4.936671733856201,11.043195724487305,15.964278221130371,-0.2415771782398224,7.843844413757324,5.127960681915283,8.427535057067871,10.776566505432129,18.503129959106445,-2.6613752841949463,-1.2852703332901,5.219512939453125,3.4043467044830322,6.641931533813477,9.952407836914062,-9.094091415405273,1.3276582956314087,9.677778244018555,2.671005964279175,10.402480125427246,15.196503639221191,1.9170442819595337,4.386537551879883,6.585412502288818,5.537055492401123,9.159358024597168,16.34977912902832,-3.1878294944763184,-0.5385252237319946,3.8789010047912598,4.843441963195801,6.615671157836914,11.458710670471191,-9.931514739990234,5.4694108963012695,9.931514739990234,5.4694108963012695,12.048623085021973,17.07398223876953,4.772843837738037,4.8650712966918945,6.641475200653076,4.86814022064209,8.494575500488281,13.808063507080078
53.0,0.0,0.0,0.0,0.0,0.0,0,7.359306812286377,7.4856109619140625,12.02091121673584,12.984465599060059,3.433061122894287,4.95111608505249,-1.6033687591552734,4.9266862869262695,3.8195197582244873,5.2042618943996874,342.0559795390797,0.7071674040972394,0.5683083772778307,341.76537532582324,-163.66492567669832,163.66492567669832,0.24940182268619537,0.03388930440846877,0.5469246506690979,0.33926406502723694,0.4949074074074074,0.5050925925925925,0.20541754364967346,0.027912617448441077,0.43616190552711487,0.2658698558807373,8.210712432861328,-4.305187702178955,-1.8744111061096191,0.16326180238869714,0.003671030792059826,3.029712677001953,-2.1288671493530273,3.5463685989379883,3.037619113922119,5.205525875091553,8.46256160736084,0.1377405822277069,-5.501949787139893,1.6433418989181519,5.506627559661865,5.905423164367676,8.696696281433105,3.557337522506714,2.6632559299468994,4.996691703796387,2.783106565475464,6.422649383544922,13.082796096801758,7.003108501434326,-1.9380590915679932,7.217676639556885,2.121391534805298,7.827320098876953,11.184667587280273,4.45701265335083,-2.7962663173675537,5.182841777801514,3.1377170085906982,6.246169567108154,10.00621509552002,5.033053398132324,1.4224514961242676,5.911970138549805,2.6966381072998047,7.045111656188965,12.238085746765137,7.333577632904053,-4.375321865081787,7.841701030731201,4.804163932800293,9.714152336120605,13.977147102355957,4.938642501831055,-1.1166133880615234,7.330528259277344,2.305950403213501,7.798889636993408,11.56937026977539,9.069860458374023,-0.6589480638504028,9.069860458374023,3.362269639968872,10.068522453308105,12.617460250854492
53.5,0.0,0.0,0.0,0.0,0.0,0,7.257755756378174,7.0906171798706055,11.482598304748535,12.317422866821289,3.0930652618408203,-1.3539372682571411,2.5759172439575195,5.732596397399902,4.572844982147217,2.9100680016269918,117.72702851924885,0.4009597593677082,0.40874534630347237,106.80425655382696,125.03888122800373,125.03888122800373,0.2504473030567169,0.03450753606982238,0.5473335981369019,0.3375224471092224,0.4782098765432099,0.5217901234567901,0.1967361718416214,0.02710702196911299,0.42429834604263306,0.2688266932964325,-6.305053353309631,4.179286003112793,-0.10155105590820312,-0.1595630309743583,0.0006182316613536146,4.990635871887207,6.848138332366943,5.296178817749023,6.894211292266846,9.135034561157227,13.188311576843262,2.4513819217681885,3.8405532836914062,3.62166428565979,3.8433632850646973,5.7952494621276855,9.231184005737305,-5.272533416748047,-0.3657335042953491,5.391751289367676,4.556280612945557,7.604208946228027,11.773856163024902,0.8525201678276062,3.8735883235931396,3.3061347007751465,3.975677728652954,5.586452960968018,9.067099571228027,0.9272953271865845,1.7216110229492188,4.23297119140625,2.3614838123321533,5.264891624450684,8.65555477142334,-7.132996082305908,2.9412500858306885,7.167093276977539,5.494301795959473,10.345938682556152,12.631124496459961,-2.7708396911621094,1.3292254209518433,4.174514293670654,2.890734910964966,5.42639684677124,8.762391090393066,-0.6665114164352417,-2.6203527450561523,5.918548107147217,3.803976535797119,7.613229274749756,10.406837463378906,-5.564387798309326,5.6149749755859375,5.655935287475586,5.624668598175049,8.548399925231934,12.299745559692383
54.0,0.0,0.0,0.0,0.0,0.0,0,5.567132949829102,5.422824859619141,8.891263961791992,11.039153099060059,2.843080520629883,-0.4685886800289154,1.4332375526428223,4.247859477996826,4.331052780151367,1.507894304438089,108.10485552550556,0.27085652849091346,0.21643299739117577,114.09967411580537,7.295417561978411,7.295417561978411,0.23877190053462982,0.04288955550314351,0.5099987387657166,0.324482262134552,0.4698456790123457,0.5301543209876544,0.21561971306800842,0.03873082900666104,0.4632433354854584,0.2869957983493805,0.8853485882282257,-1.1426796913146973,-1.6906228065490723,-0.1923123489122966,0.008382019433321126,1.6298789978027344,5.669492244720459,3.830916166305542,5.83328104019165,7.270835876464844,13.14018726348877,-2.699233293533325,1.3021860122680664,3.1300933361053467,2.5409655570983887,4.448256492614746,7.497021198272705,-3.435810089111328,0.9221501350402832,4.0918989181518555,5.564818382263184,7.542409896850586,11.410196304321289,0.624144434928894,2.0285181999206543,1.8076015710830688,2.9924793243408203,3.781813144683838,6.932613372802734,2.6742827892303467,1.780561089515686,3.6223702430725098,2.685983419418335,4.878730773925781,7.909433364868164,-2.6014018058776855,1.2159188985824585,3.5756473541259766,4.072192192077637,5.914680004119873,8.015006065368652,-1.205207109451294,-0.3321906328201294,3.028061628341675,2.9839749336242676,4.623223781585693,7.738539218902588,3.3167216777801514,1.5576443672180176,4.31803560256958,3.381227493286133,5.876323699951172,8.421314239501953,-2.5206732749938965,-1.245141863822937,4.478821277618408,3.006248950958252,5.76792049407959,7.689711570739746
54.5,0.0,0.0,0.0,0.0,0.0,0,6.184573173522949,6.005608558654785,9.870834350585938,10.823648452758789,2.853379487991333,1.0773999691009521,-0.39176279306411743,5.218472480773926,4.224215984344482,1.146415622472117,340.0177865444493,0.18536697526356188,0.12469515579883204,339.2431513038557,-134.85652281194967,134.85652281194967,0.2558352053165436,0.0413666645654944,0.5644134283065796,0.3493909239768982,0.517145061728395,0.4828549382716049,0.22346869111061096,0.03613323809217335,0.49110788106918335,0.3016665279865265,1.5459886491298676,-1.8250003457069397,0.6174402236938477,-0.09173784159234373,-0.00152289093764911,-1.190122127532959,-1.4127228260040283,2.9253292083740234,2.609445333480835,4.269215106964111,7.919317245483398,1.2653753757476807,-0.5581708550453186,6.241021633148193,3.9016356468200684,7.6904730796813965,12.549300193786621,-0.42913058400154114,3.1154274940490723,4.444746971130371,4.47702169418335,6.973867893218994,10.125045776367188,0.765680193901062,0.3590235710144043,3.1766257286071777,2.2636618614196777,4.1989898681640625,7.147082328796387,0.8088966012001038,0.1494971066713333,5.572722434997559,2.8588075637817383,6.6554694175720215,10.120606422424316,1.2119566202163696,-0.5975391268730164,4.893317699432373,2.9602653980255127,6.42353630065918,9.63494873046875,4.354764938354492,3.745131015777588,4.354764938354492,3.8679497241973877,6.231721878051758,8.977718353271484,0.32145342230796814,-3.79396653175354,5.206070899963379,3.9340736865997314,7.167977333068848,10.275749206542969,2.58772349357605,-4.5325446128845215,3.137892723083496,4.534926414489746,6.049908638000488,8.634683609008789
55.0,0.0,0.0,0.0,0.0,0.0,0,5.894626140594482,5.376151084899902,10.554521560668945,12.294205665588379,3.300107479095459,1.055075764656067,-1.8202555179595947,3.78139328956604,5.187665939331055,2.10392847307767,300.0978924558836,0.356923140313948,0.24530620870890688,308.40501400521265,-30.838137298643062,30.838137298643062,0.26928842067718506,0.04568370725650798,0.5845453143119812,0.36817672848701477,0.508179012345679,0.491820987654321,0.21963614225387573,0.03726039612265027,0.4871167540550232,0.2937919795513153,-0.022324204444885254,-1.4284927248954773,-0.2899470329284668,0.12061105291007483,0.00431704269101358,0.08566643297672272,1.1482384204864502,1.7335208654403687,6.715742588043213,7.154017925262451,10.751632690429688,1.3111302852630615,-4.215924263000488,4.05453634262085,5.627566337585449,7.195847988128662,11.419925689697266,2.3497250080108643,-4.583810806274414,4.432519435882568,5.7449951171875,8.807507514953613,15.219785690307617,2.960639715194702,1.5767337083816528,3.3560991287231445,2.3402750492095947,4.4215826988220215,7.08220911026001,1.2625917196273804,-2.9601500034332275,3.7453393936157227,3.263035535812378,5.320446968078613,7.597972869873047,-0.23155300319194794,-2.9742114543914795,2.327061176300049,4.2305450439453125,5.693729877471924,12.738041877746582,1.322156548500061,-1.5237176418304443,2.131469488143921,3.9778761863708496,4.811410427093506,9.879566192626953,0.9675194025039673,-0.3085235357284546,3.982712984085083,3.4985251426696777,5.894778251647949,8.341667175292969,-0.5321953892707825,-2.5409343242645264,1.5691674947738647,2.9891674518585205,3.75231671333313,6.985029220581055
55.5,0.0,0.0,0.0,0.0,0.0,0,6.139524459838867,5.781177520751953,10.150323867797852,11.68626880645752,3.153472423553467,-2.3787686824798584,-2.120804786682129,3.9112887382507324,4.709948539733887,3.186903416792042,221.71878209052977,0.5190798469228157,0.47200052648905644,216.1738184575774,-92.23119554763525,92.23119554763525,0.2547640800476074,0.04149572824709709,0.5452352166175842,0.3418640196323395,0.5098148148148148,0.49018518518518517,0.22473642230033875,0.03660485224313036,0.48945894837379456,0.3120666742324829,-3.4338444471359253,-0.3005492687225342,0.24489831924438477,0.22669431778014956,-0.00418797900941089,0.38907870650291443,-1.4627717733383179,3.304926872253418,5.366769313812256,6.602102279663086,9.863312721252441,-3.088693141937256,-6.121034145355225,4.325293064117432,6.229663848876953,8.527037620544434,13.349419593811035,-2.957446813583374,0.8650941252708435,3.2494759559631348,3.6321918964385986,5.74837064743042,8.591517448425293,-1.405687689781189,-3.0362706184387207,2.9736945629119873,3.2562549114227295,4.909567832946777,6.943051338195801,-1.6133379936218262,-4.480926990509033,2.8846375942230225,4.562572479248047,5.984848499298096,11.603178024291992,-5.102597713470459,-2.9953219890594482,5.238272666931152,4.020605087280273,7.0698089599609375,11.337849617004395,-0.4573407769203186,-0.2576604187488556,1.7907383441925049,1.948857307434082,2.809511423110962,5.3501129150390625,-0.5814350843429565,2.0237419605255127,3.3161189556121826,3.415388345718384,5.391684055328369,8.077044486999512,-6.591455936431885,-3.622093677520752,6.595304489135742,3.7208034992218018,8.212788581848145,11.865874290466309
56.0,0.0,0.0,0.0,0.0,0.0,0,5.362529754638672,4.752927780151367,9.879476547241211,11.586809158325195,3.206594228744507,-2.698115110397339,0.22780996561050415,4.253974437713623,3.6893019676208496,2.707715370822034,175.17379203169043,0.5049324655923481,0.35068337581289516,180.75237007037643,-35.42144838720097,35.42144838720097,0.23945169150829315,0.04465273999616016,0.5079150199890137,0.32354429364204407,0.536466049382716,0.463533950617284,0.2303427904844284,0.04295412017640707,0.48175668716430664,0.3129245340824127,-0.31934642791748047,2.348614752292633,-0.7769947052001953,-0.12131715067616128,0.0031570117490630697,-1.2181895971298218,-0.8220714926719666,4.5499067306518555,3.248215675354004,5.8794169425964355,9.755455017089844,0.1633012592792511,-0.07296449691057205,1.5027625560760498,2.4243695735931396,3.0965497493743896,5.207133769989014,-2.1897971630096436,-0.6868670582771301,2.887927770614624,2.091785430908203,4.188355445861816,7.2924957275390625,-3.445556879043579,-2.7769551277160645,4.237062931060791,3.3490049839019775,5.64150857925415,12.934964179992676,-3.4536030292510986,1.0774248838424683,3.8406710624694824,1.9602408409118652,4.570944786071777,7.432954788208008,-2.4408719539642334,-0.5031237006187439,4.300708770751953,1.9544806480407715,5.1809539794921875,9.097747802734375,-3.70859432220459,0.005091764498502016,3.8312950134277344,1.53014075756073,4.376914978027344,6.321130275726318,-7.199222087860107,1.344396948814392,7.209221839904785,2.4116780757904053,7.867376327514648,10.843181610107422,-0.7905024290084839,4.485357761383057,3.904254198074341,5.412109851837158,7.460745334625244,13.740338325500488
56.5,0.0,0.0,0.0,0.0,0.0,0,5.37282657623291,4.871431350708008,9.74905776977539,11.596543312072754,3.4525153636932373,1.108129858970642,0.2264035940170288,4.3272833824157715,4.558786869049072,1.1310218263703502,11.547259952382094,0.21050778585958974,0.16785265470817073,25.895208052615843,-154.85716201776057,154.85716201776057,0.2531815469264984,0.047122589238944725,0.5335109829902649,0.37053361535072327,0.5709104938271605,0.42908950617283953,0.24164649844169617,0.044975665980914195,0.4951099753379822,0.4066909849643707,3.806244969367981,-0.0014063715934753418,0.010296821594238281,-0.18283072110472443,0.0024698492427845664,-0.285606324672699,-4.453433513641357,1.5925427675247192,5.120391845703125,5.562799453735352,12.159037590026855,1.3981555700302124,-3.2590458393096924,2.0897436141967773,3.9159679412841797,4.98675012588501,9.162027359008789,1.1366864442825317,-0.08598721027374268,2.5294108390808105,2.871006488800049,4.171850204467773,6.995237350463867,-3.3184170722961426,1.3250404596328735,3.7435455322265625,2.6602447032928467,4.905871868133545,6.692427635192871,2.259098768234253,0.7097468376159668,2.7802538871765137,2.4835591316223145,4.342426776885986,6.802435874938965,4.694188594818115,-0.9634082913398743,4.77902889251709,2.314039707183838,5.656517028808594,10.085188865661621,-1.7085511684417725,2.130272388458252,2.7047195434570312,2.5750694274902344,4.101811408996582,6.309112548828125,0.7500401735305786,6.453258037567139,2.762406587600708,6.45557165145874,7.415704727172852,11.313474655151367,5.047573566436768,0.18119016289710999,5.326259613037109,3.3830583095550537,7.211709499359131,14.284916877746582
57.0,0.0,0.0,0.0,0.0,0.0,0,5.316246032714844,5.096117973327637,9.118693351745605,10.664414405822754,2.885260820388794,0.7304270267486572,1.5199357271194458,3.8988194465637207,4.306121349334717,1.6863357482953987,64.3327168699414,0.3172042335734862,0.2537126597376281,62.643402462701424,36.748194410085574,36.748194410085574,0.26691949367523193,0.05020825631929379,0.5785256028175354,0.37604525685310364,0.5045679012345679,0.4954320987654321,0.22853535413742065,0.042988099072723995,0.48159071803092957,0.32070860266685486,-0.37770283222198486,1.293532133102417,-0.056580543518066406,0.08586000502945734,0.003085667080349068,-3.4544222354888916,2.507096529006958,4.41033411026001,2.7265727519989014,5.353526592254639,8.205255508422852,0.835474967956543,2.4164962768554688,3.129075050354004,3.5413427352905273,5.247156143188477,8.599084854125977,0.741270899772644,-1.274347186088562,4.194252014160156,3.4893739223480225,6.048041820526123,10.862858772277832,-0.19502180814743042,0.07644286751747131,2.23127818107605,1.1693212985992432,2.725843667984009,5.6099019050598145,1.4760606288909912,2.085331678390503,2.5866830348968506,3.185081958770752,4.575079917907715,8.527555465698242,0.754017174243927,5.107776641845703,2.601755142211914,5.453550815582275,6.574460506439209,11.174494743347168,-0.06135815009474754,2.3763091564178467,2.992523431777954,2.8786723613739014,4.634076118469238,7.540449619293213,2.5805957317352295,-4.40479040145874,3.0341691970825195,4.610410690307617,6.043449401855469,10.288393020629883,3.897226095199585,4.78910493850708,3.9145665168762207,4.802577972412109,6.644582271575928,9.320545196533203
57.5,0.0,0.0,0.0,0.0,0.0,0,6.276221752166748,5.994839668273926,10.177750587463379,11.778226852416992,2.967130422592163,-1.5592105388641357,2.582977056503296,4.081120014190674,4.7367048263549805,3.0171025801134803,121.11722280724025,0.4807195633379082,0.40613055520953434,133.02390209261378,70.38049962991235,70.38049962991235,0.24899791181087494,0.0396732113634611,0.5344269275665283,0.3490535020828247,0.5207253086419753,0.4792746913580247,0.22138358652591705,0.03527337943024545,0.49360406398773193,0.31552600860595703,-2.289637565612793,1.06304132938385,0.9599757194519043,0.15241789547190626,-0.010535044955832691,-1.9654362201690674,-0.47785288095474243,2.320375442504883,1.9739031791687012,3.3296661376953125,5.328279495239258,-0.4910537004470825,-0.03143608942627907,3.100396156311035,5.038266181945801,6.165877819061279,9.428627967834473,-2.817918062210083,1.3276561498641968,3.218158721923828,2.822697162628174,4.747851371765137,7.118241786956787,-1.1634118556976318,0.8257492184638977,4.23806619644165,3.9306509494781494,6.564185619354248,9.199535369873047,-2.3289501667022705,2.0635077953338623,2.7094786167144775,3.941908597946167,5.334035873413086,8.767207145690918,-2.7358810901641846,4.186159610748291,3.6304540634155273,4.41298246383667,6.822334289550781,9.62051773071289,1.4767626523971558,2.1194865703582764,3.0503652095794678,3.4989099502563477,5.212581157684326,8.223885536193848,-1.3650140762329102,7.7047343254089355,2.545830249786377,7.727660655975342,8.772377014160156,12.43909740447998,-2.6419928073883057,5.5287885665893555,6.31236457824707,5.851356506347656,9.537083625793457,13.249038696289062
58.0,0.0,0.0,0.0,0.0,0.0,0,7.822251319885254,8.159122467041016,12.580179214477539,13.815085411071777,3.6695268154144287,-3.6749753952026367,2.3388915061950684,4.836660861968994,5.681891918182373,4.356128743861482,147.52580274661298,0.5568893871752234,0.4373626027109142,151.06100378436224,18.03710169174846,18.03710169174846,0.28661519289016724,0.03664100583428529,0.5909953117370605,0.38513246178627014,0.4582253086419753,0.5417746913580247,0.21788983047008514,0.02785512683043717,0.4773674011230469,0.2964635193347931,-2.115764856338501,-0.24408555030822754,1.5460295677185059,0.031232047501379867,-0.0030322055291758104,-2.7505505084991455,4.637311935424805,4.301559925079346,6.9281325340271,8.390332221984863,13.840432167053223,-4.431731224060059,3.131589651107788,5.68703556060791,4.638031482696533,7.697148323059082,14.447834014892578,-7.091012477874756,5.377316474914551,7.091012477874756,5.377316474914551,9.637798309326172,13.148372650146484,-1.3696119785308838,6.124971866607666,3.6091997623443604,6.267838478088379,7.780707359313965,12.073375701904297,-6.229170799255371,0.17820776998996735,6.373661041259766,4.694730758666992,8.872051239013672,12.68104362487793,-4.055861949920654,1.4354517459869385,4.057592391967773,4.104455947875977,6.305419921875,9.245100975036621,1.0977065563201904,5.603248596191406,3.738579750061035,5.941280841827393,7.4337286949157715,10.4719820022583,-6.162793159484863,-2.350778102874756,6.753150463104248,4.480658054351807,9.171070098876953,14.124956130981445,-2.081754684448242,-3.0872955322265625,2.7297682762145996,3.7241363525390625,5.112005233764648,9.26560115814209
58.5,0.0,0.0,0.0,0.0,0.0,0,6.025390148162842,5.581150054931641,10.865253448486328,13.19874095916748,3.361684799194336,0.02208065055310726,-1.4503679275512695,5.645999431610107,3.691190719604492,1.4505359976223318,270.87221341102247,0.2407372737621985,0.261833039199852,264.5921857834721,113.53118199910983,113.53118199910983,0.24946752190589905,0.04140270992729864,0.5377053618431091,0.33697375655174255,0.45166666666666666,0.5483333333333333,0.1950884312391281,0.03237772062293601,0.4292578101158142,0.2631239593029022,3.697056045755744,-3.789259433746338,-1.796861171722412,-0.1755295635110622,0.0047617040930133525,-0.5468183159828186,1.4059131145477295,2.2363250255584717,3.051689386367798,4.077673435211182,7.67884635925293,0.20854203402996063,0.10372256487607956,7.357985019683838,3.587520122528076,8.56981086730957,14.14495849609375,3.762782335281372,-4.723802089691162,4.610562801361084,4.723802089691162,7.146652698516846,14.49351692199707,0.30206772685050964,-2.9490647315979004,2.364459276199341,3.222595453262329,4.203528881072998,7.874279022216797,-0.6240357160568237,1.8348957300186157,4.639840602874756,2.3204829692840576,5.549150466918945,10.338529586791992,1.4734464883804321,-1.0684068202972412,4.131120204925537,2.169501781463623,4.966937065124512,8.107009887695312,1.4477880001068115,-5.815009593963623,3.137103796005249,5.815009593963623,6.971633434295654,9.443018913269043,-3.035029888153076,-1.8842462301254272,3.4862515926361084,2.093714952468872,4.361243724822998,6.664782524108887,-2.7900173664093018,0.042686790227890015,7.611307621002197,2.8208560943603516,8.381881713867188,13.237245559692383
59.0,0.0,0.0,0.0,0.0,0.0,0,5.6226935386657715,5.417396068572998,9.197624206542969,10.452227592468262,2.6057679653167725,2.470019817352295,0.9323095679283142,3.914109706878662,4.014256477355957,2.6401134499418286,20.67902611253924,0.46954603372680176,0.41783814727306084,28.359186062175638,123.76700027870356,123.76700027870356,0.2419682890176773,0.043034222711855655,0.5250110030174255,0.3330327868461609,0.5346913580246914,0.46530864197530863,0.21244269609451294,0.03778307618057519,0.4613105058670044,0.28764113783836365,2.4479391667991877,2.3826774954795837,-0.4026966094970703,0.15600510807320883,0.0016315127845570113,3.426941156387329,-2.204524040222168,3.904517650604248,3.225963830947876,5.857702732086182,8.94213581085205,3.406790256500244,1.1188621520996094,4.360771656036377,3.0202534198760986,5.980876922607422,10.674877166748047,3.7176308631896973,-3.0979161262512207,3.736037015914917,3.5169265270233154,5.75698184967041,8.899788856506348,4.184604167938232,0.519533097743988,4.397396564483643,2.436821222305298,5.480950355529785,9.574525833129883,3.7083804607391357,2.462484836578369,4.127767086029053,3.013577461242676,5.662514686584473,9.321182250976562,0.2272513210773468,-0.4256822466850281,2.761509895324707,2.5506274700164795,4.103856563568115,6.7547078132629395,3.525550365447998,2.0885143280029297,3.8186070919036865,3.294710397720337,5.716182231903076,8.689342498779297,2.156857967376709,4.357966423034668,3.7739861011505127,4.357966423034668,6.37453556060791,8.612724304199219,-2.1238291263580322,3.571547746658325,2.4320480823516846,4.532542705535889,5.670639991760254,11.232809066772461
59.5,0.0,0.0,0.0,0.0,0.0,0,6.8051605224609375,5.640868186950684,13.732282638549805,17.50493049621582,4.919857501983643,0.5544083714485168,-2.8021633625030518,3.899726152420044,6.866429328918457,2.8564817787772787,281.1914425336407,0.4197522996480757,0.2222185999835657,279.580212526954,-108.77897353522161,108.77897353522161,0.2713865637779236,0.039879518345331294,0.5787791013717651,0.4041714370250702,0.44958333333333333,0.5504166666666667,0.2482740730047226,0.03648320060960724,0.5058447122573853,0.3861130177974701,-1.915611445903778,-3.734472930431366,1.182466983795166,-0.19561954728949515,-0.0031547043665243607,0.604545533657074,-1.7222390174865723,3.7383289337158203,2.6144161224365234,4.784572601318359,8.971895217895508,-3.6882362365722656,2.803252935409546,3.806490421295166,3.7765297889709473,5.737564563751221,8.361696243286133,0.08984026312828064,0.8002776503562927,1.1110349893569946,3.9665849208831787,4.334816932678223,7.5781569480896,0.3885456621646881,-6.446008205413818,4.426089763641357,7.238421440124512,9.304010391235352,15.503992080688477,-1.0083850622177124,-2.0286741256713867,2.5959701538085938,4.127368927001953,5.366225719451904,8.766530990600586,0.20216694474220276,0.01648024655878544,1.7819501161575317,2.9561965465545654,3.6844351291656494,5.640546798706055,3.5874340534210205,-15.361695289611816,4.0248188972473145,15.361695289611816,16.059913635253906,24.46193504333496,2.779515504837036,-4.72233247756958,4.0160298347473145,4.91441011428833,7.22111701965332,12.727720260620117,2.0342485904693604,1.4414666891098022,2.396732807159424,3.805297374725342,4.753788471221924,8.824596405029297
60.0,0.0,0.0,0.0,0.0,0.0,0,6.718555927276611,5.546731948852539,13.110726356506348,14.972472190856934,4.225605487823486,0.8046808242797852,-2.4279513359069824,5.0298333168029785,5.581491947174072,2.5578230819382513,288.3364243827519,0.38071024631256933,0.21822973878690255,288.18812245133773,8.607909924383705,8.607909924383705,0.267438143491745,0.039805890816519716,0.5764841437339783,0.35416072607040405,0.45569444444444446,0.5443055555555556,0.2339516431093216,0.0348217103228676,0.5080897212028503,0.32717224955558777,0.2502724528312683,0.37421202659606934,-0.08660459518432617,-0.00398886119666314,-7.362752881157758e-05,1.6229181289672852,1.6201202869415283,2.9775876998901367,2.2181806564331055,4.1615095138549805,5.95999813079834,1.517421841621399,0.3154708445072174,3.018207311630249,7.683351993560791,8.808588027954102,13.07269287109375,-1.4636834859848022,-0.974384069442749,3.7374305725097656,2.9289114475250244,5.079547882080078,7.672904014587402,3.917905330657959,-3.733363151550293,4.827882289886475,4.767341136932373,6.976255416870117,12.988306045532227,-0.8341590762138367,-2.1881399154663086,3.0505409240722656,4.245245456695557,5.8158464431762695,10.884184837341309,-0.6070789694786072,-2.9273693561553955,2.7318336963653564,3.7478325366973877,5.263657093048096,8.45840072631836,6.898336410522461,-9.785222053527832,6.898355484008789,9.845579147338867,12.373286247253418,18.338634490966797,-4.728527545928955,-1.8202311992645264,5.793487071990967,3.0964510440826416,6.900397777557373,14.907251358032227,0.918995201587677,-2.358440637588501,3.702303886413574,2.6972849369049072,5.08791446685791,8.659605979919434
60.5,0.0,0.0,0.0,0.0,0.0,0,6.20458459854126,6.068010330200195,10.309333801269531,11.377718925476074,2.9784486293792725,0.6802200675010681,3.445509672164917,4.766467571258545,3.5092127323150635,3.5120131322666137,78.83215458954314,0.5660351755204227,0.5024746489676406,75.20031355659691,147.01219110525915,147.01219110525915,0.2511071562767029,0.04047122121028355,0.5370303392410278,0.34194082021713257,0.5108641975308642,0.4891358024691358,0.21251913905143738,0.034251947318029115,0.46389085054397583,0.28740373253822327,-0.12446075677871704,5.873461008071899,-0.5139713287353516,0.28424491018073805,0.0006653303937638327,-1.8525491952896118,-1.1428853273391724,2.67616868019104,2.257412910461426,4.10910177230835,7.580460548400879,-6.376115322113037,4.45874547958374,6.419575214385986,4.472113609313965,8.356695175170898,12.234410285949707,1.6119129657745361,4.304704666137695,5.067800045013428,4.324287414550781,7.260155200958252,10.210633277893066,2.400268316268921,3.8523170948028564,3.0590662956237793,4.000296592712402,5.565373420715332,9.65744400024414,-1.8267356157302856,3.6128132343292236,2.9594931602478027,3.8661041259765625,5.444451808929443,8.762290954589844,4.342929840087891,5.473045825958252,4.421844482421875,5.473045825958252,7.304278373718262,9.811762809753418,1.4053375720977783,6.528872489929199,2.81911563873291,6.668528079986572,7.917726039886475,12.106586456298828,1.5273357629776,1.6239798069000244,2.215877056121826,2.283230781555176,3.599921226501465,7.157021522521973,4.889596462249756,2.2979938983917236,4.96483850479126,3.0119552612304688,6.283557415008545,10.74461841583252
61.0,0.0,0.0,0.0,0.0,0.0,0,6.513108730316162,6.083420753479004,11.534063339233398,13.347713470458984,3.507793664932251,-2.9638476371765137,-0.8670511245727539,5.542672157287598,3.8036580085754395,3.0880690518541973,196.3064362745016,0.4741313525874909,0.41882897605563435,203.58139083583646,128.38107727923955,128.38107727923955,0.23058807849884033,0.03540368396152402,0.4916204810142517,0.3131106197834015,0.46958333333333335,0.5304166666666666,0.20165985822677612,0.030962146589995663,0.44067150354385376,0.27151423692703247,-3.644067704677582,-4.312560796737671,0.30852413177490234,-0.08364567291200625,-0.005067537248759531,-3.761019468307495,-4.234891891479492,5.322489261627197,4.861772060394287,8.29132080078125,11.681628227233887,-10.64770221710205,1.6065490245819092,10.64770221710205,2.0493335723876953,11.032401084899902,16.01764488220215,-6.539572715759277,0.3090870976448059,6.539572715759277,1.2847247123718262,6.745962619781494,10.962652206420898,1.350770354270935,0.6209983229637146,4.4896392822265625,2.5994324684143066,5.501180648803711,9.05275821685791,-6.439095497131348,-0.5602704286575317,6.4787917137146,2.626722574234009,7.302028179168701,12.721357345581055,-2.276754856109619,-1.0928610563278198,2.7753610610961914,1.555935025215149,3.3659112453460693,6.067251205444336,2.5060207843780518,1.701748013496399,3.4198384284973145,4.219863414764404,5.868409156799316,10.454345703125,-1.5387588739395142,-4.95814847946167,2.699216842651367,4.95814847946167,6.009947776794434,9.370916366577148,0.6714836359024048,-1.195671558380127,3.2433528900146484,2.6658756732940674,4.500813961029053,7.283589839935303
61.5,0.0,0.0,0.0,0.0,0.0,0,8.057198524475098,7.609999656677246,14.094120025634766,15.336433410644531,4.144516944885254,-2.0899953842163086,-2.6977691650390625,6.897017478942871,4.783364772796631,3.4126293636844065,232.23460990273665,0.42355036348154634,0.36300646987344776,239.70787261837492,36.12648178253846,36.12648178253846,0.30133911967277527,0.037399982308667805,0.6512781977653503,0.42275115847587585,0.49830246913580245,0.5016975308641975,0.2407926768064499,0.029885405726270235,0.5236860513687134,0.3402993977069855,0.8738522529602051,-1.8307180404663086,1.5440897941589355,-0.05582250618218659,0.0019962983471437865,0.21700948476791382,5.126919269561768,5.7538042068481445,5.730149269104004,8.962250709533691,13.954728126525879,-8.054658889770508,-3.9822115898132324,9.057144165039062,4.235515594482422,10.226102828979492,17.983922958374023,4.227200984954834,-3.877610445022583,5.525134563446045,3.882901906967163,7.473033905029297,10.075078964233398,-4.213541507720947,-3.412860631942749,6.288810729980469,3.7118325233459473,7.9108452796936035,13.786336898803711,-6.51926326751709,-0.7534570693969727,6.604018688201904,2.0437886714935303,7.264545440673828,14.619983673095703,4.9779863357543945,-3.181497573852539,5.734872817993164,3.3208541870117188,7.065804958343506,13.483283042907715,-4.664854526519775,-5.473930358886719,4.818238735198975,5.47904634475708,7.560033798217773,11.809481620788574,-4.900221347808838,-5.268485069274902,4.925631046295166,5.364345550537109,8.184332847595215,12.148836135864258,0.1203850656747818,-3.456787347793579,4.794943809509277,5.025174140930176,7.867833614349365,14.95380687713623
62.0,0.0,0.0,0.0,0.0,0.0,0,6.885689735412598,6.5187668800354,11.982132911682129,14.367509841918945,3.608713150024414,-1.768560528755188,-2.931185483932495,5.826293468475342,3.8431990146636963,3.4233981195717518,238.89489247601688,0.49717577339644947,0.46117310519810717,255.79644325131693,16.08857063294201,16.08857063294201,0.27060264348983765,0.03929927350616377,0.5828522443771362,0.3774055540561676,0.4891512345679012,0.5108487654320988,0.2244245409965515,0.03259288713655882,0.4797661304473877,0.3209003806114197,0.3214348554611206,-0.23341631889343262,-1.1715087890625,0.09816663532465941,0.0018992911974959684,3.601685047149658,-4.141959190368652,3.7175981998443604,5.006623268127441,7.248590469360352,9.994149208068848,-8.572850227355957,-3.6546711921691895,8.950478553771973,3.730430841445923,10.382097244262695,16.452865600585938,-0.6678880453109741,-3.803788423538208,3.0002925395965576,3.8071212768554688,5.037849426269531,8.235879898071289,2.110865831375122,-2.7434232234954834,3.0321691036224365,3.1687862873077393,4.849198818206787,7.15651273727417,-6.5142412185668945,1.6484922170639038,7.014955520629883,2.700615167617798,8.043354034423828,14.137551307678223,-0.5163962244987488,-6.171398639678955,3.1619186401367188,6.171421527862549,7.097184181213379,10.628439903259277,-0.6994712948799133,-2.0710837841033936,5.44948148727417,3.7465877532958984,7.263712406158447,11.214397430419922,-2.060833215713501,-0.37308362126350403,3.4446444511413574,3.1433041095733643,5.281591892242432,8.289045333862305,-2.597914457321167,-5.069754600524902,3.5098698139190674,5.147749900817871,6.767622470855713,14.958366394042969
62.5,0.0,0.0,0.0,0.0,0.0,0,7.663690090179443,7.4040937423706055,13.27710247039795,14.961979866027832,3.974106788635254,-3.475529909133911,3.86209774017334,4.664087772369385,5.077091217041016,5.195681582231189,131.98427759781117,0.6779608153634946,0.6156311949049561,134.8201925403342,-120.97625071098273,120.97625071098273,0.26576152443885803,0.0346780058475237,0.5653716325759888,0.38526177406311035,0.572962962962963,0.42703703703703705,0.23607653379440308,0.030804547184439736,0.49732375144958496,0.3387397527694702,-1.7069693803787231,6.793283224105835,0.7780003547668457,0.15445808970684893,-0.004621267658640071,-2.7178916931152344,0.1897886097431183,3.6504669189453125,4.034578323364258,6.255475044250488,11.43541145324707,0.41661152243614197,1.462902307510376,4.971405029296875,1.7314469814300537,5.52025842666626,10.2598295211792,-6.969814300537109,-1.6616111993789673,7.060221195220947,2.3560900688171387,7.809146404266357,13.009410858154297,-4.670891761779785,6.034172534942627,4.74995231628418,6.257014751434326,8.623353958129883,13.153841972351074,-2.365614652633667,3.434164047241211,3.468130350112915,3.600231170654297,5.782170295715332,9.661169052124023,-6.350776672363281,3.764272928237915,6.4732160568237305,3.7743606567382812,8.03128433227539,12.447431564331055,-2.716672658920288,12.425097465515137,4.63679838180542,12.425097465515137,13.42821216583252,16.855070114135742,-2.2871387004852295,3.1840996742248535,3.0422749519348145,3.711050271987915,5.697656631469727,9.370271682739258,-3.6175811290740967,5.925991058349609,4.43130350112915,5.928781509399414,7.825656890869141,11.064131736755371
63.0,0.0,0.0,0.0,0.0,0.0,0,6.559462547302246,6.4018449783325195,11.301385879516602,12.444478034973145,3.3616368770599365,-1.884751796722412,1.568716049194336,5.2377166748046875,4.569499492645264,2.452174418398546,140.22872091222192,0.3738377040367534,0.26898421611795664,138.27746042732332,3.457267886989115,3.457267886989115,0.2625240981578827,0.04002219026979008,0.5596305727958679,0.3514176607131958,0.4665432098765432,0.5334567901234568,0.19623036682605743,0.0299156120635448,0.4255000948905945,0.26552093029022217,1.590778112411499,-2.293381690979004,-1.1042275428771973,-0.34664697878699946,0.0053441844222663765,-4.822093486785889,5.846938133239746,6.357970714569092,6.045662879943848,9.911825180053711,13.391783714294434,1.2697759866714478,2.5614335536956787,3.162123441696167,3.129185676574707,4.951405048370361,7.70535945892334,0.8036311864852905,1.6772124767303467,2.9386990070343018,2.0879480838775635,4.079834461212158,6.90566873550415,-4.222029209136963,5.710597515106201,4.961993217468262,5.727884769439697,8.553997993469238,10.800276756286621,-0.21781761944293976,0.9659239649772644,2.2190494537353516,2.5295166969299316,3.771252155303955,7.523946285247803,-0.2568508982658386,-1.5138733386993408,4.020998954772949,1.7535145282745361,4.6334309577941895,7.377490997314453,-3.3687522411346436,4.708741188049316,5.661623477935791,4.845768451690674,8.139445304870605,11.177724838256836,-1.1338177919387817,-1.3963940143585205,3.165217638015747,4.843191623687744,5.998263835906982,11.144285202026367,-5.0148115158081055,-4.442136287689209,7.3292717933654785,4.446660041809082,8.99571418762207,13.23160457611084
63.5,0.0,0.0,0.0,0.0,0.0,0,6.919656753540039,6.462601184844971,12.438480377197266,14.102622985839844,3.7845633029937744,3.790712833404541,3.2961599826812744,3.9538893699645996,4.619215965270996,5.023362859356997,41.00812252680563,0.7259554972559998,0.6043325053026678,43.13409853179638,-95.14336189552694,95.14336189552694,0.23000380396842957,0.03323918785589671,0.4947286546230316,0.319203644990921,0.4514969135802469,0.5485030864197531,0.20151765644550323,0.029122488947146048,0.4285898804664612,0.2793877124786377,5.675464630126953,1.7274439334869385,0.36019420623779297,0.33534828918471116,-0.006783002413893367,7.716000556945801,7.73630428314209,7.716000556945801,7.73887825012207,11.715494155883789,15.163606643676758,1.7052148580551147,5.823732852935791,2.3057305812835693,5.854856014251709,6.544180393218994,12.729697227478027,3.970919609069824,1.196907877922058,4.271790504455566,2.4220736026763916,5.216578960418701,7.805909156799316,4.815749645233154,7.812000751495361,5.192541122436523,7.812000751495361,9.762768745422363,13.594036102294922,0.14000284671783447,4.212000370025635,1.2064279317855835,4.4020185470581055,4.8918538093566895,12.287725448608398,4.241592884063721,-1.0933549404144287,4.496194839477539,1.9653987884521484,5.0932416915893555,8.033562660217285,4.10145378112793,3.9995410442352295,5.450603485107422,4.163632392883301,7.381782054901123,10.471686363220215,0.3408154249191284,1.5981242656707764,2.0896670818328857,3.020339012145996,4.044634819030762,6.135542869567871,7.084666728973389,-1.6198163032531738,7.088901042938232,1.976732850074768,7.626377105712891,10.986222267150879
64.0,0.0,0.0,0.0,0.0,0.0,0,7.007430553436279,6.345678329467773,13.676198959350586,15.569276809692383,4.125754356384277,2.35650372505188,3.1580302715301514,4.6032280921936035,5.423095226287842,3.9403381837202995,53.269915212627794,0.5623085599882328,0.4013153188326062,48.46034146099339,5.326242929197008,5.326242929197008,0.24515476822853088,0.03498496793854701,0.5286174416542053,0.352364718914032,0.4708179012345679,0.5291820987654321,0.22202424705028534,0.0316841121254206,0.4666971266269684,0.31876474618911743,-1.4342091083526611,-0.13812971115112305,0.08777379989624023,-0.20301718647006162,0.0017457800826502987,5.839851379394531,4.141228199005127,6.59450626373291,5.418618679046631,9.106585502624512,14.719183921813965,1.5178565979003906,7.22939395904541,2.4461302757263184,7.495306015014648,8.46045207977295,16.719989776611328,-0.6647776961326599,-3.4021189212799072,1.8755797147750854,3.5317740440368652,4.214059829711914,7.045207977294922,5.031669616699219,7.0209760665893555,6.66020393371582,7.022395610809326,10.079797744750977,15.957027435302734,1.4520128965377808,6.183071136474609,2.7851898670196533,6.183071136474609,6.956719875335693,8.832423210144043,0.6777487993240356,-1.930748462677002,1.95604407787323,4.0124053955078125,4.737337589263916,7.2236480712890625,3.65725040435791,6.494376182556152,7.025381088256836,6.618997573852539,10.302882194519043,15.652534484863281,0.6678766012191772,1.6784725189208984,2.260040283203125,2.6705079078674316,3.8445091247558594,6.8655195236206055,3.029045581817627,1.007620930671692,3.4481165409088135,3.5713703632354736,5.36453104019165,9.043562889099121
64.5,0.0,0.0,0.0,0.0,0.0,0,7.798589706420898,7.6491804122924805,12.901237487792969,13.913597106933594,3.7410433292388916,-2.3915998935699463,2.9969069957733154,3.454155921936035,6.941254138946533,3.834214599137458,128.59066269676353,0.4916548688259099,0.4178005857633445,134.56336931735882,86.10302785636543,86.10302785636543,0.25787779688835144,0.03306723055436543,0.5685473680496216,0.36629101634025574,0.53875,0.46125,0.23614531755447388,0.030280511754520695,0.5064489245414734,0.3428103029727936,-4.748103618621826,-0.16112327575683594,0.7911591529846191,0.016485266930738318,-0.0019177373841815781,-0.9924426674842834,-5.327629089355469,1.3588337898254395,6.545741081237793,6.887799263000488,12.853004455566406,-1.880078673362732,2.4429776668548584,2.305344581604004,3.8059592247009277,4.722746849060059,7.954596996307373,1.7602555751800537,1.5801736116409302,3.292513608932495,6.022819995880127,7.360976696014404,12.717399597167969,-2.296721935272217,-0.6004305481910706,2.591169595718384,5.960877895355225,6.837230682373047,10.053004264831543,-2.303833246231079,8.445993423461914,2.5830719470977783,8.445993423461914,9.092390060424805,13.341267585754395,-5.178875923156738,9.147454261779785,5.184652805328369,9.222688674926758,10.958795547485352,14.273467063903809,-1.5601980686187744,-2.278109550476074,1.8067916631698608,5.774564743041992,6.261824131011963,9.489109992980957,-3.4102578163146973,4.757991313934326,3.9064784049987793,4.787162780761719,7.058864593505859,8.364139556884766,-5.662246227264404,8.803747177124023,5.963409423828125,8.803911209106445,11.006680488586426,15.821208953857422
65.0,0.0,0.0,0.0,0.0,0.0,0,10.108129501342773,9.825819969177246,16.779541015625,19.234357833862305,5.432811260223389,-2.5102338790893555,-4.957589149475098,5.1396355628967285,8.625247955322266,5.556884406096748,243.14500688005938,0.5497440852294746,0.5097415907303292,237.46732798392696,102.90395866656814,102.90395866656814,0.2807139754295349,0.027771107168852303,0.6127389669418335,0.3994186818599701,0.4963888888888889,0.5036111111111111,0.286807656288147,0.0283739566134457,0.6261719465255737,0.4309665262699127,-0.11863398551940918,-7.954496145248413,2.309539794921875,0.09194100496698471,-0.005296123385513128,-3.6877074241638184,-10.74351692199707,3.794921875,10.808964729309082,12.6881685256958,27.469524383544922,-5.598857402801514,-0.2963665723800659,5.804131031036377,11.260418891906738,13.422856330871582,19.152944564819336,-2.421114444732666,-0.09291964769363403,4.126344680786133,2.3126208782196045,5.035069465637207,9.991130828857422,-4.619805335998535,-10.384822845458984,5.080855369567871,10.384822845458984,12.333778381347656,18.261577606201172,-3.6461665630340576,0.22239485383033752,3.8526062965393066,6.889305591583252,8.707259178161621,13.417282104492188,1.6631625890731812,-6.763132572174072,3.3152995109558105,6.821714401245117,8.018221855163574,12.642464637756348,-3.4684503078460693,-7.065063953399658,5.198373317718506,7.065063953399658,9.384559631347656,12.696968078613281,-5.608556747436523,1.9926847219467163,5.627042770385742,5.348023891448975,8.326942443847656,15.040757179260254,4.795391082763672,-11.487561225891113,5.367574691772461,11.487595558166504,13.056310653686523,17.444894790649414
65.5,0.0,0.0,0.0,0.0,0.0,0,9.188469886779785,8.923145294189453,15.643563270568848,17.620641708374023,4.704066276550293,-4.757382392883301,-3.540489673614502,4.106260776519775,7.384247779846191,5.930240666371557,216.6569771260403,0.6454002395876474,0.6818135461121042,215.44381796538588,-22.02351001854109,22.02351001854109,0.2629217207431793,0.02861430633920456,0.5674555897712708,0.34942659735679626,0.5441358024691358,0.4558641975308642,0.24524708092212677,0.026690739291015668,0.5385682582855225,0.33526578545570374,-2.2471485137939453,1.4170994758605957,-0.9196596145629883,0.172071955381775,0.0008431991703522559,-8.63789176940918,-1.8392257690429688,8.63789176940918,2.7591073513031006,9.213135719299316,11.958643913269043,-1.143089771270752,-10.626985549926758,3.149266242980957,10.96513557434082,12.173891067504883,20.816797256469727,-5.140079975128174,-2.571868419647217,5.221994876861572,3.1996335983276367,6.645542621612549,10.005748748779297,-6.682614803314209,-5.780902862548828,6.758525848388672,5.793157577514648,9.3158597946167,12.200642585754395,-2.107588529586792,-9.140359878540039,3.5899972915649414,9.734068870544434,11.524361610412598,20.16339111328125,-6.565966606140137,1.2708890438079834,6.565966606140137,3.9439079761505127,8.177583694458008,13.656881332397461,-4.986093044281006,-6.898139476776123,5.308682918548584,6.898139476776123,9.465859413146973,12.314881324768066,-1.3736809492111206,0.4471300542354584,1.8328443765640259,4.8829240798950195,5.5503740310668945,12.076896667480469,-6.179430961608887,3.275055408477783,6.179430961608887,7.940397262573242,10.629632949829102,17.261308670043945
66.0,0.0,0.0,0.0,0.0,0.0,0,9.351134300231934,7.707740783691406,17.44109344482422,25.748748779296875,6.678479194641113,2.6392288208007812,-3.9012081623077393,5.528592109680176,8.904803276062012,4.710090646070626,304.07897101384884,0.5036919046231433,0.3552368651032815,326.63936203534394,111.19554406995803,111.19554406995803,0.27893006801605225,0.029828470988879183,0.6154869794845581,0.3782638609409332,0.49367283950617286,0.5063271604938272,0.25380739569664,0.02714188037578121,0.5582783222198486,0.3518337607383728,7.396611213684082,-0.3607184886932373,0.16266441345214844,-0.3265766810088227,0.0012141646496746233,4.97204065322876,-0.39765891432762146,5.710460186004639,2.455418825149536,6.504563808441162,12.089045524597168,7.849802017211914,-2.417942762374878,7.849802017211914,2.7868826389312744,8.547941207885742,16.553878784179688,-1.2047019004821777,-7.844194412231445,4.71446418762207,8.639724731445312,10.399908065795898,16.164588928222656,3.175609588623047,1.1603915691375732,4.564245700836182,2.7065179347991943,6.04658842086792,10.427131652832031,4.989877223968506,-3.5038516521453857,5.4431023597717285,4.939648628234863,8.353340148925781,19.91595458984375,1.8523280620574951,-10.985742568969727,2.913766622543335,11.275935173034668,12.084394454956055,19.841392517089844,1.772915005683899,3.1966395378112793,6.2342143058776855,3.846243143081665,8.059362411499023,11.048867225646973,-0.6782442927360535,-5.255165100097656,5.382749080657959,8.01751708984375,10.9569673538208,28.308229446411133,1.0234324932098389,-9.063348770141602,2.0866100788116455,12.851820945739746,13.207146644592285,29.649507522583008
66.5,0.0,0.0,0.0,0.0,0.0,0,7.605882167816162,7.1690168380737305,13.202134132385254,15.255202293395996,3.9773473739624023,1.1596254110336304,0.28810492157936096,4.933413028717041,6.921158790588379,1.1948788807879926,13.952441907021727,0.15709931529626525,0.19620128133481568,47.63952832289483,81.00016628755088,81.00016628755088,0.2733619809150696,0.035940859842783855,0.5874252915382385,0.36692461371421814,0.5626851851851852,0.4373148148148148,0.22766393423080444,0.029932609955692024,0.5175694227218628,0.3120231330394745,-1.4796034097671509,4.1893130838871,-1.7452521324157715,-0.15903558376846583,0.0061123888539046725,-1.3545339107513428,1.2135194540023804,2.3428280353546143,3.7093234062194824,4.838729381561279,7.026996612548828,1.4742852449417114,-2.0861823558807373,3.7888755798339844,4.169729709625244,6.2006402015686035,9.27202033996582,0.6633467078208923,-5.985091209411621,3.7158985137939453,6.5475850105285645,8.682149887084961,17.182668685913086,-0.7110863327980042,5.317655563354492,3.0393717288970947,5.3433403968811035,6.581228256225586,9.997313499450684,1.4145156145095825,3.067199230194092,3.9342219829559326,3.6896190643310547,5.779123783111572,9.107519149780273,2.651962995529175,-6.553353786468506,5.072240352630615,6.835843086242676,9.371289253234863,14.799596786499023,-2.4709033966064453,4.115731239318848,5.6031270027160645,4.309791564941406,7.768485069274902,10.972723960876465,5.31785774230957,9.136005401611328,6.071794033050537,9.136063575744629,11.318889617919922,15.958128929138184,3.4511852264404297,-5.632540225982666,3.804544448852539,6.05470085144043,7.9124040603637695,13.812253952026367
67.0,0.0,0.0,0.0,0.0,0.0,0,7.122851848602295,7.030632019042969,10.977079391479492,12.351308822631836,3.005182981491089,-4.017492771148682,1.381235957145691,3.931790351867676,5.124364376068115,4.248300946913258,161.02675032915735,0.5964325858815799,0.5468338498864228,164.75966141759923,117.12013309470439,117.12013309470439,0.25184547901153564,0.0353573890075456,0.5377220511436462,0.3364623785018921,0.5406944444444445,0.4593055555555556,0.21760812401771545,0.030550697682939824,0.4691520631313324,0.28710058331489563,-5.177118182182312,1.09313103556633,-0.4830303192138672,0.3506325685516071,-0.0005834708352382562,-6.662624835968018,0.6972484588623047,7.178944110870361,6.6214704513549805,10.590754508972168,13.159233093261719,-4.94336462020874,-0.29054200649261475,5.003673076629639,3.122203826904297,6.391727447509766,9.06803035736084,-4.180840015411377,-0.3389365077018738,4.31290864944458,3.104004383087158,5.925940990447998,7.854079246520996,-7.203395366668701,-1.1278607845306396,7.203395366668701,4.30877161026001,8.860559463500977,13.256502151489258,-4.560518741607666,3.9109792709350586,5.0059733390808105,4.285655498504639,7.00537633895874,9.455595970153809,-3.9889590740203857,0.7393653988838196,4.257217884063721,3.696187973022461,5.978064060211182,10.8690824508667,-0.05958319827914238,-2.323258638381958,2.479677200317383,3.52182936668396,4.662387371063232,7.256077766418457,-3.4875385761260986,6.426119804382324,4.590888023376465,6.426119804382324,8.639904022216797,10.934910774230957,-1.070611596107483,4.738009929656982,2.0098841190338135,5.330157279968262,6.050955295562744,10.575323104858398
67.5,0.0,0.0,0.0,0.0,0.0,0,6.999724864959717,6.582927703857422,11.585577964782715,12.555861473083496,3.2702763080596924,0.10053957998752594,-2.06099009513855,5.547618389129639,4.965580940246582,2.063440907659649,272.7927988190621,0.2947888592006143,0.2957067130808253,279.49138313824363,114.73172172064437,114.73172172064437,0.2728290855884552,0.03897711008287113,0.5922576785087585,0.3667108416557312,0.5220524691358025,0.47794753086419756,0.22759729623794556,0.032515172826594024,0.5021633505821228,0.3132324814796448,4.118032351136208,-3.4422260522842407,-0.12312698364257812,-0.2511271368055975,0.00361972107532553,0.45588061213493347,-4.383388996124268,6.078910827636719,4.520947456359863,7.969511032104492,11.579556465148926,-2.2481191158294678,1.781124234199524,3.1935875415802,4.75878381729126,6.6572723388671875,11.845441818237305,2.831153392791748,-1.860355257987976,3.229323148727417,2.3684096336364746,4.384862899780273,6.872796535491943,1.154039740562439,-5.163317680358887,6.531772136688232,5.745818138122559,8.990612983703613,12.669014930725098,-0.7436301708221436,-1.5793322324752808,3.4439165592193604,3.4613699913024902,5.452951431274414,8.55427360534668,3.002136468887329,-1.6538814306259155,4.292112827301025,2.6276676654815674,5.793219566345215,9.890351295471191,0.09254144132137299,0.48439478874206543,7.1560492515563965,6.425049781799316,9.887370109558105,14.477871894836426,-2.35992693901062,-3.207263708114624,5.109703540802002,5.092097282409668,7.885589122772217,11.885361671447754,-1.279219150543213,-2.966888666152954,3.721604824066162,3.393956184387207,5.976131916046143,8.756633758544922
68.0,0.0,0.0,0.0,0.0,0.0,0,6.341009140014648,6.272977352142334,10.221158981323242,11.088644981384277,2.915581464767456,3.4119858741760254,0.2696007192134857,4.671941757202148,3.8945651054382324,3.4226206557807664,4.517883753068086,0.5397596155764033,0.4754970876738928,6.770978141478929,87.27959500323527,87.27959500323527,0.27346256375312805,0.043126025304305274,0.5919297933578491,0.37011417746543884,0.4656172839506173,0.5343827160493827,0.20864127576351166,0.032903476127074865,0.44161802530288696,0.27566275000572205,3.3114462941884995,2.3305908143520355,-0.6587157249450684,0.17979037459306751,0.004148915221434145,3.8051939010620117,0.08736321330070496,6.370784282684326,1.9510225057601929,6.8580403327941895,10.734256744384766,2.8252604007720947,3.2335283756256104,4.051945686340332,3.721538782119751,6.074674606323242,9.09522533416748,0.9717329740524292,1.6042242050170898,3.8389503955841064,4.425337791442871,6.376921653747559,10.26859188079834,5.416497230529785,-1.8604204654693604,5.848406791687012,2.267833948135376,6.600038051605225,12.533088684082031,4.4546122550964355,1.606031060218811,4.459014892578125,2.1615538597106934,5.166437149047852,8.362600326538086,1.6530604362487793,-1.5043776035308838,4.657840728759766,3.6153273582458496,6.420172691345215,9.682472229003906,5.068409442901611,-1.7071772813796997,6.650683403015137,1.9358402490615845,7.285576343536377,11.952095985412598,4.545783042907715,2.316237688064575,4.922755718231201,2.7771406173706055,5.965240478515625,9.4718656539917,1.9673250913619995,-1.3490023612976074,2.9542834758758545,4.98237943649292,6.321980953216553,10.110488891601562
68.5,0.0,0.0,0.0,0.0,0.0,0,7.372451305389404,7.187965393066406,11.488689422607422,12.656542778015137,3.0758988857269287,3.0421817302703857,-2.643199920654297,4.35992956161499,5.344513416290283,4.030058994672138,319.01425249927644,0.5466375873823794,0.5059166850935417,316.69791233768154,-50.07306580379736,50.07306580379736,0.2828974425792694,0.038372230956647345,0.6053059697151184,0.38082224130630493,0.4985956790123457,0.5014043209876543,0.2312578558921814,0.031367833430828364,0.5078399777412415,0.31001612544059753,-0.36980414390563965,-2.9128006398677826,1.0314421653747559,0.03041959741964889,-0.004753794347657929,4.42878532409668,-3.5870723724365234,5.088240146636963,3.7846360206604004,7.081093788146973,10.331690788269043,5.2981109619140625,3.0904030799865723,6.012702941894531,4.0388264656066895,7.539548397064209,12.038875579833984,7.146893501281738,-4.155674457550049,7.146893501281738,4.341646194458008,8.879608154296875,11.383131980895996,1.806152582168579,-7.676652431488037,3.1940526962280273,7.676652431488037,8.666857719421387,12.48955249786377,1.940173625946045,3.554060697555542,5.058938980102539,4.2404913902282715,7.179624557495117,10.125690460205078,5.055833339691162,-5.150341033935547,5.317200660705566,6.3741374015808105,9.356261253356934,14.134651184082031,-0.08504892885684967,-7.088855743408203,2.207528829574585,7.088855743408203,7.7264604568481445,12.012768745422363,1.0481491088867188,0.4844549000263214,2.6127514839172363,3.215993642807007,4.628299713134766,7.14687442779541,0.7405845522880554,-3.2591230869293213,3.1402957439422607,3.6022729873657227,5.29430627822876,8.300897598266602
69.0,0.0,0.0,0.0,0.0,0.0,0,6.974954605102539,6.597836494445801,11.427062034606934,12.370858192443848,3.1673762798309326,-2.257235288619995,-1.020066499710083,4.127854824066162,5.9588117599487305,2.4770237810772375,204.31867168068325,0.35513116877709383,0.29119294380074573,187.2032297463443,-129.49468259133724,129.49468259133724,0.27311643958091736,0.03915672802004913,0.6002808213233948,0.3689938485622406,0.5162808641975308,0.4837191358024691,0.21421606838703156,0.03071217660945705,0.46393391489982605,0.29590991139411926,-5.299417018890381,1.6231334209442139,-0.39749670028686523,-0.21472374129279598,0.0007844970634017859,-0.8857120871543884,3.1727991104125977,5.328395843505859,3.6408333778381348,7.246965408325195,10.403416633605957,-1.6036996841430664,2.811732053756714,2.954362630844116,5.496162414550781,6.504213333129883,10.189061164855957,-2.848867177963257,-5.255663871765137,3.965639591217041,5.255755424499512,6.968874454498291,9.480895042419434,-1.6936739683151245,2.91632080078125,4.755239963531494,3.154283285140991,6.040828227996826,9.517200469970703,-2.58510422706604,0.2337840497493744,3.701387882232666,2.9200897216796875,5.086825847625732,7.505078315734863,-1.714980959892273,-8.127248764038086,3.664149045944214,8.130252838134766,9.376391410827637,13.506990432739258,-3.672938585281372,4.3581862449646,3.86496901512146,4.449352741241455,6.432947158813477,11.071310043334961,-2.7479074001312256,-0.7096986174583435,3.4316976070404053,3.785353422164917,5.33400821685791,11.690227508544922,-2.562232255935669,-8.580810546875,3.247964382171631,8.580887794494629,9.783539772033691,12.396873474121094
69.5,0.0,0.0,0.0,0.0,0.0,0,6.923780918121338,6.475376129150391,11.241620063781738,12.90053939819336,3.2861239910125732,-2.7405965328216553,-2.9622979164123535,3.740662097930908,5.334671974182129,4.03560135559684,227.22626605578063,0.5828609257457323,0.5149376476664506,230.16686217976192,42.963632433417615,42.963632433417615,0.244462788105011,0.03530769614005148,0.5252257585525513,0.3296326696872711,0.46146604938271607,0.5385339506172839,0.2058446705341339,0.02973009158410736,0.4494302272796631,0.27519965171813965,-0.48336124420166016,-1.9422314167022705,-0.05117368698120117,0.22374470386570483,-0.003849031879997654,-3.7423171997070312,5.040038108825684,4.306136131286621,5.886564254760742,7.5960588455200195,11.384143829345703,0.8102073669433594,-1.3527045249938965,2.4212732315063477,3.463427782058716,4.667416572570801,7.158828258514404,-2.6300644874572754,-8.470627784729004,2.6300909519195557,8.470627784729004,9.157425880432129,14.04114818572998,-4.185051441192627,3.180281639099121,4.237588882446289,3.9508779048919678,6.245805263519287,9.586973190307617,-0.6525156497955322,-4.999423980712891,2.054434061050415,5.257464408874512,6.027484893798828,9.126326560974121,-4.095394611358643,-6.454147815704346,4.108889102935791,6.454815864562988,8.202472686767578,11.393677711486816,-2.1420342922210693,-3.431697130203247,2.8232545852661133,3.902639627456665,5.15294075012207,9.03741455078125,-1.1169263124465942,-4.242196559906006,2.345344066619873,4.375539779663086,5.31514310836792,8.00979995727539,-6.911271572113037,-5.930206298828125,6.911271572113037,5.930206298828125,9.949283599853516,16.47416877746582
70.0,0.0,0.0,0.0,0.0,0.0,0,6.142328262329102,5.420773506164551,10.073549270629883,11.68185043334961,3.5453879833221436,-0.19921404123306274,-2.097592830657959,5.532989025115967,3.9044108390808105,2.107031541636735,264.57473805239647,0.343034668882671,0.263286312589164,260.9260794351586,30.759217255396692,30.759217255396692,0.2587399184703827,0.042124071735658054,0.5479973554611206,0.34825438261032104,0.4565895061728395,0.5434104938271604,0.20349380373954773,0.03312974525601794,0.44418463110923767,0.2713058888912201,2.5413824915885925,0.8647050857543945,-0.7814526557922363,-0.25165133507728654,0.0068163755956065775,1.6449986696243286,1.1509445905685425,3.2525711059570312,2.182612657546997,4.454533100128174,6.633693218231201,-2.3353824615478516,-0.7300198078155518,4.548721790313721,3.027359962463379,5.850798606872559,10.321581840515137,6.9776129722595215,-2.5695793628692627,7.047044277191162,4.775694847106934,8.79348087310791,20.25092124938965,2.709693431854248,0.3991645872592926,4.098728179931641,2.651595115661621,5.316399574279785,8.47086238861084,-3.648458480834961,-4.880938529968262,4.790077209472656,4.881422996520996,7.344187259674072,10.26600456237793,1.4762909412384033,-1.5222117900848389,3.2533352375030518,2.7996373176574707,4.853747844696045,9.383132934570312,-0.8827049136161804,-2.8006222248077393,2.6724116802215576,3.1107449531555176,4.504799842834473,7.283652305603027,-5.910675525665283,-4.996617794036865,5.910675525665283,5.011899948120117,7.942150115966797,11.5642671585083,-1.8243013620376587,-2.9284558296203613,3.2012779712677,4.582259178161621,6.220859527587891,9.684844017028809
70.5,0.0,0.0,0.0,0.0,0.0,0,6.0196332931518555,5.880895614624023,9.392094612121582,10.389575958251953,2.5268194675445557,-3.325636148452759,-1.711939811706543,3.0555474758148193,4.392475128173828,3.740400207304231,207.23807937579443,0.6213667884984689,0.5617780369254011,200.87722064172746,-60.04885879343115,60.04885879343115,0.22889748215675354,0.03802514754378937,0.4948618710041046,0.3018798828125,0.43084876543209877,0.5691512345679013,0.1927088052034378,0.032013374204919724,0.4184110462665558,0.25865739583969116,-3.126422107219696,0.385653018951416,-0.1226949691772461,0.29849172433623705,-0.0040989241918686845,-3.1556200981140137,2.2864859104156494,3.2617881298065186,3.179429292678833,4.742826461791992,10.33110237121582,-3.5817043781280518,-0.44953158497810364,3.5817043781280518,4.34370756149292,5.919695854187012,8.661116600036621,-3.1880836486816406,1.3058124780654907,3.8467979431152344,2.4112777709960938,5.150055408477783,7.031116485595703,-4.063711643218994,-3.4194400310516357,4.071301460266113,4.414492607116699,6.44578742980957,9.264257431030273,-2.436089038848877,0.29892805218696594,2.5673961639404297,3.0837934017181396,4.380171775817871,6.275998592376709,-5.676007270812988,-2.129669427871704,5.676007270812988,2.4416563510894775,6.538837909698486,9.317378997802734,0.0033408610615879297,-6.278480052947998,1.8176548480987549,6.278557300567627,6.671171188354492,9.824432373046875,-1.1455546617507935,-1.8177365064620972,2.68402099609375,4.2466301918029785,5.428141117095947,8.670204162597656,-6.687294960021973,-5.203826904296875,6.696080684661865,5.203826904296875,8.900012969970703,11.679697036743164
71.0,0.0,0.0,0.0,0.0,0.0,0,7.1230387687683105,6.857980728149414,12.513741493225098,13.695612907409668,3.807863473892212,-2.4718000888824463,1.459273099899292,5.6951422691345215,4.9561662673950195,2.870413499739882,149.44373275719133,0.40297597597327456,0.30825993803931145,147.39562527011324,-53.48159537161422,53.48159537161422,0.2671875059604645,0.03751032068246694,0.5778771638870239,0.3719742000102997,0.5338734567901234,0.46612654320987656,0.22103488445281982,0.031030977171006353,0.47912928462028503,0.3060522675514221,0.8538360595703125,3.171212911605835,1.103405475616455,-0.2535180988860896,-0.000514826861322433,-2.506150722503662,2.5363454818725586,2.6176655292510986,4.840660572052002,6.033565521240234,10.025474548339844,0.09137449413537979,0.8455864191055298,3.73016095161438,4.376480579376221,6.067953109741211,9.193466186523438,2.2193052768707275,2.1162796020507812,4.130577564239502,2.2572481632232666,5.2996625900268555,11.791497230529785,-6.854755401611328,0.8317394256591797,6.854891300201416,3.3394081592559814,8.02254581451416,11.288743019104004,-3.93510365486145,-2.0666279792785645,4.405950546264648,3.504340171813965,6.363898754119873,9.962770462036133,1.5638298988342285,0.8935193419456482,2.6241836547851562,2.7814929485321045,4.241269111633301,7.175419807434082,-7.6569085121154785,3.7861595153808594,7.906012535095215,4.5647783279418945,9.489511489868164,13.624873161315918,-7.757418632507324,-2.812999725341797,8.341997146606445,3.600919008255005,10.001235961914062,16.360361099243164,2.589627742767334,7.003456115722656,2.986553907394409,7.556086540222168,8.5877046585083,13.753887176513672
71.5,0.0,0.0,0.0,0.0,0.0,0,7.753871440887451,7.145530700683594,14.0492582321167,15.27468490600586,4.3346710205078125,0.0873623937368393,-2.023348569869995,5.525994300842285,6.6538496017456055,2.025233720594832,272.472331991912,0.2611900050232247,0.2489492922062221,281.1710700702712,133.77544480015797,133.77544480015797,0.27733656764030457,0.03576749163138963,0.6004759073257446,0.3733050227165222,0.6033796296296297,0.39662037037037035,0.2207590639591217,0.0284708145048947,0.4878324270248413,0.29956498742103577,2.5591624826192856,-3.482621669769287,0.6308326721191406,-0.05931064583308934,-0.0017428290510773103,-2.146979331970215,-5.031612396240234,3.095590353012085,5.970083713531494,7.894405841827393,14.41022777557373,-2.5912318229675293,-11.467641830444336,4.917999267578125,11.467641830444336,12.736204147338867,15.778672218322754,5.604381084442139,0.05173322930932045,6.179383754730225,6.326965808868408,9.604207992553711,16.492618560791016,-0.7311111688613892,1.3981225490570068,3.8560791015625,3.3216989040374756,5.459763050079346,13.151768684387207,-1.1508368253707886,-6.597934246063232,3.7533040046691895,6.81633996963501,7.951318264007568,12.508878707885742,4.203552722930908,0.11769571900367737,5.295841693878174,4.3253703117370605,7.530999660491943,13.284865379333496,-0.5911975502967834,5.838518142700195,4.548215389251709,6.292113304138184,8.065163612365723,15.422852516174316,-2.539985418319702,-2.21840500831604,4.194863319396973,3.2933099269866943,6.026841163635254,9.139641761779785,0.7296701669692993,-0.3006129860877991,3.7327880859375,1.9917187690734863,4.515939712524414,7.449580669403076
72.0,0.0,0.0,0.0,0.0,0.0,0,6.225404739379883,5.809454917907715,10.103943824768066,11.51358699798584,2.821474075317383,0.12034648656845093,0.18985870480537415,4.948331356048584,4.709550857543945,0.2247879103060139,57.63045453696672,0.03610815998582048,0.061775074946618706,31.26358454994997,110.09251447967881,110.09251447967881,0.2739720940589905,0.04400871293029666,0.592710018157959,0.3610503375530243,0.41973765432098764,0.5802623456790124,0.21640555560588837,0.034761678943587164,0.47072505950927734,0.29341983795166016,0.03298409283161163,2.2132072746753693,-1.5284667015075684,-0.1871742172596034,0.008241221298907031,2.243647813796997,4.716643810272217,2.427989959716797,4.716643810272217,5.554119110107422,8.108124732971191,3.3349978923797607,6.427160263061523,3.6211626529693604,6.427160263061523,8.006171226501465,11.239287376403809,-4.490991115570068,-1.0933822393417358,6.400867462158203,2.7560667991638184,7.321516036987305,13.045319557189941,4.662777900695801,2.175611972808838,4.68174934387207,3.0320518016815186,6.050816535949707,9.312942504882812,-1.4285995960235596,0.7851627469062805,2.6558969020843506,2.7105016708374023,4.2193098068237305,6.473113059997559,-3.2015693187713623,-2.477069854736328,4.070747375488281,3.470008134841919,5.8296613693237305,11.494062423706055,3.1318278312683105,-3.8059632778167725,4.808903217315674,4.680066108703613,7.348909378051758,10.133288383483887,-4.1053667068481445,-3.8927597999572754,4.152218818664551,3.905064582824707,6.168299674987793,9.151542663574219,0.9363936185836792,-1.1266748905181885,2.245917797088623,4.7531609535217285,5.529839515686035,8.238872528076172
72.5,0.0,0.0,0.0,0.0,0.0,0,7.438891887664795,7.086845874786377,12.506417274475098,13.885470390319824,3.510463237762451,-0.2872959077358246,-3.7220664024353027,4.895276069641113,5.455311298370361,3.7331377208374494,265.5862504640779,0.5018405667419036,0.45831646421279,263.51535145589077,-127.74823309405917,127.74823309405917,0.2906598448753357,0.03907299772487773,0.6376875638961792,0.41812756657600403,0.4043672839506173,0.5956327160493827,0.23735350370407104,0.03190710059794673,0.5069546699523926,0.3444778025150299,-0.4076423943042755,-3.911925107240677,1.213487148284912,0.3965413892661713,-0.004935715205418925,-5.214981555938721,5.861566066741943,5.2254319190979,6.043713569641113,8.384944915771484,13.590067863464355,0.11351998150348663,0.5607548952102661,3.3148488998413086,2.409440040588379,4.464699745178223,6.920156955718994,1.8594024181365967,-2.444000005722046,2.4588286876678467,4.837478160858154,5.981666564941406,8.50501823425293,-2.109783172607422,-2.9072844982147217,2.362473964691162,3.2843847274780273,4.444847106933594,7.986173629760742,0.7556644678115845,-5.007248878479004,1.9966461658477783,5.0603179931640625,5.679127216339111,8.456247329711914,-0.530059278011322,-8.042938232421875,2.6706440448760986,8.042938232421875,8.78808879852295,11.302434921264648,-4.300520420074463,-6.131383895874023,5.494497299194336,6.131383895874023,9.010503768920898,12.764137268066406,7.636964321136475,-8.380411148071289,7.657904624938965,8.380411148071289,11.74527359008789,15.273538589477539,-0.7958707213401794,-7.007652759552002,3.476372003555298,7.032459735870361,8.45087718963623,12.862956047058105
73.0,0.0,0.0,0.0,0.0,0.0,0,5.272730350494385,4.507244110107422,9.2694730758667,11.391011238098145,3.2061991691589355,1.3674561977386475,1.0320873260498047,4.527492046356201,3.8272805213928223,1.7132252336825053,37.04367367260851,0.32492183741614417,0.23262202116010097,38.1407518776779,134.62540042178716,134.62540042178716,0.2909577190876007,0.05518159370291448,0.6180291175842285,0.4068104922771454,0.46703703703703703,0.532962962962963,0.20462609827518463,0.03880836793552896,0.4375659227371216,0.291711688041687,1.654752105474472,4.754153728485107,-2.16616153717041,-0.22569444305268901,0.016108595978036745,3.1948866844177246,3.127148389816284,4.126967430114746,3.9180572032928467,6.690227508544922,8.862115859985352,3.344270944595337,3.0935418605804443,3.5544872283935547,3.738184928894043,6.028385639190674,9.246665954589844,-4.7997612953186035,0.2356085181236267,5.188727855682373,1.8918641805648804,5.903130531311035,10.469069480895996,1.6934207677841187,1.9096477031707764,1.9611262083053589,2.182508707046509,3.2675368785858154,5.084117889404297,2.368152379989624,-1.451927661895752,3.711185932159424,1.9524015188217163,4.501646518707275,7.691848278045654,-0.286990225315094,1.3925007581710815,1.4954888820648193,2.6806936264038086,3.396289587020874,6.298564434051514,1.3254388570785522,2.423206329345703,2.4788801670074463,5.4443840980529785,6.288477420806885,13.299098014831543,4.600578308105469,-1.4682300090789795,5.511716365814209,2.0932576656341553,6.7303266525268555,13.912676811218262,0.8671088218688965,0.027290411293506622,3.6046078205108643,2.403109550476074,4.648554801940918,9.848795890808105
73.5,0.0,0.0,0.0,0.0,0.0,0,5.244770526885986,5.219661712646484,8.300887107849121,9.105968475341797,2.262444496154785,0.11180932074785233,2.378582715988159,3.6658246517181396,3.676661729812622,2.381209159440578,87.30869565859315,0.4540158901583803,0.4233007366263072,92.12859740213322,53.98784552445534,53.98784552445534,0.2627107501029968,0.05009002751717154,0.5561551451683044,0.36322706937789917,0.49194444444444446,0.5080555555555556,0.2405797243118286,0.045870391699344364,0.5097176432609558,0.33843833208084106,-1.2556468769907951,1.3464953899383545,-0.027959823608398438,0.1906787154662062,-0.005091566185742941,1.5820378065109253,1.6525781154632568,3.2406504154205322,2.589832067489624,4.6140899658203125,8.338537216186523,2.2066686153411865,2.022838830947876,2.8219330310821533,2.410235643386841,4.138396263122559,6.611087322235107,-3.0981311798095703,1.3584365844726562,4.456812381744385,3.6080543994903564,6.187020301818848,9.033032417297363,-2.2646405696868896,3.7711236476898193,2.853170394897461,3.8536417484283447,5.170910835266113,7.698037624359131,2.324732542037964,3.9304487705230713,2.874429225921631,3.9305355548858643,5.1448493003845215,7.320026874542236,2.610595226287842,2.171879291534424,3.045280933380127,5.2989115715026855,6.518322944641113,9.699752807617188,-1.9967643022537231,-1.884097933769226,2.848585605621338,2.9272351264953613,4.455249786376953,7.075465679168701,0.14799891412258148,4.662262439727783,2.3048524856567383,4.720435619354248,5.613266944885254,8.909049987792969,-0.5062128901481628,3.721775770187378,3.0798611640930176,3.791485548019409,5.360825538635254,8.454833984375
74.0,0.0,0.0,0.0,0.0,0.0,0,5.290050029754639,4.988039970397949,9.166911125183105,10.889290809631348,2.8864614963531494,0.7227835655212402,0.8142306804656982,4.180412292480469,4.201791763305664,1.0887551072666575,48.404890011543806,0.20581187344974047,0.1911751267283374,39.8596945428858,-52.26890285924742,52.26890285924742,0.2587665319442749,0.04891569674636521,0.5601127743721008,0.3706817924976349,0.5345524691358025,0.46544753086419755,0.21258610486984253,0.04018602158544823,0.45134615898132324,0.29690253734588623,0.6109742447733879,-1.564352035522461,0.045279502868652344,-0.2321256098979698,-0.0011743307708063297,-1.4103155136108398,-0.5630489587783813,4.755391597747803,1.0281621217727661,4.988002300262451,7.834008693695068,-0.5862789750099182,-1.8822356462478638,3.3253173828125,5.142526626586914,6.860943794250488,10.1752347946167,0.8624350428581238,0.2384994626045227,2.8837711811065674,2.774435520172119,4.375948429107666,7.103973865509033,0.8055453300476074,0.0055872430093586445,2.2500357627868652,1.7608407735824585,3.1899313926696777,5.353602886199951,-0.011485832743346691,1.8293967247009277,2.6401073932647705,2.811716079711914,4.246258735656738,6.654876708984375,0.46156030893325806,-1.432460904121399,2.277869701385498,3.9103894233703613,4.82597017288208,8.091315269470215,4.756580352783203,0.632684588432312,4.756603717803955,4.074244976043701,6.412511348724365,12.45187759399414,0.07768383622169495,2.4597229957580566,1.9661459922790527,2.918452262878418,3.804896354675293,6.0408830642700195,1.5493276119232178,6.039931774139404,5.090899467468262,6.390793800354004,8.905987739562988,12.945562362670898
74.5,0.0,0.0,0.0,0.0,0.0,0,5.8777756690979,5.666543960571289,9.886399269104004,12.020415306091309,3.04416823387146,-1.328269124031067,-1.4861042499542236,4.577430725097656,4.3462090492248535,1.993189581446347,228.20988807771624,0.33910609959570887,0.2382803753983332,237.11128430901658,-162.7484102338692,162.7484102338692,0.25416800379753113,0.043242201619160855,0.5439989566802979,0.3495197892189026,0.5222839506172839,0.47771604938271606,0.22163598239421844,0.037707452132276116,0.47319021821022034,0.3026999831199646,-2.051052689552307,-2.300334930419922,0.5877256393432617,0.0471052486699958,-0.005673495127204352,-6.88498592376709,-6.247611999511719,6.900812149047852,6.251926422119141,9.57166862487793,14.208696365356445,-2.8006136417388916,2.871121406555176,3.731407880783081,5.007491111755371,6.674475193023682,9.995162963867188,0.8557594418525696,-0.1741849035024643,3.3656163215637207,2.046304702758789,4.2038116455078125,6.530309200286865,-3.1697309017181396,-4.593577861785889,3.503422737121582,4.677292823791504,6.214882850646973,10.77161693572998,-1.367193579673767,0.2425469309091568,2.198179006576538,3.2739226818084717,4.265148162841797,7.148393154144287,2.536280870437622,-0.5902625322341919,3.0473952293395996,3.8791682720184326,5.1951494216918945,8.586370468139648,-4.1478471755981445,-1.207358956336975,4.620992660522461,2.8212456703186035,5.61835241317749,8.519974708557129,-0.9862450957298279,-1.2635986804962158,3.3262994289398193,3.8137929439544678,5.310204982757568,8.310882568359375,4.010153293609619,-2.412010669708252,4.052415370941162,3.661555767059326,5.84628963470459,8.879258155822754
75.0,0.0,0.0,0.0,0.0,0.0,0,5.3326544761657715,5.159832954406738,8.7938871383667,9.612358093261719,2.551785469055176,-0.5147225856781006,-0.8427424430847168,4.269061088562012,3.968472480773926,0.9874989445987001,238.58462769265986,0.1851796228336776,0.1654631035518439,221.32395397951032,-15.787330329506261,15.787330329506261,0.2599034905433655,0.04873809900245768,0.556104302406311,0.3713284134864807,0.4880401234567901,0.5119598765432098,0.21036870777606964,0.039449146624286835,0.44222787022590637,0.3043106496334076,0.8135465383529663,0.6433618068695068,-0.5451211929321289,-0.07281727184648928,0.005495897383296824,-2.624584197998047,-0.3430219888687134,3.3081600666046143,3.1988236904144287,5.067654609680176,7.231873512268066,3.3799147605895996,0.7963356971740723,4.0618486404418945,2.244539499282837,4.973410606384277,8.359711647033691,-0.9208639860153198,-2.162567615509033,2.573390007019043,3.5327248573303223,4.7196478843688965,7.685912132263184,-0.5326540470123291,0.8120800256729126,3.1821186542510986,4.888765811920166,6.418663024902344,9.085460662841797,2.547837972640991,2.8914308547973633,4.068135738372803,3.5994629859924316,5.757494926452637,8.552066802978516,-2.1828062534332275,-4.56841516494751,2.620962381362915,4.641139507293701,5.519168853759766,9.387832641601562,1.5245776176452637,-0.2638782858848572,2.9192864894866943,2.2393951416015625,3.86716628074646,7.613484859466553,-0.44841131567955017,-1.3491308689117432,3.2660741806030273,2.320931911468506,4.275310516357422,7.157646656036377,-5.375513553619385,-3.3975136280059814,5.597468376159668,4.309791564941406,7.395373344421387,11.200037002563477
75.5,0.0,0.0,0.0,0.0,0.0,0,6.353923797607422,6.094666004180908,10.427399635314941,11.944613456726074,3.1870932579040527,0.16841544210910797,-1.6566455364227295,5.073232173919678,4.692481994628906,1.6651841323079437,275.8047762112275,0.2620717819963423,0.2799793983725891,259.98156507032706,38.657611090816744,38.657611090816744,0.27242109179496765,0.04287445956199358,0.5893335938453674,0.38131096959114075,0.4832098765432099,0.5167901234567901,0.22535711526870728,0.0354673878660896,0.46878352761268616,0.3332432210445404,0.6831380277872086,-0.8139030933380127,1.0212693214416504,0.11451629482074521,-0.0058636394404641,1.3948649168014526,-1.2089953422546387,3.0320792198181152,6.708837985992432,7.6812262535095215,10.970337867736816,-0.9376991391181946,5.066946983337402,3.4793496131896973,5.92298698425293,7.148988246917725,11.241703987121582,0.6087008118629456,-1.8794143199920654,2.4921016693115234,2.7129225730895996,4.016124725341797,7.287134170532227,0.38598722219467163,-3.0702614784240723,3.19000244140625,4.403897762298584,5.857682704925537,7.925379276275635,-3.3576629161834717,-0.27935540676116943,3.7953367233276367,3.193176031112671,5.222810745239258,8.105996131896973,3.18811297416687,-2.0121750831604004,5.577051162719727,3.055434465408325,6.820667266845703,11.2588472366333,-1.6874395608901978,-4.238697052001953,3.331183433532715,4.709205627441406,6.34567928314209,7.7698845863342285,-2.0072426795959473,-4.038729190826416,2.8272769451141357,4.064409255981445,5.200833797454834,7.7878594398498535,3.928117513656616,-3.2491283416748047,7.7832350730896,3.46059250831604,8.891300201416016,14.26601791381836
76.0,0.0,0.0,0.0,0.0,0.0,0,6.696884632110596,5.061709880828857,14.693595886230469,19.246885299682617,5.192404747009277,-0.24645815789699554,1.2205564975738525,4.5540313720703125,7.037017822265625,1.2451906630567586,101.41582303229688,0.18593580918002514,0.03704382693210311,175.69547685727156,-84.2860882130555,84.2860882130555,0.27621889114379883,0.041245872532057186,0.6093407869338989,0.3713971674442291,0.45816358024691356,0.5418364197530864,0.22236257791519165,0.03320387865801311,0.47909635305404663,0.3034725487232208,-0.4148736000061035,2.877202033996582,0.34296083450317383,-0.242935571440486,-0.0016285870299363944,-1.2864679098129272,-1.6576608419418335,1.9863638877868652,3.0392398834228516,3.9032986164093018,6.063254356384277,-6.04673957824707,8.079010963439941,6.064438819885254,9.60256290435791,11.733081817626953,22.682191848754883,-0.9621896743774414,5.884929656982422,3.013700246810913,6.642064571380615,7.6087493896484375,17.605819702148438,0.6941620707511902,-4.0286993980407715,2.401991367340088,4.0478620529174805,5.015699863433838,7.39968204498291,-1.5134427547454834,6.119411468505859,4.360671043395996,6.704498767852783,8.620919227600098,16.174476623535156,-0.4485186040401459,1.9161757230758667,1.9170434474945068,3.5500500202178955,4.350715160369873,8.314170837402344,0.34777188301086426,0.37422776222229004,3.5955846309661865,2.5718929767608643,4.644932746887207,7.6623992919921875,6.448715686798096,0.47264009714126587,6.454084396362305,2.472440004348755,7.337667465209961,11.684117317199707,0.5485849976539612,-6.175025463104248,1.9812792539596558,6.584869861602783,7.056894302368164,14.214664459228516
76.5,0.0,0.0,0.0,0.0,0.0,0,5.449883937835693,4.831482410430908,9.586994171142578,11.471782684326172,3.027470111846924,-1.164751648902893,-0.13414908945560455,4.284693241119385,4.37419319152832,1.1724514411368072,186.57003472339375,0.21513328623332512,0.2081656167220365,173.2428823586907,-2.4525944985808508,2.4525944985808508,0.2647559940814972,0.04858010712179172,0.5673317909240723,0.35356342792510986,0.4801388888888889,0.5198611111111111,0.22496084868907928,0.041278091419379166,0.48489904403686523,0.3048926591873169,-0.9182934910058975,-1.354705587029457,-1.2470006942749023,0.1711217897899334,0.007334234589734534,2.1119539737701416,1.225719928741455,3.2881011962890625,2.3265929222106934,4.329660892486572,7.724394798278809,-0.0199473574757576,0.38487929105758667,3.2264373302459717,1.8947360515594482,3.979645252227783,6.895657062530518,-2.5955252647399902,-1.65373694896698,3.471189260482788,5.608013153076172,7.234453201293945,12.419426918029785,-0.9431602358818054,-0.7492875456809998,2.2621800899505615,1.8972233533859253,3.2356698513031006,5.655405044555664,-0.8715870380401611,0.2583870589733124,2.5412535667419434,2.2795779705047607,3.840564250946045,6.259745121002197,-4.329628944396973,-1.6647512912750244,4.444724082946777,2.358635902404785,5.344709873199463,8.114755630493164,1.8763597011566162,-5.563556671142578,5.190356254577637,5.563556671142578,8.340022087097168,12.796090126037598,-4.019306182861328,3.4682586193084717,4.7274580001831055,5.312393665313721,7.847699165344238,11.774949073791504,-1.6919232606887817,3.0867462158203125,2.4875662326812744,3.4161536693573,4.896531105041504,7.259714603424072
77.0,0.0,0.0,0.0,0.0,0.0,0,5.94866943359375,5.685699462890625,10.077221870422363,10.995941162109375,2.8157379627227783,-2.5101537704467773,1.253657341003418,4.066678047180176,4.34794807434082,2.8058026801505362,153.4608762511483,0.47166895243924756,0.3812259959402635,143.4028694946407,-29.84001286405001,29.84001286405001,0.24905510246753693,0.04186735594916394,0.5410951375961304,0.33988937735557556,0.5360802469135802,0.46391975308641975,0.2168860286474228,0.036459580517792474,0.4664614796638489,0.2872371971607208,-1.3454021215438843,1.3878064304590225,0.49878549575805664,0.173060379218227,-0.006712751172627783,-6.821326732635498,-1.118268609046936,6.835233211517334,3.754666805267334,8.236823081970215,11.23568344116211,0.26052871346473694,2.431626558303833,1.8196628093719482,2.6237103939056396,3.5821409225463867,5.596887111663818,-4.207988262176514,-0.864251434803009,4.347048759460449,4.688137054443359,7.011072158813477,11.1920166015625,-5.4548563957214355,3.872941017150879,5.464415073394775,4.175175189971924,7.268189907073975,10.221430778503418,1.0716185569763184,0.5973215699195862,2.655346632003784,2.1388533115386963,3.8315651416778564,6.499994277954102,-4.4649858474731445,-0.26550135016441345,4.4685211181640625,4.887324810028076,7.02519416809082,10.519330978393555,-3.621858835220337,5.377188682556152,4.502492427825928,5.381804466247559,7.730992317199707,10.934328079223633,2.7168891429901123,0.09897425025701523,2.9592673778533936,2.494849681854248,4.2481279373168945,6.797598838806152,-2.069406032562256,1.1528849601745605,2.8289425373077393,2.808077573776245,4.603919506072998,7.577737331390381
77.5,0.0,0.0,0.0,0.0,0.0,0,6.491070747375488,6.194608688354492,10.756424903869629,11.995388984680176,3.1015093326568604,1.0450942516326904,3.2548420429229736,4.170998573303223,4.761292934417725,3.418511184591136,72.19874255999258,0.5266482707761783,0.3902970163602955,74.953472422578,-68.4493970720627,68.4493970720627,0.25117751955986023,0.03869584705505958,0.5405330657958984,0.33400213718414307,0.5100462962962963,0.4899537037037037,0.1951826810836792,0.030069407438393623,0.4270890951156616,0.26689550280570984,3.5552480220794678,2.0011847019195557,0.5424013137817383,0.009071020420031994,-0.0031715088941043565,-0.8760365843772888,-2.3653266429901123,2.7203927040100098,2.9244515895843506,4.281075477600098,6.997278690338135,3.230645179748535,1.254289150238037,4.421288013458252,3.5173697471618652,6.133057594299316,8.168644905090332,2.831618309020996,6.83702278137207,4.351856231689453,7.3973469734191895,8.992276191711426,12.890857696533203,-1.5800719261169434,4.277039051055908,3.2863481044769287,4.545103073120117,6.16229772567749,9.543817520141602,2.2339842319488525,3.5918917655944824,2.635153293609619,4.236265182495117,5.429736137390137,8.770332336425781,1.1321361064910889,2.237844705581665,3.0052762031555176,2.5615122318267822,4.235683917999268,6.526867866516113,-0.7391471266746521,7.5337018966674805,2.6313352584838867,7.5337018966674805,8.216578483581543,10.408251762390137,1.97247314453125,5.043244361877441,3.09789776802063,7.21324348449707,8.187877655029297,12.941181182861328,1.200246810913086,0.8838719129562378,5.231314659118652,3.1931862831115723,6.7810540199279785,9.81660270690918
78.0,0.0,0.0,0.0,0.0,0.0,0,8.291606903076172,7.051837921142578,15.549081802368164,17.310935974121094,4.635524272918701,-2.8925082683563232,3.6745738983154297,6.649874210357666,4.914154529571533,4.67644067819648,128.208701536151,0.5639969107148011,0.3529555657416639,114.66447279752056,39.71100037494256,39.71100037494256,0.25575515627861023,0.030845061569267588,0.5540541410446167,0.34150874614715576,0.5635030864197531,0.4364969135802469,0.20668818056583405,0.024927394418777702,0.4660128057003021,0.2814719080924988,-3.9376025199890137,0.41973185539245605,1.8005361557006836,-0.03734145061863159,-0.007850785485791992,-2.909087657928467,2.3785347938537598,5.3441925048828125,4.7556586265563965,7.328561305999756,14.495108604431152,-4.693134307861328,1.7634552717208862,7.418835639953613,3.775876760482788,8.481369972229004,11.612137794494629,2.2298195362091064,1.111023187637329,3.699777126312256,2.7403717041015625,5.058732986450195,8.272619247436523,-3.664609432220459,4.426380634307861,5.852649688720703,4.577853679656982,8.135579109191895,16.39520835876465,-4.947170734405518,3.061750650405884,8.307443618774414,5.3192057609558105,10.103836059570312,14.998506546020508,3.1676814556121826,2.3352608680725098,3.567270517349243,3.3630502223968506,5.2701005935668945,7.367609977722168,-7.517333984375,9.951787948608398,7.517333984375,9.951787948608398,13.091104507446289,17.01180076599121,-5.675721645355225,7.7411651611328125,8.334266662597656,8.887656211853027,12.679071426391602,19.26999855041504,-2.023017168045044,0.3018067181110382,3.258730411529541,2.3721766471862793,4.4761061668396,6.331682205200195
78.5,0.0,0.0,0.0,0.0,0.0,0,8.040496826171875,7.390069007873535,14.146010398864746,16.915307998657227,4.529257774353027,-3.8263497352600098,2.9875738620758057,5.914726257324219,5.1588006019592285,4.854539100458754,142.01765411778092,0.6037610865857436,0.3844012078750851,144.1834067693629,29.51893397184233,29.51893397184233,0.24629804491996765,0.030632188484432627,0.5408618450164795,0.33323270082473755,0.49753086419753084,0.5024691358024691,0.21649350225925446,0.026925385335540626,0.47962892055511475,0.2990019917488098,-0.9338414669036865,-0.687000036239624,-0.2511100769042969,0.03144564213342116,-0.0002128730848349608,-2.720040798187256,5.302898406982422,6.0663275718688965,5.344534397125244,8.33249282836914,11.658090591430664,-9.10140609741211,5.162680149078369,9.10140609741211,5.293972492218018,10.936484336853027,13.486640930175781,-2.4889075756073,-1.545572280883789,3.6343395709991455,3.806007146835327,5.9311628341674805,12.471839904785156,-0.8929232954978943,4.248824119567871,4.8167405128479,4.322256565093994,7.017104148864746,9.5675048828125,-8.066576957702637,4.745180130004883,8.073034286499023,5.226588726043701,9.962369918823242,15.115395545959473,-0.04984995350241661,-1.853196382522583,1.4351413249969482,2.4385948181152344,3.1574299335479736,5.691192626953125,-3.4742887020111084,7.046358585357666,5.281737327575684,7.099923133850098,9.679190635681152,14.325177192687988,-8.99810791015625,7.3570237159729,9.08934211730957,8.390252113342285,12.700724601745605,19.503345489501953,1.3549549579620361,-3.5760321617126465,2.0991761684417725,3.761965274810791,4.647505283355713,7.055248737335205
79.0,0.0,0.0,0.0,0.0,0.0,0,6.692058086395264,6.326230525970459,11.551473617553711,12.902645111083984,3.4157309532165527,0.8913407921791077,0.8888776898384094,5.24948263168335,5.225820541381836,1.2588057655154534,44.92072586595262,0.18810442905069288,0.13699875210755572,33.02498926806005,-111.15841750130286,111.15841750130286,0.30229082703590393,0.04517157172901406,0.6643571853637695,0.4146851897239685,0.5241820987654321,0.4758179012345679,0.26110732555389404,0.03901748657370893,0.5501921772956848,0.3494418263435364,4.717690527439117,-2.0986961722373962,-1.3484387397766113,-0.24740245576752937,0.014539383244581431,0.6898109316825867,0.9005127549171448,5.220226764678955,4.21245813369751,7.279951095581055,10.911799430847168,3.3369123935699463,-4.861074924468994,4.995151996612549,6.023319244384766,8.274827003479004,12.577019691467285,-3.102877140045166,3.114051580429077,3.600902795791626,4.249837875366211,5.853206157684326,12.172235488891602,0.183661088347435,-0.8814341425895691,4.250682830810547,3.1609983444213867,5.803449630737305,10.164403915405273,4.550684452056885,1.136626958847046,4.708861827850342,3.082767963409424,6.018771648406982,10.17353630065918,-2.2394332885742188,2.223052501678467,2.961033344268799,2.952420234680176,4.651264190673828,8.037708282470703,2.6683406829833984,0.667319655418396,6.7262091636657715,2.499587059020996,7.519279479980469,11.314090728759766,2.3318543434143066,-2.2209110260009766,4.701247692108154,3.1682732105255127,6.24389123916626,9.223304748535156,-0.3968864679336548,7.921755790710449,2.4909493923187256,7.996025085449219,8.583878517150879,14.64471435546875
79.5,0.0,0.0,0.0,0.0,0.0,0,6.534822463989258,6.068914413452148,11.337885856628418,13.384371757507324,3.541644811630249,0.798693835735321,-1.0139696598052979,4.244673728942871,5.963543891906738,1.2907541649157175,308.2271532561364,0.1975193927652262,0.13529490155052415,330.0620455933273,-62.96294367473274,62.96294367473274,0.30360737442970276,0.046459919859007506,0.6705024242401123,0.4130267798900604,0.5046604938271605,0.4953395061728395,0.2420361340045929,0.03703789939213433,0.5232053399085999,0.33657023310661316,-0.09264695644378662,-1.9028473496437073,-0.15723562240600586,-0.0017038505570315665,0.0012883481299934482,1.3870811462402344,1.4005684852600098,4.123538017272949,3.9402921199798584,6.095040321350098,9.5086088180542,-1.2955749034881592,-0.3726949691772461,2.0808708667755127,3.2068803310394287,4.274997711181641,6.862320899963379,-1.0770282745361328,-5.262353897094727,2.020145893096924,6.365123748779297,6.894569396972656,12.796557426452637,2.739901304244995,-5.915285587310791,3.813178777694702,5.966821670532227,7.480795383453369,13.124907493591309,0.37133002281188965,-0.9859853982925415,2.7343945503234863,2.1527347564697266,3.7819714546203613,6.942074775695801,1.8240692615509033,0.7808704972267151,5.575999736785889,2.1699767112731934,6.245462894439697,10.02366828918457,4.183147430419922,-8.962037086486816,4.277670860290527,8.973480224609375,10.304306030273438,16.18120574951172,1.004131555557251,5.627820014953613,1.571368932723999,5.656062126159668,6.160543441772461,9.928211212158203,-1.9488123655319214,4.563370227813721,5.303674697875977,4.759040832519531,7.575718402862549,11.955697059631348
80.0,0.0,0.0,0.0,0.0,0.0,0,7.714111804962158,7.48318338394165,12.281229972839355,13.88575553894043,3.5363383293151855,-2.7986021041870117,-0.5043037533760071,4.498748302459717,6.6096882820129395,2.843676495881537,190.21498669232784,0.36863304133760694,0.3087605743886823,189.54611638983837,-140.51592920348892,140.51592920348892,0.306594580411911,0.03974463274826521,0.6766491532325745,0.4133293330669403,0.4407561728395062,0.5592438271604938,0.24393349885940552,0.03162171788601452,0.5348824858665466,0.33578377962112427,-3.5972959399223328,0.5096659064292908,1.1792893409729004,0.17346567283815817,-0.006715287110742298,-2.9919681549072266,1.7934108972549438,3.3741161823272705,3.5249576568603516,5.260821342468262,9.11095142364502,-3.441328763961792,0.3396073281764984,5.459172248840332,4.262882232666016,7.83730411529541,11.738676071166992,-2.8152363300323486,6.046261787414551,4.130212783813477,7.293251037597656,8.735616683959961,13.940427780151367,-1.1988725662231445,1.1884806156158447,3.2393460273742676,4.468506336212158,5.893881320953369,9.044208526611328,-3.854952812194824,-2.4211630821228027,4.837517261505127,3.46636700630188,6.923858165740967,10.267138481140137,-1.224065899848938,4.990922451019287,2.70060658454895,6.727530479431152,7.489901065826416,13.726850509643555,-2.5692367553710938,-5.70469856262207,5.254987716674805,6.2707061767578125,8.877959251403809,12.258893966674805,-7.12398099899292,-6.596672058105469,7.12408971786499,6.741633892059326,10.933359146118164,15.706819534301758,0.0322229340672493,-4.174881935119629,2.679171562194824,6.779757022857666,7.474306106567383,12.594520568847656
80.5,0.0,0.0,0.0,0.0,0.0,0,7.455499649047852,7.562633991241455,11.938173294067383,12.693448066711426,3.3162498474121094,1.3493376970291138,0.6253013014793396,5.2575297355651855,6.060417175292969,1.4871832228261548,24.863642959648065,0.19947465533260192,0.14730795207957187,46.23699982846364,-143.30911656137474,143.30911656137474,0.29154759645462036,0.03910503267032163,0.6297745108604431,0.3925413191318512,0.5679166666666666,0.4320833333333333,0.23919425904750824,0.0320829237776347,0.5312439799308777,0.32731807231903076,4.1479398012161255,1.1296050548553467,-0.25861215591430664,-0.16145262230911045,-0.0006396000779435793,2.6079518795013428,-6.4749836921691895,4.806483268737793,6.487207889556885,8.506295204162598,12.865238189697266,1.8178068399429321,-0.470846951007843,6.443897724151611,5.018689155578613,8.554428100585938,12.6414794921875,-2.9418396949768066,-0.30469658970832825,4.112841606140137,6.8424072265625,8.485661506652832,12.702286720275879,-0.36139580607414246,-3.175987482070923,3.9389004707336426,4.953330039978027,6.928124904632568,10.116003036499023,4.3547492027282715,2.5048701763153076,5.36725378036499,3.6138763427734375,7.480020999908447,11.769242286682129,1.8385560512542725,-0.033265821635723114,3.4184927940368652,3.312106132507324,5.164038181304932,8.792177200317383,0.5860600471496582,2.1220269203186035,2.811021089553833,4.593367099761963,5.767331123352051,10.158738136291504,4.915626049041748,6.702138900756836,5.515295028686523,6.720247268676758,9.400397300720215,13.017189025878906,-0.6734750270843506,4.758457183837891,4.319649696350098,4.859623432159424,6.813199520111084,10.458684921264648
81.0,0.0,0.0,0.0,0.0,0.0,0,7.635242938995361,7.434088706970215,12.9336519241333,14.598221778869629,4.009628772735596,0.9726978540420532,-0.48311108350753784,5.958086967468262,6.139683723449707,1.0860651151131975,333.5877293949156,0.1422436880909648,0.1274905124411172,340.5362283609576,-65.70077146750606,65.70077146750606,0.26641371846199036,0.03489262695345459,0.5838155746459961,0.3585723638534546,0.4870216049382716,0.5129783950617284,0.22479398548603058,0.029441624561324594,0.4832748770713806,0.3017940819263458,-0.37663984298706055,-1.1084123849868774,0.17974328994750977,-0.01981743963845467,-0.00421240571686704,5.3780646324157715,-5.424176216125488,8.504229545593262,5.464226245880127,10.403446197509766,13.818668365478516,-0.4126219153404236,-3.083481788635254,3.797145128250122,5.443478107452393,7.350857257843018,15.393811225891113,-4.833073616027832,1.49222993850708,4.921911239624023,2.504363775253296,5.7423224449157715,9.351716041564941,5.354543685913086,-1.411205768585205,7.448879241943359,4.494566440582275,9.159221649169922,13.089170455932617,0.5593740344047546,-0.577520489692688,3.5179824829101562,3.2993481159210205,5.271949768066406,8.852248191833496,-3.951481580734253,-0.7452966570854187,4.545414924621582,4.08678674697876,6.680944442749023,10.474753379821777,5.4197492599487305,4.1397175788879395,5.448853015899658,5.799252510070801,8.232672691345215,12.023994445800781,3.694028854370117,1.5640792846679688,3.991225481033325,2.449214458465576,5.095160961151123,8.199187278747559,-2.454303503036499,-0.30234503746032715,3.5427398681640625,9.853043556213379,10.780610084533691,17.359485626220703
81.5,0.0,0.0,0.0,0.0,0.0,0,7.152356147766113,6.806714057922363,12.02538776397705,13.204595565795898,3.4649436473846436,-1.7325350046157837,-1.4423654079437256,5.369454860687256,5.408225059509277,2.254350352596438,219.77796759876952,0.31518989071881387,0.19426393595684854,213.54223792878295,-126.99399043217463,126.99399043217463,0.2887570858001709,0.0403722968294946,0.620772123336792,0.3978288769721985,0.49862654320987654,0.5013734567901235,0.22756026685237885,0.03181612189534641,0.48629292845726013,0.30205410718917847,-2.705232858657837,-0.9592543244361877,-0.48288679122924805,0.06677342351573134,0.005479669876040011,-4.770262241363525,3.3541529178619385,4.8072404861450195,4.065255641937256,6.723261833190918,10.709674835205078,-3.30363392829895,-5.895693302154541,5.088075160980225,6.181679725646973,8.753602981567383,15.576990127563477,1.7595982551574707,2.8326401710510254,3.571347951889038,3.3406810760498047,5.484996795654297,8.640083312988281,-4.847116947174072,-4.79207181930542,4.847116947174072,4.989871501922607,7.52975606918335,10.472416877746582,-0.9583597183227539,-5.634620189666748,5.279019832611084,5.783844470977783,8.502172470092773,13.141036987304688,1.942029356956482,-0.09964682906866074,3.214858293533325,2.087538003921509,4.138826847076416,6.739480972290039,-8.39053726196289,-3.5461294651031494,8.396648406982422,6.230886459350586,11.105579376220703,13.809913635253906,2.4409921169281006,-2.264878034591675,3.5798895359039307,5.048567771911621,6.451638221740723,11.577163696289062,0.5344753265380859,3.0649592876434326,3.711772918701172,3.7401926517486572,5.681373596191406,7.87974214553833
82.0,0.0,0.0,0.0,0.0,0.0,0,7.260340213775635,7.375480651855469,11.085741996765137,11.763839721679688,2.9619784355163574,0.326363742351532,-3.4874353408813477,5.585565090179443,4.2448320388793945,3.5026730577017746,275.3463248952148,0.4824392458986795,0.4449344058205632,267.54674480517923,54.00450687639628,54.00450687639628,0.23517408967018127,0.0323916029213567,0.5047276020050049,0.3186735212802887,0.47933641975308644,0.5206635802469136,0.1983979493379593,0.02732625692047679,0.43620938062667847,0.2674611806869507,2.0588987469673157,-2.045069932937622,0.10798406600952148,0.25067046986371466,-0.007980693908137902,3.937777280807495,-6.533255577087402,3.9419338703155518,7.619746685028076,9.035699844360352,11.510725021362305,3.105102300643921,-2.1079745292663574,4.431824207305908,3.052842140197754,5.94284200668335,11.552001953125,-6.266955375671387,-0.1738761067390442,6.281911849975586,3.1335651874542236,7.450241565704346,11.522031784057617,5.019510269165039,-6.534308433532715,5.286491870880127,6.6275858879089355,8.913501739501953,11.73262882232666,1.7454074621200562,-3.4093406200408936,4.321660041809082,3.5253117084503174,5.99552583694458,10.215290069580078,-4.386782646179199,-1.0124444961547852,4.738985061645508,3.6277153491973877,6.484402179718018,9.727090835571289,5.543647289276123,-5.091773509979248,5.543647289276123,5.230676651000977,8.214354515075684,10.98816967010498,-1.020061731338501,-2.9989829063415527,4.2077531814575195,3.56125545501709,5.8173112869262695,10.31202507019043,-4.740370750427246,-3.52496075630188,4.818662643432617,5.074660778045654,7.489180564880371,10.549644470214844
82.5,0.0,0.0,0.0,0.0,0.0,0,7.25899600982666,6.298932075500488,15.45878791809082,18.34222984313965,4.812872409820557,2.538870334625244,0.4570613205432892,6.584609031677246,5.083789825439453,2.5796836292027896,10.20538713763747,0.35537746896549,0.20198709179734808,55.22315453577149,147.67640973059224,147.67640973059224,0.2618812322616577,0.036076779189624056,0.5742694139480591,0.35759344696998596,0.5349537037037037,0.4650462962962963,0.20952410995960236,0.028864057896148057,0.444410115480423,0.28603634238243103,2.212506592273712,3.944496661424637,-0.0013442039489746094,-0.24294731402321512,0.003685176268267358,0.4932607412338257,-0.2415088266134262,3.235180377960205,2.365793228149414,4.495750427246094,8.677839279174805,3.116939067840576,1.4938470125198364,3.958895683288574,2.4640069007873535,5.219202518463135,8.937189102172852,4.187760353088379,-0.3788575232028961,7.1735029220581055,3.980003833770752,8.832805633544922,16.014127731323242,0.4827954173088074,5.996212005615234,1.966545581817627,5.996255397796631,6.451754093170166,9.765209197998047,3.3379905223846436,2.428363800048828,3.88706111907959,2.959620237350464,5.407228946685791,8.95664119720459,6.087806701660156,-5.039050579071045,9.950898170471191,5.533292293548584,11.888785362243652,20.01219367980957,-1.5197653770446777,4.337950229644775,2.3319804668426514,4.688652992248535,5.726612091064453,8.658589363098145,-0.9382649660110474,0.7426314949989319,2.6851437091827393,4.44869327545166,5.559318542480469,8.573894500732422,7.601311206817627,-5.226036071777344,9.430973052978516,5.278297424316406,11.749505996704102,19.029022216796875
83.0,0.0,0.0,0.0,0.0,0.0,0,6.558055400848389,6.394118785858154,10.696796417236328,11.687371253967285,3.054237127304077,-0.4969070553779602,3.0860629081726074,4.58314323425293,4.64333438873291,3.1258120376764764,99.14705542959774,0.4766370282983738,0.4495533794857374,96.9285028011325,41.70534826536101,41.70534826536101,0.25153493881225586,0.03835510453672155,0.5488427877426147,0.3416649401187897,0.4912962962962963,0.5087037037037037,0.2369748055934906,0.03613491423508254,0.5107003450393677,0.3172610104084015,-3.0357773900032043,2.6290015876293182,-0.7009406089782715,0.24756628768838934,0.0022783253470974943,-4.350584030151367,6.896714210510254,4.509944915771484,6.896714210510254,9.10398006439209,13.711810111999512,-1.3015692234039307,-0.06452272832393646,2.85205078125,3.818453788757324,5.2063140869140625,8.779769897460938,3.716052770614624,0.8031521439552307,4.257612228393555,4.95947265625,6.98451566696167,10.502118110656738,-4.22116231918335,7.032765865325928,6.087695121765137,7.032765865325928,9.846900939941406,12.284439086914062,0.6787265539169312,2.7709529399871826,2.544912576675415,4.543740272521973,5.734642028808594,9.404647827148438,2.316990375518799,0.8539379835128784,3.4154109954833984,4.373668670654297,6.009159564971924,9.229341506958008,-2.556968927383423,4.693145275115967,2.9243505001068115,4.701951503753662,5.878069877624512,9.141433715820312,0.6297842264175415,3.2232213020324707,2.2130367755889893,4.116796493530273,5.116593837738037,9.665685653686523,0.6165674328804016,1.5651977062225342,4.0883684158325195,2.234703779220581,5.142323017120361,7.995738983154297
83.5,0.0,0.0,0.0,0.0,0.0,0,5.438693046569824,5.093733787536621,9.445708274841309,10.946069717407227,2.7480592727661133,-0.5735248923301697,1.301496148109436,3.9977517127990723,4.37337064743042,1.4222598305745795,113.78144859040478,0.2615076486935766,0.1818628693968117,126.7313748519893,29.80287205085682,29.80287205085682,0.27823933959007263,0.051159218960948494,0.6090471148490906,0.37540915608406067,0.4950462962962963,0.5049537037037037,0.22678712010383606,0.041698819268362844,0.4872664511203766,0.30537301301956177,-0.07661783695220947,-1.7845667600631714,-1.1193623542785645,-0.26769051008892575,0.012804114424226944,-1.6490967273712158,3.831271171569824,5.018164157867432,4.293133735656738,7.470686435699463,11.967204093933105,2.0754804611206055,-0.4972696304321289,3.774095058441162,2.1759490966796875,4.719967365264893,7.531644344329834,-1.6421757936477661,0.09301605075597763,2.8369140625,3.4703619480133057,4.955248832702637,7.67108678817749,-0.2333441823720932,2.4276816844940186,3.6230897903442383,2.958252191543579,5.05861234664917,7.850988864898682,1.5994752645492554,-0.44584107398986816,2.3582496643066406,2.8787951469421387,4.075195789337158,7.129838943481445,-2.684959888458252,-1.8899435997009277,2.9517719745635986,2.6854801177978516,4.552216053009033,7.31682825088501,0.8393992185592651,6.461918354034424,2.171945095062256,6.789305686950684,7.605015277862549,11.512616157531738,0.018753357231616974,0.4349418878555298,3.285050630569458,3.486917018890381,5.186278343200684,7.737481594085693,-3.485255479812622,1.297690749168396,3.541839361190796,3.585451126098633,5.325016498565674,9.069637298583984
84.0,0.0,0.0,0.0,0.0,0.0,0,6.437926292419434,6.1292724609375,11.367213249206543,12.6409330368042,3.465716600418091,-2.408398389816284,-0.6607792377471924,4.9576416015625,4.75845193862915,2.4974010501133836,195.34239911706737,0.38792010605247806,0.25434964809885313,202.70123172659066,75.96985687460136,75.96985687460136,0.2822283208370209,0.043838382761691115,0.6134151220321655,0.4027293026447296,0.5348148148148149,0.4651697530864198,0.2287965565919876,0.035538853764532606,0.5260164737701416,0.3189242482185364,-1.8348734974861145,-1.9622753858566284,0.9992332458496094,0.07248677870204143,-0.007320836199257379,-2.938493490219116,3.9592652320861816,7.034267902374268,4.285926818847656,8.771162033081055,12.133720397949219,-4.2093095779418945,-3.633147716522217,4.446730136871338,4.609902858734131,7.203915596008301,9.069160461425781,-0.3309621214866638,-0.7671910524368286,2.8995444774627686,3.7340404987335205,5.060147762298584,9.4530611038208,-6.079894542694092,-0.1278475672006607,6.91556978225708,3.459932804107666,8.200515747070312,13.40300464630127,-3.660947799682617,-3.8718202114105225,3.8631176948547363,4.294164180755615,6.341732978820801,9.492648124694824,0.21683363616466522,-0.32793864607810974,2.771265745162964,1.9500521421432495,3.694727659225464,7.407558441162109,-4.221861362457275,-1.3212286233901978,4.252668857574463,4.953179359436035,7.1693196296691895,10.984696388244629,-3.2714648246765137,-3.089855670928955,4.229339599609375,3.5140886306762695,5.884035587310791,13.64700984954834,2.8205127716064453,3.232750654220581,3.3838818073272705,3.8626110553741455,5.615781307220459,12.079973220825195
84.5,0.0,0.0,0.0,0.0,0.0,0,7.002283096313477,6.482232093811035,12.038372039794922,13.06540584564209,3.5644397735595703,2.2170872688293457,-3.1440412998199463,5.349708557128906,4.279877662658691,3.8471381119708536,305.1903871394214,0.5494119645057302,0.4456490876375433,305.2158560250382,102.51462429844753,102.51462429844753,0.27552130818367004,0.03934734786449538,0.6002305150032043,0.3713381588459015,0.46655864197530866,0.5334413580246914,0.23554109036922455,0.03363775121509721,0.5073463320732117,0.301595002412796,4.62548565864563,-2.483262062072754,0.564356803894043,0.19129943953869016,-0.004491034897195732,8.79382038116455,-4.841830730438232,8.79382038116455,5.088007926940918,11.124076843261719,15.54288387298584,2.981776237487793,-1.1724869012832642,3.0881845951080322,3.2122092247009277,4.785348415374756,7.891754150390625,3.319913625717163,1.684723973274231,3.8653433322906494,2.745936870574951,5.332705974578857,9.188945770263672,6.880768775939941,-3.6181461811065674,7.424261569976807,3.7046592235565186,8.672966957092285,12.581710815429688,2.129260540008545,-7.307255744934082,3.3874104022979736,7.307255744934082,8.476905822753906,12.372367858886719,0.9853582978248596,-0.5098056197166443,3.2174713611602783,2.4470181465148926,4.449597358703613,7.46768856048584,-1.320693850517273,-5.430243968963623,5.3700761795043945,5.430354595184326,8.356039047241211,12.726436614990234,-2.4458389282226562,-4.508248805999756,3.55591082572937,4.560250759124756,6.084812164306641,9.42828369140625,-1.3705792427062988,-2.593076229095459,3.420644760131836,3.88076114654541,5.738097667694092,9.485733985900879
85.0,0.0,0.0,0.0,0.0,0.0,0,7.240201473236084,6.890481948852539,11.950882911682129,13.601699829101562,3.5520453453063965,-1.8386166095733643,-3.0828871726989746,3.9166312217712402,6.067358493804932,3.589527038008062,239.18838684227876,0.4957772309620115,0.4098164141269806,248.5111320253431,-56.70472399969509,56.70472399969509,0.24132487177848816,0.0333312324718214,0.5243641138076782,0.32241150736808777,0.4795987654320988,0.5204012345679012,0.21313036978244781,0.029437073144059047,0.4543156623840332,0.287728488445282,-4.05570387840271,0.06115412712097168,0.23791837692260742,-0.035832673510562685,-0.006016115392673986,-2.0429861545562744,-7.456148147583008,2.1198837757110596,7.456148147583008,7.998167991638184,14.415367126464844,-1.8361974954605103,1.3002917766571045,3.390662431716919,8.336637496948242,9.09760856628418,15.286334991455078,-7.35875129699707,-2.0748093128204346,7.35875129699707,6.984371185302734,10.73106575012207,13.467491149902344,-0.8429802060127258,-4.184206008911133,1.544351577758789,4.213483810424805,4.634225845336914,6.66334867477417,0.6619256734848022,2.4744958877563477,2.2041854858398438,4.083798408508301,4.914602279663086,8.231032371520996,-5.39232873916626,-4.309528350830078,5.394042015075684,5.0440216064453125,8.283310890197754,12.216984748840332,1.0110259056091309,-4.859783172607422,2.2228035926818848,5.366243362426758,6.28662633895874,10.406730651855469,1.9217835664749146,-1.2261358499526978,3.1721179485321045,3.0730559825897217,4.963047027587891,7.719175815582275,-2.6690423488616943,-7.41016149520874,2.9793035984039307,7.41016149520874,8.253159523010254,11.278645515441895
85.5,0.0,0.0,0.0,0.0,0.0,0,5.689384937286377,5.284563064575195,9.511184692382812,11.391243934631348,2.9637205600738525,-1.712544322013855,-0.6140466928482056,3.7712020874023438,4.860135555267334,1.8193024476044968,199.72570807095335,0.3197713755807558,0.33471674550742125,211.8342692423927,-36.676862782950394,36.676862782950394,0.27743786573410034,0.04876411422819169,0.592130720615387,0.3744676411151886,0.521466049382716,0.47853395061728393,0.2299816757440567,0.04042293461528632,0.49636638164520264,0.30977246165275574,0.12607228755950928,2.468840479850769,-1.550816535949707,-0.07509966861955936,0.015432881756370295,-1.2163017988204956,-3.0824999809265137,2.1228086948394775,3.4403839111328125,4.414455413818359,6.328594207763672,-1.5122860670089722,3.228513479232788,4.389644622802734,6.450542449951172,8.507776260375977,12.355997085571289,-1.8243544101715088,-1.4721771478652954,3.456648588180542,6.071079730987549,7.65425443649292,12.125181198120117,-2.3077988624572754,-0.8542464375495911,2.9606380462646484,1.690820574760437,3.65863299369812,6.355113983154297,-0.6822153329849243,-3.1788504123687744,2.1555063724517822,4.429284572601318,5.2638139724731445,8.109272956848145,-3.085348606109619,-2.0196123123168945,4.302026271820068,2.9811034202575684,5.650301456451416,9.377999305725098,-3.6820931434631348,1.166355013847351,4.3511152267456055,1.9811512231826782,5.132588863372803,9.004714965820312,-2.5698647499084473,-1.8281095027923584,3.203800916671753,2.9278175830841064,4.7322869300842285,6.979245185852051,1.4673629999160767,2.514207601547241,3.205713987350464,4.911192417144775,6.19035530090332,12.497550010681152
86.0,0.0,0.0,0.0,0.0,0.0,0,6.594325065612793,5.888537406921387,12.072982788085938,13.346512794494629,3.843560218811035,-0.9107524156570435,3.389072895050049,4.2802414894104,5.25569486618042,3.509314042742265,105.04184012554532,0.5321718307521975,0.42417617843937583,104.55016460761713,-107.28410463477557,107.28410463477557,0.28217417001724243,0.042790448517352885,0.6066243648529053,0.38977277278900146,0.43787037037037035,0.5621296296296296,0.23866112530231476,0.03619189025954491,0.5034069418907166,0.32911214232444763,0.8017919063568115,4.003119587898254,0.904940128326416,0.08945943293195457,-0.0059736657108388075,-1.3819687366485596,6.772602081298828,2.78570818901062,7.0474534034729,7.885928153991699,12.28493881225586,-2.2528305053710938,5.183257579803467,4.611978054046631,5.935940742492676,8.358467102050781,15.261067390441895,-0.5419449210166931,10.986052513122559,3.315545082092285,10.986052513122559,11.682624816894531,14.605245590209961,-0.5842317938804626,0.1739375740289688,2.5451183319091797,2.4100801944732666,3.788548707962036,6.306260108947754,-0.6480172872543335,4.257791519165039,2.987531900405884,4.675896167755127,5.931920528411865,10.654316902160645,1.870566725730896,1.4853566884994507,3.946631669998169,2.861215353012085,5.379268646240234,9.049997329711914,-1.467626929283142,-0.8855607509613037,3.007472276687622,2.5491459369659424,4.299546241760254,8.714455604553223,2.4162826538085938,2.6450183391571045,2.963566303253174,2.758227825164795,4.491243362426758,6.684240341186523,-5.607001304626465,-0.11680131405591965,5.969527244567871,3.7947113513946533,7.531375885009766,12.420928955078125
86.5,0.0,0.0,0.0,0.0,0.0,0,7.427570819854736,6.60532808303833,12.892053604125977,15.045957565307617,4.569855213165283,2.5203440189361572,1.1242059469223022,3.1743760108947754,7.639355659484863,2.7597052351442772,24.03938406784885,0.3715488282881495,0.3997571294524942,21.716264813480358,-82.83389979413678,82.83389979413678,0.28574496507644653,0.038470845116922066,0.6166808605194092,0.4008619785308838,0.5502777777777778,0.44972222222222225,0.23740005493164062,0.03196200059581296,0.4941099286079407,0.373604953289032,3.4310964345932007,-2.2648669481277466,0.8332457542419434,-0.02441904898688163,-0.004319603400430819,2.756030321121216,3.5328845977783203,3.1681759357452393,5.3411545753479,7.078432559967041,12.083770751953125,2.2083780765533447,-2.3641915321350098,2.4534544944763184,3.5459036827087402,4.834864139556885,7.654918193817139,2.268953800201416,-11.278495788574219,2.9716715812683105,11.2891206741333,12.359786033630371,24.281309127807617,3.231851577758789,1.5916898250579834,3.2457149028778076,4.094627857208252,5.67367696762085,9.042515754699707,4.22819709777832,5.292629241943359,4.321059226989746,6.050010681152344,8.029203414916992,12.368824005126953,0.04494260996580124,-2.3141891956329346,1.8547114133834839,5.062353134155273,5.667157173156738,10.849884033203125,4.232874393463135,1.3190809488296509,4.395172119140625,3.910918712615967,6.368387699127197,10.529071807861328,4.714848041534424,7.886666297912598,4.721214294433594,7.886666297912598,9.479742050170898,13.573410034179688,-1.002978801727295,6.451779365539551,2.183056354522705,6.744356632232666,7.356889724731445,12.735932350158691
87.0,0.0,0.0,0.0,0.0,0.0,0,7.8430867195129395,7.981850624084473,11.224565505981445,12.384587287902832,2.7771999835968018,-3.0662500858306885,-0.08177909255027771,5.228946208953857,5.6988067626953125,3.0673404455382927,181.52775742382832,0.39108842669136984,0.3743042692358605,181.7261229956611,160.00985818218072,160.00985818218072,0.2848750650882721,0.036321800198603794,0.6286133527755737,0.39017581939697266,0.5112191358024691,0.48878086419753086,0.24372392892837524,0.031074997200657428,0.5435988306999207,0.3335660994052887,-5.586594104766846,-1.20598503947258,0.4155158996582031,-0.025452860216633677,-0.0021490449183182714,-5.659605979919434,-3.055553436279297,5.659605979919434,5.2917327880859375,8.306920051574707,10.950034141540527,2.3149092197418213,-1.7122318744659424,3.5413920879364014,2.949127674102783,5.084075450897217,7.787690162658691,-2.9274516105651855,0.9007720351219177,4.811690330505371,6.184994220733643,9.045679092407227,11.526627540588379,-5.581387996673584,-0.001974012702703476,5.581387996673584,3.4185101985931396,6.846877098083496,9.85860824584961,-1.3798491954803467,-3.237514019012451,4.4225287437438965,4.477484703063965,6.945723533630371,10.327019691467285,-3.7055540084838867,0.9961256980895996,6.960050106048584,5.250527381896973,9.376456260681152,12.959421157836914,-4.342390060424805,5.260659694671631,4.342390060424805,5.265746116638184,7.330747127532959,10.29813003540039,-4.197813034057617,0.5115183591842651,5.724399089813232,6.359248638153076,9.241486549377441,12.157873153686523,-2.117105722427368,-0.3978143036365509,7.226615905761719,3.6434597969055176,8.40981674194336,11.666875839233398
87.5,0.0,0.0,0.0,0.0,0.0,0,7.47932243347168,7.356514930725098,11.757813453674316,13.332853317260742,3.479063034057617,0.1277293711900711,3.2450785636901855,4.9415411949157715,5.751388072967529,3.2475913654254853,87.74594733185691,0.43420930095108223,0.4214906028759443,95.29862713991031,-86.42749585575078,86.42749585575078,0.2514875531196594,0.033624371957789015,0.5463103652000427,0.3368382155895233,0.5195833333333333,0.48041666666666666,0.21005190908908844,0.02808434625905576,0.4515484571456909,0.29654866456985474,3.1939794570207596,3.3268576562404633,-0.36376428604125977,0.04718633364008379,-0.0026974282408147796,1.6719396114349365,4.41908073425293,2.850374937057495,4.844749927520752,6.021846771240234,11.080506324768066,-2.4959516525268555,-1.4806091785430908,4.782125473022461,2.414323568344116,5.721498489379883,8.27717399597168,6.81515645980835,6.205273628234863,6.866629123687744,8.634055137634277,11.671260833740234,17.883644104003906,0.20693756639957428,7.13205623626709,2.184088706970215,7.132264137268066,7.578731536865234,11.037333488464355,-3.657902479171753,3.0847222805023193,4.916516304016113,3.714574098587036,6.785038948059082,9.302838325500488,3.9398751258850098,1.9127569198608398,4.400112628936768,5.80872917175293,8.053092002868652,11.553165435791016,-2.9221978187561035,5.996366024017334,2.9887163639068604,6.798155307769775,7.776363372802734,11.708398818969727,-4.646537780761719,5.2475361824035645,4.727601051330566,5.272560119628906,7.443578720092773,9.70964241027832,2.2382454872131348,-3.3114757537841797,3.1272084712982178,5.147771835327148,6.262486934661865,11.823147773742676
88.0,0.0,0.0,0.0,0.0,0.0,0,5.6823320388793945,5.498047828674316,9.194197654724121,10.064447402954102,2.491805076599121,-0.9267769455909729,-0.5873685479164124,4.799591064453125,3.7759766578674316,1.097231661027136,212.3655225917296,0.19309530902448277,0.14244390140672472,228.3108099992985,133.0121828593882,133.0121828593882,0.255314439535141,0.04493126991822556,0.5542749166488647,0.34166163206100464,0.4826543209876543,0.5173456790123456,0.1999814659357071,0.03519354894677999,0.44055822491645813,0.2667788863182068,-1.054506316781044,-3.832447111606598,-1.7969903945922852,-0.2790467014692196,0.011306897960436546,4.218237400054932,0.7894421815872192,4.435359477996826,4.132846832275391,6.546150207519531,10.02321720123291,-4.252721309661865,-0.478897362947464,4.257265567779541,3.044895887374878,5.7284836769104,9.372193336486816,-0.20896178483963013,0.11551201343536377,3.4199278354644775,2.8564276695251465,5.0456695556640625,7.373888969421387,3.7321929931640625,-2.861166477203369,3.810397148132324,3.9698452949523926,5.913501739501953,8.135499954223633,-5.698054313659668,0.767152726650238,5.870352745056152,2.4745266437530518,6.789978504180908,10.85549259185791,-1.5835161209106445,0.12995293736457825,3.3244807720184326,3.5047683715820312,5.2899603843688965,7.92262601852417,2.0032222270965576,-2.7876579761505127,2.8409032821655273,2.8770501613616943,4.429600715637207,6.395170211791992,-4.160988807678223,1.0725103616714478,4.608730316162109,3.2325379848480225,5.926876068115234,9.39031982421875,-2.39040207862854,-2.033165216445923,4.194399356842041,2.7769546508789062,5.470770359039307,9.354585647583008
88.5,0.0,0.0,0.0,0.0,0.0,0,8.06215763092041,7.483861923217773,14.08514404296875,15.940204620361328,4.21951961517334,-3.035475969314575,-4.873493194580078,3.79209566116333,5.9546356201171875,5.741519857834213,238.0831099189844,0.7121567352905672,0.619734853173546,233.02262075526127,4.711810755962773,4.711810755962773,0.27546826004981995,0.034168052584990054,0.5993063449859619,0.3705686926841736,0.48748456790123457,0.5125154320987654,0.240455761551857,0.029825233235879108,0.52214115858078,0.3359457850456238,-2.1086990237236023,-4.286124646663666,2.3798255920410156,0.47729095176682135,-0.010763217333235507,-5.345637798309326,-1.992845892906189,5.345637798309326,5.693231105804443,8.349702835083008,12.191831588745117,-4.519441604614258,-3.481891632080078,5.45280122756958,4.210467338562012,7.406790256500244,11.46438217163086,-2.332286834716797,-8.943870544433594,3.420516014099121,8.943870544433594,9.712499618530273,15.345914840698242,-3.421729803085327,-0.4558678865432739,4.38215970993042,3.533289909362793,6.366681098937988,10.663406372070312,-4.293476104736328,-7.443657875061035,4.547142505645752,7.793819427490234,9.394580841064453,16.177814483642578,-2.3254177570343018,-4.9934515953063965,2.5957281589508057,5.071627616882324,6.062146186828613,9.809242248535156,0.7668620944023132,-1.0434046983718872,3.7897777557373047,3.992326498031616,6.347255706787109,11.424067497253418,-2.75740122795105,-13.441140174865723,3.60805344581604,13.441140174865723,14.064722061157227,18.25718116760254,-3.0907552242279053,-2.0653059482574463,3.2576611042022705,2.879770040512085,4.855034828186035,7.284766674041748
89.0,0.0,0.0,0.0,0.0,0.0,0,8.351019859313965,8.072633743286133,13.2432861328125,14.693130493164062,3.7956936359405518,-3.8056342601776123,-0.0838807076215744,5.5069990158081055,6.2713541984558105,3.8065585632364436,181.26266271315887,0.4558196037566544,0.45074544456407206,184.99247707933026,-48.030143675931015,48.030143675931015,0.2974182069301605,0.03561459274747799,0.6494736075401306,0.42192551493644714,0.525570987654321,0.474429012345679,0.26677432656288147,0.03194511558013244,0.5585101246833801,0.38321587443351746,-0.7701582908630371,4.789612486958504,0.2888622283935547,-0.16898940860947398,0.001446540162487936,-5.972371578216553,-1.6739833354949951,6.0314531326293945,7.124560356140137,10.624652862548828,14.741143226623535,-0.8910811543464661,-0.2576230466365814,4.250964164733887,6.067249774932861,7.986360549926758,12.655282020568848,-6.594605922698975,0.32773029804229736,10.105579376220703,5.198623180389404,12.34320068359375,18.148277282714844,-4.897452354431152,1.513353943824768,5.07424783706665,5.768398284912109,8.250632286071777,12.818193435668945,-1.9877216815948486,-0.7325511574745178,3.335460662841797,5.204105854034424,6.63456916809082,9.704243659973145,-4.293023109436035,-0.18435437977313995,5.399829864501953,3.6972999572753906,7.097983360290527,12.69749927520752,-6.254513263702393,5.15695858001709,6.268944263458252,5.918814182281494,8.751770973205566,12.64987564086914,-2.7488222122192383,-4.173771381378174,2.890165090560913,4.310971260070801,5.648931980133057,8.060275077819824,-0.6111177802085876,-0.7306858897209167,5.739879608154297,4.473605155944824,7.821069717407227,10.724653244018555
89.5,0.0,0.0,0.0,0.0,0.0,0,8.28842830657959,6.544410705566406,17.594863891601562,25.606090545654297,6.536972999572754,-2.7101149559020996,-3.355264663696289,4.868857383728027,8.313949584960938,4.313064344251452,231.0714901782905,0.5203717984539504,0.49719642740984804,200.11090372240156,15.118426643071302,15.118426643071302,0.2823284864425659,0.034062966094003555,0.6250073313713074,0.39940017461776733,0.5502314814814815,0.4497685185185185,0.24031101167201996,0.028993552672429056,0.537036120891571,0.35502558946609497,1.0955193042755127,-3.2713839560747147,-0.062591552734375,0.04645098284577598,-0.0015516266534744347,-1.956671118736267,-1.938926100730896,3.1687607765197754,3.383962631225586,5.244388103485107,9.254145622253418,-4.586465358734131,-6.067220211029053,6.675724983215332,7.797972202301025,11.704874038696289,26.249235153198242,-4.016676902770996,-12.60413646697998,7.915762901306152,13.380911827087402,17.752742767333984,27.727922439575195,-1.33345365524292,-2.39469838142395,2.6424050331115723,3.2233362197875977,4.758264541625977,8.472475051879883,-4.97682523727417,-2.5188629627227783,6.094882965087891,4.794326305389404,8.743755340576172,11.645547866821289,-2.9813156127929688,-7.026316165924072,4.252592086791992,8.23397159576416,10.420537948608398,23.29922866821289,1.3943082094192505,-2.9456183910369873,2.9205539226531982,3.16508412361145,4.6838507652282715,8.350440979003906,-4.274878025054932,2.0774099826812744,4.286980628967285,2.729633331298828,5.289917945861816,9.259941101074219,-1.6590570211410522,3.2209835052490234,3.573347330093384,4.001863956451416,5.997526168823242,8.942867279052734
90.0,0.0,0.0,0.0,0.0,0.0,0,7.501664638519287,6.9459943771362305,12.552896499633789,13.69993782043457,3.6125330924987793,-2.249926805496216,-2.548107385635376,4.52894926071167,6.104012489318848,3.3992678445247524,228.5561533098494,0.45313513844251446,0.3245928215246855,223.73883236606991,23.627928643668355,23.627928643668355,0.25854969024658203,0.03446563772703894,0.5646616220474243,0.35660070180892944,0.5131018518518519,0.48689814814814814,0.2253524661064148,0.030040323971423484,0.5053237676620483,0.31199580430984497,0.4601881504058838,0.8071572780609131,-0.7867636680603027,-0.17260360588516255,0.0004026716330353883,-0.2400224804878235,-2.589538812637329,2.1922943592071533,4.409473419189453,5.226901531219482,7.2605414390563965,-6.021605968475342,-1.7685316801071167,6.096914768218994,5.942562580108643,9.40328598022461,12.404080390930176,-1.6154119968414307,-6.5348711013793945,3.039308786392212,7.2708868980407715,8.329710960388184,13.6411714553833,-0.08729133009910583,0.4851762354373932,2.7785263061523438,2.9533393383026123,4.321691513061523,7.002045154571533,-4.071080207824707,-0.48751649260520935,5.183623790740967,4.587020397186279,7.693568229675293,11.156177520751953,-0.8809345364570618,-8.083671569824219,4.077911376953125,8.239706039428711,9.749222755432129,15.47968578338623,0.10651885718107224,4.396318435668945,2.61909556388855,4.549936294555664,5.630326747894287,9.45843505859375,-4.440983772277832,0.14360657334327698,5.513310432434082,2.7236170768737793,6.5488739013671875,10.935503959655762,-2.998530864715576,-8.493940353393555,5.846363544464111,8.493940353393555,10.611405372619629,13.74180793762207
90.5,0.0,0.0,0.0,0.0,0.0,0,6.540870189666748,6.343980312347412,10.666847229003906,11.788529396057129,3.008509874343872,-2.370684862136841,-1.3745412826538086,5.005945205688477,4.389204025268555,2.74034860068648,210.10548695234746,0.41895780243669667,0.3606012896384215,209.06528162358092,-14.673550742488999,14.673550742488999,0.2666042745113373,0.04075975000585825,0.5799460411071777,0.3642388582229614,0.5276234567901235,0.47237654320987654,0.19998925924301147,0.03057532451624395,0.45046308636665344,0.2767934203147888,-0.120758056640625,1.1735661029815674,-0.9607944488525391,0.03600846811373598,0.0062941122788193055,-5.862226486206055,1.754969835281372,6.0818281173706055,2.0352933406829834,6.833341121673584,11.606740951538086,2.172133445739746,-1.2286070585250854,5.294902324676514,4.55612325668335,8.098146438598633,11.332192420959473,-0.5470467805862427,-2.068061590194702,5.048312187194824,3.260993003845215,6.597153186798096,10.744552612304688,-3.5317881107330322,2.9598751068115234,4.022768497467041,3.473879098892212,5.686279296875,8.011091232299805,0.5395945310592651,-2.834301233291626,3.1992616653442383,4.7662739753723145,6.193098068237305,8.226751327514648,-3.950972318649292,-4.33936071395874,5.607945442199707,4.632669925689697,7.5750651359558105,11.77568531036377,-3.33829402923584,2.6776227951049805,3.803236246109009,2.7677087783813477,5.004096031188965,9.300314903259277,-2.2475130558013916,-4.0020246505737305,2.787264108657837,4.0086774826049805,5.304731845855713,8.79503345489502,-4.570052623748779,-5.290985107421875,4.744534969329834,5.300963878631592,7.5759196281433105,12.711085319519043
91.0,0.0,0.0,0.0,0.0,0.0,0,8.343633651733398,8.139076232910156,13.508485794067383,15.10361099243164,3.731238603591919,-2.4848060607910156,-3.644813060760498,6.257736682891846,4.992010116577148,4.411226973035289,235.71627545415782,0.5286937510875555,0.44389797056579366,242.04721103717202,32.981929413591104,32.981929413591104,0.2734186351299286,0.03276972764778544,0.5913134813308716,0.36444810032844543,0.5454012345679012,0.45459876543209876,0.22162576019763947,0.02656225607284908,0.48874619603157043,0.30273258686065674,-0.1141211986541748,-2.2702717781066895,1.8027634620666504,0.08329668092737219,-0.007990022358072807,-7.636699199676514,-7.777742862701416,7.636699199676514,9.393990516662598,13.36303424835205,16.11411476135254,2.5259640216827393,-5.956853866577148,4.769128799438477,5.956936359405518,7.931702136993408,12.58370304107666,-4.524423599243164,-1.9485536813735962,7.134057521820068,4.416323184967041,9.021343231201172,15.918695449829102,-7.138763427734375,-4.466540336608887,7.138763427734375,5.2742719650268555,9.768126487731934,13.411664962768555,2.9605724811553955,-6.251286506652832,3.935642957687378,6.251286506652832,7.764770984649658,11.40871810913086,-2.8880012035369873,0.8473494648933411,4.289665222167969,2.3039979934692383,5.382265567779541,10.248584747314453,-8.058454513549805,-1.1305723190307617,8.058454513549805,3.7881157398223877,9.178874015808105,11.086605072021484,2.199854850769043,-6.038662433624268,4.164959907531738,6.038662433624268,7.769402980804443,11.196758270263672,0.19669589400291443,-0.0804545059800148,3.8940582275390625,2.3718953132629395,4.913182735443115,7.200481414794922
91.5,0.0,0.0,0.0,0.0,0.0,0,7.051842212677002,6.188450813293457,14.298885345458984,16.29363250732422,4.2826457023620605,-0.023756209760904312,-4.893041133880615,4.3343000411987305,5.033980846405029,4.893098802941741,269.72182537923214,0.693875253496949,0.5902739259428602,260.4826160412826,18.435405004110578,18.435405004110578,0.262308806180954,0.037197197707034245,0.5587514042854309,0.3454999327659607,0.5044907407407407,0.49550925925925926,0.224347785115242,0.03181406312493378,0.4861140251159668,0.3065207600593567,2.4610498510301113,-1.2482280731201172,-1.2917914390563965,0.14637595537706655,0.004427470059248803,0.7238646149635315,-2.720195770263672,4.239354610443115,4.674159049987793,6.746957302093506,9.621397018432617,3.6174991130828857,-8.786245346069336,4.064208030700684,9.818089485168457,10.846288681030273,17.191360473632812,-2.6305205821990967,-0.008093669079244137,3.5823051929473877,1.4272856712341309,4.220695972442627,7.524047374725342,0.411906361579895,-5.484616756439209,1.9805575609207153,5.4864983558654785,6.026953220367432,9.565450668334961,3.3865363597869873,-9.981468200683594,4.124430179595947,10.000126838684082,11.077866554260254,17.056846618652344,-2.0168814659118652,-3.294760227203369,2.3187267780303955,3.374025583267212,4.476873874664307,7.113299369812012,-2.027756452560425,-3.3791167736053467,2.9658520221710205,3.446089029312134,4.941527843475342,7.865603446960449,2.9379475116729736,-5.32361364364624,3.7490181922912598,6.136053562164307,7.844292640686035,14.37481689453125,-4.616401672363281,-5.059255123138428,4.747367858886719,5.208723545074463,7.285122394561768,11.551197052001953
92.0,0.0,0.0,0.0,0.0,0.0,0,8.888605117797852,8.543352127075195,15.386054992675781,17.725811004638672,4.789320468902588,3.9698147773742676,-4.148769378662109,6.249362468719482,5.469793796539307,5.742100375645091,313.73725725465385,0.6460069155448874,0.5810656951880527,315.18810979717614,54.70549375589354,54.70549375589354,0.2752498388290405,0.03096659196967922,0.6034080982208252,0.373289555311203,0.4906327160493827,0.5093672839506173,0.24304905533790588,0.027343888582400274,0.5450791716575623,0.34849247336387634,3.993570987135172,0.7442717552185059,1.8367629051208496,-0.009208230754807478,-0.006230605737355024,3.0065195560455322,-3.981051445007324,3.083735704421997,4.465770244598389,5.914825439453125,9.57178020477295,6.292724609375,-1.6155116558074951,6.294739723205566,2.55324649810791,7.196791648864746,10.369388580322266,5.275790691375732,-4.456004619598389,5.480642795562744,4.575863838195801,7.459598541259766,13.820859909057617,1.1541588306427002,-3.633288860321045,2.1753573417663574,4.815288543701172,5.691555023193359,9.55556869506836,9.260852813720703,-4.201266765594482,9.260852813720703,4.62913179397583,10.589859962463379,14.604537963867188,3.5032289028167725,-6.274015426635742,5.465071678161621,7.63170051574707,9.959695816040039,16.504819869995117,0.21199572086334229,-3.301069498062134,3.007890462875366,5.000227928161621,6.087740898132324,9.218948364257812,12.175471305847168,-6.7098259925842285,12.175471305847168,6.777205467224121,14.187731742858887,20.668752670288086,-5.152405738830566,-3.1668930053710938,6.90012264251709,9.617682456970215,12.909648895263672,17.711833953857422
92.5,0.0,0.0,0.0,0.0,0.0,0,6.276932716369629,5.825207710266113,11.398585319519043,12.870760917663574,3.564682722091675,0.4982236921787262,-2.7044334411621094,3.7405006885528564,5.527505874633789,2.7499431057976693,280.4382659688974,0.43810300827760756,0.2532347974630549,270.5466899696286,-44.641419827547566,44.641419827547566,0.24903348088264465,0.03967438436273266,0.533067524433136,0.33031341433525085,0.4714814814814815,0.5285185185185185,0.21175718307495117,0.033735768552519384,0.4643349051475525,0.282865971326828,-3.4715910851955414,1.4443359375,-2.6116724014282227,-0.32783089772499785,0.008707792393053443,1.4602776765823364,-9.140835762023926,2.834148645401001,9.144281387329102,9.787252426147461,14.22783374786377,-1.0503106117248535,-2.4259982109069824,2.222785234451294,4.944980621337891,5.696938991546631,9.947874069213867,1.428642749786377,4.220450401306152,3.1141064167022705,4.247398853302002,5.5424957275390625,11.4763765335083,3.018930435180664,-1.9568281173706055,3.7685704231262207,4.331872940063477,5.970647811889648,12.217916488647461,0.06616675108671188,-5.616868495941162,1.7096807956695557,6.030028343200684,6.4279632568359375,9.107013702392578,-2.680119276046753,0.44189807772636414,3.0352957248687744,2.382845640182495,4.155487060546875,6.7409234046936035,2.4066505432128906,-0.9221914410591125,3.150172472000122,3.895923376083374,5.599547863006592,8.404961585998535,2.9371542930603027,-4.394683837890625,3.5702950954437256,4.7090840339660645,6.631681442260742,9.50977897644043,-3.103379011154175,-4.544842720031738,3.299774646759033,5.430824279785156,6.680384159088135,13.413215637207031
93.0,0.0,0.0,0.0,0.0,0.0,0,5.960409641265869,5.71382474899292,9.82674789428711,11.461376190185547,2.8798012733459473,0.30040231347084045,1.4834034442901611,4.7440266609191895,4.3615617752075195,1.5135148920544343,78.5519170930212,0.253927998769728,0.23743438949925644,98.11110886576732,-172.43558110386124,172.43558110386124,0.24078667163848877,0.040397664880913405,0.5225286483764648,0.3263106942176819,0.5382253086419753,0.4617746913580247,0.21681514382362366,0.03637587355517783,0.4745754599571228,0.29034414887428284,-0.19782137870788574,4.1878368854522705,-0.31652307510375977,-0.015800407963798446,0.0007232805181807411,0.25203585624694824,-1.4200336933135986,3.9203922748565674,6.434266567230225,7.901025295257568,12.828001976013184,-1.6514873504638672,0.012409527786076069,2.2359437942504883,3.134770393371582,4.2582106590271,7.039315700531006,-0.31575819849967957,0.2903118431568146,2.832956314086914,1.806705355644226,3.607050895690918,6.004059314727783,4.1335835456848145,4.2624192237854,5.593818664550781,5.6756086349487305,9.254764556884766,11.957736015319824,-3.043619155883789,1.565071702003479,3.33437180519104,2.7783257961273193,4.756855487823486,7.437270641326904,0.48905226588249207,0.31388208270072937,4.613758087158203,1.7515897750854492,5.079982757568359,8.136881828308105,4.718477725982666,2.9260339736938477,4.762687683105469,4.608180522918701,7.090385437011719,11.761268615722656,-2.5959582328796387,3.719425916671753,3.7107882499694824,4.2304887771606445,5.966158390045166,8.687604904174805,0.7172940969467163,1.6811108589172363,5.054404258728027,1.933257818222046,5.729250431060791,7.839649677276611
93.5,0.0,0.0,0.0,0.0,0.0,0,6.7508955001831055,6.2080793380737305,11.544777870178223,12.855542182922363,4.179943084716797,-0.2748366892337799,0.8733302354812622,5.4110493659973145,5.738363742828369,0.9155549715635551,107.46876879078852,0.13561978133696817,0.28202972862553355,84.21381291208755,-13.897295953679759,13.897295953679759,0.27199289202690125,0.04028989216758455,0.5950958728790283,0.3721856474876404,0.494429012345679,0.505570987654321,0.2258802205324173,0.033459292484530126,0.5021401047706604,0.3100249171257019,-0.5752390027046204,-0.6100732088088989,0.7904858589172363,0.04459533912627711,-0.00010777271332885335,0.2105453759431839,1.3363128900527954,4.411546230316162,2.5773656368255615,5.697334289550781,8.767775535583496,3.568920612335205,2.20146107673645,3.780844211578369,2.4338293075561523,5.0051164627075195,8.9324312210083,1.2896193265914917,-1.0375038385391235,2.485227346420288,4.995362281799316,5.948235511779785,9.79501724243164,-1.3960798978805542,3.9454243183135986,2.619337558746338,4.1588640213012695,5.279770851135254,10.685422897338867,2.9320626258850098,1.6637951135635376,3.6175835132598877,2.4625322818756104,5.09227991104126,9.283979415893555,-4.4079999923706055,-0.5654104948043823,5.98639440536499,4.957220077514648,8.36556625366211,11.883235931396484,-2.2040467262268066,4.004402160644531,3.1174731254577637,4.811232089996338,6.642807483673096,11.206853866577148,4.2311601638793945,3.376539468765259,4.563611030578613,3.6584537029266357,6.594718933105469,11.592098236083984,-6.697710990905762,-7.0650482177734375,6.954590797424316,8.288267135620117,12.13222885131836,23.25409698486328
94.0,0.0,0.0,0.0,0.0,0.0,0,5.648951530456543,5.382882118225098,9.869608879089355,11.258990287780762,3.0248820781707764,1.1598402261734009,1.5686118602752686,5.17018985748291,3.2440602779388428,1.9508389268328137,53.52057517250332,0.34534531165912635,0.3084064074506918,50.537990413275026,-33.67582249881252,33.67582249881252,0.23773503303527832,0.04208479921782327,0.5177105069160461,0.317836731672287,0.5412037037037037,0.4587962962962963,0.20121775567531586,0.03562036582719409,0.4414813220500946,0.2707839608192444,1.4346769154071808,0.6952816247940063,-1.1019439697265625,0.026376678825158262,0.0017949070502387213,-5.981883525848389,4.584715843200684,6.024275302886963,4.584715843200684,8.0407133102417,12.407825469970703,1.067974328994751,0.2856636941432953,1.970324993133545,1.5831271409988403,2.8108437061309814,5.231720447540283,5.0380730628967285,2.049945592880249,5.0788421630859375,2.3560969829559326,5.792023658752441,9.772843360900879,-2.274233102798462,1.670253038406372,5.1167449951171875,2.2622129917144775,5.815273284912109,11.702194213867188,0.33295178413391113,-1.2738653421401978,3.0056135654449463,1.9154404401779175,3.793471097946167,6.555411338806152,5.636346340179443,1.2736746072769165,6.087764739990234,2.4569149017333984,6.813717842102051,10.068077087402344,0.3556407392024994,1.3237062692642212,4.337094306945801,3.2313406467437744,5.835673809051514,9.319748878479004,1.402956485748291,1.9115333557128906,2.222238063812256,3.865084648132324,4.814354419708252,7.801573753356934,4.860735893249512,2.2918801307678223,5.143558979034424,3.6615800857543945,7.124489784240723,10.853556632995605
94.5,0.0,0.0,0.0,0.0,0.0,0,6.021651268005371,5.6232500076293945,10.516968727111816,12.395946502685547,3.180779457092285,0.3059077262878418,-0.2313527762889862,5.332653045654297,4.218216419219971,0.3835409288449133,322.90040748900964,0.06369364677140436,0.024935737839947427,98.87927693910528,48.34128652583024,48.34128652583024,0.2732895612716675,0.045384480721965145,0.5942217111587524,0.359247624874115,0.5772376543209876,0.42276234567901233,0.20530617237091064,0.034094657617769884,0.44817233085632324,0.27059489488601685,-0.8539324998855591,-1.7999646365642548,0.3726997375488281,-0.2834706696107444,0.003299681504141873,-5.591008186340332,0.7026516795158386,5.843749046325684,2.5178728103637695,6.7656402587890625,12.439056396484375,-0.5695598721504211,-1.2932624816894531,2.718580722808838,1.901182770729065,3.510211229324341,6.112434387207031,-0.30050599575042725,-7.208195686340332,5.456628799438477,7.225955963134766,9.701411247253418,13.169015884399414,-0.2648775279521942,1.206850528717041,2.8953585624694824,2.4610984325408936,4.131977558135986,7.200125694274902,1.928152084350586,1.10366952419281,4.353621482849121,1.6232761144638062,4.823094844818115,7.476862907409668,1.2005810737609863,-1.1067365407943726,6.550722122192383,3.0941731929779053,7.564513683319092,13.448972702026367,1.0081912279129028,2.056478500366211,4.227353572845459,3.251016139984131,5.855971336364746,9.628438949584961,1.8239719867706299,-0.7722215056419373,3.299909830093384,2.592503309249878,4.890320777893066,8.781588554382324,3.518224000930786,3.228590965270996,4.1302690505981445,4.367668151855469,6.951719760894775,9.835073471069336
95.0,0.0,0.0,0.0,0.0,0.0,0,6.743642807006836,6.077683448791504,12.27966594696045,13.49544620513916,3.616745948791504,-1.299079179763794,0.23541751503944397,6.002537727355957,4.558957099914551,1.3202379034413148,169.72840248726834,0.1957751828239702,0.05478442851846203,110.47880757660673,11.59953063750146,11.59953063750146,0.27859199047088623,0.04131178906297235,0.6065807342529297,0.384337842464447,0.4625617283950617,0.5374382716049383,0.22776472568511963,0.03377472657266768,0.49835795164108276,0.30321720242500305,-1.6049869060516357,0.4667702913284302,0.7219915390014648,0.029848690678514606,-0.004072691658992794,3.0858941078186035,2.936166524887085,3.3549535274505615,3.1871142387390137,5.033146858215332,6.992290496826172,-2.2165939807891846,5.067538738250732,3.295253038406372,5.429892539978027,6.659073829650879,12.78771686553955,-8.987171173095703,1.759291410446167,9.776884078979492,3.283730983734131,10.880034446716309,14.994718551635742,0.5052080154418945,-2.5762290954589844,2.441134452819824,3.977609157562256,5.271635055541992,9.086441993713379,1.5249189138412476,0.33798882365226746,2.6945130825042725,3.416255474090576,4.869077682495117,9.450279235839844,-7.594363212585449,-0.3928067982196808,8.42542552947998,3.1801371574401855,9.45230484008789,13.542807579040527,1.3439364433288574,-0.6427625417709351,1.9531093835830688,3.894447088241577,4.798544883728027,7.408863067626953,4.006789684295654,-1.8703675270080566,4.075113773345947,3.9483118057250977,6.103862762451172,8.387624740600586,-3.3603320121765137,-2.500061273574829,6.401153564453125,3.5987515449523926,7.6251091957092285,11.321139335632324
95.5,0.0,0.0,0.0,0.0,0.0,0,7.513424396514893,7.1881103515625,12.083651542663574,13.341259002685547,3.2764954566955566,0.03268392011523247,6.382375240325928,3.516124963760376,3.7534053325653076,6.382458926382491,89.70659288420852,0.849474033350625,0.7811287327060765,92.90797694994481,-17.570830626661916,17.570830626661916,0.2640826404094696,0.03514810176087787,0.5612191557884216,0.3465907871723175,0.4344753086419753,0.5655246913580247,0.22162137925624847,0.029496716552086574,0.48648402094841003,0.29624876379966736,1.3317630998790264,6.146957725286484,0.7697815895080566,0.7263443041876145,-0.006163687302094482,1.474705696105957,7.4034504890441895,2.326335906982422,7.404016017913818,7.954476833343506,12.63375186920166,1.5950242280960083,7.473261833190918,3.968966484069824,7.473261833190918,8.88153076171875,12.151017189025879,2.2459557056427,11.24963092803955,2.76662278175354,11.24963092803955,11.785032272338867,14.636422157287598,-0.31496602296829224,6.785402774810791,2.813204765319824,6.807643413543701,7.555784702301025,11.026655197143555,-0.8073495030403137,6.589734077453613,2.5743253231048584,6.589734077453613,7.198648452758789,10.489073753356934,-0.8625524640083313,7.348029613494873,2.7590458393096924,7.348029613494873,8.037674903869629,11.82481575012207,-1.1591061353683472,1.9446094036102295,2.0502076148986816,2.974010467529297,4.036890029907227,8.005620956420898,-0.029681362211704254,5.104952812194824,3.549192190170288,5.104952812194824,6.7155656814575195,7.855649471282959,-1.8478751182556152,3.542306423187256,3.1560113430023193,3.839534044265747,5.455216407775879,8.58859920501709
96.0,0.0,0.0,0.0,0.0,0.0,0,6.381414413452148,6.134251594543457,10.876079559326172,11.88628101348877,3.3205671310424805,0.020864257588982582,-0.16259078681468964,3.507417917251587,6.278515815734863,0.16392401044923002,277.31244540097697,0.025687723728406504,0.11867033451867873,263.7070579914914,170.79908104154663,170.79908104154663,0.2671132981777191,0.04185800184934506,0.5781762599945068,0.35581570863723755,0.48412037037037037,0.5158796296296296,0.23394787311553955,0.03666081236811082,0.514578104019165,0.3170320987701416,-0.011819662526249886,-6.544966027140617,-1.1320099830627441,-0.6624583981873978,0.00670990008846719,-1.0377744436264038,8.083725929260254,1.947681188583374,9.127079963684082,9.500120162963867,14.640774726867676,0.9788534641265869,-2.118319034576416,2.1472647190093994,3.244131326675415,4.266399383544922,7.922692775726318,4.339803218841553,-2.269711971282959,4.667191982269287,3.742520570755005,7.336048126220703,10.677610397338867,-2.7709383964538574,6.0862717628479,3.4149892330169678,6.596609115600586,8.187248229980469,11.822265625,0.1780388057231903,-4.343043327331543,3.294004440307617,4.530341625213623,6.359457492828369,10.071431159973145,0.6089028120040894,-1.039933443069458,2.1560909748077393,4.16314172744751,5.045156478881836,9.180644989013672,-1.223339557647705,2.770463228225708,2.0412817001342773,4.813418865203857,5.6111907958984375,9.733355522155762,-0.03356122225522995,-4.365844249725342,1.8222370147705078,4.783572196960449,5.371606349945068,9.089344024658203,-0.8522058129310608,-4.26692533493042,2.315622329711914,4.912668228149414,5.755502223968506,9.772194862365723
96.5,0.0,0.0,0.0,0.0,0.0,0,7.199994087219238,6.995227813720703,10.946941375732422,12.931017875671387,2.9727377891540527,-5.017107963562012,0.8053919672966003,4.009067058563232,4.334102630615234,5.081341214583335,170.88016544893145,0.7057424149282652,0.6556329975777496,165.82232258895797,-97.88473540253344,97.88473540253344,0.24347156286239624,0.033815517915364184,0.5233219265937805,0.323724627494812,0.43540123456790125,0.5645987654320987,0.23376120626926422,0.032466856357196046,0.5097764134407043,0.3084580600261688,-5.037972221150994,0.96798275411129,0.8185796737670898,0.5369626630590709,-0.008042483933980875,-4.190334320068359,1.9517979621887207,4.528453350067139,3.0657432079315186,6.101736068725586,8.76939868927002,-5.223366737365723,-0.9243138432502747,5.223366737365723,2.861016273498535,6.282523155212402,9.517233848571777,-3.931659698486328,4.531133651733398,5.135285377502441,4.65437650680542,7.923693656921387,11.644427299499512,-5.784234046936035,1.4931209087371826,5.7874531745910645,3.6831750869750977,7.4253082275390625,9.776837348937988,-5.570963382720947,-3.2654707431793213,5.786313533782959,3.415654182434082,7.136338233947754,10.328898429870605,-5.661752223968506,1.891870379447937,5.738412380218506,3.419161796569824,7.264601707458496,11.271050453186035,-4.068872451782227,1.806678295135498,4.612619400024414,4.522726058959961,7.067046642303467,8.860466003417969,-3.150662899017334,1.186396598815918,5.675058364868164,2.9191815853118896,6.881415843963623,12.756400108337402,-7.572121620178223,-1.4226855039596558,7.572121620178223,3.811311960220337,8.717284202575684,14.863733291625977
97.0,0.0,0.0,0.0,0.0,0.0,0,5.116868019104004,4.89961051940918,8.440808296203613,10.188680648803711,2.774423122406006,0.8151646256446838,1.1900067329406738,4.123605728149414,3.846430540084839,1.442431763150886,55.5885284659271,0.2818973946104369,0.2678696016941631,60.86039762178343,-104.96192496717455,104.96192496717455,0.27704018354415894,0.05414252006643516,0.5990700125694275,0.3702056407928467,0.5281327160493827,0.4718672839506173,0.21048259735107422,0.04113503718098515,0.46596065163612366,0.2852635383605957,5.832272589206696,0.3846147656440735,-2.0831260681152344,-0.38776339588358655,0.02032700215107098,-4.0883941650390625,-1.419988989830017,4.532099723815918,3.5524158477783203,6.395654678344727,10.88733959197998,2.3830184936523438,1.9565359354019165,3.3733863830566406,2.205782651901245,4.584923267364502,9.633883476257324,0.21701911091804504,4.046062469482422,2.3370909690856934,4.124521255493164,5.002738952636719,7.767210960388184,-0.27658575773239136,-2.1140291690826416,2.6974680423736572,4.344031810760498,5.424973011016846,8.731983184814453,1.6276895999908447,0.25065529346466064,2.8127620220184326,2.1730549335479736,3.867467164993286,6.796165943145752,1.387856125831604,3.2060329914093018,2.324769973754883,3.858290910720825,4.932589054107666,7.762843132019043,3.4928038120269775,0.032407496124506,3.4954254627227783,3.335130214691162,5.1104936599731445,7.677646636962891,0.6735702157020569,1.9104828834533691,2.849256753921509,2.3846592903137207,4.015511989593506,7.296715259552002,1.9195044040679932,2.8419029712677,4.8638410568237305,3.8833329677581787,6.717462539672852,12.946540832519531
97.5,0.0,0.0,0.0,0.0,0.0,0,6.090810298919678,5.706645488739014,9.87943172454834,12.009456634521484,2.990222930908203,-3.2741518020629883,-0.41987738013267517,3.637474536895752,4.681005954742432,3.3009645616545766,187.30772785675651,0.5419581959792881,0.5108868212107583,178.3357527569758,117.47535513519239,117.47535513519239,0.2617269456386566,0.04297078546581781,0.559084951877594,0.3488665521144867,0.46992283950617286,0.5300771604938271,0.19567151367664337,0.03212568967804822,0.4243844449520111,0.2629382610321045,-4.089316427707672,-1.609884113073349,0.9739422798156738,0.24301721951659527,-0.01117173460061735,-4.743581771850586,-1.0284643173217773,4.799917697906494,2.648355484008789,5.732757091522217,9.196903228759766,-1.7849538326263428,3.2210853099823,2.4787652492523193,3.3551642894744873,4.55928373336792,6.641880512237549,-2.9804890155792236,4.497974395751953,3.839613199234009,4.823617458343506,6.714982032775879,11.424822807312012,-5.7186503410339355,-0.26817116141319275,5.7186503410339355,2.0122036933898926,6.218441963195801,8.992877006530762,-3.7184481620788574,-0.5898320078849792,3.8544719219207764,1.5162241458892822,4.364051342010498,6.908414363861084,-0.8154751062393188,-1.7687877416610718,2.8079280853271484,3.993934154510498,5.295506954193115,8.896307945251465,-5.771074295043945,-0.3922928273677826,5.771074295043945,1.9283303022384644,6.257000923156738,8.911517143249512,-3.771947145462036,1.2663531303405762,5.149673938751221,2.6592094898223877,6.103431224822998,9.51330280303955,-0.1627471148967743,-8.716760635375977,3.512192964553833,8.716913223266602,9.57183837890625,14.36591911315918
98.0,0.0,0.0,0.0,0.0,0.0,0,7.027476787567139,7.002366065979004,11.333513259887695,12.116092681884766,3.152360200881958,-0.9431594610214233,-2.260272264480591,4.896787166595459,5.417186260223389,2.449159137029368,247.3503486340374,0.34851187859664906,0.2704331257034395,251.03173584476315,72.69598308778734,72.69598308778734,0.2921641767024994,0.04157454289210133,0.6252325177192688,0.3922245502471924,0.5451697530864198,0.45483024691358026,0.24029023945331573,0.03419295609563249,0.5264607667922974,0.32987308502197266,2.330992341041565,-1.8403948843479156,0.9366664886474609,-0.24045369550731882,-0.001396242573716483,0.4473705589771271,0.803966760635376,5.621621131896973,6.108421325683594,9.190567016601562,11.961587905883789,-2.950045585632324,-3.411482810974121,4.231262683868408,4.622802734375,7.109665870666504,11.680509567260742,0.20967404544353485,-6.758951663970947,2.897007465362549,6.760009288787842,7.833904266357422,11.394060134887695,2.0030317306518555,-2.2712209224700928,4.344711780548096,4.9587249755859375,7.380195140838623,11.14427661895752,-2.5597293376922607,-4.1194963455200195,4.255499362945557,4.4270124435424805,6.894693374633789,12.041500091552734,-0.9920949339866638,-3.891587972640991,1.5767217874526978,5.251444339752197,5.718339443206787,11.353372573852539,2.0774009227752686,-1.9321354627609253,4.6495280265808105,4.0425310134887695,6.845890522003174,8.859367370605469,-4.2643256187438965,0.627811074256897,5.403627395629883,3.589853048324585,7.107500076293945,11.742376327514648,-2.459717035293579,0.6106483340263367,3.225940465927124,3.4920365810394287,5.166536331176758,8.075247764587402
98.5,0.0,0.0,0.0,0.0,0.0,0,7.351189136505127,7.469743728637695,10.73206615447998,12.319844245910645,2.7937545776367188,-0.5646268129348755,-0.13601261377334595,6.058902740478516,4.979702949523926,0.5807778137897937,193.54390700324953,0.07900460769070958,0.10449963051448552,170.7051792449514,-80.32655659981174,80.32655659981174,0.2826795279979706,0.038453573196837613,0.6059061288833618,0.37955355644226074,0.5189660493827161,0.48103395061728393,0.21641764044761658,0.029439809939469878,0.4723023772239685,0.28968074917793274,0.37853264808654785,2.124259650707245,0.3237123489379883,-0.165933495188954,-0.003120969695263716,-0.6795877814292908,-3.806673765182495,7.048094749450684,6.617812633514404,10.537060737609863,15.26662540435791,0.7893593907356262,-2.708937406539917,5.17694616317749,4.575021743774414,7.294414520263672,9.223074913024902,-6.515574932098389,1.4829719066619873,6.515574932098389,3.29477858543396,7.541999340057373,9.074714660644531,2.296067237854004,-2.2516746520996094,4.326533317565918,6.066774845123291,7.777677536010742,12.674068450927734,2.130140542984009,-0.16802340745925903,5.344926357269287,2.523016929626465,6.2968292236328125,9.413755416870117,-5.849592685699463,0.39995694160461426,5.865631580352783,2.8255887031555176,6.907608509063721,9.432350158691406,3.6137638092041016,-0.4891786575317383,3.9383366107940674,3.3276143074035645,5.45202112197876,8.732624053955078,2.4751811027526855,2.3529696464538574,6.252117156982422,3.5487265586853027,7.775336742401123,11.266555786132812,-3.3413970470428467,3.9644758701324463,3.84515643119812,4.624121189117432,6.577757358551025,10.006805419921875
99.0,0.0,0.0,0.0,0.0,0.0,0,7.899022102355957,8.034688949584961,12.625865936279297,13.734753608703613,3.6000053882598877,-3.4623608589172363,-2.2467751502990723,5.794275283813477,4.9744367599487305,4.127461846384957,212.98011202761947,0.5225282057577613,0.4498659108615665,215.14177656620487,44.43659732125346,44.43659732125346,0.2717016339302063,0.03439686533505248,0.5795391201972961,0.3555196225643158,0.5916666666666667,0.4083333333333333,0.2190103828907013,0.027726261849440523,0.48120585083961487,0.30406904220581055,-2.897734045982361,-2.1107625365257263,0.5478329658508301,0.345366280347081,-0.004056707861785136,-5.510345458984375,-3.0783984661102295,5.5364603996276855,3.154428005218506,6.672513484954834,10.094069480895996,-6.369738578796387,-4.729024887084961,6.476171493530273,5.763826847076416,10.733514785766602,13.230101585388184,3.6725635528564453,-7.310110092163086,4.06240177154541,7.310110092163086,8.691815376281738,12.103858947753906,-6.095696449279785,-3.5816900730133057,6.167320728302002,4.3799357414245605,8.03824234008789,11.070262908935547,-7.060629367828369,-2.2904818058013916,7.333706378936768,3.959831714630127,9.38019847869873,14.316300392150879,3.4760491847991943,-3.9204981327056885,3.793973445892334,4.17419958114624,6.041433334350586,9.486638069152832,-5.047798156738281,1.3792316913604736,6.107958793640137,5.890871524810791,9.068353652954102,12.232929229736328,-8.004738807678223,1.2927922010421753,8.120118141174316,2.5756282806396484,8.962075233459473,15.353582382202148,-0.22091494500637054,2.017204761505127,1.8535914421081543,2.751843214035034,3.503049612045288,5.858192443847656
99.5,0.0,0.0,0.0,0.0,0.0,0,8.38791275024414,7.864747047424316,14.185843467712402,16.082317352294922,4.104232311248779,-3.5590908527374268,-0.46084466576576233,6.071487903594971,6.120403289794922,3.5888027953628185,187.3778265712146,0.42785409221839626,0.3324968819332796,191.51431539243103,-23.62746117377384,23.62746117377384,0.3190063536167145,0.03803166831650235,0.6886281967163086,0.42490556836128235,0.5704475308641975,0.4295524691358025,0.23124542832374573,0.027568884851375,0.5119175910949707,0.3180341124534607,-0.09672999382019043,1.78593048453331,0.4888906478881836,-0.11736902892828693,0.0036348029814498722,-2.228325128555298,-5.5116729736328125,4.2765607833862305,6.156500816345215,8.984603881835938,14.610152244567871,-2.4247372150421143,-3.8229708671569824,6.258479595184326,5.05246639251709,9.028080940246582,12.165326118469238,-2.256723642349243,-2.430143117904663,2.9478559494018555,5.392449378967285,6.609962463378906,9.951393127441406,-3.9009411334991455,-3.4513328075408936,6.150222301483154,3.8911936283111572,7.763880729675293,14.021397590637207,-5.26212739944458,0.6663464307785034,7.857759475708008,4.973942279815674,9.730572700500488,17.703815460205078,-2.0681233406066895,1.9915575981140137,3.88855242729187,4.4551897048950195,6.539099216461182,10.902012825012207,-3.0157320499420166,-0.21873050928115845,5.0144362449646,4.317944526672363,7.143640518188477,11.280828475952148,-6.628224849700928,0.9915708899497986,8.897035598754883,1.7947938442230225,9.373836517333984,18.37415885925293,-4.246883869171143,7.637772560119629,4.702767848968506,8.117692947387695,10.317541122436523,14.494534492492676
100.0,0.0,0.0,0.0,0.0,0.0,0,6.5999755859375,6.236699104309082,10.986265182495117,12.741659164428711,3.598641872406006,2.476702928543091,0.09202148765325546,4.114102363586426,5.782865524291992,2.4784118605356618,2.1278364246053503,0.3755183376460344,0.3410133975135447,349.9994980733169,158.48518268088583,158.48518268088583,0.29805001616477966,0.045159253564600765,0.6479836702346802,0.4003296494483948,0.4962962962962963,0.5037037037037037,0.252343088388443,0.03823393690912597,0.5418122410774231,0.34256500005722046,6.035793781280518,0.5528661534190178,-1.7879371643066406,0.008516515580265116,0.007127585248098416,6.165688991546631,-1.03652822971344,6.168593883514404,5.066521167755127,8.890165328979492,12.132925033569336,1.782158613204956,3.3614230155944824,3.267448902130127,4.761490345001221,6.206948757171631,10.876609802246094,0.9233072996139526,3.109701156616211,4.8048996925354,8.086840629577637,10.318385124206543,16.814138412475586,3.3556225299835205,-5.015140056610107,3.9205169677734375,5.13317346572876,6.942041873931885,9.984732627868652,1.7028510570526123,-1.2022191286087036,2.6182878017425537,2.1141929626464844,3.7394564151763916,5.910312175750732,1.046019434928894,2.2078447341918945,3.127300977706909,5.388199806213379,6.8363189697265625,10.527567863464355,3.8851027488708496,-2.02114200592041,4.574008941650391,2.6598360538482666,5.636222839355469,10.794636726379395,2.984334945678711,0.5944869518280029,3.9382965564727783,3.1321051120758057,5.621377944946289,10.448811531066895,0.44524040818214417,0.8297670483589172,2.75944447517395,3.990121841430664,5.208860874176025,8.283952713012695
100.5,0.0,0.0,0.0,0.0,0.0,0,6.713253021240234,6.25453519821167,11.858570098876953,13.68309497833252,3.8035755157470703,-1.7290217876434326,-0.5766076445579529,5.2893452644348145,5.313735485076904,1.822633456816911,198.44291289131414,0.27149780457406175,0.12519797817546033,187.6675820008705,-162.33191607244638,162.33191607244638,0.28085339069366455,0.04183565671804841,0.6081881523132324,0.3751514256000519,0.5639506172839506,0.43604938271604937,0.2251150757074356,0.03353292978266401,0.49676504731178284,0.3073579967021942,-4.205724716186523,-0.6686291322112083,0.11327743530273438,-0.21581541933808437,-0.003323596846552354,-5.070430755615234,-4.581491947174072,5.178430080413818,4.899722099304199,7.443261623382568,12.953351020812988,-1.7532684803009033,-4.4249138832092285,5.9394612312316895,5.8885698318481445,8.804609298706055,17.309709548950195,1.7506498098373413,2.134087562561035,5.117500305175781,2.360311508178711,6.034304618835449,8.379411697387695,-4.253133296966553,-2.4392106533050537,4.358642101287842,4.420302391052246,6.906919002532959,10.74179744720459,-1.7203922271728516,-4.838359832763672,5.744059085845947,4.84995174407959,8.066290855407715,13.621604919433594,-1.054675817489624,0.9422799944877625,1.8999167680740356,2.297858715057373,3.2562925815582275,5.323407173156738,0.15810410678386688,2.8395562171936035,3.188406467437744,6.366434574127197,7.652401447296143,11.466421127319336,-1.367771029472351,1.6690353155136108,5.325564861297607,3.2406857013702393,6.752501010894775,11.532217025756836,-2.2502782344818115,3.5095481872558594,3.466582775115967,3.757924795150757,5.502697467803955,8.997017860412598
101.0,0.0,0.0,0.0,0.0,0.0,0,7.723482131958008,7.3474931716918945,13.332868576049805,14.94091510772705,4.117478847503662,1.5885294675827026,2.7262940406799316,4.547738075256348,6.779954433441162,3.155329628679941,59.77193239141228,0.4085371824224085,0.2945983845472144,66.43802987461612,-121.22955212625439,121.22955212625439,0.2921476662158966,0.037825895547962854,0.6283537149429321,0.39973339438438416,0.435,0.565,0.23628565669059753,0.03059314724374829,0.5249239802360535,0.3345388174057007,3.3175512552261353,3.3029016852378845,1.0102291107177734,0.16940040637175405,-0.004009761170085557,3.660438299179077,8.242042541503906,4.420864582061768,8.325800895690918,9.63583755493164,15.505372047424316,-0.9493840932846069,-2.759106397628784,2.5789780616760254,6.3246612548828125,7.306131362915039,11.921525001525879,0.7076568007469177,10.171504974365234,4.624855041503906,10.171504974365234,11.823016166687012,17.09683609008789,3.8356683254241943,4.603368282318115,4.719433784484863,5.35649299621582,7.605940341949463,12.52596664428711,-1.0337257385253906,-1.2498797178268433,2.231942892074585,4.735738754272461,5.702144145965576,9.508974075317383,1.913928508758545,6.197052478790283,4.739902973175049,6.969635486602783,9.001117706298828,13.537696838378906,3.494347333908081,1.4324088096618652,4.370457172393799,2.5001654624938965,5.443880558013916,9.075803756713867,-1.0298848152160645,0.6753672957420349,2.3694682121276855,2.5180859565734863,3.8666508197784424,6.551084995269775,3.6977202892303467,-2.776111125946045,4.631739139556885,6.872128009796143,9.126623153686523,13.159642219543457
101.5,0.0,0.0,0.0,0.0,0.0,0,7.408808708190918,7.292446136474609,11.867329597473145,12.778564453125,3.2356348037719727,-2.952179193496704,-2.253843307495117,5.151107311248779,5.003068923950195,3.7141851926439235,217.35994985589727,0.5013201634613202,0.45863114352509926,214.74698915766885,148.30895928305273,148.30895928305273,0.3091966211795807,0.04173364323796086,0.6817328929901123,0.4135756194591522,0.5846759259259259,0.41532407407407407,0.2070769965648651,0.02795010328527241,0.45366811752319336,0.28005218505859375,-4.540708661079407,-4.980137348175049,-0.31467342376708984,0.16403275897788488,0.003907747689998006,-3.6726152896881104,-7.310758113861084,8.243690490722656,7.310758113861084,11.396806716918945,14.591054916381836,-1.2719941139221191,-5.560091495513916,3.6207475662231445,6.641307830810547,8.1412935256958,12.235564231872559,-3.1771292686462402,-2.5168402194976807,3.565398931503296,3.8574295043945312,5.998899936676025,9.270277976989746,-3.1494460105895996,-2.7134816646575928,7.319901466369629,3.7126009464263916,8.968660354614258,12.15367317199707,-2.7544727325439453,-5.374550819396973,4.18264102935791,5.689686298370361,8.012664794921875,10.618692398071289,-3.639876365661621,-1.0244622230529785,3.878002405166626,2.6935269832611084,5.226633071899414,8.063850402832031,-2.9165310859680176,2.8288462162017822,6.347081184387207,3.947622060775757,8.264303207397461,11.546171188354492,-2.035950183868408,-0.3914452791213989,3.2999799251556396,2.0453522205352783,4.242842197418213,5.8954572677612305,-3.951598882675171,1.7781935930252075,4.05126953125,4.101395606994629,6.4271721839904785,10.674546241760254
102.0,0.0,0.0,0.0,0.0,0.0,0,8.968697547912598,8.94804859161377,14.33914566040039,15.573232650756836,3.980247974395752,1.7739884853363037,-0.325892835855484,5.053684234619141,8.215043067932129,1.8036743848510248,349.59046981276424,0.20110772776263566,0.20937006345423256,347.13654441104427,132.38955525337542,132.38955525337542,0.285161554813385,0.031795198967831784,0.6162142753601074,0.40868067741394043,0.4892592592592593,0.5107407407407407,0.25845202803611755,0.028817116179723812,0.5712990164756775,0.3619348108768463,4.726167678833008,1.9279504716396332,1.5598888397216797,-0.2492610800708667,-0.009938444270129076,1.305972933769226,1.1679104566574097,2.662611961364746,11.289624214172363,11.80106258392334,17.00773048400879,2.946788787841797,-4.521891117095947,6.068850040435791,5.959206581115723,8.786376953125,14.363889694213867,-4.4786834716796875,4.901045322418213,4.982495307922363,6.985716342926025,9.931828498840332,13.695272445678711,4.9337382316589355,-5.525272369384766,5.183717250823975,6.769550800323486,9.047382354736328,15.362238883972168,2.4075469970703125,-4.315460681915283,4.434918403625488,4.796525955200195,6.963284015655518,13.006546020507812,-2.0743110179901123,6.530178546905518,3.9039204120635986,6.829472541809082,8.424625396728516,11.778839111328125,7.117995738983154,-4.948446273803711,7.118165016174316,5.8797125816345215,9.728384971618652,13.009639739990234,3.66574764251709,-4.244234085083008,3.6673474311828613,4.580377578735352,6.515443801879883,11.959173202514648,0.1411011517047882,8.0231351852417,2.1069414615631104,9.120816230773926,9.519886016845703,16.131563186645508
102.5,0.0,0.0,0.0,0.0,0.0,0,6.544926643371582,6.371248245239258,11.098447799682617,12.743715286254883,3.2524631023406982,0.672909677028656,-0.4109242260456085,5.019224643707275,5.253599166870117,0.7884580857534486,328.58893426545427,0.1204685902097871,0.08480461441083921,323.9012708304837,-23.235273580560545,23.235273580560545,0.28044211864471436,0.04284877296217842,0.6148548722267151,0.39342036843299866,0.48705246913580247,0.5129475308641975,0.2519416809082031,0.03849418887974395,0.5384497046470642,0.3572109043598175,-1.1010788083076477,-0.08503139019012451,-2.4237709045410156,-0.12456544904339335,0.011053573994346637,0.23293785750865936,2.5839433670043945,6.434034824371338,3.7490055561065674,7.8983540534973145,12.854278564453125,1.809430480003357,-4.3984856605529785,2.370131254196167,4.400551795959473,5.5214009284973145,7.970213413238525,1.2768011093139648,3.2801480293273926,2.844480037689209,4.253990173339844,5.355193138122559,8.828263282775879,4.633309841156006,-1.9529720544815063,5.393876552581787,3.614981174468994,7.301607131958008,11.221056938171387,1.1178277730941772,-3.292447328567505,2.4641311168670654,3.612135410308838,4.660213947296143,7.623471260070801,-0.5290318727493286,2.292588710784912,5.0862627029418945,3.339737892150879,6.403342247009277,9.621294975280762,3.1012256145477295,-4.674463748931885,3.803518295288086,6.979887008666992,8.359126091003418,15.302112579345703,-0.4496312737464905,-0.35055088996887207,3.9508767127990723,3.285705089569092,5.574199199676514,7.572079181671143,-5.136682987213135,2.8139219284057617,5.661957263946533,4.55280065536499,7.830904006958008,11.587045669555664
103.0,0.0,0.0,0.0,0.0,0.0,0,7.334050178527832,7.019863605499268,11.493294715881348,13.052032470703125,3.3048977851867676,2.0215399265289307,2.476752758026123,5.357306957244873,5.078283309936523,3.19701859533857,50.77847780418921,0.4359144698380437,0.49811927658639527,48.745842008256744,84.84457117777299,84.84457117777299,0.25584641098976135,0.03488473215714831,0.5467551946640015,0.34330567717552185,0.507962962962963,0.49203703703703705,0.21794375777244568,0.029716694425384913,0.46975064277648926,0.2901338040828705,1.3486302495002747,2.8876769840717316,0.78912353515625,0.41331466217555607,-0.00796404080503011,4.97045373916626,3.479989528656006,4.97045373916626,4.316232681274414,7.130997180938721,9.956913948059082,4.633867263793945,-5.4127583503723145,4.660427570343018,6.330508708953857,8.090523719787598,13.028142929077148,-3.059832811355591,5.532073497772217,8.518145561218262,5.600358009338379,10.558794021606445,18.87262535095215,3.0733957290649414,5.398219585418701,3.6520402431488037,5.4106597900390625,7.189658164978027,10.588086128234863,3.244682788848877,-1.6933565139770508,3.247225522994995,3.9486422538757324,5.555052757263184,8.391701698303223,-0.1363918036222458,3.2907426357269287,7.170998573303223,3.3495421409606934,8.234703063964844,11.959410667419434,2.1247081756591797,3.2627007961273193,3.3295938968658447,5.2808451652526855,7.082862854003906,11.020177841186523,3.177393913269043,2.6138193607330322,3.3829760551452637,3.131272792816162,5.323164939880371,7.833444118499756,0.16558171808719635,5.819343566894531,2.699768304824829,5.942533016204834,6.8406877517700195,10.82021713256836
103.5,0.0,0.0,0.0,0.0,0.0,0,7.436772346496582,7.329158306121826,11.472182273864746,12.31517505645752,2.8985798358917236,1.8404531478881836,0.9832996129989624,5.796192646026611,5.075170516967773,2.086659032639361,28.114270174570606,0.28058664907530395,0.20413501023360517,37.718446668398954,-11.027395339857776,11.027395339857776,0.258111834526062,0.03470750317375974,0.5492163896560669,0.3432334065437317,0.5275308641975308,0.47246913580246913,0.21849137544631958,0.029379862107704213,0.4554966390132904,0.29388755559921265,-0.18108677864074707,-1.4934531450271606,0.10272216796875,-0.29398426635279007,-0.00017722898338856652,5.110435962677002,2.5990328788757324,5.372020244598389,6.05479621887207,8.874786376953125,13.226470947265625,-2.7355942726135254,-2.0751419067382812,4.91921329498291,3.5134646892547607,6.575864791870117,8.8908109664917,3.2312145233154297,0.016083357855677605,5.943630695343018,3.9678752422332764,7.805727481842041,12.33670711517334,5.987148284912109,-3.2078216075897217,5.987148284912109,3.5489144325256348,7.172325611114502,11.053949356079102,-2.3378303050994873,2.9979844093322754,4.314635276794434,4.2749528884887695,6.593334197998047,9.953067779541016,1.411084532737732,1.1201601028442383,6.296934604644775,2.5787200927734375,7.257625102996826,10.117209434509277,6.765140056610107,-3.6432220935821533,6.765140056610107,3.7144970893859863,8.072098731994629,10.172405242919922,-0.5462676882743835,5.4994707107543945,4.7683820724487305,5.52536153793335,7.955212593078613,11.720633506774902,-0.32125183939933777,5.543150424957275,2.8699145317077637,5.621881484985352,6.62397575378418,11.081432342529297
104.0,0.0,0.0,0.0,0.0,0.0,0,5.771019458770752,5.475650787353516,9.594971656799316,11.094972610473633,3.0425798892974854,0.8817549347877502,2.351353645324707,3.529499053955078,4.8783440589904785,2.5112458522423364,69.4440120804103,0.4351477014040845,0.36633485144660377,75.89789705853518,38.179450390136225,38.179450390136225,0.2586027979850769,0.044810584164894855,0.5567368268966675,0.34919053316116333,0.5007407407407407,0.49925925925925924,0.21997904777526855,0.03811787695899537,0.46928468346595764,0.29218778014183044,-0.9586982131004333,1.3680540323257446,-1.66575288772583,0.1621998412129986,0.010103080991135112,-1.5395175218582153,-1.0452007055282593,2.0787675380706787,4.00546407699585,4.80705451965332,8.981900215148926,0.8904651999473572,6.738504409790039,2.961573362350464,6.738504409790039,7.4856085777282715,10.200366973876953,-0.3265850245952606,3.1737146377563477,2.591386079788208,3.899904489517212,5.06316614151001,8.498351097106934,0.12355411052703857,3.586310863494873,2.2087552547454834,3.8906147480010986,4.832714080810547,8.304240226745605,2.92665696144104,1.8366401195526123,3.330442190170288,4.116080284118652,5.765296459197998,9.183609008789062,1.8209195137023926,1.7246789932250977,4.205501079559326,2.333035707473755,5.233853816986084,8.528664588928223,1.0939898490905762,2.713560104370117,1.640195369720459,3.072937250137329,3.7459089756011963,6.344324111938477,3.4499027729034424,-3.3858001232147217,4.0662031173706055,5.349588871002197,7.105550289154053,10.953725814819336,-0.5035916566848755,5.819774150848389,3.0650954246520996,6.622875213623047,7.900021553039551,14.774526596069336
104.5,0.0,0.0,0.0,0.0,0.0,0,7.171536922454834,6.416658878326416,12.329360961914062,14.155237197875977,3.6166279315948486,-3.413526773452759,-1.0914866924285889,4.859012603759766,5.296926498413086,3.5837840661551446,197.73185248619663,0.49972329570443136,0.4673476101649404,195.1588200591421,119.26092300060691,119.26092300060691,0.2675091028213501,0.0373014973516003,0.5808470249176025,0.3555191457271576,0.5160493827160494,0.4839506172839506,0.23286274075508118,0.03247040499164951,0.5142216086387634,0.32157689332962036,-4.295281708240509,-3.442840337753296,1.400517463684082,0.10101275871833665,-0.007509086813294555,-4.035964488983154,-6.66901159286499,6.07004451751709,8.85387897491455,11.322563171386719,16.186033248901367,-1.8614102602005005,-2.596553087234497,6.272587776184082,3.1228015422821045,7.659192085266113,13.786728858947754,-5.598688125610352,4.2171854972839355,5.62236213684082,4.400197982788086,8.041382789611816,11.811128616333008,-4.619001865386963,-0.772948145866394,4.8567399978637695,2.5378494262695312,5.795162200927734,8.639713287353516,-3.4693925380706787,-0.0712793618440628,3.599001169204712,3.118720531463623,5.281397342681885,9.23720932006836,-1.8509160280227661,1.0471179485321045,3.1702322959899902,3.284705400466919,5.400416851043701,9.424867630004883,-6.581744194030762,-0.28213486075401306,6.581744194030762,2.996569871902466,7.484135627746582,12.805749893188477,-0.18787407875061035,-3.23342227935791,5.007711410522461,3.6618449687957764,6.730503082275391,10.897812843322754,-2.516749620437622,-1.4623332023620605,2.8320016860961914,5.115326404571533,6.829081058502197,10.999582290649414
105.0,0.0,0.0,0.0,0.0,0.0,0,7.4055094718933105,6.80914306640625,12.218437194824219,15.251288414001465,4.097050666809082,0.13977867364883423,-0.558362603187561,6.410172462463379,5.495977878570557,0.5755926287274856,284.0544008646473,0.07772491965773264,0.15921261881845028,244.07563851626634,48.916818457124236,48.916818457124236,0.2871810495853424,0.03877937255983935,0.6280143857002258,0.39331960678100586,0.5383641975308642,0.4616358024691358,0.22066178917884827,0.02979697213532308,0.4802621901035309,0.29997023940086365,3.553305447101593,0.5331240892410278,0.23397254943847656,-0.30813499134649014,0.0014778752082390476,8.579115867614746,7.474991798400879,9.175616264343262,7.475222587585449,12.388280868530273,19.237960815429688,-0.020716849714517593,-5.610029697418213,2.2206003665924072,7.303640842437744,7.969699859619141,11.728986740112305,-3.5885636806488037,-5.2308669090271,4.334977149963379,5.987332820892334,8.441564559936523,11.452086448669434,2.8062708377838135,2.263516902923584,8.194669723510742,2.5998995304107666,8.818460464477539,14.192598342895508,-1.8113192319869995,-5.088608264923096,3.5895137786865234,5.196845531463623,7.047267436981201,10.264286994934082,-1.0500166416168213,-1.602565050125122,2.4976181983947754,2.4299352169036865,3.800806999206543,5.821577072143555,-1.7544559240341187,3.055953025817871,6.917060852050781,3.382781505584717,8.029850006103516,11.834663391113281,-0.5793464779853821,-0.06435184180736542,3.8551816940307617,3.7980735301971436,5.834497928619385,9.145418167114258,-1.322959065437317,-0.2233019471168518,3.756467580795288,1.6494625806808472,4.319153785705566,7.511245250701904
105.5,0.0,0.0,0.0,0.0,0.0,0,7.51550817489624,6.8622918128967285,13.402220726013184,15.18210220336914,4.222821235656738,-2.1446707248687744,-1.3409842252731323,6.589118957519531,4.949822902679443,2.5293974006748203,212.01623661499545,0.33655706863890694,0.15039439934315216,216.60570807476176,-27.469930441504573,27.469930441504573,0.2585885524749756,0.03440732310443167,0.563133716583252,0.35547760128974915,0.5451697530864198,0.45483024691358026,0.2096325159072876,0.027893321800140283,0.4515257477760315,0.29533901810646057,-2.2844493985176086,-0.7826216220855713,0.10999870300292969,-0.008818219475298122,-0.00437204945540768,-6.1276140213012695,-1.941696286201477,8.460594177246094,3.2970049381256104,10.108726501464844,14.064247131347656,-3.0844247341156006,-4.3211846351623535,4.205848217010498,5.077538013458252,7.850342750549316,11.805198669433594,4.456132411956787,0.6582238674163818,4.46661901473999,2.0004568099975586,5.19346284866333,9.039066314697266,-7.669980525970459,-3.743929862976074,9.525789260864258,3.79060959815979,10.681625366210938,16.819337844848633,0.8075599670410156,-3.897310495376587,2.9353232383728027,4.1891093254089355,5.496039867401123,9.731497764587402,0.8815047144889832,4.249570369720459,2.442561388015747,4.261563777923584,5.280237674713135,8.386884689331055,-8.613554954528809,-6.482170581817627,8.903364181518555,6.483151912689209,12.170245170593262,17.514774322509766,2.5249578952789307,1.1551564931869507,4.120929718017578,3.1336989402770996,5.880751609802246,8.869474411010742,-2.4766170978546143,2.254483461380005,2.571796417236328,3.9226906299591064,4.978146553039551,7.987020015716553
106.0,0.0,0.0,0.0,0.0,0.0,0,6.290735244750977,5.923941612243652,10.931814193725586,12.179518699645996,3.1961557865142822,1.2244176864624023,-1.3093771934509277,4.157035827636719,5.412406921386719,1.7926704397773088,313.0795611531574,0.28496993912963076,0.12435800399617267,302.82658088476006,86.2208728099983,86.2208728099983,0.2691478133201599,0.042784787479325376,0.579961359500885,0.37617993354797363,0.5200925925925926,0.4799074074074074,0.21651554107666016,0.03441815594435736,0.47661706805229187,0.3124549090862274,3.3690884113311768,0.03160703182220459,-1.2247729301452637,-0.02603639534697949,0.008377464374893707,3.559680938720703,-10.892248153686523,3.6758766174316406,10.892248153686523,11.706961631774902,13.390506744384766,0.7282682061195374,-0.3081040680408478,2.8840744495391846,1.8999875783920288,3.746934175491333,6.8841142654418945,1.9168126583099365,3.2538399696350098,2.9916422367095947,4.104631423950195,5.289070129394531,9.390652656555176,3.0394716262817383,-5.5902299880981445,3.8954362869262695,5.677619934082031,7.6030683517456055,10.322161674499512,-2.9433610439300537,-1.7144266366958618,3.1776483058929443,3.6718220710754395,5.528067588806152,8.178876876831055,1.5817173719406128,-0.3854671120643616,3.905116558074951,2.8362998962402344,5.274322509765625,9.090653419494629,3.3634626865386963,-1.044216275215149,4.95240592956543,2.592620611190796,6.054884433746338,8.963338851928711,-3.34983229637146,-0.5804088115692139,3.3881494998931885,2.1783273220062256,4.365983486175537,6.8113508224487305,3.123539447784424,5.476865291595459,3.8710079193115234,5.478847503662109,7.047327041625977,10.283827781677246
106.5,0.0,0.0,0.0,0.0,0.0,0,6.902191162109375,6.610840797424316,11.546125411987305,13.027064323425293,3.3574793338775635,-0.5836721062660217,-3.1060614585876465,5.63361930847168,4.145715236663818,3.160425748559303,259.3574374111021,0.457887310613612,0.3937008614598946,251.27723300506307,-51.549347879696995,51.549347879696995,0.2768459916114807,0.04010986438935568,0.6057882905006409,0.37774333357810974,0.4795216049382716,0.5204783950617284,0.22898980975151062,0.03317638865643074,0.5070689916610718,0.32846391201019287,-1.808089792728424,-1.7966842651367188,0.6114559173583984,0.2693428574637219,-0.002674923089969694,-4.259503364562988,-0.2209620177745819,6.338319301605225,2.4698126316070557,7.124190330505371,11.504697799682617,1.0572631359100342,-4.56063985824585,3.5956544876098633,4.707394123077393,6.6837077140808105,9.796004295349121,2.5335450172424316,-0.5102295875549316,3.608518600463867,2.6539111137390137,5.343865871429443,11.811260223388672,-6.660681247711182,-3.045759439468384,6.660681247711182,3.352417469024658,7.642704963684082,14.29084587097168,2.960501194000244,-6.925981044769287,4.025937080383301,6.92689847946167,8.348515510559082,11.978992462158203,0.830909013748169,-0.20400495827198029,3.0071003437042236,2.7313902378082275,4.643648147583008,7.267457485198975,-4.3554816246032715,-2.5664799213409424,4.35995626449585,3.5899441242218018,6.165532112121582,10.075201034545898,2.976628065109253,-5.070243835449219,5.294347763061523,5.27036714553833,8.305343627929688,11.076815605163574,-0.33622923493385315,-4.850252628326416,4.203033447265625,6.031121730804443,7.862214088439941,13.384846687316895
107.0,0.0,0.0,0.0,0.0,0.0,0,8.892352104187012,8.939640045166016,14.457801818847656,16.03617286682129,4.23989200592041,-2.3717050552368164,-5.292183876037598,5.234951972961426,6.001141548156738,5.799327120177668,245.8603471694666,0.6521702078628919,0.5145082929901142,246.44647497114175,-4.830758033921313,4.830758033921313,0.30588704347610474,0.03439888631188928,0.668658435344696,0.41658031940460205,0.5429320987654321,0.4570679012345679,0.2598268687725067,0.02921913533215026,0.5612346529960632,0.36937394738197327,-1.7880329489707947,-2.186122417449951,1.9901609420776367,0.12080743153021967,-0.0057109780774664,-7.338503837585449,-4.896383285522461,7.338503837585449,5.359430313110352,9.554464340209961,13.541820526123047,-2.534385919570923,-8.261798858642578,5.309720993041992,8.263626098632812,10.512829780578613,14.463451385498047,-2.682326316833496,-4.407257080078125,4.286892414093018,5.216068267822266,6.998200416564941,17.1925106048584,-3.3986220359802246,-9.172825813293457,4.504693508148193,9.176636695861816,11.06145191192627,15.314342498779297,-1.468961238861084,-8.860243797302246,3.9715559482574463,8.969758987426758,10.401164054870605,14.183806419372559,-3.253086566925049,0.5139685869216919,4.6339497566223145,2.5318946838378906,5.83463716506958,11.495210647583008,0.49287787079811096,-10.11077880859375,4.589756488800049,10.114713668823242,11.596405982971191,17.433551788330078,-0.9960648417472839,-2.518568754196167,4.211784839630127,4.802816390991211,6.953415393829346,12.056058883666992,-0.16627196967601776,0.08423875272274017,3.5696825981140137,5.612264633178711,7.118599891662598,11.871274948120117
107.5,0.0,0.0,0.0,0.0,0.0,0,7.632106304168701,6.747931003570557,14.716033935546875,16.008562088012695,4.287467956542969,-0.11804162710905075,-4.80940580368042,3.5698840618133545,6.383028030395508,4.8108541871694115,268.5940197748281,0.6303442320426924,0.4655043838654581,271.0210555727946,24.574580601652826,24.574580601652826,0.29020965099334717,0.03802483893731853,0.6246407628059387,0.3893207609653473,0.5636882716049383,0.4363117283950617,0.23283162713050842,0.030506859750692242,0.49281126260757446,0.33832353353500366,2.2536634281277657,0.48277807235717773,-1.2602458000183105,-0.04900390912465613,0.003625952625429245,-0.07203972339630127,0.5468687415122986,2.7147436141967773,6.738597869873047,7.505003929138184,10.638240814208984,-3.450652599334717,-12.101243019104004,3.62978196144104,12.101243019104004,13.030559539794922,16.70477867126465,-0.9601655006408691,-9.324347496032715,4.176711082458496,9.43774700164795,11.057801246643066,16.105274200439453,1.1462175846099854,-2.083146810531616,2.732846736907959,5.220913410186768,6.33018684387207,10.877650260925293,-1.6860498189926147,-9.809468269348145,2.8664464950561523,9.84237003326416,10.61914348602295,16.805513381958008,-0.2097783386707306,-3.675614595413208,3.6611251831054688,4.468674182891846,5.9779462814331055,8.982084274291992,2.6568233966827393,-2.2819764614105225,2.7546491622924805,4.19881010055542,5.6865010261535645,9.397222518920898,1.1019105911254883,-2.4896903038024902,2.535033702850342,2.9340853691101074,4.2153706550598145,7.004180908203125,0.41135990619659424,-2.066030740737915,2.5423779487609863,3.084137439727783,4.2664475440979,7.64711856842041
108.0,0.0,0.0,0.0,0.0,0.0,0,6.33700704574585,6.084962844848633,10.785961151123047,12.493922233581543,3.2525792121887207,1.1398956775665283,-0.5004441142082214,4.217441558837891,5.603598594665527,1.2449122327218518,336.29726515466996,0.19645113595977212,0.18863603496092984,347.7071088215044,76.68605324870981,76.68605324870981,0.2927430272102356,0.046195779632433855,0.6347222924232483,0.3909989297389984,0.4524074074074074,0.5475925925925926,0.2588752508163452,0.04085133693180853,0.5668515563011169,0.3609287142753601,1.257937304675579,4.3089616894721985,-1.2950992584228516,-0.27686834890452827,0.008170940695115328,2.5396056175231934,3.0649924278259277,2.7497031688690186,3.9894392490386963,5.103975772857666,8.413904190063477,2.4874348640441895,0.15167135000228882,2.7207515239715576,4.1406450271606445,5.411328315734863,7.958375930786133,0.026488851755857468,4.1557512283325195,4.1303791999816895,6.277414321899414,8.428269386291504,13.930100440979004,4.397314071655273,-3.7544968128204346,4.561616897583008,6.488638401031494,8.223426818847656,13.590755462646484,4.222986221313477,-0.6076415777206421,4.233147621154785,2.219813823699951,5.160196781158447,8.474145889282227,-0.5809004306793213,-1.1362377405166626,1.8043346405029297,3.4555366039276123,4.178389549255371,7.688166618347168,1.7102763652801514,-2.8675363063812256,3.2452187538146973,5.113663673400879,6.373507022857666,11.615846633911133,0.4921656847000122,-1.1868066787719727,4.159570217132568,4.941742420196533,7.087728023529053,10.701164245605469,-5.036309719085693,-2.3236935138702393,5.069634914398193,4.33845329284668,7.066243648529053,10.911060333251953
108.5,0.0,0.0,0.0,0.0,0.0,0,6.3692803382873535,6.17664909362793,10.663290977478027,12.167962074279785,3.299351692199707,-1.5227628946304321,-1.703096628189087,3.9415812492370605,5.540582180023193,2.284588575260826,228.19964917898636,0.3586886514521251,0.2827158538830397,226.3445789414145,-121.36252988008988,121.36252988008988,0.2874087989330292,0.045124211613222755,0.6197401881217957,0.3938905596733093,0.5205401234567901,0.4794598765432099,0.25795263051986694,0.04049948759042072,0.5677284002304077,0.3593810200691223,-2.6626585721969604,-1.2026525139808655,0.032273292541503906,0.09407981892210987,-0.0010715680192111,-1.134852409362793,-2.7951791286468506,3.8348677158355713,5.352705955505371,7.122073650360107,10.131756782531738,-3.6297807693481445,-6.153199195861816,3.706655740737915,6.320768356323242,7.8306779861450195,15.319076538085938,1.3003252744674683,-1.0123927593231201,3.2134945392608643,2.265667676925659,4.443578720092773,9.462553977966309,-2.129351854324341,-2.9695122241973877,3.2060959339141846,4.595656871795654,5.884785175323486,8.78155517578125,-0.862821102142334,-1.7123581171035767,3.57468581199646,4.488335132598877,6.062079906463623,11.192564964294434,-1.4184625148773193,0.09437635540962219,2.326352834701538,2.2321882247924805,3.4845640659332275,6.078725814819336,-2.2110679149627686,-3.7091219425201416,3.1855897903442383,6.550200939178467,7.586759090423584,10.937446594238281,1.2080439329147339,0.2531568109989166,3.552424907684326,3.943161964416504,5.932841777801514,9.218057632446289,-4.826899528503418,2.6763594150543213,5.179149150848389,6.610061168670654,8.976165771484375,13.09312629699707
109.0,0.0,0.0,0.0,0.0,0.0,0,7.309876441955566,7.229555606842041,12.221946716308594,14.312759399414062,3.6130504608154297,1.1713874340057373,-1.4148225784301758,6.514377593994141,4.547245502471924,1.8368101287238037,309.6226985116035,0.2512778626710157,0.26736617820092834,324.8437202008795,98.49914125946498,98.49914125946498,0.3089688718318939,0.04226731217934584,0.673230767250061,0.42201459407806396,0.5340277777777778,0.46597222222222223,0.27238836884498596,0.03726305550372067,0.612617552280426,0.3891724944114685,2.6941503286361694,0.28827404975891113,0.9405961036682129,-0.015349675682111374,-0.0028568994338769166,1.7840946912765503,-3.6947951316833496,2.933272123336792,5.118661403656006,6.117100715637207,9.470836639404297,-2.7530879974365234,0.3157033324241638,7.617980480194092,2.581150770187378,8.2523775100708,12.40156364440918,3.436798572540283,-2.42739200592041,5.842662811279297,3.4779741764068604,7.187928676605225,15.047947883605957,0.8488951921463013,-2.5988259315490723,3.8272838592529297,3.538611888885498,5.567047595977783,9.181745529174805,-4.68269681930542,-2.132598876953125,7.957740306854248,4.237473487854004,9.65473747253418,16.094114303588867,4.9217610359191895,-0.4038860499858856,5.064037322998047,2.9425907135009766,6.253429889678955,9.240242004394531,5.329280376434326,0.15550394356250763,5.4429850578308105,2.412127733230591,6.272413730621338,10.9163179397583,-2.0113933086395264,-2.3284354209899902,6.839287281036377,5.686428070068359,9.765742301940918,13.979595184326172,3.6688356399536133,0.3813244700431824,4.611712455749512,3.9522416591644287,6.718109130859375,8.986615180969238
109.5,0.0,0.0,0.0,0.0,0.0,0,7.852794170379639,7.553572654724121,13.197807312011719,14.867486953735352,4.106695175170898,-1.2233121395111084,-0.15261238813400269,5.820752143859863,6.5673723220825195,1.2327948457416624,187.1111059793255,0.15698805023971024,0.2001274604961119,184.05972965185876,-140.78399054902073,140.78399054902073,0.2992634177207947,0.03810915874255854,0.6501800417900085,0.4081341028213501,0.5442283950617284,0.4557716049382716,0.26224738359451294,0.03339541881643587,0.5765719413757324,0.3750137388706207,-2.3946995735168457,1.262210190296173,0.5429177284240723,-0.06723871770481643,-0.0041581534367872985,1.1523518562316895,-2.99289870262146,4.141642093658447,3.9361186027526855,6.621494293212891,11.330944061279297,1.4427332878112793,-1.4204989671707153,6.116530418395996,5.172280311584473,8.842101097106934,13.311017990112305,-8.01623821258545,-0.07387731224298477,8.075712203979492,3.6537904739379883,9.592516899108887,16.549020767211914,1.984112024307251,1.2614927291870117,3.4590330123901367,4.4608354568481445,6.182501792907715,9.722465515136719,1.3271830081939697,0.5390171408653259,4.0340895652771,6.085471153259277,7.906108856201172,11.64132022857666,-6.7446699142456055,1.178696870803833,6.7446699142456055,2.581430673599243,7.451584339141846,12.423056602478027,1.2982608079910278,3.8702597618103027,3.164443016052246,8.016911506652832,9.05384635925293,18.84044647216797,0.24895748496055603,-5.558483123779297,3.364795446395874,8.694462776184082,9.736055374145508,14.758692741394043,-3.7024989128112793,1.8227806091308594,3.713313102722168,3.222278118133545,5.288936138153076,9.553272247314453
110.0,0.0,0.0,0.0,0.0,0.0,0,7.954822063446045,6.972933292388916,15.02306842803955,16.944929122924805,4.723689556121826,-1.6459187269210815,-1.4122958183288574,5.5610857009887695,7.068459987640381,2.168784898070505,220.6315493869966,0.2726377637076879,0.11929287540460569,213.7972536363776,29.737523984518845,29.737523984518845,0.3062039911746979,0.03849287265505183,0.6742229461669922,0.4030621349811554,0.43148148148148147,0.5685185185185185,0.25340041518211365,0.03185494047586523,0.5580840706825256,0.36832109093666077,-0.42260658740997314,-1.2596834301948547,0.10202789306640625,-0.08083458509150622,0.00038371391249329007,5.819627285003662,2.1097400188446045,5.821837902069092,3.776776075363159,7.282462120056152,11.809490203857422,-0.6264792084693909,0.14312903583049774,3.3357865810394287,1.4610435962677002,3.8980872631073,7.185194492340088,-4.26119327545166,-3.7122597694396973,4.267916202545166,4.188231468200684,6.6121110916137695,13.466241836547852,4.14646577835083,2.144766092300415,4.258998870849609,2.8422060012817383,5.651710033416748,10.29889965057373,-1.9226694107055664,3.4902257919311523,2.6197903156280518,3.872779369354248,5.004343509674072,8.756961822509766,-7.5905327796936035,-9.142634391784668,7.5905327796936035,9.234880447387695,12.944009780883789,18.844486236572266,0.3981345593929291,-2.1992299556732178,1.6777199506759644,6.603035926818848,7.173516750335693,11.327717781066895,-3.621422052383423,2.850085735321045,3.765981435775757,7.531408786773682,8.790584564208984,13.831708908081055,-7.1551995277404785,-8.394484519958496,7.594339370727539,10.406248092651367,14.236573219299316,17.86981964111328
110.5,0.0,0.0,0.0,0.0,0.0,0,8.038891792297363,7.7257490158081055,12.9982328414917,15.213431358337402,3.8915274143218994,-2.8220531940460205,1.3534214496612549,5.642840385437012,6.174981117248535,3.129813708582113,154.3782058456547,0.38933397655395874,0.2630465433221413,146.69080042450898,-67.10645321186863,67.10645321186863,0.321463406085968,0.03998851762197713,0.7084539532661438,0.43888789415359497,0.4505246913580247,0.5494753086419754,0.2846319079399109,0.03540685456243888,0.626668393611908,0.40095338225364685,-1.176134467124939,2.7657172679901123,0.08406972885131836,0.14375366791753558,0.001495644966925301,-0.5629878640174866,3.027735948562622,6.917497158050537,3.1408133506774902,8.05091381072998,11.950727462768555,-6.646929740905762,3.256333351135254,7.275712490081787,6.279541969299316,10.106739044189453,18.4856014251709,-1.5770729780197144,8.239612579345703,2.4069206714630127,8.253775596618652,8.898518562316895,12.5276517868042,-2.230511426925659,0.8885212540626526,6.191052436828613,3.20725417137146,7.64655065536499,13.361557006835938,-7.552375316619873,-0.7593522667884827,7.564834117889404,5.437826633453369,10.17973804473877,13.20888900756836,-0.5677877068519592,2.5202414989471436,2.487257957458496,6.142967700958252,6.957552433013916,11.638971328735352,-0.08288800716400146,-3.1616599559783936,3.4249918460845947,6.10768461227417,7.424452781677246,11.01097297668457,-3.8054676055908203,-1.3757858276367188,4.104274749755859,6.315949440002441,7.999144077301025,13.776716232299805,-2.37245774269104,-0.4548529088497162,3.2992663383483887,3.260401964187622,5.086421489715576,8.531530380249023
111.0,0.0,0.0,0.0,0.0,0.0,0,7.582751274108887,6.7081804275512695,13.257364273071289,14.652856826782227,3.7768192291259766,-2.4088518619537354,-2.0806190967559814,6.1908159255981445,4.827497482299805,3.1830085011862055,220.8184492708612,0.4197696042140414,0.34405204960159047,232.48479204542846,85.79399162091948,85.79399162091948,0.2915717363357544,0.03845196648864801,0.6366887092590332,0.3959174156188965,0.510787037037037,0.48921296296296296,0.23890440165996552,0.03150629125465413,0.517598032951355,0.34028100967407227,0.41320133209228516,-3.4340405464172363,-0.45614051818847656,0.08100550627944919,-0.0015365511333291226,-0.8717446327209473,-0.10690279304981232,3.638953447341919,4.741003513336182,6.388391017913818,11.904165267944336,5.701132774353027,1.364976167678833,5.726884841918945,2.8118104934692383,6.5702996253967285,10.816192626953125,-7.359717845916748,-6.319149494171143,7.584766387939453,6.319149494171143,10.958510398864746,15.647819519042969,-3.8536369800567627,-1.531919002532959,5.66309118270874,3.572716236114502,7.319375991821289,13.478727340698242,2.7757654190063477,-0.6062337160110474,3.239975690841675,4.4726643562316895,6.288575172424316,9.523809432983398,-7.235302925109863,-4.882018089294434,7.312511920928955,5.118585109710693,9.850440979003906,13.297101020812988,-7.196962833404541,-2.405945301055908,7.3763017654418945,3.119187116622925,8.699933052062988,17.57989501953125,0.809747576713562,-3.3446412086486816,2.5803065299987793,5.169358730316162,6.252057075500488,9.599446296691895,-4.448945999145508,-0.8937414288520813,4.556246280670166,2.696410655975342,5.917179584503174,8.615882873535156
111.5,0.0,0.0,0.0,0.0,0.0,0,7.306271076202393,6.894879341125488,11.991144180297852,13.740700721740723,4.779591083526611,-3.400339126586914,0.7058191299438477,4.629156112670898,6.537317752838135,3.472821161533163,168.2734604838258,0.47532060134541904,0.41556213572113154,182.70217069101196,-49.782621354416506,49.782621354416506,0.29925063252449036,0.040958046648603995,0.6511931419372559,0.40707945823669434,0.48867283950617285,0.5113271604938272,0.24694111943244934,0.033798511314240956,0.5391301512718201,0.3670912981033325,-0.9914872646331787,2.786438226699829,-0.27648019790649414,0.07151008611954107,0.0025060801599559868,-4.748141288757324,1.766567349433899,4.861732006072998,11.253888130187988,12.822009086608887,29.61440658569336,-6.908105373382568,1.442878246307373,6.931545257568359,2.8438830375671387,7.735955715179443,12.308916091918945,-4.823765754699707,0.9843820929527283,7.141575336456299,3.622836112976074,8.288257598876953,12.583272933959961,-3.3420467376708984,-2.03559947013855,3.6685943603515625,4.149434566497803,5.7997894287109375,10.684850692749023,-3.1827449798583984,-1.6326547861099243,3.3210394382476807,2.3030762672424316,4.427137851715088,8.312289237976074,-1.5558828115463257,3.2751758098602295,3.954106330871582,4.154726982116699,6.208417892456055,13.509480476379395,-3.9554061889648438,-1.007037878036499,4.750199794769287,2.684556245803833,5.925526142120361,10.102272033691406,-4.179487228393555,-1.675658941268921,4.414787292480469,4.31495475769043,7.124236106872559,10.455228805541992,2.0925309658050537,5.234319686889648,3.410768747329712,5.508199691772461,7.425114154815674,10.73238754272461
112.0,0.0,0.0,0.0,0.0,0.0,0,6.955264091491699,6.712320804595947,12.010581016540527,13.713725090026855,3.7591042518615723,-1.1966626644134521,-0.009023678489029408,6.2505364418029785,4.690978050231934,1.1966966863723556,180.43204230331978,0.17205625417390866,0.09825366080476026,146.29799740617258,-36.40417328483937,36.40417328483937,0.30091413855552673,0.04326422280059918,0.6386065483093262,0.4311959445476532,0.5057716049382716,0.4942283950617284,0.249129518866539,0.03581883876306835,0.5288429856300354,0.3593878448009491,2.203676462173462,-0.7148428084328771,-0.35100698471069336,-0.31730847491637126,0.0023061761519951873,-2.261693000793457,-4.195271968841553,6.578161716461182,4.323180198669434,8.245328903198242,16.439416885375977,-7.8261260986328125,-0.31475532054901123,7.8261260986328125,3.037062406539917,8.84520149230957,11.568122863769531,0.18514926731586456,2.5881359577178955,2.649674654006958,2.7081475257873535,4.089768409729004,6.647171497344971,-2.8216726779937744,0.27198052406311035,3.944841146469116,4.688325881958008,6.445027828216553,12.12186050415039,-6.6032233238220215,-0.14554816484451294,6.6032233238220215,3.3604378700256348,7.794036388397217,10.75424575805664,3.585040807723999,2.1540162563323975,5.02389669418335,3.0701990127563477,6.510127067565918,11.307043075561523,0.24258297681808472,0.8868643641471863,2.7362728118896484,4.022921085357666,5.1199049949646,9.414917945861816,-3.391908884048462,-0.9159533977508545,3.6627416610717773,5.4425835609436035,6.834135055541992,10.246780395507812,8.121886253356934,-0.4106811583042145,8.176848411560059,2.3230350017547607,8.713848114013672,14.386072158813477
112.5,0.0,0.0,0.0,0.0,0.0,0,7.055737018585205,6.69324254989624,11.904083251953125,13.041624069213867,3.4316065311431885,1.0619897842407227,-1.2003003358840942,5.470716953277588,5.390923500061035,1.6026675257691865,311.50143922999257,0.22714388610965386,0.18605652278187804,293.10757482466823,146.80957741849568,146.80957741849568,0.29730328917503357,0.042136384371403844,0.6384105086326599,0.40024566650390625,0.4970679012345679,0.5029320987654321,0.2561376094818115,0.03630202946979194,0.5563909411430359,0.3398645520210266,2.258652448654175,-1.1912766573950648,0.10047292709350586,0.08780286197711777,-0.001127838429195338,1.14723539352417,-4.942492485046387,5.101546287536621,5.135643482208252,7.826195240020752,12.377840042114258,-2.158141613006592,3.5224761962890625,4.106870174407959,3.8500096797943115,5.8911638259887695,11.276461601257324,-2.2047746181488037,-5.124812126159668,3.7523839473724365,5.64016056060791,7.434407711029053,10.765585899353027,3.965719223022461,-3.7413058280944824,5.554283618927002,4.059714317321777,7.952093124389648,15.269343376159668,0.8300234079360962,4.068291187286377,4.358089923858643,4.758051872253418,7.115747451782227,12.181062698364258,0.5361853241920471,-3.6306076049804688,2.2364776134490967,4.061156272888184,5.124728202819824,8.728139877319336,5.269931316375732,-4.1091413497924805,5.941121578216553,5.069758892059326,9.36905574798584,13.236100196838379,2.2315051555633545,4.038975715637207,2.961170196533203,5.381406307220459,6.795262813568115,11.8621244430542,-0.05977505072951317,-0.884087324142456,4.458364009857178,3.2018072605133057,5.992978096008301,8.39708423614502
113.0,0.0,0.0,0.0,0.0,0.0,0,8.83724308013916,8.58854866027832,13.908244132995605,15.840534210205078,3.9285364151000977,-4.053672790527344,-1.0187489986419678,6.759154796600342,5.511260509490967,4.179726380386132,194.10713639251694,0.4729672299927631,0.3887460822101758,209.726348282898,-83.38122654177025,83.38122654177025,0.2949971556663513,0.033381125721007134,0.6397520303726196,0.39857006072998047,0.4556327160493827,0.5443672839506173,0.2194034904241562,0.024827139369981197,0.4819323718547821,0.2982560694217682,-5.115662574768066,0.18155133724212646,1.781506061553955,0.20268955942829778,-0.00875525865039671,-10.36740493774414,3.2973554134368896,10.420333862304688,5.875757694244385,12.466109275817871,17.63844108581543,4.522251605987549,-7.066825866699219,4.527734279632568,7.167401313781738,8.966217041015625,11.423521041870117,-5.916566848754883,5.6256184577941895,7.913238048553467,5.6577935218811035,11.019250869750977,16.78257942199707,-8.125960350036621,-0.9221988916397095,8.133480072021484,3.132967233657837,9.075028419494629,12.822303771972656,2.812547445297241,-2.2726452350616455,3.395108699798584,3.4708659648895264,5.443870544433594,8.525932312011719,-6.503889083862305,-0.24675191938877106,8.32754898071289,3.0381901264190674,9.1719331741333,14.0205717086792,-7.724324703216553,-2.385488271713257,7.724854469299316,4.751641273498535,9.704739570617676,15.283642768859863,0.9750470519065857,-1.3677302598953247,2.4366981983184814,5.052120685577393,6.121397018432617,9.627159118652344,-6.154756546020508,-3.83007550239563,6.259817600250244,3.89636492729187,7.566646099090576,11.399417877197266
113.5,0.0,0.0,0.0,0.0,0.0,0,8.738005638122559,8.085200309753418,15.435942649841309,17.142925262451172,4.8413801193237305,-3.6975955963134766,1.0880604982376099,5.29986047744751,7.539700984954834,3.854359718773261,163.6028672921058,0.44110291048077255,0.42528330515172647,168.81255136121064,-40.91379692168735,40.91379692168735,0.306985080242157,0.035132163770948514,0.6721678376197815,0.417890340089798,0.4106944444444444,0.5893055555555555,0.2642844021320343,0.030245388116209793,0.5651900768280029,0.37063467502593994,0.3560771942138672,2.1068094968795776,-0.09923744201660156,0.03653722294155065,0.0017510380499413808,-4.654356956481934,7.471690654754639,4.654665470123291,7.474890232086182,9.136861801147461,16.188295364379883,-4.514875411987305,12.671022415161133,5.444785118103027,13.072700500488281,14.729303359985352,19.518146514892578,-9.12299633026123,-1.341148853302002,9.12299633026123,4.817844867706299,10.649991989135742,14.744942665100098,-2.4692811965942383,-2.761676788330078,3.0991337299346924,4.635120868682861,6.265153408050537,13.052351951599121,-2.834474802017212,4.601129055023193,4.732041358947754,5.676678657531738,7.891392230987549,12.517218589782715,-7.854645252227783,-3.219360589981079,7.854645252227783,4.3499836921691895,9.27425765991211,15.43460750579834,2.064448833465576,-3.4122214317321777,2.722036123275757,4.829082489013672,5.844155788421631,13.704654693603516,2.170210599899292,-1.0780003070831299,3.7733986377716064,4.883218288421631,6.573731422424316,10.55113697052002,-6.062389850616455,-3.1388888359069824,6.101054668426514,4.516162872314453,8.277201652526855,13.846611022949219
114.0,0.0,0.0,0.0,0.0,0.0,0,5.98775577545166,5.437067985534668,10.902594566345215,12.299394607543945,3.3493435382843018,0.5206860303878784,-0.42044392228126526,4.085171222686768,5.471270561218262,0.6692436283031324,321.0797945255084,0.11176869154331048,0.07035424204747703,306.2922941510041,137.47974278979348,137.47974278979348,0.26200658082962036,0.04375705137252457,0.5611716508865356,0.36118581891059875,0.5485493827160494,0.45145061728395064,0.2326447069644928,0.03885339964346569,0.5123695731163025,0.32344087958335876,4.218281626701355,-1.5085044205188751,-2.7502498626708984,-0.35492906310424943,0.008624887601576058,-0.40303269028663635,-5.9579949378967285,1.924181342124939,6.001543998718262,6.774162292480469,12.526626586914062,3.619654417037964,-4.19052791595459,4.583684921264648,5.717195987701416,8.059510231018066,11.554777145385742,3.5857155323028564,-0.5766841769218445,4.189620018005371,3.1775667667388916,6.394601821899414,11.15723991394043,2.067009687423706,-3.8394663333892822,2.885899066925049,4.56599235534668,5.923110485076904,9.424398422241211,1.9239529371261597,-1.6513434648513794,4.027766704559326,3.025787830352783,5.263028621673584,9.29016399383545,-2.999267816543579,4.532617092132568,3.450695514678955,4.981407165527344,6.797994613647461,13.163187026977539,1.6085596084594727,0.23974022269248962,2.526806592941284,1.609134554862976,3.2592790126800537,5.6266703605651855,-2.2798101902008057,2.7072975635528564,2.8716232776641846,3.059847593307495,4.446145057678223,8.281733512878418,-2.4366073608398438,4.952365875244141,3.530458927154541,5.317348957061768,6.971962928771973,11.657220840454102
114.5,0.0,0.0,0.0,0.0,0.0,0,6.2981133460998535,5.931488037109375,10.948078155517578,12.485546112060547,3.5181665420532227,1.1017212867736816,-2.554335355758667,4.3181304931640625,5.065476894378662,2.781801377418778,293.33122589917264,0.44168804601483175,0.3186849058674381,311.69262844139155,5.400334290387434,5.400334290387434,0.2592821717262268,0.04116822234051513,0.5546465516090393,0.34559136629104614,0.5221141975308642,0.4778858024691358,0.224550262093544,0.03565357022020379,0.46994566917419434,0.30389028787612915,0.5810352563858032,-2.1338914334774017,0.31035757064819336,0.24833066381996105,-0.0025888290320094445,3.988384962081909,-3.2904937267303467,4.281079292297363,4.258477687835693,6.475279808044434,9.545570373535156,-3.2293496131896973,-7.653869152069092,4.380917549133301,9.401748657226562,10.543024063110352,16.428173065185547,1.044319987297058,-3.4429895877838135,2.193866729736328,4.0680999755859375,4.991325378417969,9.11672592163086,4.70289421081543,-3.6899397373199463,4.7029314041137695,5.235388278961182,7.53518533706665,11.05648422241211,-0.30550482869148254,-3.039565324783325,2.459378242492676,4.373931407928467,5.384243488311768,11.967046737670898,-1.2120895385742188,1.8199154138565063,3.251873254776001,3.2568304538726807,5.194659233093262,7.837800025939941,3.5632855892181396,-4.572913646697998,3.6771786212921143,4.83701753616333,6.319090366363525,10.418506622314453,2.9444477558135986,-0.43428748846054077,3.2208240032196045,2.8539955615997314,4.772519111633301,7.948383331298828,-1.5808968544006348,1.3151251077651978,4.7213592529296875,1.9936954975128174,5.467693328857422,10.042078018188477
115.0,0.0,0.0,0.0,0.0,0.0,0,7.160417556762695,7.011107921600342,11.510282516479492,12.705354690551758,3.244171380996704,1.0590966939926147,-2.2019810676574707,5.318506717681885,5.247790336608887,2.443441513428963,295.68636687113354,0.34124288060844177,0.23094218288332652,294.0370381456197,-17.655590295771844,17.655590295771844,0.2526850998401642,0.03528915214062653,0.5433107018470764,0.3490926921367645,0.4567901234567901,0.5432098765432098,0.2506263554096222,0.03500163480986971,0.5376688838005066,0.3456597626209259,-0.042624592781066895,0.3523542881011963,0.8623042106628418,-0.08774272298411157,-0.005879070199888599,-1.431702733039856,1.8512545824050903,4.354946136474609,3.6636955738067627,6.002461910247803,9.99257755279541,-3.9545817375183105,2.0550639629364014,3.99523663520813,2.9726755619049072,5.25991678237915,8.04321002960205,-4.269208908081055,-6.688604831695557,5.034900188446045,6.688604831695557,8.914276123046875,12.522542953491211,0.8564872145652771,0.5880789756774902,4.086648464202881,3.09386944770813,5.460472106933594,9.246506690979004,-0.28153902292251587,0.527631402015686,2.4674277305603027,4.409360885620117,5.446536064147949,8.577366828918457,1.5140844583511353,-5.490963935852051,3.130725622177124,5.4928178787231445,6.775922775268555,9.804864883422852,7.982645034790039,-2.054009199142456,7.983048439025879,4.330447196960449,9.51245403289795,13.441534042358398,4.07697868347168,-5.580197811126709,4.194240093231201,6.699941635131836,8.628625869750977,13.904141426086426,5.038707256317139,-5.026083946228027,5.04271936416626,5.049911975860596,8.443089485168457,11.187113761901855
115.5,0.0,0.0,0.0,0.0,0.0,0,7.270819664001465,7.199165344238281,11.737558364868164,13.055814743041992,3.418515205383301,2.515181303024292,0.9605776071548462,4.613884449005127,6.001190185546875,2.692368163244081,20.902450540134915,0.37029775013871646,0.2878718505039828,16.359694922003207,82.3226567763835,82.3226567763835,0.2596032917499542,0.03570481294295638,0.5739757418632507,0.35588663816452026,0.5690432098765432,0.4309567901234568,0.2392686903476715,0.03290807206018901,0.5298332571983337,0.33974337577819824,1.4560846090316772,3.162558674812317,0.11040210723876953,0.056929667620656266,0.0004156608023298536,1.9985511302947998,-4.091763973236084,4.100380897521973,5.755906581878662,7.872705459594727,11.29139232635498,-1.6200165748596191,4.337449073791504,2.9122180938720703,7.715575695037842,8.555228233337402,15.72812271118164,5.010839939117432,-4.819657325744629,5.9095659255981445,4.839093208312988,7.720763683319092,12.05771541595459,2.893728017807007,-1.2153702974319458,3.9364545345306396,3.393784761428833,5.763012886047363,8.76000690460205,-0.2471330165863037,4.875250816345215,2.233722448348999,6.942331314086914,7.730457782745361,12.281379699707031,5.336691856384277,-1.674986481666565,5.780309677124023,2.728588819503784,6.653670787811279,12.96285343170166,7.656877040863037,3.3085286617279053,7.656877040863037,3.3899717330932617,8.525308609008789,11.413605690002441,1.1939502954483032,6.9605607986450195,2.612571954727173,6.964134216308594,7.916566848754883,11.132843017578125,0.41314277052879333,0.9651874303817749,2.863283634185791,3.1822071075439453,4.6996612548828125,7.134825706481934
116.0,0.0,0.0,0.0,0.0,0.0,0,4.627009868621826,4.3310627937316895,7.9245452880859375,8.950209617614746,2.5143754482269287,-0.35581445693969727,-0.6825836896896362,3.62434720993042,3.7420437335968018,0.769756079026083,242.4680526319366,0.16636145175444764,0.13377140787667735,230.14989741577787,-146.2097975062253,146.2097975062253,0.2498483955860138,0.053997797429084525,0.5454514622688293,0.3550184369087219,0.4897993827160494,0.5102006172839506,0.22060200572013855,0.04767700184500447,0.4619448781013489,0.3191187083721161,-2.8709957599639893,-1.6431612968444824,-2.6438097953796387,-0.15410044262730543,0.018292984486128143,-2.691028594970703,-2.018059253692627,3.6521995067596436,3.256908893585205,5.380894184112549,8.040399551391602,-2.216702938079834,-2.519968271255493,2.538360834121704,3.765833854675293,4.876879692077637,7.463431358337402,0.3019004166126251,3.9049973487854004,1.8920649290084839,4.497982501983643,5.271365642547607,9.646027565002441,-1.507615327835083,-1.331396460533142,2.9759702682495117,2.5465829372406006,4.279669284820557,6.988195896148682,0.3536403477191925,-3.286181926727295,1.670780897140503,3.7505605220794678,4.6681694984436035,8.723102569580078,1.3171920776367188,2.6632297039031982,2.9282383918762207,2.94226336479187,4.545368671417236,7.8618245124816895,1.1587963104248047,-1.9786028861999512,3.9930038452148438,2.4654335975646973,4.9336137771606445,8.696247100830078,-1.4245961904525757,-1.6482452154159546,2.80621337890625,1.8439586162567139,3.769986629486084,5.547839641571045,1.5060838460922241,0.07097321003675461,3.352586507797241,1.4495831727981567,3.917145013809204,7.521265506744385
116.5,0.0,0.0,0.0,0.0,0.0,0,5.081023216247559,4.877906799316406,8.964098930358887,10.729127883911133,2.8038833141326904,0.2129405289888382,-0.3683358132839203,4.290247440338135,3.8847548961639404,0.4254585058893208,300.03285919929795,0.08373480847889744,0.06720582999731674,304.0949212671309,73.94502385135306,73.94502385135306,0.25751057267189026,0.05068083947493309,0.5470957159996033,0.3505870997905731,0.5123611111111112,0.4876388888888889,0.20339348912239075,0.04003001766297446,0.4460165500640869,0.2824100852012634,0.5687549859285355,0.31424787640571594,0.4540133476257324,-0.06656557787936061,-0.003316957954151434,0.7988004684448242,-1.4124794006347656,3.3175246715545654,2.5892746448516846,4.828097820281982,7.555950164794922,-0.9161368012428284,-2.546239137649536,2.278724193572998,5.94486665725708,6.759782791137695,11.528533935546875,1.0036689043045044,-2.9362831115722656,1.5230509042739868,3.450866937637329,3.9594411849975586,6.402656555175781,-2.137784481048584,0.4220805764198303,5.009740352630615,2.252777576446533,5.676380157470703,8.266901016235352,-1.168627381324768,2.3705646991729736,2.934033155441284,2.512678384780884,4.1431074142456055,7.337369441986084,3.4005470275878906,0.22804313898086548,4.314748764038086,1.7866617441177368,4.812319278717041,8.92104434967041,-0.8966540694236755,-0.38324546813964844,1.884062647819519,1.7886110544204712,2.785489320755005,4.709719657897949,1.7479090690612793,2.3863792419433594,5.898280143737793,4.051063060760498,7.76047945022583,11.33541488647461,0.08474168926477432,-1.4438421726226807,3.8142127990722656,2.336757183074951,5.004112720489502,8.800006866455078
117.0,0.0,0.0,0.0,0.0,0.0,0,5.911782264709473,5.364312648773193,11.495938301086426,12.497655868530273,3.556854248046875,1.6022515296936035,1.598220944404602,4.692586898803711,4.523107051849365,2.2630775840741806,44.92784334006709,0.38280800657758945,0.2857522980080424,49.53066205289835,105.4357407857674,105.4357407857674,0.25218722224235535,0.04265840118797873,0.5410590171813965,0.3376794457435608,0.5123765432098766,0.4876234567901235,0.21508972346782684,0.0363832220899927,0.4541736841201782,0.2965176999568939,1.3893110007047653,1.9665567576885223,0.8307590484619141,0.2185464680107257,-0.008022438286954363,-0.7970837354660034,-0.37903982400894165,1.8832706212997437,4.468158721923828,5.1078267097473145,8.044120788574219,-1.9559426307678223,3.5571975708007812,2.9038403034210205,3.6934781074523926,4.964863300323486,8.427989959716797,-0.0735592469573021,1.5878499746322632,1.708949089050293,2.3353424072265625,3.176406145095825,5.56785249710083,2.753643274307251,-1.9825174808502197,3.3932316303253174,3.3019065856933594,5.453367710113525,8.427783966064453,0.18629387021064758,2.6638593673706055,3.320770502090454,3.095940113067627,4.928833484649658,8.81309986114502,4.82347297668457,4.117435455322266,5.028627872467041,4.585599899291992,7.258368015289307,12.845510482788086,-1.4723104238510132,-2.9586639404296875,3.230980157852173,3.429791212081909,4.903085708618164,11.236669540405273,1.9502161741256714,2.1876580715179443,3.913389205932617,4.323518753051758,6.070437431335449,10.970913887023926,9.005533218383789,5.590209484100342,9.005533218383789,6.128767967224121,11.342853546142578,13.88704776763916
117.5,0.0,0.0,0.0,0.0,0.0,0,6.441596031188965,6.2667999267578125,10.507566452026367,11.963296890258789,3.1338613033294678,0.5529917478561401,0.2573849856853485,4.679268836975098,5.389586925506592,0.6099564771795082,24.95919549793974,0.0946902715144223,0.10577550815277811,20.1805308127335,-29.350131240164842,29.350131240164842,0.2803512513637543,0.043522010148469056,0.6078344583511353,0.3830978572368622,0.44384259259259257,0.5561574074074074,0.22550354897975922,0.035007397682269584,0.4836990237236023,0.3045497238636017,-1.0492597818374634,-1.3408359587192535,0.5298137664794922,-0.1799767898552643,0.000863608960490328,-0.0741959735751152,-1.3276994228363037,4.5794572830200195,2.6393675804138184,5.632169246673584,10.157429695129395,1.2384023666381836,5.001345634460449,5.178301811218262,5.008246421813965,7.585373878479004,9.843463897705078,-1.3542996644973755,4.00206995010376,3.162480115890503,4.155972957611084,5.747100353240967,10.03433609008789,0.9897355437278748,-2.942610740661621,1.9848097562789917,3.7465693950653076,4.477147579193115,7.397978782653809,2.2837016582489014,-0.3858605921268463,3.697849750518799,3.1373751163482666,5.252146244049072,8.540448188781738,-0.9450588226318359,4.758781433105469,3.559962749481201,6.047161102294922,7.463296890258789,11.946706771850586,-1.2901633977890015,-3.1797142028808594,2.3796653747558594,4.075996398925781,5.079895973205566,8.341581344604492,2.625990867614746,-7.390556812286377,3.1826748847961426,7.390556812286377,8.418609619140625,12.993651390075684,1.5028133392333984,3.780709743499756,5.352872371673584,5.344536781311035,8.318626403808594,13.181246757507324
118.0,0.0,0.0,0.0,0.0,0.0,0,7.153027057647705,6.62258243560791,12.910390853881836,14.627264022827148,3.8935093879699707,1.1123830080032349,-0.990027666091919,5.620358943939209,5.702563285827637,1.489144296608538,318.330722257408,0.2081837919257428,0.0524338046877826,274.52026467514855,-105.66026613758493,105.66026613758493,0.2820360064506531,0.039428896989871655,0.6027542948722839,0.38426992297172546,0.5202777777777777,0.4797222222222222,0.25691935420036316,0.035917565558222043,0.5396313667297363,0.3784750998020172,0.5593912601470947,-1.2474126517772675,0.7114310264587402,-0.05334170346499551,-0.0040931131585974015,1.5290533304214478,2.1239373683929443,4.000290393829346,4.159733772277832,6.112405776977539,10.1173095703125,-2.413928747177124,-1.3075151443481445,3.1649372577667236,2.041114091873169,4.19536828994751,7.05929708480835,-0.4608224928379059,-4.15056848526001,4.627039909362793,4.434494495391846,7.0214033126831055,11.444939613342285,0.016691233962774277,4.291237831115723,2.2575998306274414,4.7289276123046875,5.534030914306641,9.984245300292969,-1.9994770288467407,-0.48253369331359863,3.778623104095459,3.377864122390747,5.87652063369751,9.7459135055542,4.321837425231934,-6.565886497497559,7.593057155609131,6.966679096221924,10.785168647766113,15.64383316040039,0.7461905479431152,4.187438488006592,2.8752152919769287,4.29857063293457,5.645444393157959,8.523439407348633,-0.7266317009925842,-1.4776462316513062,2.8419477939605713,6.2120747566223145,7.318418502807617,12.221360206604004,8.998536109924316,-5.528713226318359,9.521674156188965,5.566135883331299,11.888484001159668,15.312311172485352
118.5,0.0,0.0,0.0,0.0,0.0,0,5.66964054107666,5.192442893981934,9.888569831848145,11.361361503601074,3.2171146869659424,0.9304056763648987,-0.9856612682342529,5.441774368286133,3.323336362838745,1.355427186649722,313.34816052188864,0.23906756995079753,0.1636438542407472,310.64456586665375,36.1243011915052,36.1243011915052,0.28392574191093445,0.05007825271736971,0.6005727052688599,0.394363135099411,0.4627006172839506,0.5372993827160494,0.23836678266525269,0.04204265489066299,0.4992321729660034,0.3201042413711548,-0.18197733163833618,0.004366397857666016,-1.483386516571045,0.1112100495529646,0.010649355727498054,6.998432159423828,1.1249828338623047,7.219666004180908,2.7351067066192627,8.283280372619629,16.02625846862793,-3.8068881034851074,-0.28773438930511475,4.111383438110352,2.7104828357696533,5.411525249481201,9.987892150878906,-2.6163885593414307,-1.0733176469802856,4.7802324295043945,1.828783392906189,5.35398006439209,9.426799774169922,4.018381118774414,-0.6518847942352295,4.114758491516113,2.5166611671447754,5.174983501434326,8.107275009155273,-0.5688916444778442,-1.211485505104065,2.6468636989593506,2.1545608043670654,3.8617920875549316,6.012969493865967,0.8135921359062195,1.076755404472351,3.302842855453491,2.0167903900146484,4.1465163230896,5.884068965911865,4.226787090301514,-3.9689245223999023,4.462642192840576,4.626645088195801,6.859706878662109,10.615251541137695,-0.5789961218833923,-3.669384717941284,1.9312705993652344,4.05212926864624,4.860447406768799,8.137469291687012,-0.11237779259681702,-0.20995843410491943,6.344357490539551,2.327923536300659,7.074535369873047,11.191542625427246
119.0,0.0,0.0,0.0,0.0,0.0,0,7.232770919799805,7.2095208168029785,11.143577575683594,12.25236701965332,2.920072078704834,-1.346801996231079,4.675840377807617,4.924037933349609,3.5939226150512695,4.865938640775087,106.06821056010652,0.6727627205023896,0.6545405756771688,113.21467008669332,162.57010422003958,162.57010422003958,0.25844961404800415,0.03573313480831534,0.5472925901412964,0.3640432357788086,0.5593827160493827,0.4406172839506173,0.21340486407279968,0.029505266644535157,0.46182674169540405,0.30246642231941223,-2.277207672595978,5.66150164604187,1.5631303787231445,0.4908967214364216,-0.014345117909054371,-2.362501621246338,2.8081235885620117,2.947213649749756,4.552481651306152,5.651241302490234,9.367280006408691,1.8058757781982422,5.946918487548828,6.33943510055542,5.947706699371338,9.322093963623047,13.258468627929688,-1.6142922639846802,3.715834617614746,4.963098049163818,3.9040565490722656,6.68791389465332,11.786280632019043,-3.336848497390747,0.8292837142944336,3.457329034805298,1.8557841777801514,4.243587017059326,5.835994720458984,0.6274855732917786,6.137975692749023,2.484480619430542,6.911969184875488,7.7084550857543945,11.048713684082031,-0.979880154132843,5.71259880065918,4.19138240814209,5.71259880065918,7.331623077392578,9.510948181152344,-4.660684585571289,3.981903314590454,4.74268102645874,4.097530364990234,6.593566417694092,9.54855728149414,-3.0358316898345947,6.356429100036621,3.1630754470825195,6.479397296905518,7.60174036026001,9.855674743652344,1.435459852218628,6.59350061416626,6.096152305603027,6.98388147354126,9.95471477508545,12.93526554107666
119.5,0.0,0.0,0.0,0.0,0.0,0,6.86397123336792,6.499645233154297,11.897335052490234,12.938419342041016,3.456829309463501,0.22574013471603394,2.9196248054504395,5.208878040313721,4.832825183868408,2.928338712140918,85.57878960974801,0.4266245607069773,0.37563241495280064,83.43315541752142,-29.781514669171884,29.781514669171884,0.2801961898803711,0.04082128836685114,0.5940484404563904,0.3945455551147461,0.4877314814814815,0.5122685185185185,0.2225114405155182,0.032417299043521815,0.4878716468811035,0.31118619441986084,1.572542130947113,-1.7562155723571777,-0.36879968643188477,-0.2789081607243682,0.005088153558535799,-0.8200443387031555,3.6736807823181152,5.057285308837891,3.880021095275879,7.079133033752441,10.507203102111816,-4.817486763000488,3.615339517593384,6.383378982543945,3.74595046043396,7.79929256439209,13.963247299194336,-3.7181363105773926,-0.26100605726242065,4.242039203643799,2.752138376235962,5.285221576690674,7.817711353302002,-0.6779361963272095,3.758350133895874,2.756082057952881,4.236332416534424,5.854219913482666,9.009340286254883,-1.1873136758804321,4.5243401527404785,3.1819512844085693,4.740999221801758,6.083973407745361,11.051630020141602,0.30640849471092224,2.875966787338257,3.4739599227905273,3.055283308029175,5.01003885269165,8.666802406311035,3.1851296424865723,0.2263011336326599,3.293543815612793,6.388365745544434,7.6275553703308105,11.845979690551758,3.8389692306518555,-1.1081746816635132,4.044948101043701,3.338379383087158,5.691565036773682,9.513375282287598,5.92207145690918,8.971826553344727,5.940062999725342,8.971826553344727,11.344742774963379,14.31645679473877
120.0,0.0,0.0,0.0,0.0,0.0,0,7.487720012664795,7.27973747253418,11.71021556854248,14.234286308288574,3.382237434387207,-2.4899251461029053,2.42781925201416,6.124575614929199,4.230959892272949,3.477647704073282,135.72354644068363,0.46444681400895843,0.4134887710533041,129.74500364391568,46.31184822639426,46.31184822639426,0.2713029980659485,0.036233053769907334,0.5731769800186157,0.3847201466560364,0.4792592592592593,0.5207407407407407,0.24379312992095947,0.03255905628810231,0.5119645595550537,0.33399489521980286,-2.715665280818939,-0.4918055534362793,0.623748779296875,0.037856356100503474,-0.0045882345969438035,-9.498210906982422,2.7226405143737793,9.498210906982422,3.1981632709503174,10.349390029907227,15.39184284210205,3.2356600761413574,5.000959396362305,8.082037925720215,5.181991100311279,10.578612327575684,15.071406364440918,0.26335224509239197,3.779791831970215,3.6677653789520264,4.592650890350342,6.134463310241699,10.505929946899414,-8.23086166381836,0.7946280241012573,8.23086166381836,2.2695271968841553,8.69343090057373,11.731701850891113,-0.9838470220565796,3.5324623584747314,4.016436576843262,3.537661075592041,5.601158618927002,9.117630004882812,0.07961363345384598,3.290796995162964,3.1695518493652344,3.760782241821289,5.272767066955566,10.136667251586914,-3.3001625537872314,-3.0726306438446045,5.125034332275391,3.8272368907928467,6.877636909484863,10.617612838745117,-4.2456583976745605,4.777446746826172,4.246354103088379,4.780755043029785,6.8710126876831055,10.12983226776123,0.27078503370285034,1.0242801904678345,2.949314832687378,5.827538013458252,7.011009693145752,9.376997947692871
120.5,0.0,0.0,0.0,0.0,0.0,0,5.6826581954956055,5.195542812347412,10.33072280883789,12.054512023925781,3.318922996520996,0.7912101745605469,0.5456774234771729,4.790391445159912,4.40865421295166,0.9611333886723616,34.5930362863037,0.1691344711589745,0.09397615994529633,48.38458940745346,-81.36041423646222,81.36041423646222,0.25619208812713623,0.045083134376632764,0.5625994801521301,0.35478946566581726,0.4993364197530864,0.5006635802469136,0.23982322216033936,0.042202640332616934,0.5201157331466675,0.3200903832912445,3.281135320663452,-1.8821418285369873,-1.8050618171691895,-0.31951261110800777,0.00885008060672543,-0.22869844734668732,3.9105777740478516,2.499115467071533,8.142457962036133,8.866515159606934,12.235848426818848,8.651844024658203,0.07764458656311035,8.715569496154785,1.6503825187683105,8.98993968963623,14.157567024230957,-0.8994149565696716,-1.5395814180374146,5.386763095855713,3.3047938346862793,6.79644250869751,11.358275413513184,-1.593799352645874,1.379054069519043,2.3407254219055176,3.9259209632873535,5.024662017822266,8.016172409057617,0.05607418343424797,-1.5811254978179932,3.277315855026245,2.2711780071258545,4.253401279449463,6.647441864013672,2.196293830871582,1.6730018854141235,3.5463595390319824,2.955782890319824,5.055932521820068,8.273416519165039,-0.0337391160428524,2.7315831184387207,2.1129841804504395,3.5760457515716553,4.565244197845459,8.195100784301758,-1.8782882690429688,-2.459839344024658,2.1780552864074707,2.7766857147216797,3.9651598930358887,7.900073051452637,0.850619912147522,0.719781756401062,2.9851720333099365,1.6317179203033447,3.626633644104004,5.856014728546143
121.0,0.0,0.0,0.0,0.0,0.0,0,4.455155849456787,4.190081596374512,7.918560981750488,8.89995288848877,2.4003915786743164,0.34050464630126953,1.2241877317428589,3.503222703933716,3.423907995223999,1.2706608582554506,74.45622961427335,0.2852113149779892,0.21630445026125916,79.78892293980115,31.404333532347692,31.404333532347692,0.2514256238937378,0.05643474122002997,0.5439159870147705,0.33574676513671875,0.4839351851851852,0.5160648148148148,0.20891089737415314,0.046891928709451705,0.4519173800945282,0.2778574526309967,-0.45070552825927734,0.678510308265686,-1.2275023460388184,0.12232829031596283,0.011351606843397206,-0.13544781506061554,3.36814022064209,3.0146267414093018,3.839540958404541,5.500342845916748,8.876968383789062,1.0935794115066528,3.458115816116333,1.7479642629623413,4.3527116775512695,4.83735990524292,8.837310791015625,3.6823806762695312,0.6301369667053223,3.745342493057251,2.3928308486938477,4.787088871002197,6.289126873016357,-0.08418084681034088,1.5721864700317383,2.12973690032959,2.7674946784973145,3.7545337677001953,6.0289106369018555,0.4712175726890564,-0.4258514940738678,1.7125164270401,2.9562644958496094,3.6190083026885986,6.322829246520996,0.5809329748153687,1.9469212293624878,3.541396379470825,2.2845041751861572,4.489774227142334,8.700601577758789,-2.2393150329589844,1.0945836305618286,2.380673885345459,2.1076791286468506,3.5042307376861572,5.841835021972656,-0.13550031185150146,-2.4239745140075684,1.933363676071167,3.5971486568450928,4.306579113006592,6.860743045806885,-0.16912470757961273,1.7974315881729126,4.553221702575684,2.1519055366516113,5.297486782073975,9.918923377990723
121.5,0.0,0.0,0.0,0.0,0.0,0,6.270848751068115,5.9036335945129395,10.686731338500977,12.171006202697754,3.2838003635406494,0.8941774368286133,1.053841233253479,5.292130947113037,4.493340015411377,1.3820762039188006,49.68561162143348,0.22039699230242019,0.16939851917194956,32.97293420929224,-46.815988730508906,46.815988730508906,0.26357823610305786,0.04203229969880278,0.567976176738739,0.3604067265987396,0.47516975308641973,0.5248302469135803,0.23024117946624756,0.03671610524985557,0.4878179132938385,0.30080050230026245,0.5536727905273438,-0.17034649848937988,1.8156929016113281,-0.0469059310893096,-0.014402441521227188,6.075421333312988,0.7227107882499695,6.2389140129089355,3.2709920406341553,7.427357196807861,10.589512825012207,-4.85914421081543,3.10211181640625,5.013762950897217,5.7892303466796875,8.003606796264648,13.895441055297852,-0.11496615409851074,0.39696091413497925,7.4156813621521,4.419123649597168,9.029927253723145,12.764266967773438,4.351199626922607,2.3207671642303467,4.8262939453125,3.2571017742156982,6.463736057281494,10.596590042114258,-2.1486082077026367,2.175955057144165,3.908130407333374,4.138913154602051,6.368832588195801,10.859394073486328,1.7344310283660889,-0.5369502902030945,3.7158615589141846,2.0366480350494385,4.563945770263672,8.449992179870605,0.25362300872802734,0.7726067900657654,3.8802127838134766,2.1083831787109375,4.776697158813477,7.733018398284912,1.6044501066207886,-1.1851799488067627,2.2157835960388184,4.635061740875244,5.3653459548950195,7.918703556060791,1.1511908769607544,1.7155885696411133,2.107675313949585,3.343935251235962,4.4381914138793945,8.328507423400879
122.0,0.0,0.0,0.0,0.0,0.0,0,6.842681407928467,6.374675273895264,11.72014331817627,13.442874908447266,3.413877248764038,-0.8773809671401978,0.10998420417308807,5.80374002456665,4.900158405303955,0.8842476387683805,172.85495018078964,0.1292253118410309,0.04941010705208863,29.94934711128908,-3.023587098003162,3.023587098003162,0.2633402645587921,0.038484946233024855,0.5657200813293457,0.34702667593955994,0.5874074074074074,0.41259259259259257,0.20297381281852722,0.02966290128902459,0.44787269830703735,0.276480495929718,-1.771558403968811,-0.9438570290803909,0.5718326568603516,-0.11998841211986094,-0.0035473534657779263,-3.680316209793091,-1.797021508216858,6.37085485458374,3.0769708156585693,7.863486289978027,11.665513038635254,-5.149032115936279,-5.687232971191406,5.651130676269531,6.144827365875244,8.5543212890625,13.884176254272461,1.6917258501052856,0.18243716657161713,2.062377691268921,1.8832072019577026,3.103489875793457,4.847349643707275,-3.177513599395752,2.243086099624634,5.595468521118164,5.182898998260498,8.16041374206543,13.953216552734375,-2.571678876876831,-2.522081136703491,4.912676811218262,3.7815651893615723,6.804320812225342,11.331892013549805,5.4140825271606445,0.1494164764881134,5.4140825271606445,1.5156892538070679,5.804211139678955,9.002792358398438,-3.44805645942688,5.055279731750488,3.931927442550659,6.866374969482422,8.222367286682129,12.558530807495117,-2.7731387615203857,2.5421183109283447,4.232121467590332,4.527120590209961,6.731003284454346,10.12285041809082,5.7974982261657715,0.8238544464111328,5.7974982261657715,2.0671355724334717,6.340518474578857,9.445372581481934
122.5,0.0,0.0,0.0,0.0,0.0,0,7.213625431060791,6.592948913574219,13.169107437133789,15.160324096679688,4.111181259155273,1.04972243309021,-4.331963539123535,4.0513763427734375,5.714606285095215,4.45733387697495,283.6213664466065,0.6179048135466443,0.5255620733243239,289.877324822092,-100.07202228919704,100.07202228919704,0.2494223415851593,0.0345765536888886,0.5357910394668579,0.3292137682437897,0.5215277777777778,0.47847222222222224,0.20486892759799957,0.028400268513471223,0.4484139680862427,0.280455082654953,1.9271034002304077,-4.441947743296623,0.3709440231323242,0.47615196627223527,-0.0039083925441362535,4.786028861999512,-1.268282413482666,5.120891571044922,4.574166297912598,7.520649433135986,10.595252990722656,-0.18795980513095856,-11.865401268005371,2.351632595062256,11.865401268005371,12.23997974395752,16.72664451599121,0.5013989806175232,-3.2163031101226807,2.154689311981201,3.708012104034424,4.442549705505371,7.706660270690918,0.8673486113548279,-6.206108093261719,3.8752527236938477,6.252547740936279,7.751798152923584,12.762009620666504,-0.14824211597442627,-6.346470832824707,4.527622699737549,6.8018598556518555,8.699385643005371,12.733640670776367,2.1070022583007812,-2.904999017715454,2.2866389751434326,2.981990098953247,4.119844913482666,5.581877708435059,-1.1935828924179077,-8.789666175842285,2.939929723739624,8.828781127929688,9.814250946044922,15.955011367797852,1.609471082687378,2.2372703552246094,4.915476322174072,4.600146293640137,7.301226615905762,9.915127754211426,1.1060377359390259,-0.6277161836624146,2.0260653495788574,1.732749581336975,3.0329458713531494,5.311131000518799
123.0,0.0,0.0,0.0,0.0,0.0,0,8.34388542175293,8.498903274536133,13.404664039611816,15.33785629272461,3.9403228759765625,-0.8831523060798645,-3.516439199447632,5.669607162475586,6.313225269317627,3.625645134199717,255.9017805168338,0.434527195777099,0.3096619828141265,268.2963500067593,-21.580974815332695,21.580974815332695,0.26062828302383423,0.031235837815860396,0.5687265992164612,0.3411225378513336,0.5516358024691358,0.4483641975308642,0.22539624571800232,0.027013340585555316,0.49084052443504333,0.29787418246269226,-1.9328747391700745,0.8155243396759033,1.1302599906921387,-0.21590009051019743,-0.0033407158730282063,-4.481184959411621,-0.10771068185567856,4.821532249450684,6.281921863555908,8.492383003234863,12.445724487304688,-5.144916534423828,-9.55142593383789,6.989391803741455,9.55142593383789,12.441818237304688,17.00067138671875,2.822377920150757,-5.777082443237305,3.6915338039398193,5.78318452835083,8.038578987121582,11.552451133728027,1.2341758012771606,-3.680420398712158,2.0756735801696777,8.798306465148926,9.432465553283691,15.86776351928711,-3.304159164428711,-3.50333309173584,7.587951183319092,4.633108615875244,9.436463356018066,14.952152252197266,1.5265898704528809,-5.390690803527832,2.5240092277526855,5.8662943840026855,6.910729885101318,11.23703670501709,5.115121364593506,-3.013890504837036,5.122369766235352,5.162248611450195,8.028833389282227,11.670674324035645,-4.826721668243408,1.4650006294250488,5.31516695022583,5.024660587310791,7.724582672119141,11.470194816589355,-0.8896536827087402,-2.0884013175964355,2.1017870903015137,3.6769728660583496,4.589109897613525,10.596446990966797
123.5,0.0,0.0,0.0,0.0,0.0,0,6.551054000854492,6.625702857971191,10.209766387939453,10.867952346801758,2.6988654136657715,-1.3035520315170288,-1.0132828950881958,4.329023838043213,5.360387325286865,1.6510572747032395,217.8587972381394,0.2520292573512419,0.19701156311105536,211.07082789250103,-57.2255221142583,57.2255221142583,0.22222211956977844,0.03392157744680707,0.47416117787361145,0.29590943455696106,0.4997993827160494,0.5002006172839506,0.21086058020591736,0.0321872706271606,0.4506914019584656,0.27731192111968994,-0.4203997254371643,2.503156304359436,-1.7928314208984375,-0.11265041970307113,0.0026857396309466763,1.1446453332901,-1.2730902433395386,2.2955071926116943,4.595561981201172,5.4512176513671875,8.454985618591309,0.0745493546128273,-3.853375196456909,3.7742040157318115,5.72903299331665,7.285425186157227,10.518129348754883,1.1348272562026978,6.602965354919434,2.8995957374572754,6.602965354919434,7.397156238555908,11.433857917785645,-3.469435214996338,-3.9805448055267334,3.492579698562622,4.109708786010742,5.65965461730957,9.339685440063477,-4.4425368309021,0.2872689962387085,4.449241638183594,3.4475812911987305,5.886255264282227,8.73105525970459,2.4811959266662598,1.3018351793289185,4.12913703918457,2.51418137550354,5.390380859375,8.750189781188965,-5.230646133422852,-6.254918575286865,5.2365007400512695,6.254918575286865,8.452990531921387,10.94897174835205,-2.660181760787964,2.5273356437683105,2.7014174461364746,4.256850719451904,5.561847686767578,9.25986385345459,-0.7643866539001465,-4.477023601531982,5.248924255371094,4.554566860198975,7.8745622634887695,10.886894226074219
124.0,0.0,0.0,0.0,0.0,0.0,0,6.081706523895264,6.033772945404053,10.009778022766113,11.689668655395508,2.948796510696411,0.3633202910423279,1.3015180826187134,3.9343032836914062,5.327087879180908,1.3512775263677606,74.40286230168171,0.22218723002475343,0.14805155184628163,83.73134073069568,-127.33948716180535,127.33948716180535,0.23940148949623108,0.03936418983576789,0.5086754560470581,0.31880080699920654,0.4646604938271605,0.5353395061728395,0.20434677600860596,0.03360023072561769,0.4328390955924988,0.28530579805374146,1.6668723225593567,2.314800977706909,-0.4693474769592285,-0.04896001126477373,0.005442612388960821,-2.119858741760254,5.206780910491943,2.263127088546753,5.208546161651611,5.9064741134643555,10.85966682434082,4.049560070037842,8.838047981262207,4.710999488830566,8.838047981262207,10.516414642333984,13.270332336425781,-1.9521790742874146,-2.9009790420532227,3.6179497241973877,4.3399763107299805,6.3795671463012695,9.488936424255371,1.3604904413223267,4.194319248199463,2.0289204120635986,4.78143835067749,5.533092975616455,8.697209358215332,1.3283798694610596,3.625195264816284,3.3683156967163086,4.051104545593262,5.866517543792725,8.412618637084961,-0.6357578039169312,-4.812609672546387,1.6346023082733154,5.264853477478027,5.728124618530273,9.273734092712402,-0.19410251080989838,2.0599679946899414,3.090576648712158,2.629194974899292,4.679271697998047,6.8843278884887695,1.5996863842010498,-1.8497886657714844,3.2093238830566406,2.652531147003174,4.845897197723389,7.673450469970703,-0.16633622348308563,-2.6472723484039307,3.487755060195923,3.2427990436553955,5.279998779296875,8.173187255859375
124.5,0.0,0.0,0.0,0.0,0.0,0,5.169362545013428,4.876307010650635,8.55759334564209,9.7637939453125,2.6067392826080322,-0.6073805689811707,0.5366072058677673,4.712486743927002,3.26389479637146,0.810468043148589,138.54011960587778,0.15678297586815587,0.07054523810435208,127.7350449576113,44.0037042269156,44.0037042269156,0.23534029722213745,0.04552597146106235,0.512465238571167,0.325470894575119,0.473966049382716,0.526033950617284,0.2194337546825409,0.04244889197127862,0.4672126770019531,0.28501400351524353,-0.9707008600234985,-0.764910876750946,-0.9123439788818359,-0.07750631374192955,0.00616178162529446,-0.7472026944160461,0.41870102286338806,3.4040606021881104,2.268671989440918,4.608377933502197,9.443326950073242,-7.320096015930176,3.1191205978393555,7.351632595062256,4.177623748779297,8.688582420349121,12.792154312133789,-1.2774088382720947,-0.12536980211734772,2.8696017265319824,2.7133939266204834,4.254158973693848,7.505214691162109,3.186004877090454,-1.2813072204589844,3.2617974281311035,1.9189229011535645,4.188101768493652,5.934127330780029,-1.6539853811264038,1.9608088731765747,2.887303590774536,2.5668978691101074,4.283509731292725,6.963447570800781,-2.661803960800171,0.9729902744293213,3.050628900527954,1.6607874631881714,3.7735345363616943,5.561774730682373,3.5116846561431885,-0.5875159502029419,3.9383931159973145,2.512406349182129,5.23635721206665,7.4056596755981445,3.0168120861053467,1.8646050691604614,5.191200256347656,3.521865129470825,6.68601131439209,8.733009338378906,-1.5204304456710815,-1.5125676393508911,3.8052868843078613,2.5084917545318604,4.805630207061768,8.034271240234375
125.0,0.0,0.0,0.0,0.0,0.0,0,8.031270027160645,7.857568740844727,12.836721420288086,14.703495979309082,3.6953065395355225,3.334535837173462,4.3419694900512695,4.879154682159424,4.937469959259033,5.474653258602795,52.47654027915954,0.6816671883884211,0.6073902132379174,48.84422922757534,-78.89081573003595,78.89081573003595,0.2436247318983078,0.030334517547023723,0.5194697976112366,0.33002719283103943,0.5134104938271605,0.4865895061728395,0.23687799274921417,0.02949445884071471,0.5004854202270508,0.3281363844871521,3.9419164061546326,3.805362284183502,2.861907482147217,0.5368449751335653,-0.01519145391403863,4.241643905639648,0.7197909355163574,4.410449504852295,4.514484405517578,7.188526630401611,11.321012496948242,5.809338092803955,8.070767402648926,7.705360412597656,8.26427936553955,12.29830265045166,17.447032928466797,-4.866270542144775,1.2248713970184326,5.267092227935791,3.152012348175049,6.378944396972656,10.718039512634277,3.775209426879883,5.9075608253479,4.2289814949035645,6.041538715362549,8.32504653930664,11.62735652923584,3.6805076599121094,8.14885425567627,4.136291027069092,8.14885425567627,9.511528015136719,13.388758659362793,2.454794406890869,1.9756680727005005,3.5993902683258057,3.376708984375,5.532750129699707,8.82017707824707,6.411609172821045,7.594893455505371,6.521807670593262,7.738089084625244,10.37264347076416,15.467656135559082,2.494894504547119,3.384005546569824,2.8826065063476562,3.7892467975616455,5.295592308044434,8.491127967834473,6.009096145629883,2.0513110160827637,6.009114742279053,2.9982471466064453,7.378094673156738,10.237385749816895
125.5,0.0,0.0,0.0,0.0,0.0,0,6.476286888122559,5.99425745010376,10.943866729736328,12.887560844421387,3.4545013904571533,-0.007188087794929743,-0.029480643570423126,4.515402793884277,5.786715984344482,0.030344306739056477,256.2972821342918,0.004685448199447065,0.03391281742698351,355.22362337100776,-53.62060585656758,53.62060585656758,0.24113717675209045,0.03723385694362559,0.5301925539970398,0.3366273045539856,0.5086728395061728,0.4913271604938272,0.2262299358844757,0.03493203819727948,0.49419665336608887,0.3197828531265259,-3.3417239249683917,-4.371450133621693,-1.554983139038086,-0.5734773958109339,0.006899339396601867,-5.220186233520508,-3.1896488666534424,5.261833190917969,3.2878527641296387,6.613601207733154,9.797932624816895,4.144218921661377,1.4785836935043335,4.146567344665527,4.446570873260498,6.832358360290527,9.270866394042969,-0.33366847038269043,-1.5271755456924438,3.8797402381896973,6.6771368980407715,8.02653694152832,10.803504943847656,-2.542773723602295,-1.7309904098510742,3.290787935256958,3.488184690475464,5.1026930809021,9.232545852661133,3.0469000339508057,5.98578405380249,3.33154296875,6.044473171234131,7.290400505065918,10.298879623413086,1.9288972616195679,0.17989973723888397,2.6209044456481934,2.685187339782715,4.04509973526001,7.379146575927734,-3.5071732997894287,-7.091911792755127,5.140408992767334,7.215886116027832,9.346879005432129,17.06670570373535,1.3922778367996216,3.8718793392181396,4.212287902832031,5.077475547790527,7.023315906524658,13.412817001342773,1.0268148183822632,1.7582547664642334,1.8883055448532104,3.072528600692749,4.0056891441345215,7.312039852142334
126.0,0.0,0.0,0.0,0.0,0.0,0,6.7468180656433105,6.265294075012207,11.243805885314941,12.899678230285645,3.3411810398101807,0.09083100408315659,0.7687753438949585,4.410531520843506,6.052353858947754,0.774122600550821,83.26172734973011,0.11473891737097083,0.1870475294736261,98.21122115896654,102.98759778795875,102.98759778795875,0.2559649348258972,0.037938609637442666,0.5596326589584351,0.3441504240036011,0.5266203703703703,0.47337962962962965,0.22344404458999634,0.03311842846473176,0.4920220971107483,0.30555200576782227,0.09801909187808633,0.7982559874653816,0.27053117752075195,0.15313471204664258,0.0007047526938170762,1.1678361892700195,-8.100814819335938,4.403526782989502,8.21939754486084,9.768166542053223,14.385305404663086,-2.383007049560547,-1.490228295326233,3.4841432571411133,5.381220817565918,6.789720058441162,11.14782428741455,0.8443400263786316,4.948895454406738,2.396894693374634,5.230871677398682,6.065605640411377,10.104654312133789,3.1717166900634766,-0.7494601607322693,3.9355876445770264,4.069285869598389,6.224404335021973,10.32625961303711,-4.199635028839111,-0.9966722130775452,4.298811912536621,5.452287197113037,7.313187599182129,13.62318229675293,-0.053464896976947784,4.37406587600708,2.4397873878479004,4.503280162811279,5.427295684814453,9.26413345336914,5.325521469116211,6.175541400909424,5.327019214630127,6.934595108032227,9.123902320861816,11.902761459350586,0.8024922609329224,0.5486871600151062,2.6124463081359863,2.949805498123169,4.1931915283203125,6.192033767700195,-3.858321189880371,2.2089643478393555,4.453730583190918,3.0889270305633545,5.815887928009033,10.155725479125977
126.5,0.0,0.0,0.0,0.0,0.0,0,6.0539045333862305,5.459861755371094,10.823562622070312,13.19907283782959,3.514042854309082,0.16162742674350739,1.2481894493103027,5.463672637939453,4.190755367279053,1.2586104744698754,82.62185318347302,0.20790061480633823,0.21783354582177986,57.218658295838495,-40.99256286312806,40.99256286312806,0.26658570766448975,0.04403532664894029,0.5753108263015747,0.3728068172931671,0.5128086419753086,0.4871913580246914,0.224319726228714,0.03705372093958684,0.475355863571167,0.29732492566108704,0.0707964226603508,0.47941410541534424,-0.6929135322570801,0.030786016348153755,0.006096717011497624,-4.630505561828613,5.924991130828857,5.340921401977539,7.449778079986572,10.830268859863281,15.497615814208984,3.70163893699646,2.4155328273773193,4.681830406188965,3.421212673187256,6.714526176452637,9.60459041595459,4.386812686920166,1.3080919981002808,5.063786506652832,1.9570544958114624,5.693114280700684,10.704024314880371,-5.5037617683410645,-1.9194259643554688,5.551973819732666,3.2491841316223145,6.89024543762207,11.009162902832031,2.9861674308776855,2.5626637935638428,4.1547722816467285,3.390014171600342,6.000757694244385,8.768693923950195,2.9546501636505127,1.4813103675842285,2.9913666248321533,1.9923608303070068,3.9105803966522217,6.526732444763184,-4.2109856605529785,-2.23974347114563,5.022500514984131,2.848033905029297,6.189575672149658,14.363173484802246,1.8181463479995728,-0.5850037932395935,2.398505687713623,1.5147775411605835,3.190145492553711,5.625420570373535,-0.04751451313495636,2.2852885723114014,3.244363307952881,3.3003880977630615,5.065921306610107,7.766079425811768
127.0,0.0,0.0,0.0,0.0,0.0,0,6.616519451141357,6.229463577270508,11.735016822814941,12.70024585723877,3.3414523601531982,2.1055586338043213,-0.10820034891366959,4.929705619812012,5.11825704574585,2.1083368981007187,357.058274758496,0.31864742689406406,0.23782177590477854,0.8490232858271352,-56.369635010011365,56.369635010011365,0.25752854347229004,0.03892205055118753,0.5547748804092407,0.3416578471660614,0.48842592592592593,0.5115740740740741,0.222420334815979,0.03361590679850634,0.48120251297950745,0.29378217458724976,1.943931207060814,-1.3563897982239723,0.562614917755127,0.019988230082998687,-0.005113276097752757,5.233319282531738,-3.124547004699707,5.875204563140869,3.962118625640869,7.328100204467773,12.825079917907715,3.0247364044189453,-2.4833693504333496,3.5064733028411865,5.451365947723389,6.874120235443115,12.149351119995117,2.0156524181365967,2.064523696899414,6.5422163009643555,7.266778469085693,10.22716999053955,13.923993110656738,2.282377004623413,1.6381884813308716,4.996063709259033,3.8078768253326416,7.105321407318115,12.010598182678223,1.3590818643569946,-3.8966915607452393,3.191331624984741,4.053731918334961,5.634321689605713,8.274266242980957,1.9576671123504639,1.874749779701233,3.460644006729126,4.181467056274414,5.9648284912109375,8.632020950317383,0.43506038188934326,3.905182361602783,4.446534633636475,3.9544944763183594,6.361191749572754,9.186569213867188,3.838787794113159,-0.2128177285194397,4.722522735595703,2.2438647747039795,5.797486782073975,9.775928497314453,-1.1966540813446045,-0.7390212416648865,2.392510414123535,3.025787115097046,4.256139278411865,6.944039344787598
127.5,0.0,0.0,0.0,0.0,0.0,0,5.429378032684326,5.172609329223633,9.46145248413086,11.633862495422363,3.1958048343658447,-1.216726541519165,0.2995191216468811,4.6235198974609375,4.091972827911377,1.2530503505722774,166.1705851871424,0.2307907725395131,0.16873646885504678,163.04513442918545,162.19611114335828,162.19611114335828,0.2376181036233902,0.04376524501106897,0.5031978487968445,0.3212820887565613,0.5190432098765432,0.48095679012345677,0.22239510715007782,0.040961425940477025,0.4696311354637146,0.2966475188732147,-3.3222851753234863,0.4077194705605507,-1.1871414184570312,-0.06908530704973176,0.0048431944598814405,-6.253210544586182,1.5264819860458374,6.405056476593018,2.554826498031616,7.423737049102783,13.877761840820312,0.3355748951435089,-3.1811537742614746,1.4942152500152588,3.650459051132202,4.217579364776611,7.450503826141357,0.3313103914260864,0.8197739124298096,4.23690128326416,3.3726420402526855,5.9820075035095215,8.161009788513184,-2.6806390285491943,1.63532555103302,3.8830196857452393,2.8770155906677246,5.628729343414307,9.297666549682617,-1.4222345352172852,0.44555243849754333,1.9162503480911255,1.9414364099502563,3.126126289367676,5.778473377227783,1.4012540578842163,2.9173073768615723,4.5902862548828125,4.238799571990967,7.027095794677734,10.480926513671875,-2.6723573207855225,-3.0683696269989014,4.716274738311768,4.060827732086182,6.621300220489502,13.928841590881348,0.1318727433681488,2.1956496238708496,2.504290819168091,2.551499605178833,3.891298294067383,6.545226573944092,-0.12210891395807266,-0.5948950052261353,2.237957239151001,4.1570048332214355,4.946529388427734,7.617519855499268
128.0,0.0,0.0,0.0,0.0,0.0,0,5.011528968811035,4.690662384033203,8.374296188354492,9.87037181854248,2.741129159927368,-0.27057701349258423,-1.1620147228240967,3.2211663722991943,4.563968181610107,1.1931010587081583,256.89215540501374,0.2380712684957734,0.2676992272515794,247.64220065510398,84.59706622591852,84.59706622591852,0.25218990445137024,0.050321938813268484,0.529400110244751,0.33255696296691895,0.48016975308641974,0.5198148148148148,0.21978656947612762,0.04385618181352931,0.47614243626594543,0.29058632254600525,0.9461495280265808,-1.4615338444709778,-0.417849063873291,0.09896275839653262,0.0065566938021995105,0.3986075222492218,0.5065781474113464,2.8204612731933594,3.765563488006592,5.194092273712158,9.591636657714844,-1.2965012788772583,3.53851318359375,4.145249843597412,4.728111743927002,6.679695129394531,12.971691131591797,0.021893547847867012,-2.6794888973236084,1.1404486894607544,4.650007724761963,4.983791351318359,8.758309364318848,-0.7076201438903809,-1.1565955877304077,2.14947509765625,3.243479013442993,4.309285640716553,6.948101997375488,1.234440803527832,-0.6179314255714417,2.6579818725585938,2.9480388164520264,4.30723237991333,7.452051639556885,-1.9333813190460205,-3.5949552059173584,2.222982406616211,3.688563346862793,4.5792741775512695,6.891694068908691,0.005420273635536432,-2.927222728729248,2.1626555919647217,4.566767692565918,5.4859724044799805,10.163890838623047,2.5565624237060547,-1.2447526454925537,3.2697973251342773,3.6676998138427734,5.379240989685059,8.140063285827637,-2.7146148681640625,-2.2822771072387695,2.756667137145996,2.7542238235473633,4.185173988342285,7.043895721435547
128.5,0.0,0.0,0.0,0.0,0.0,0,6.436035633087158,6.183651924133301,10.485942840576172,11.491100311279297,2.949875831604004,0.030402017757296562,-2.333350658416748,3.376549243927002,5.76869010925293,2.3335487091161364,270.74648391962114,0.3625754800236879,0.32652319537484553,263.7135597701325,16.071359115028542,16.071359115028542,0.2506610155105591,0.03894648675893647,0.5386516451835632,0.34073010087013245,0.5287191358024691,0.47128086419753085,0.22337543964385986,0.03470698698256382,0.47164401412010193,0.29661303758621216,0.3009790312498808,-1.1713359355926514,1.424506664276123,0.058823968123266124,-0.011375452054332012,0.6206282377243042,-8.893388748168945,1.7704737186431885,8.893388748168945,9.195676803588867,11.922796249389648,4.334146022796631,-3.9507579803466797,5.039000988006592,4.0430521965026855,6.9431610107421875,11.388184547424316,2.1888363361358643,3.920419216156006,3.11905837059021,4.566763401031494,5.716850280761719,11.07114315032959,-1.4582730531692505,-7.5217437744140625,2.214061975479126,7.5217437744140625,8.160079002380371,10.687628746032715,-0.6585268378257751,-3.009159564971924,1.995545744895935,3.497103452682495,4.433864116668701,7.671992778778076,0.7496731877326965,2.1182737350463867,1.862034559249878,5.143374919891357,5.734418869018555,9.222225189208984,-2.821012258529663,-4.238400459289551,2.916562795639038,4.477121353149414,6.018961429595947,8.95197868347168,-3.2081542015075684,-2.4226925373077393,3.38629150390625,3.1683349609375,5.176478862762451,8.208613395690918,0.5263006091117859,2.9972946643829346,1.6215671300888062,6.100726127624512,6.544828414916992,10.5994234085083
129.0,0.0,0.0,0.0,0.0,0.0,0,6.700401782989502,6.384016036987305,11.316522598266602,13.45578384399414,3.450411558151245,-4.488763332366943,-1.4045265913009644,3.9845070838928223,4.336211204528809,4.703370195899265,197.37481489744607,0.7019534571553371,0.5953737662676984,198.19826247810542,-65.5152972920271,65.5152972920271,0.24749241769313812,0.03693694628649101,0.5345138907432556,0.3321542739868164,0.5018827160493827,0.4981172839506173,0.20285093784332275,0.03027443937524264,0.4331241250038147,0.2773161828517914,-4.51916535012424,0.9288240671157837,0.26436614990234375,0.2688505708928529,-0.002009540472445462,-5.3975510597229,-6.053837776184082,5.47975492477417,6.135477542877197,8.777169227600098,15.860418319702148,-4.9198760986328125,-1.3812670707702637,4.920915603637695,2.341761589050293,5.663669586181641,8.400660514831543,-4.937591075897217,3.3819169998168945,5.50685453414917,3.5688915252685547,6.847315311431885,10.535598754882812,-6.799839496612549,-2.6708014011383057,6.800833225250244,3.1597957611083984,7.78429651260376,11.11545181274414,-6.6875410079956055,-2.3597233295440674,6.6875410079956055,4.06876802444458,8.097346305847168,13.423133850097656,-1.0358448028564453,-0.18427252769470215,2.5467307567596436,1.9368643760681152,3.4571244716644287,6.243603706359863,-5.913897514343262,0.8114271759986877,5.952825546264648,2.6372547149658203,6.762324810028076,9.768580436706543,-5.878614902496338,-0.7308320999145508,5.9257402420043945,4.744983196258545,8.127774238586426,12.966567993164062,1.1718828678131104,-3.453348159790039,2.228139877319336,3.9064955711364746,4.786593914031982,7.803044319152832
129.5,0.0,0.0,0.0,0.0,0.0,0,6.790822505950928,6.838587760925293,10.485318183898926,11.325749397277832,2.7324893474578857,-1.2548871040344238,0.30607548356056213,4.358724594116211,5.737147808074951,1.2916748218916148,166.29280377838688,0.19020889159740156,0.18454110883043498,172.4491172117146,-25.749145266390826,25.749145266390826,0.2841872274875641,0.04184871352326053,0.6046937704086304,0.3827190399169922,0.5321604938271605,0.4678395061728395,0.2337576001882553,0.034422570397155676,0.4938594102859497,0.31775394082069397,3.2338762283325195,1.7106020748615265,0.09042072296142578,-0.4108326574372635,0.004911767236769518,-0.38351407647132874,-0.19127494096755981,2.764328956604004,5.4615044593811035,6.485185623168945,10.284547805786133,-2.5073561668395996,4.133547782897949,4.5201873779296875,4.7548041343688965,7.156653881072998,10.177924156188965,1.0043563842773438,-5.315704345703125,5.000059604644775,5.403273582458496,7.930296421051025,11.490843772888184,-2.4516711235046387,-1.6326152086257935,3.415311098098755,6.257543563842773,7.565391540527344,11.529624938964844,-0.5030549168586731,3.266746759414673,4.885420799255371,4.2696003913879395,7.21914005279541,10.3125581741333,-0.4389110207557678,-0.5961831212043762,3.576650857925415,2.755411148071289,4.9181976318359375,7.953300476074219,-3.7142486572265625,-1.5429617166519165,3.9583609104156494,3.596228837966919,5.917449951171875,9.614287376403809,0.07334842532873154,2.147308111190796,3.6870408058166504,4.065104007720947,6.134932518005371,7.983800411224365,-2.3729326725006104,2.4858155250549316,2.597287654876709,6.846642017364502,7.790154457092285,11.122771263122559
130.0,0.0,0.0,0.0,0.0,0.0,0,7.9260358810424805,7.424863815307617,14.223074913024902,15.538792610168457,3.9841103553771973,0.5851119756698608,-2.915806293487549,5.380167007446289,6.39567756652832,2.9739338199115806,281.346785143789,0.3752107440018844,0.2776006617726041,280.6652367412784,108.2161195295638,108.2161195295638,0.2821778357028961,0.03560137808313887,0.6185911297798157,0.3896697163581848,0.5585802469135802,0.44141975308641973,0.24057558178901672,0.03035256905811606,0.5198425650596619,0.32892879843711853,1.8399990797042847,-3.221881777048111,1.1352133750915527,0.09305955294216914,-0.006247335440121661,-4.311348915100098,0.12348835915327072,5.925529956817627,5.253647804260254,8.686341285705566,13.619519233703613,3.74404239654541,0.19642022252082825,4.720995903015137,4.212181568145752,6.85709810256958,10.228032112121582,5.339437007904053,-11.753480911254883,6.407680034637451,11.753480911254883,14.567597389221191,17.370182037353516,-3.5897135734558105,-6.286710262298584,3.997264862060547,6.53839635848999,8.02719497680664,11.312020301818848,2.5131802558898926,-2.064796209335327,3.214062213897705,4.281891345977783,5.831022262573242,8.491324424743652,2.8912456035614014,-6.736553192138672,4.250751495361328,6.9430131912231445,8.789990425109863,15.01699447631836,-1.4026849269866943,-2.9084393978118896,3.3796441555023193,6.7148847579956055,7.745594501495361,10.94364070892334,0.3765752613544464,1.875783920288086,4.137995719909668,4.917488098144531,7.038965702056885,11.604687690734863,-0.294725239276886,1.3120311498641968,2.788125514984131,2.044175386428833,3.790517568588257,6.09865665435791
130.5,0.0,0.0,0.0,0.0,0.0,0,6.446830749511719,6.0222015380859375,10.823019027709961,12.210549354553223,3.1576247215270996,-0.1382523775100708,-2.370410442352295,3.9749724864959717,5.485786437988281,2.374438751600047,266.66204894083626,0.3683110110777899,0.24649402269718765,260.6079256106523,-20.057311130626147,20.057311130626147,0.24859720468521118,0.038561143573203976,0.5306594371795654,0.3310033679008484,0.48396604938271603,0.516033950617284,0.21669042110443115,0.03361192435661799,0.4581409692764282,0.2903551459312439,-0.7233643531799316,0.5453958511352539,-1.4792051315307617,-0.03110663907541647,0.0029597654900651096,3.1009953022003174,-10.094157218933105,3.114994525909424,10.094157218933105,10.750139236450195,13.44204044342041,0.17984074354171753,-3.3762001991271973,2.6025967597961426,6.628064155578613,7.5016069412231445,11.209477424621582,-2.4325664043426514,3.943748950958252,5.397549152374268,3.98755145072937,7.231563568115234,9.633787155151367,2.435149669647217,-7.808537483215332,3.8055543899536133,7.808537483215332,9.045660018920898,11.8695707321167,-0.673186719417572,-1.7555099725723267,2.210134744644165,2.680035352706909,3.8927435874938965,6.760327339172363,-0.8161123394966125,1.0086737871170044,2.633084297180176,2.0573325157165527,3.6607882976531982,6.066939353942871,-0.9968747496604919,-1.316616177558899,3.3959407806396484,2.9374756813049316,4.86376428604126,8.07480239868164,-2.432154417037964,-2.0920228958129883,3.307898759841919,3.3839099407196045,5.515380859375,7.990678310394287,0.3906368911266327,0.15692482888698578,3.420463800430298,3.5897634029388428,5.559828758239746,8.196226119995117
131.0,0.0,0.0,0.0,0.0,0.0,0,7.782210826873779,7.6607184410095215,13.116155624389648,14.160011291503906,3.7017691135406494,1.7358542680740356,-1.0828211307525635,4.8503899574279785,6.823043346405029,2.045896292873885,328.04419835351626,0.26289396912878926,0.2960459548229534,340.35265629928165,79.74473068862937,79.74473068862937,0.2773154675960541,0.03563453087185568,0.6120736598968506,0.3857840895652771,0.5149537037037037,0.4850462962962963,0.23297040164470673,0.029936270924958118,0.511846125125885,0.3139103353023529,1.8741066455841064,1.2875893115997314,1.3353800773620605,0.04955193212576578,-0.002926612701348294,-3.93837571144104,-2.9063189029693604,6.194512844085693,3.1455516815185547,7.213222026824951,11.931528091430664,4.754220008850098,-0.0782974436879158,4.754230499267578,6.758055210113525,8.594718933105469,13.219273567199707,5.418522357940674,-2.4014229774475098,5.418522357940674,6.653011798858643,8.976104736328125,13.496938705444336,-0.3677191436290741,-2.9180784225463867,4.0379767417907715,4.884792804718018,6.629535675048828,11.684515953063965,3.170905590057373,1.3667819499969482,3.5532379150390625,3.397819757461548,5.447608947753906,9.476625442504883,3.1055305004119873,4.152257442474365,3.351775884628296,5.465677261352539,7.230166435241699,10.430379867553711,1.1224925518035889,-6.521765232086182,6.587102890014648,6.775313377380371,9.984631538391113,14.29467487335205,1.335343599319458,-6.69528341293335,2.137943744659424,6.890592575073242,7.636566638946533,14.48941421508789,1.021769642829895,6.2567362785339355,2.4320483207702637,7.3914289474487305,8.327337265014648,14.621115684509277
131.5,0.0,0.0,0.0,0.0,0.0,0,7.373342990875244,6.910338878631592,12.330373764038086,13.544249534606934,3.359316349029541,-1.4103848934173584,-2.4251461029052734,3.9564642906188965,6.490536689758301,2.80544455800084,239.8191310790915,0.3804847491121287,0.3775490268628083,232.4511886981382,-107.90146760114345,107.90146760114345,0.2800886631011963,0.037986653470638995,0.6095585227012634,0.37949034571647644,0.4377314814814815,0.5622685185185186,0.2466498762369156,0.03345156234974971,0.5268226265907288,0.33798834681510925,-3.146239161491394,-1.34232497215271,-0.40886783599853516,0.08150307203985485,0.0023521225987833128,-3.6574928760528564,7.693879127502441,3.7304742336273193,7.732564926147461,9.156074523925781,13.531020164489746,-1.5071107149124146,-3.7911620140075684,2.780332088470459,6.6465864181518555,7.784594535827637,13.091320037841797,0.2693495452404022,-3.246927261352539,2.7339890003204346,5.158300399780273,6.198066711425781,10.928382873535156,-2.1126558780670166,0.14130066335201263,3.8136403560638428,4.328406810760498,6.329123497009277,10.124242782592773,-1.8367936611175537,-0.8854007124900818,2.119330883026123,5.664435863494873,6.240118503570557,10.417871475219727,3.154104709625244,-7.170804023742676,3.558225393295288,7.170804023742676,8.422698974609375,13.73074722290039,-3.320892810821533,-2.265659809112549,4.439315319061279,3.5449869632720947,6.103553771972656,8.881505012512207,-3.0526092052459717,-5.436188220977783,4.314276695251465,5.738407135009766,7.637558460235596,12.454060554504395,-0.629361629486084,-6.865351676940918,3.6562252044677734,6.865538120269775,8.488297462463379,13.609177589416504
132.0,0.0,0.0,0.0,0.0,0.0,0,5.808269023895264,5.573755741119385,9.18391227722168,10.082365989685059,2.473116159439087,-1.385694146156311,-2.8459064960479736,3.5510332584381104,4.1500749588012695,3.16533284994484,244.03818676062681,0.5449700826395327,0.531739283184289,245.9222756854677,13.4710869873295,13.4710869873295,0.25086596608161926,0.043191167946661384,0.5368565320968628,0.3518561124801636,0.5499845679012346,0.45001543209876543,0.2099492996931076,0.03614661488349796,0.4575376808643341,0.28689107298851013,0.024690747261047363,-0.4207603931427002,-1.5650739669799805,0.1541902563214807,0.0052045144760223885,0.8458032011985779,-4.919480323791504,3.155437707901001,5.000772476196289,6.5058393478393555,8.95979118347168,-2.0887644290924072,-4.688292503356934,2.8626887798309326,4.688292503356934,5.790476322174072,9.151759147644043,-1.7288658618927002,-4.218575477600098,1.9895648956298828,4.234805107116699,4.9556684494018555,8.36732006072998,-1.3332980871200562,-3.5176899433135986,2.922783374786377,4.215451717376709,5.774055480957031,8.51254653930664,-2.087374448776245,-5.579932689666748,4.456273555755615,5.579932689666748,7.639761924743652,10.604811668395996,-2.128638505935669,-3.2891721725463867,2.5554351806640625,3.4879655838012695,4.802225589752197,8.042034149169922,-2.0915613174438477,3.227283477783203,3.5294618606567383,4.3890557289123535,5.997230529785156,10.041366577148438,-1.6373109817504883,-0.43596571683883667,3.916060209274292,2.4056715965270996,5.220530033111572,8.593043327331543,-0.221237450838089,-2.1913342475891113,2.5750582218170166,4.373698711395264,5.588635444641113,8.796928405761719
132.5,0.0,0.0,0.0,0.0,0.0,0,6.372745990753174,5.651134490966797,11.860823631286621,14.084863662719727,3.7838809490203857,-1.2946127653121948,2.164720058441162,4.376287460327148,5.423625946044922,2.522307503760554,120.88157152677874,0.39579602065113073,0.29688079355824293,122.93546640100499,-122.98680928446271,122.98680928446271,0.2481755167245865,0.038943255880813724,0.5281752347946167,0.3429996371269226,0.48368827160493827,0.5163117283950617,0.21546582877635956,0.033810510457891935,0.47088098526000977,0.287611722946167,0.09108138084411621,5.010626554489136,0.5644769668579102,-0.23485848962604605,-0.00424791206584766,-6.511004447937012,8.045125961303711,7.346068382263184,8.045125961303711,11.182730674743652,16.159080505371094,2.3322064876556396,5.549388885498047,4.549443244934082,6.665488243103027,8.697522163391113,15.111384391784668,-0.713641881942749,-3.7572381496429443,2.461179733276367,6.196399688720703,6.925139427185059,12.145925521850586,-4.327908992767334,2.4037208557128906,4.485791206359863,2.9776411056518555,5.589205741882324,9.47308349609375,0.866108238697052,0.9464141130447388,2.688882827758789,2.0944406986236572,3.8540430068969727,6.817378520965576,-0.29383307695388794,2.7431342601776123,1.639757752418518,5.434893608093262,5.837326526641846,8.892691612243652,-1.0923247337341309,-0.8433395624160767,3.1686277389526367,2.547107219696045,4.356794834136963,5.964986324310303,-3.1791200637817383,-0.017206165939569473,3.656597852706909,2.6751644611358643,4.839508533477783,7.369985580444336,1.2680037021636963,4.41248083114624,2.659376621246338,5.148649215698242,6.07244348526001,10.138550758361816
133.0,0.0,0.0,0.0,0.0,0.0,0,6.80557918548584,6.552506446838379,10.886011123657227,12.166129112243652,3.019174814224243,0.8814029097557068,2.038546085357666,5.029170513153076,5.020580768585205,2.2209325139348315,66.61786981585941,0.32633997098606715,0.2816173103869933,52.98915697046723,-69.94630943053775,69.94630943053775,0.25938349962234497,0.03811335588632521,0.5557894110679626,0.33773016929626465,0.37935185185185183,0.6206481481481482,0.2074088603258133,0.030476293669737534,0.44154495000839233,0.27445194125175476,2.1760156750679016,-0.1261739730834961,0.432833194732666,-0.015263483171249648,-0.0008298999944885144,2.586867332458496,5.590712547302246,3.849581003189087,5.6397504806518555,7.701157569885254,11.319161415100098,-3.8979480266571045,7.844112873077393,5.356578350067139,7.844112873077393,10.174626350402832,13.635698318481445,0.3120368719100952,3.7662336826324463,5.868229866027832,4.165505409240723,7.709418296813965,10.704073905944824,3.1795411109924316,3.0159201622009277,4.695329666137695,3.5713119506835938,6.494697093963623,10.967623710632324,-2.1979520320892334,4.664884090423584,2.9121644496917725,5.351232528686523,6.507009506225586,9.371312141418457,2.509939193725586,0.5203710198402405,3.4620110988616943,2.7268807888031006,4.813349723815918,7.903519630432129,0.9559507966041565,-2.841398000717163,4.224786758422852,3.406975746154785,5.935007095336914,8.791706085205078,1.0320923328399658,0.15196451544761658,1.8359532356262207,2.9531195163726807,4.013392448425293,7.501377582550049,3.452098846435547,-4.3658857345581055,5.097053050994873,4.496821403503418,7.90155553817749,10.582646369934082
133.5,0.0,0.0,0.0,0.0,0.0,0,6.958975791931152,7.193471908569336,11.115429878234863,12.221233367919922,3.2280311584472656,1.2816025018692017,4.044443607330322,4.668776988983154,4.364633083343506,4.242644112540257,72.41764295044956,0.6096650195937672,0.5087413508565019,69.25000090550485,16.260843935037627,16.260843935037627,0.2758502960205078,0.03963949072805543,0.583724856376648,0.3817245662212372,0.5444444444444444,0.45555555555555555,0.21575099229812622,0.031003263662020948,0.4569533169269562,0.29797443747520447,0.4001995921134949,2.0058975219726562,0.1533966064453125,0.22712404046950857,0.0015261348417302187,2.399900436401367,4.134629249572754,3.7705743312835693,4.4940266609191895,6.281964302062988,10.2752103805542,-1.512798547744751,-0.5347800850868225,6.546706676483154,3.486875534057617,7.957457542419434,11.337512969970703,4.993980884552002,3.1131932735443115,5.075870037078857,3.5066776275634766,6.4047017097473145,9.6654691696167,1.2105509042739868,5.355607509613037,1.749586582183838,5.355607509613037,5.8382086753845215,8.456521987915039,-0.8646917343139648,2.1894373893737793,3.3703415393829346,3.787184238433838,5.513479709625244,9.964491844177246,4.361995220184326,6.003564834594727,4.362443923950195,6.10516881942749,7.8996806144714355,10.541681289672852,0.689227283000946,4.513749599456787,3.0508358478546143,5.039192199707031,6.506545066833496,11.63503646850586,-2.962042808532715,2.634798288345337,3.123682737350464,4.33378791809082,5.825717449188232,10.60288143157959,3.218301296234131,8.989790916442871,4.132026672363281,8.989790916442871,10.403027534484863,13.267455101013184
134.0,0.0,0.0,0.0,0.0,0.0,0,6.941429615020752,6.442794322967529,11.953765869140625,13.973036766052246,3.723343849182129,-2.5254595279693604,-1.1650675535202026,5.939932823181152,4.362177848815918,2.7812458056915386,204.7652429693463,0.40067334251623377,0.34988595850361803,197.8224631558532,128.57246225034834,128.57246225034834,0.25265660881996155,0.03639834824153266,0.5452327728271484,0.33503803610801697,0.4714351851851852,0.5285648148148148,0.2263175994157791,0.032603884122394636,0.4891359508037567,0.32437199354171753,-3.807062029838562,-5.209511160850525,-0.01754617691040039,-0.15885539235288382,-0.003241142486522769,-9.022322654724121,-4.288280010223389,9.022322654724121,4.715662479400635,10.386215209960938,16.24552345275879,-5.904594421386719,3.134680986404419,6.155401706695557,4.085450649261475,7.758776664733887,13.152257919311523,-2.377088785171509,0.9150148034095764,3.5646326541900635,2.110172986984253,4.394531726837158,7.512470245361328,-2.5525786876678467,-4.666038513183594,6.152379035949707,5.12660026550293,8.842869758605957,12.491779327392578,-3.8229901790618896,2.761552095413208,4.356986999511719,3.1203086376190186,5.681858539581299,9.468152046203613,-1.0690261125564575,-5.0138750076293945,3.976365089416504,5.0138750076293945,6.654687404632568,10.236858367919922,4.2725300788879395,-2.153860330581665,8.013936996459961,3.3826231956481934,9.17105770111084,13.92149543762207,-1.6702327728271484,1.640933871269226,2.582960605621338,2.8022243976593018,4.081692218780518,6.226067543029785,-0.5828341245651245,-2.815735101699829,4.334789276123047,3.0152344703674316,5.501172065734863,9.392507553100586
134.5,0.0,0.0,0.0,0.0,0.0,0,7.445220947265625,7.1715288162231445,12.029623031616211,13.052122116088867,3.1869611740112305,0.2963583171367645,0.023148268461227417,6.3052802085876465,5.073766708374023,0.2972609871289675,4.4662510920604825,0.039926415781944155,0.05916642653891349,65.98606160901673,-131.83640154683647,131.83640154683647,0.2946227192878723,0.03957205324094833,0.6445503234863281,0.393943190574646,0.444320987654321,0.555679012345679,0.25241199135780334,0.03390254758630878,0.5375423431396484,0.3415301442146301,2.821817845106125,1.18821582198143,0.503791332244873,-0.29071953196470457,0.0031737049994156677,7.848327159881592,1.44976806640625,7.848327159881592,4.1827311515808105,9.058538436889648,12.856934547424316,-0.01018676720559597,-1.1626901626586914,7.575435161590576,3.3448190689086914,8.54458236694336,12.028470039367676,0.869517982006073,6.159061431884766,3.601299285888672,6.241891384124756,7.590519905090332,12.363367080688477,1.4945340156555176,0.2059088498353958,5.5029191970825195,2.71024227142334,6.419256687164307,10.352474212646484,1.273118495941162,-0.2482587844133377,6.610010147094727,3.050584077835083,7.577862739562988,11.071992874145508,-3.3102056980133057,3.873732328414917,3.325922966003418,4.168419361114502,5.833315849304199,7.71859884262085,-4.359813213348389,-5.0697021484375,7.358701229095459,5.130918979644775,9.387430191040039,13.319303512573242,0.853045642375946,-5.00351095199585,4.968240737915039,5.841912746429443,8.261788368225098,13.803191184997559,-1.9911125898361206,0.0040252855978906155,2.2020936012268066,3.328648090362549,4.33369255065918,6.417775630950928
135.0,0.0,0.0,0.0,0.0,0.0,0,6.4523701667785645,6.187024116516113,10.558823585510254,11.887615203857422,3.2815706729888916,-0.45842260122299194,2.188504457473755,5.1850762367248535,4.529576301574707,2.2360015746180832,101.83060590979694,0.3465395686891346,0.31912042442691707,114.44808421464104,48.46202260562433,48.46202260562433,0.26687517762184143,0.0413607913623919,0.5782956480979919,0.3617640435695648,0.49699074074074073,0.5030092592592592,0.25474417209625244,0.0394807064739019,0.5514342784881592,0.3475443422794342,-0.7547809183597565,2.1653561890125275,-0.9928507804870605,0.25995399788800355,0.0017887381214435755,4.743607997894287,3.232057809829712,5.955264091491699,3.6475236415863037,7.310731410980225,15.888051986694336,0.7929379343986511,1.9426649808883667,3.0714852809906006,5.305232048034668,6.704026699066162,12.634178161621094,-4.196938514709473,2.178821086883545,4.320639610290527,3.0976545810699463,5.901494026184082,10.016948699951172,1.0774636268615723,3.858825445175171,3.6268157958984375,4.00320291519165,5.848105430603027,8.874319076538086,-1.4789506196975708,0.26124557852745056,3.195704936981201,4.918531894683838,6.1589035987854,9.992599487304688,-1.8901695013046265,1.397951364517212,2.6359646320343018,3.507204294204712,4.935208320617676,8.633987426757812,-4.4143571853637695,3.6832175254821777,5.182491302490234,4.235439300537109,7.900933742523193,10.98094367980957,-3.727851629257202,0.04494588077068329,3.938687562942505,3.3479361534118652,5.77485466003418,8.42477798461914,4.968454837799072,3.0968127250671387,5.1240129470825195,4.498280048370361,7.537071704864502,9.947410583496094
135.5,0.0,0.0,0.0,0.0,0.0,0,7.956380367279053,7.616011619567871,12.887625694274902,14.30983829498291,3.5239975452423096,-1.5456910133361816,0.3291594982147217,5.220937252044678,6.779885768890381,1.5803501776420312,167.9782708082895,0.19862677558017305,0.17538311124834277,146.81289964224328,32.36481542760225,32.36481542760225,0.28454822301864624,0.03576352237071775,0.6081789135932922,0.37590011954307556,0.517391975308642,0.48260802469135805,0.23512431979179382,0.029551665378780397,0.5135124325752258,0.31775856018066406,-1.0872684121131897,-1.8593449592590332,1.5040102005004883,-0.1437373131785743,-0.005597268991674155,0.8055105209350586,-0.07055793702602386,2.776175022125244,3.7261979579925537,5.070099830627441,8.398004531860352,-4.116265773773193,-7.592914581298828,6.8675947189331055,7.737152576446533,11.19085693359375,15.68041706085205,1.1051664352416992,6.490424156188965,5.040494441986084,7.219686508178711,9.954030990600586,13.742974281311035,1.5323586463928223,0.48264065384864807,3.150129556655884,3.839751958847046,5.392730236053467,8.216935157775879,-5.018532752990723,-7.925368309020996,6.016765594482422,8.004196166992188,10.568350791931152,14.919020652770996,-0.2825143337249756,3.436521291732788,4.447662353515625,3.7743828296661377,6.233476161956787,8.61990737915039,0.3631487786769867,7.845400333404541,2.5505669116973877,8.277200698852539,9.009410858154297,12.72800350189209,-5.32081413269043,-0.5802768468856812,5.458898544311523,4.627861499786377,7.901601791381836,11.688032150268555,-2.979275703430176,0.8765650987625122,3.845186710357666,4.1774702072143555,6.286864280700684,8.877233505249023
136.0,0.0,0.0,0.0,0.0,0.0,0,6.741432189941406,6.356534004211426,10.942682266235352,12.30013370513916,3.222593069076538,-0.962424099445343,-2.739471912384033,4.885002136230469,4.851577281951904,2.903612664584278,250.642738294217,0.43071154359701647,0.30308890232828206,249.71707513254125,102.90417549029797,102.90417549029797,0.26172661781311035,0.03882358697904491,0.5613983273506165,0.35040563344955444,0.5082716049382716,0.4917283950617284,0.2306375652551651,0.03421194852146413,0.508979320526123,0.31360098719596863,0.5832669138908386,-3.068631410598755,-1.2149481773376465,0.1277057910799393,0.0030600646083271607,-1.4084575176239014,-4.016265869140625,4.005818843841553,5.258159637451172,7.021439552307129,10.319384574890137,-0.3349795937538147,-5.7552103996276855,4.1209821701049805,6.616485595703125,8.693892478942871,11.593332290649414,1.8985612392425537,-0.7933567762374878,4.321213722229004,1.9970269203186035,5.10448694229126,8.688512802124023,0.40914034843444824,-2.220258951187134,2.260478973388672,4.157902240753174,5.158491134643555,7.902987957000732,0.71368008852005,-7.19567346572876,5.4409565925598145,7.195718288421631,9.686102867126465,12.562934875488281,-2.630074977874756,-1.1960355043411255,3.260572910308838,2.056126832962036,4.306707382202148,6.781458854675293,0.16586674749851227,1.0429095029830933,2.3687963485717773,3.3090996742248535,4.455309867858887,6.9740800857543945,-3.406517267227173,-7.147685527801514,6.916688442230225,7.147685527801514,10.60636043548584,14.923382759094238,-4.069035530090332,2.6263301372528076,4.069444179534912,3.4610347747802734,5.640100479125977,8.238029479980469
136.5,0.0,0.0,0.0,0.0,0.0,0,8.095025062561035,7.453291893005371,14.591883659362793,17.21469497680664,4.571218490600586,-0.06270769238471985,0.8912163376808167,5.592666149139404,7.3722004890441895,0.8934197307164332,94.02480777751327,0.11036651817774369,0.16286924603195413,53.119653839887015,163.40257870734575,163.40257870734575,0.30076298117637634,0.03715404729422496,0.6497620344161987,0.40305134654045105,0.6000925925925926,0.39990740740740743,0.23313401639461517,0.028799662236153226,0.5101136565208435,0.32280832529067993,0.8997164070606232,3.63068825006485,1.353592872619629,-0.14021965629632793,-0.0016695396848199484,-7.845888614654541,-7.81296968460083,7.8458991050720215,8.333585739135742,12.889107704162598,17.693603515625,3.3576338291168213,-5.470703125,3.9658279418945312,6.006195545196533,7.905320167541504,13.427238464355469,4.559992790222168,6.857865810394287,6.12035608291626,6.857865810394287,9.79923152923584,11.886157989501953,-4.176502227783203,-0.09805610030889511,5.047502040863037,4.932062149047852,7.693212985992432,14.159952163696289,1.2805784940719604,-1.8365565538406372,2.229841470718384,2.866793632507324,3.947645664215088,7.533483028411865,1.7935469150543213,2.3118133544921875,2.667661190032959,4.4725565910339355,5.73049783706665,9.159419059753418,-4.084867477416992,10.170696258544922,5.449940204620361,10.17116641998291,11.796927452087402,19.524219512939453,3.5868077278137207,3.343967914581299,3.821521759033203,3.9470810890197754,6.128303050994873,10.948732376098633,0.9643294215202332,0.5548872351646423,2.1663002967834473,6.387313365936279,6.964974880218506,10.368955612182617
137.0,0.0,0.0,0.0,0.0,0.0,0,9.943567276000977,9.905838012695312,15.202617645263672,16.616695404052734,4.150890827178955,6.667305946350098,-4.660361289978027,4.363008975982666,5.558475494384766,8.134613447199628,325.0469453827096,0.8180779816145762,0.7594403470053859,328.36264589933705,-84.75700794054995,84.75700794054995,0.2921665906906128,0.0293824694094738,0.6325705051422119,0.3940235376358032,0.5287962962962963,0.4712037037037037,0.23526880145072937,0.02366039986053657,0.5089686512947083,0.3138546943664551,6.7300136387348175,-5.551577627658844,1.8485422134399414,0.5965711009734318,-0.0077715778847511595,8.058121681213379,-4.630273818969727,8.058121681213379,5.250776767730713,10.011643409729004,13.536218643188477,8.442633628845215,-5.364824295043945,8.442633628845215,5.817190170288086,11.882363319396973,14.868041038513184,7.122130393981934,-4.704054355621338,7.122130393981934,4.931527614593506,8.925113677978516,14.138596534729004,8.78055191040039,-10.226883888244629,8.78055191040039,10.272806167602539,13.902198791503906,17.708951950073242,8.028367042541504,-0.7889564633369446,8.032533645629883,2.6886534690856934,8.68610954284668,15.139291763305664,4.896055221557617,-3.8161489963531494,5.284070014953613,4.141637325286865,6.956613540649414,12.830451965332031,7.035671710968018,-8.818170547485352,7.0443339347839355,10.133956909179688,13.387903213500977,18.1889705657959,7.235057830810547,-0.4986937940120697,7.672741889953613,2.458332061767578,8.247642517089844,11.618976593017578,0.4071638286113739,-3.0952441692352295,3.845961809158325,5.900450229644775,7.492521286010742,13.433969497680664
137.5,0.0,0.0,0.0,0.0,0.0,0,7.256806373596191,6.034368515014648,14.437904357910156,16.739112854003906,4.674583911895752,-0.4093177318572998,1.3551535606384277,3.873342514038086,7.583285331726074,1.4156207749689933,106.80669344704775,0.19507489963074026,0.2001993687103361,129.23723917398914,160.87459327465206,160.87459327465206,0.28350114822387695,0.03906692483741439,0.6228660941123962,0.37613868713378906,0.42148148148148146,0.5785185185185185,0.25471341609954834,0.035099927969194845,0.5386858582496643,0.35095375776290894,-7.0766236782073975,6.015514850616455,-2.686760902404785,-0.5592409782950498,0.00968445542794059,-3.017271041870117,5.405906677246094,4.629721641540527,5.610579490661621,7.987209320068359,12.97363567352295,1.4477767944335938,8.707162857055664,3.8505845069885254,9.551740646362305,10.516877174377441,16.846866607666016,-1.2022647857666016,1.707069993019104,3.0206878185272217,3.8012819290161133,5.170637130737305,7.732797145843506,-0.44933953881263733,1.6729367971420288,3.1157939434051514,5.424396514892578,6.9755072593688965,11.009356498718262,1.7718110084533691,4.028900623321533,3.1201486587524414,7.863466739654541,8.984456062316895,16.45519256591797,-1.0491548776626587,2.644350051879883,1.999110460281372,3.86313796043396,4.49715518951416,8.020269393920898,0.5580393671989441,-7.720373630523682,2.499507427215576,7.772089958190918,8.370417594909668,15.659676551818848,2.0277223587036133,-3.800668954849243,3.685822010040283,6.7277116775512695,8.374338150024414,20.059715270996094,-3.77117919921875,-0.4489014446735382,3.8257737159729004,1.8072569370269775,4.434662342071533,6.730767250061035
138.0,0.0,0.0,0.0,0.0,0.0,0,7.156737804412842,6.843303203582764,12.096633911132812,13.416455268859863,3.5218844413757324,-2.297316789627075,-3.4673895835876465,4.479371547698975,5.124191761016846,4.15938155935165,236.4735608701663,0.5811840077174515,0.5199615648984036,231.6302383875662,102.39299921357707,102.39299921357707,0.29123520851135254,0.040693843448887226,0.6318824887275696,0.39571183919906616,0.45373456790123456,0.5462654320987654,0.21986337006092072,0.030721167289960764,0.4789177179336548,0.2940060794353485,-1.8879990577697754,-4.822543144226074,-0.10006856918334961,0.3197621961880675,0.0016269186114728357,-2.203629493713379,-6.595949649810791,2.6108238697052,6.704228401184082,7.701111316680908,12.752431869506836,-6.674189567565918,2.525268316268921,6.797421932220459,3.5871529579162598,8.672588348388672,13.149385452270508,-2.929243803024292,-1.0827354192733765,3.590402603149414,2.5370054244995117,4.892420768737793,8.28206729888916,2.075408697128296,-8.557413101196289,2.972233533859253,8.675349235534668,9.61095905303955,14.652856826782227,-5.512759208679199,-4.277160167694092,5.554754257202148,4.515710830688477,8.06154727935791,11.413949012756348,-1.3848209381103516,-2.9155943393707275,3.091743230819702,3.820253849029541,5.481568336486816,9.552092552185059,3.5425596237182617,-6.97053861618042,3.9053282737731934,7.027493000030518,8.998650550842285,13.432503700256348,-5.393537998199463,-3.0846104621887207,5.393550872802734,3.4370996952056885,6.682478427886963,11.9246244430542,-2.1956374645233154,-0.2477714717388153,2.7162299156188965,2.9155197143554688,4.309313774108887,7.90835428237915
138.5,0.0,0.0,0.0,0.0,0.0,0,8.240776062011719,6.72802734375,16.030609130859375,21.802228927612305,5.922738075256348,1.9611692428588867,-4.167864799499512,4.844990253448486,7.635312557220459,4.606222073027179,295.1991101761683,0.5589548894867942,0.3356391060206772,304.97229399256554,73.34205560499933,73.34205560499933,0.28091463446617126,0.03408836719550754,0.6081400513648987,0.385333776473999,0.5674228395061729,0.43257716049382716,0.24150076508522034,0.029305581654245814,0.5198923945426941,0.3239854574203491,4.258486032485962,-0.7004752159118652,1.084038257598877,-0.18432245887772641,-0.006605476253379684,6.730692386627197,-6.5721821784973145,7.018823623657227,6.5721821784973145,9.975228309631348,16.105295181274414,4.1655192375183105,-19.37306022644043,4.338387489318848,19.37306022644043,20.447328567504883,28.743810653686523,4.670536994934082,-4.272686004638672,5.072596549987793,4.464380264282227,7.278810977935791,11.050392150878906,3.5878477096557617,-5.768357276916504,4.109702110290527,5.830246925354004,7.692352771759033,12.218538284301758,2.659374475479126,-0.9168704748153687,3.392975330352783,3.9792051315307617,6.011115550994873,11.368083000183105,-2.4628164768218994,-1.1406420469284058,4.186700344085693,2.839855194091797,5.540273666381836,9.898184776306152,-0.12254428118467331,-3.500513792037964,3.955045461654663,5.484825611114502,7.104747295379639,11.37076473236084,-0.37739047408103943,4.514371871948242,1.771253228187561,4.563076019287109,5.177592754364014,8.742807388305664,-1.2006951570510864,-0.4808426797389984,2.8110997676849365,3.6459975242614746,4.939535617828369,8.019754409790039
139.0,0.0,0.0,0.0,0.0,0.0,0,6.724146366119385,6.20079231262207,12.057144165039062,13.322635650634766,3.561030149459839,1.2834720611572266,-1.223811149597168,4.445683479309082,5.914894104003906,1.7734188060493554,316.3630983063478,0.26373887620664993,0.2426021537913404,295.76627170084225,-9.206022291723286,9.206022291723286,0.2731045186519623,0.040615486809233235,0.5918665528297424,0.36746421456336975,0.5316358024691358,0.4683641975308642,0.24239955842494965,0.03604911451618622,0.5240486860275269,0.3333170711994171,-0.6776971817016602,2.9440536499023438,-1.516629695892334,-0.0930369522293368,0.006527119613725693,0.5631269812583923,3.6899397373199463,6.1000776290893555,7.15989351272583,9.801567077636719,13.957255363464355,1.6429874897003174,-8.853830337524414,3.719404935836792,8.954850196838379,9.885009765625,14.27135944366455,-1.2752162218093872,-2.894087791442871,2.918663740158081,3.8193392753601074,5.472541332244873,8.26330852508545,1.419357419013977,4.528392314910889,3.1903090476989746,4.771305561065674,6.043310642242432,11.405362129211426,0.510858416557312,-3.7699780464172363,2.5817322731018066,4.803998947143555,5.747198581695557,8.827497482299805,0.22818990051746368,-2.725179672241211,2.4135372638702393,2.761547803878784,4.064018726348877,6.203198432922363,2.5149805545806885,1.7847868204116821,4.248388767242432,7.270027160644531,8.710922241210938,12.655511856079102,-0.9680713415145874,-0.8986209034919739,1.7041301727294922,2.2717032432556152,3.041700839996338,4.917169570922852,6.915035724639893,-1.875722885131836,6.966495037078857,2.5779449939727783,7.751052379608154,10.649245262145996
139.5,0.0,0.0,0.0,0.0,0.0,0,6.870143890380859,6.450639724731445,11.725920677185059,13.362817764282227,3.5747523307800293,2.1964893341064453,1.0750432014465332,5.591825008392334,4.767487525939941,2.4454617723080005,26.078837266690506,0.3559549568869993,0.203469696080196,23.093776421518516,87.32750472067625,87.32750472067625,0.27930766344070435,0.04065527989544634,0.6018822193145752,0.3833458721637726,0.5108024691358025,0.48919753086419754,0.2368859350681305,0.03448048605201953,0.5238378643989563,0.3430272340774536,0.9130172729492188,2.298854351043701,0.1459975242614746,-0.0391324577111444,3.97930862131024e-05,-5.247267723083496,1.0578722953796387,5.249133586883545,1.9617377519607544,5.8967132568359375,10.016836166381836,7.734643936157227,4.675976753234863,7.914666652679443,5.004631996154785,10.3184175491333,16.041912078857422,5.904819011688232,-1.0897141695022583,5.92402458190918,2.8461356163024902,7.03814172744751,10.811277389526367,-3.114549160003662,-1.1982183456420898,3.155298948287964,3.384439468383789,5.193968296051025,7.5349812507629395,6.149319648742676,5.347192287445068,6.6711297035217285,5.593348026275635,9.052082061767578,15.286774635314941,4.899219512939453,0.6065294742584229,5.258357524871826,1.432754397392273,5.548327445983887,10.19001579284668,-1.1874241828918457,-4.596367835998535,1.5337445735931396,4.848989963531494,5.2739129066467285,8.875408172607422,2.4925482273101807,4.181612491607666,3.419664144515991,6.319910049438477,7.979532241821289,11.907096862792969,2.137096405029297,0.6905040740966797,4.805928707122803,2.0989058017730713,5.530201435089111,8.932000160217285
140.0,0.0,0.0,0.0,0.0,0.0,0,8.424338340759277,7.928675174713135,14.073705673217773,15.71552848815918,3.8272151947021484,-0.6191902160644531,3.5586557388305664,5.53284215927124,6.477444648742676,3.6121222558465083,99.87039464598367,0.42877222040929464,0.3607379685081949,105.07517759346366,81.98140117194515,81.98140117194515,0.3148502707481384,0.037373882747672095,0.6904081702232361,0.4249289631843567,0.5041975308641975,0.49580246913580245,0.23981307446956635,0.02846669213682841,0.5202407240867615,0.3312048614025116,-2.8156795501708984,2.483612537384033,1.554194450378418,0.1572682724279989,-0.0032813971477742426,-0.7263669371604919,4.113285541534424,3.6972813606262207,6.262598037719727,7.626896381378174,12.074207305908203,-6.896433353424072,7.388716220855713,6.975947856903076,7.392431735992432,10.55726146697998,15.023092269897461,-0.2990959882736206,-0.2159886360168457,4.124556541442871,5.298675060272217,7.449140548706055,11.37560749053955,2.9717164039611816,8.896161079406738,4.841799736022949,8.896161079406738,10.515803337097168,14.388381958007812,-2.086703062057495,3.2532615661621094,3.2364447116851807,3.5911660194396973,5.275362491607666,8.899174690246582,-3.859272003173828,-1.2499786615371704,4.274595737457275,4.021903991699219,6.542139530181885,10.204662322998047,5.448065280914307,12.229853630065918,6.116684913635254,12.229853630065918,13.947652816772461,17.57464599609375,1.8901931047439575,0.04465176910161972,4.629633903503418,5.150641441345215,7.776803493499756,10.979471206665039,-2.0148160457611084,-2.4320600032806396,3.4262168407440186,4.585873603820801,6.127989292144775,8.70222282409668
140.5,0.0,0.0,0.0,0.0,0.0,0,9.336488723754883,9.245789527893066,14.728379249572754,16.076324462890625,4.133990287780762,-3.349219799041748,2.517489433288574,5.601864337921143,7.438011169433594,4.189871872624851,143.06911715820212,0.44876312675926394,0.37491080787855374,155.12165004154923,50.04647244808558,50.04647244808558,0.3017098009586334,0.03231512162338609,0.6580436825752258,0.41832149028778076,0.44875,0.55125,0.24325591325759888,0.026054322390424905,0.5206156373023987,0.3509380519390106,-2.730029582977295,-1.0411663055419922,0.9121503829956055,0.014172839370358847,-0.005058761124286007,-6.741384506225586,7.3945393562316895,6.745784282684326,7.4785051345825195,11.385330200195312,15.236978530883789,1.3468196392059326,10.73259449005127,5.436150074005127,10.740403175354004,12.73998737335205,15.753730773925781,-6.389354705810547,2.5586161613464355,7.181148052215576,3.1478676795959473,8.419344902038574,12.640435218811035,-8.801438331604004,-1.7042416334152222,8.801559448242188,5.849409580230713,11.202728271484375,14.899788856506348,1.4234219789505005,9.541183471679688,4.646906852722168,9.684969902038574,11.309063911437988,18.5361270904541,-6.540018558502197,-0.9681017994880676,6.541931629180908,2.1002299785614014,7.095454216003418,10.433616638183594,-1.9857654571533203,-3.697389841079712,3.702573299407959,7.768276691436768,8.873116493225098,12.092656135559082,-0.46434059739112854,3.095349073410034,2.5332019329071045,5.9608073234558105,7.007739067077637,12.12150764465332,-1.9909162521362305,-4.295146465301514,3.556835412979126,4.386924743652344,5.995647430419922,9.656912803649902
141.0,0.0,0.0,0.0,0.0,0.0,0,7.288016319274902,6.616962432861328,13.492589950561523,17.546035766601562,4.804789066314697,-1.0153449773788452,1.8570531606674194,5.2091522216796875,6.677300453186035,2.116499908961326,118.66766065069928,0.2904082285551057,0.2154693987391616,118.06384752859306,-37.05780251295619,37.05780251295619,0.2856714427471161,0.03919741546052446,0.6207854151725769,0.3944554626941681,0.5108024691358025,0.48919753086419754,0.2506944537162781,0.034398169314616846,0.5445080399513245,0.3514757752418518,2.333874821662903,-0.6604362726211548,-2.0484724044799805,-0.15944140913939214,0.00688229383713837,4.451655387878418,5.0109148025512695,4.77974271774292,6.055178165435791,7.8698883056640625,15.08006477355957,-4.014675140380859,1.8490183353424072,6.058662414550781,13.100410461425781,15.165435791015625,22.852548599243164,0.6746417284011841,0.6377760171890259,2.8567488193511963,3.997547149658203,5.452586650848389,9.108429908752441,0.4959302842617035,1.4780585765838623,2.6557183265686035,3.252574920654297,4.49935245513916,8.77450180053711,-2.653352975845337,1.9301027059555054,5.500887393951416,4.594470500946045,8.022494316101074,12.767843246459961,1.1699482202529907,0.8366290330886841,4.827611923217773,2.9885334968566895,6.0452656745910645,8.781578063964844,-3.146129608154297,-1.980248212814331,3.3087239265441895,3.608363151550293,5.286325931549072,7.945439338684082,-4.404047966003418,1.3705371618270874,5.021113395690918,2.4831676483154297,5.857060432434082,11.337217330932617,-1.7120742797851562,5.580689430236816,3.511488199234009,5.9523515701293945,7.393734931945801,10.957070350646973
141.5,0.0,0.0,0.0,0.0,0.0,0,6.510740756988525,5.966015815734863,11.311914443969727,12.599203109741211,3.3398609161376953,-2.8187472820281982,0.46292993426322937,3.842668294906616,5.533414363861084,2.856508421828704,170.6734287876014,0.43873785310259406,0.4125030148230269,168.7879680128812,50.724120484288164,50.724120484288164,0.2819215655326843,0.043300990279651966,0.6327494382858276,0.39453864097595215,0.5437654320987654,0.45623456790123457,0.22410689294338226,0.03442109997725367,0.47582536935806274,0.30527782440185547,-1.803402304649353,-1.39412322640419,-0.777275562286377,0.19703361608386533,0.004103574819127508,-5.058772563934326,-2.5308008193969727,5.2193284034729,4.574920654296875,7.303887367248535,10.931777000427246,-4.7159037590026855,-1.161777377128601,5.408158779144287,5.294525623321533,8.673286437988281,13.437220573425293,-3.1991045475006104,-2.754821538925171,4.05499792098999,3.4005112648010254,6.142468452453613,9.51887321472168,-4.7183074951171875,-0.8820698261260986,5.848637104034424,2.615760087966919,6.725020408630371,10.950081825256348,-1.6181279420852661,2.3273093700408936,3.2607104778289795,4.35849142074585,6.1240153312683105,9.780369758605957,-1.1588842868804932,-0.4355040192604065,2.7174792289733887,1.7620930671691895,3.537280797958374,6.3508782386779785,-1.0154203176498413,1.8590288162231445,2.344248056411743,5.56419038772583,6.4240641593933105,11.000846862792969,-0.3257468342781067,8.334357261657715,1.5040827989578247,8.334357261657715,8.687699317932129,14.744100570678711,-3.558458089828491,-0.5893518328666687,3.5976622104644775,2.7934415340423584,4.978938579559326,7.495222568511963
142.0,0.0,0.0,0.0,0.0,0.0,0,7.073315143585205,6.415006637573242,12.47567081451416,15.342405319213867,4.163843154907227,-1.2655818462371826,1.4848591089248657,5.3340654373168945,5.925422191619873,1.951026392154207,130.44176922087493,0.27582913422479055,0.21754803129834135,124.7739073038229,-44.0140607090583,44.0140607090583,0.28866711258888245,0.040810718300874314,0.6250536441802979,0.39384692907333374,0.4253858024691358,0.5746141975308642,0.25468504428863525,0.03600645568763518,0.5612696409225464,0.34456294775009155,1.5531654357910156,1.0219291746616364,0.5625743865966797,-0.19495498352468557,-0.0024902719787776514,-0.525802731513977,1.803229570388794,4.858159065246582,4.0566606521606445,6.74700403213501,13.889036178588867,-0.7406675219535828,6.461298942565918,3.405775785446167,6.636545181274414,7.9152021408081055,17.290687561035156,-1.567123293876648,4.0940704345703125,6.840285778045654,5.008241176605225,8.890857696533203,16.582046508789062,0.001161312568001449,3.941570520401001,2.414897918701172,4.100639820098877,5.021177768707275,7.722192287445068,-2.1588737964630127,1.388405203819275,3.9844977855682373,3.799384832382202,6.115731239318848,12.4452486038208,-1.7628282308578491,-0.40187370777130127,5.884308815002441,6.5647478103637695,9.255168914794922,12.541802406311035,-1.7344892024993896,2.369791030883789,2.757686138153076,3.1234500408172607,4.545363426208496,6.886898040771484,0.17262105643749237,-5.538396835327148,5.462426662445068,5.557679176330566,8.277365684509277,12.585529327392578,-3.0742340087890625,-0.754363477230072,4.824533462524414,4.173588752746582,6.8919677734375,10.514705657958984
142.5,0.0,0.0,0.0,0.0,0.0,0,7.271527290344238,7.057214736938477,12.199856758117676,13.782898902893066,3.560145139694214,-3.0784969329833984,-1.7283215522766113,4.484619617462158,5.742271900177002,3.5304728797219256,209.3106095276295,0.48552013060722365,0.3927924925799771,205.16750544998385,80.39359814616097,80.39359814616097,0.2721814811229706,0.037431124552509354,0.5930574536323547,0.367691308259964,0.5068364197530865,0.4931635802469136,0.233083114027977,0.032054212638832034,0.5074029564857483,0.3156845271587372,-1.8129150867462158,-3.213180661201477,0.1982121467590332,0.17524446128163576,-0.0033795937483649605,-5.595215797424316,-2.8430051803588867,5.595215797424316,4.464688301086426,7.505362033843994,11.005607604980469,-2.600508451461792,-2.556795597076416,4.812617301940918,3.1584103107452393,6.556093692779541,10.949174880981445,0.6624031662940979,1.885414481163025,3.7139596939086914,3.1897695064544678,5.446368217468262,8.406206130981445,-4.176220417022705,-8.051362037658691,4.176220417022705,8.051957130432129,9.391931533813477,12.962709426879883,-5.06891393661499,0.08997008949518204,5.698351860046387,2.486377000808716,6.766356945037842,10.435543060302734,-0.38835909962654114,-1.5803642272949219,4.392458438873291,2.791199207305908,5.565029144287109,9.185372352600098,-6.463044166564941,-8.650629043579102,6.463044166564941,8.90764331817627,12.008862495422363,15.157791137695312,-3.7701470851898193,6.283141613006592,3.9036576747894287,6.302172660827637,8.257946014404297,11.188521385192871,-0.30646681785583496,-0.13126562535762787,2.2972123622894287,2.7437987327575684,3.945794105529785,6.592629432678223
143.0,0.0,0.0,0.0,0.0,0.0,0,5.962754726409912,5.801877975463867,10.132376670837402,11.082858085632324,2.9492883682250977,-0.7749452590942383,-1.392584204673767,4.135682106018066,4.960751056671143,1.5936846995875642,240.9049371547357,0.26727322734388215,0.23763075099720105,232.7940165452817,27.626511095297843,27.626511095297843,0.254743754863739,0.04272248714389588,0.5464036464691162,0.34769338369369507,0.5408333333333334,0.45916666666666667,0.22025536000728607,0.03693851804657083,0.47185343503952026,0.31312379240989685,2.30355167388916,0.33573734760284424,-1.3087725639343262,-0.15516174158277607,0.005291362591386524,-2.025559663772583,-0.0002629767404869199,2.6206462383270264,3.0715737342834473,4.540649890899658,7.14736795425415,-2.169365406036377,-1.3896673917770386,3.2215895652770996,5.796206474304199,7.0517988204956055,11.132579803466797,1.5709288120269775,-4.948455333709717,5.999567985534668,4.954898357391357,7.916929244995117,11.170572280883789,-1.4353141784667969,1.9605696201324463,2.763477087020874,3.0891120433807373,4.449662208557129,7.477700710296631,-1.2498524188995361,-1.185499668121338,2.7404704093933105,2.627995252609253,4.29575777053833,7.482431411743164,2.033647298812866,-6.549664497375488,4.948875904083252,6.549664497375488,8.507842063903809,11.55820369720459,-2.6451525688171387,1.541658878326416,3.2528703212738037,3.5240018367767334,5.231985092163086,9.563695907592773,-1.458992838859558,3.3441195487976074,2.729187250137329,3.954101324081421,5.256500720977783,8.523141860961914,0.4051533043384552,-5.306053161621094,2.9288482666015625,5.306053161621094,6.413665771484375,10.371808052062988
143.5,0.0,0.0,0.0,0.0,0.0,0,6.953574180603027,7.274514198303223,10.549887657165527,11.648429870605469,2.923703908920288,-2.3908915519714355,-2.842186450958252,3.9502530097961426,5.244173526763916,3.714079460014156,229.9289301698952,0.5341252374030278,0.46642429185281575,227.0532076150428,-5.740808930238899,5.740808930238899,0.2520310580730438,0.03624481673486231,0.5386771559715271,0.33905425667762756,0.4817283950617284,0.5182716049382716,0.21911853551864624,0.03151163679510888,0.461494117975235,0.2997393310070038,-1.6159462928771973,-1.4496022462844849,0.9908194541931152,0.2287935408556147,-0.006477670409033569,-2.1942222118377686,2.4739365577697754,3.406536817550659,3.0744831562042236,4.971580982208252,8.547272682189941,0.4236368238925934,-5.719028949737549,2.7267837524414062,6.97213888168335,7.7601399421691895,10.239373207092285,-0.39803528785705566,-7.8964691162109375,1.6179313659667969,7.8964691162109375,8.177774429321289,12.013275146484375,-1.8586605787277222,-1.3810555934906006,3.4195845127105713,3.94128680229187,5.7172346115112305,9.227529525756836,-0.8291218876838684,-4.811502456665039,2.295278549194336,5.701686382293701,6.6585235595703125,9.25269889831543,-3.6823856830596924,-4.058844089508057,3.7798068523406982,4.1848602294921875,6.420130252838135,9.305530548095703,-1.5873429775238037,-3.8410558700561523,3.2268028259277344,6.685773849487305,7.855230808258057,12.446102142333984,-3.5392649173736572,-3.1210975646972656,4.1467390060424805,3.3956222534179688,6.074581623077393,9.472677230834961,-7.852626323699951,2.7754392623901367,7.852626323699951,3.572807788848877,8.946971893310547,12.867654800415039
144.0,0.0,0.0,0.0,0.0,0.0,0,7.22368860244751,7.214930057525635,11.249241828918457,12.218609809875488,3.0172524452209473,1.3440287113189697,-0.8629032969474792,5.165609836578369,5.661356449127197,1.597189806107139,327.29842423320235,0.22110446532343375,0.2422914858013452,314.1261941448804,87.07298652983764,87.07298652983764,0.27607929706573486,0.03821859911757483,0.6059346795082092,0.3763982951641083,0.4710185185185185,0.5289814814814815,0.24024781584739685,0.03325832491002891,0.5385181903839111,0.33475521206855774,3.7349202632904053,1.9792831540107727,0.2701144218444824,-0.22413280605147054,0.0019737823827125217,0.8038496375083923,-1.6479264497756958,5.9358344078063965,5.511198997497559,8.885859489440918,12.473149299621582,3.5083367824554443,0.5806505680084229,4.164813995361328,4.5164008140563965,7.089068412780762,12.279650688171387,4.767495155334473,4.140224456787109,4.899023056030273,4.788439750671387,7.516570091247559,10.002235412597656,2.317538022994995,-1.8262838125228882,7.074586391448975,3.0976274013519287,8.132294654846191,11.960187911987305,0.8851575255393982,-5.561515808105469,2.7014567852020264,5.585946083068848,6.600013256072998,9.707599639892578,-0.017925651744008064,3.206346035003662,2.4304275512695312,5.215454578399658,6.145186424255371,10.49111557006836,3.849644184112549,-3.228506565093994,5.661749362945557,4.247989654541016,7.766672134399414,11.759886741638184,-2.3741114139556885,-4.575267791748047,3.530384063720703,4.589720249176025,6.175474166870117,9.303216934204102,-1.6437257528305054,1.146151065826416,2.6914050579071045,5.853673934936523,6.702059268951416,10.161093711853027
144.5,0.0,0.0,0.0,0.0,0.0,0,10.133817672729492,9.917457580566406,16.580032348632812,18.734006881713867,4.6764421463012695,-1.876406192779541,-4.70318603515625,8.067608833312988,5.816889762878418,5.0636803889651425,248.24973487033026,0.49968141844427577,0.3726370979826973,261.5394434933278,-52.58675065155262,52.58675065155262,0.273086279630661,0.026948013226795447,0.6049402356147766,0.38172072172164917,0.5279166666666667,0.47208333333333335,0.22548264265060425,0.022250510881686388,0.4922494888305664,0.3117179870605469,-3.2204349040985107,-3.8402827382087708,2.9101290702819824,0.13034561218135207,-0.011270585890779384,-6.947251319885254,-11.776424407958984,8.710973739624023,11.881165504455566,15.5881986618042,20.275741577148438,5.242625713348389,-3.3713760375976562,5.376827239990234,4.293344497680664,7.374636650085449,12.40594482421875,-0.43829330801963806,2.660365581512451,2.5893332958221436,4.782600402832031,5.928474426269531,8.453311920166016,-11.211417198181152,-8.805292129516602,11.271758079528809,8.812289237976074,14.980454444885254,19.630985260009766,2.509533405303955,-4.6663594245910645,5.329362869262695,4.704677581787109,7.434642791748047,11.819944381713867,1.986640453338623,1.7617923021316528,5.32707405090332,3.3878097534179688,6.771859645843506,10.912175178527832,-11.703615188598633,-7.818243503570557,11.703615188598633,7.818243503570557,14.161198616027832,18.886892318725586,1.0290741920471191,-7.375764846801758,4.626094818115234,7.375764846801758,9.053744316101074,11.555938720703125,2.6450488567352295,-2.937373638153076,8.358341217041016,3.7289493083953857,9.911149978637695,13.513242721557617
145.0,0.0,0.0,0.0,0.0,0.0,0,7.540245532989502,6.680228233337402,14.206808090209961,15.636760711669922,4.3309102058410645,2.096952199935913,-3.630188226699829,5.868512153625488,4.857692241668701,4.192311425703739,300.01257027304223,0.5559913675704407,0.4237004662299216,290.21261331989075,28.67316982656297,28.67316982656297,0.25575411319732666,0.033918534636549494,0.5518433451652527,0.34816113114356995,0.5038271604938271,0.49617283950617286,0.2121439129114151,0.028134877551186092,0.4645034968852997,0.2891761362552643,3.973358392715454,1.072997808456421,-2.5935721397399902,0.051063368247224294,0.006970521409754047,10.293084144592285,-9.976881980895996,10.293084144592285,9.976881980895996,14.743057250976562,17.775678634643555,-0.4424195885658264,-5.4140214920043945,2.9464728832244873,6.701431751251221,7.695053577423096,12.233148574829102,-5.65217399597168,1.264719009399414,6.071535587310791,1.8295358419418335,6.597178936004639,9.669389724731445,7.2531585693359375,-7.524028778076172,7.2531585693359375,7.527941703796387,10.86732292175293,14.871814727783203,-0.02664896659553051,-2.9364817142486572,2.2492735385894775,4.405721664428711,5.3298845291137695,11.830002784729004,-3.5783708095550537,0.41566359996795654,3.7061197757720947,2.158818006515503,4.692688941955566,8.06977653503418,6.749027252197266,-1.5284018516540527,6.749366283416748,3.639591932296753,8.047294616699219,15.389379501342773,2.5244016647338867,-3.2527918815612793,3.2187602519989014,3.4832751750946045,5.012928485870361,8.063776016235352,1.752510905265808,-3.7194693088531494,2.4413487911224365,3.844271421432495,4.876798152923584,7.1306939125061035
145.5,0.0,0.0,0.0,0.0,0.0,0,6.032601356506348,5.977343559265137,9.774104118347168,10.62664794921875,2.7773211002349854,-1.730767011642456,0.777144193649292,4.225317478179932,4.759514331817627,1.8972368187215232,155.81909858804292,0.3144972967052256,0.2173818432396154,159.7121290617872,-130.50048425810354,130.50048425810354,0.2653885781764984,0.04399238711470327,0.5730298161506653,0.3567763864994049,0.5255246913580247,0.4744753086419753,0.2228499948978424,0.03694093887317002,0.4844724237918854,0.2991335093975067,-3.827719211578369,4.407332420349121,-1.5076441764831543,-0.20631862299030618,0.010073852478153775,-3.0520615577697754,1.9386675357818604,5.718689918518066,2.4358346462249756,6.573536396026611,9.969064712524414,-4.934842586517334,-3.0945241451263428,5.114245891571045,3.432250738143921,6.656301975250244,9.082334518432617,-1.2770155668258667,-0.7084532976150513,3.608717918395996,2.8372817039489746,5.341087818145752,7.552491188049316,0.3685203790664673,2.518592357635498,3.009357452392578,3.626763343811035,4.9853291511535645,7.550339221954346,-3.874704122543335,-2.3144562244415283,4.177010536193848,3.4127259254455566,5.837955951690674,9.659493446350098,-2.1553993225097656,-0.6694546937942505,2.954334259033203,2.428865909576416,4.475072383880615,9.72242546081543,-0.25532668828964233,7.070193290710449,2.810528516769409,7.189931869506836,7.998672962188721,11.259709358215332,-1.0968486070632935,-1.6058694124221802,4.322085857391357,4.729274272918701,6.775414943695068,11.237085342407227,0.7007752656936646,3.859602212905884,1.748603343963623,5.10617208480835,5.650041103363037,9.399718284606934
146.0,0.0,0.0,0.0,0.0,0.0,0,7.974084854125977,7.670469760894775,12.770130157470703,14.833888053894043,3.569122552871704,-1.0233558416366577,-2.870230197906494,6.461122035980225,5.029224395751953,3.047208323627747,250.37674533138534,0.3821389387461874,0.32377010441911924,249.91219381967295,90.20006475788574,90.20006475788574,0.26198020577430725,0.032853948473448226,0.5745513439178467,0.3591407537460327,0.506929012345679,0.493070987654321,0.21812710165977478,0.027354496258265235,0.4892546832561493,0.30561819672584534,0.7074111700057983,-3.647374391555786,1.941483497619629,0.10638826117950384,-0.011138438641255043,0.9507589340209961,-3.3701558113098145,5.555236339569092,6.872227668762207,9.559255599975586,16.798137664794922,-3.834458589553833,-2.1127302646636963,4.759856700897217,2.8663101196289062,5.908491611480713,11.881346702575684,-2.316720962524414,-7.030165672302246,5.972354412078857,7.575237274169922,11.05807113647461,14.630457878112793,3.011631488800049,-2.6427488327026367,6.807164669036865,3.731661319732666,8.783621788024902,13.029646873474121,-4.400415897369385,0.2764967978000641,6.105051040649414,1.3770235776901245,6.367097854614258,10.256566047668457,-1.0647830963134766,-6.162116527557373,5.159304618835449,6.162116527557373,8.779728889465332,12.062675476074219,3.481531858444214,-2.1415035724639893,6.04678201675415,4.343757629394531,8.16028881072998,11.47844123840332,-3.5612576007843018,1.0128344297409058,6.161701202392578,2.075087308883667,6.745244026184082,12.03200626373291,-1.476488709449768,-3.661983013153076,4.922811031341553,3.696176290512085,6.404968738555908,8.597634315490723
146.5,0.0,0.0,0.0,0.0,0.0,0,6.841530799865723,6.610125541687012,11.255267143249512,12.615723609924316,3.579291343688965,3.1213595867156982,-2.0863704681396484,4.94586706161499,4.589165687561035,3.7544410236288503,326.24055094908454,0.5487720706749633,0.4453043106451459,327.28756731921527,77.37537349954232,77.37537349954232,0.3027903139591217,0.044257678370370875,0.657597541809082,0.41817688941955566,0.43179012345679013,0.5682098765432099,0.2441236525774002,0.03568260145808159,0.5314792990684509,0.34950384497642517,4.144715428352356,0.7838597297668457,-1.132554054260254,0.12153420622602668,0.011403729896922649,1.979006052017212,0.016127370297908783,3.097130298614502,1.883873701095581,3.8448474407196045,7.216639518737793,3.8369991779327393,-0.7703207731246948,5.159017562866211,3.4811060428619385,6.850496768951416,10.825193405151367,2.049203872680664,1.3216907978057861,6.23594331741333,2.34956431388855,6.88456916809082,9.857284545898438,3.4865622520446777,-1.4632068872451782,3.652834415435791,3.3706090450286865,5.381351470947266,8.166534423828125,4.475498676300049,-0.5874425172805786,5.2603302001953125,3.1494698524475098,6.425502300262451,10.6840181350708,3.3196628093719482,-0.32655036449432373,7.5446906089782715,1.5413044691085815,7.8460211753845215,11.501300811767578,1.423951506614685,-4.493906021118164,2.548750638961792,5.100980758666992,6.184506416320801,10.331071853637695,3.1260828971862793,-7.011789321899414,3.6058735847473145,7.174839496612549,8.896749496459961,17.478740692138672,4.395266056060791,-5.461936950683594,6.907454490661621,5.5233869552612305,9.25973129272461,13.148418426513672
147.0,0.0,0.0,0.0,0.0,0.0,0,9.700352668762207,9.344329833984375,15.721733093261719,17.470993041992188,4.474846363067627,-0.8701555132865906,-4.917499542236328,5.662379264831543,7.557750225067139,4.993893507594805,259.96533885014196,0.5148156647620153,0.42580177241589784,262.82130488190523,-64.46626243731004,64.46626243731004,0.31587210297584534,0.032562947059656185,0.7129096388816833,0.4474526345729828,0.4698148148148148,0.5301851851851852,0.2687453031539917,0.0277046912237257,0.5882103443145752,0.37101882696151733,-3.991515100002289,-2.8311290740966797,2.8588218688964844,-0.01950253822924808,-0.01169473131071469,2.2963225841522217,-8.86866283416748,4.612740993499756,8.944357872009277,10.853022575378418,15.375118255615234,-5.18930721282959,-6.182125568389893,5.233702182769775,6.411093711853027,8.815399169921875,13.683455467224121,4.707822322845459,3.7551679611206055,4.7222466468811035,5.618973731994629,8.304863929748535,12.197935104370117,0.5306405425071716,-7.142380714416504,4.622236251831055,8.85370922088623,10.54052734375,17.156923294067383,-6.582474708557129,-11.109468460083008,6.583462238311768,11.109468460083008,13.492815971374512,18.178232192993164,1.0213701725006104,4.401342391967773,2.345778465270996,6.965386390686035,7.937720775604248,14.529519081115723,4.625082492828369,-5.225235462188721,5.4874587059021,5.601966381072998,8.10333251953125,15.446023941040039,-4.651753902435303,-6.81850528717041,4.701294422149658,6.81850528717041,8.618274688720703,12.672552108764648,-4.589103698730469,-7.067626953125,4.613674640655518,9.12399959564209,10.63721752166748,20.495649337768555
147.5,0.0,0.0,0.0,0.0,0.0,0,6.774824619293213,6.468899726867676,11.610029220581055,13.061967849731445,3.4776625633239746,0.16787531971931458,-2.9232330322265625,4.630202770233154,5.2896246910095215,2.92804943326976,273.28676987980083,0.43219560620526154,0.3143222197330574,272.975965798739,10.154660916833791,10.154660916833791,0.26354584097862244,0.03890075638671819,0.5645514130592346,0.36888548731803894,0.5157716049382716,0.4842283950617284,0.2357528954744339,0.03479837101682168,0.49690619111061096,0.3278026878833771,1.0380308330059052,1.9942665100097656,-2.925528049468994,-0.11147955268284043,0.006337809327062002,-3.3481433391571045,-1.6554831266403198,3.3868486881256104,4.935130596160889,6.300300598144531,10.405003547668457,-5.28493070602417,-6.394906520843506,5.379889488220215,7.413928985595703,9.729060173034668,13.73266315460205,2.644033670425415,-4.2275614738464355,4.419480800628662,4.737954139709473,7.361863136291504,9.983654022216797,-0.2553846538066864,-0.392347514629364,2.5193498134613037,4.571983337402344,5.473257541656494,9.39804458618164,-1.4968410730361938,-2.497955799102783,2.746934413909912,3.9569091796875,5.110907554626465,10.752622604370117,2.3476736545562744,-5.635237693786621,3.261967658996582,5.8520827293396,7.297698497772217,11.579668045043945,3.107383966445923,1.6733444929122925,3.812143325805664,3.6852946281433105,5.8159942626953125,8.579568862915039,2.7560410499572754,-0.9491867423057556,4.097583293914795,2.1620240211486816,5.059628009796143,12.314371109008789,1.0410441160202026,-6.229764461517334,3.6092817783355713,7.063659191131592,8.824707984924316,16.234996795654297
148.0,0.0,0.0,0.0,0.0,0.0,0,7.643019199371338,6.721403121948242,14.28348445892334,15.87414264678955,4.643490314483643,1.0592865943908691,-0.034748565405607224,4.863757610321045,7.429556846618652,1.0598563826547225,358.1211577014713,0.13866985742256135,0.05110710668493442,347.9942702761842,75.01830447744516,75.01830447744516,0.26211103796958923,0.03429417051536102,0.564299464225769,0.3580789268016815,0.5625462962962963,0.4374537037037037,0.21863260865211487,0.028605525426989985,0.46286261081695557,0.31371381878852844,0.8914112746715546,2.8884844668209553,0.868194580078125,-0.263215113048123,-0.00460658587135717,-0.4473843574523926,-8.675403594970703,1.4809067249298096,8.695464134216309,8.903441429138184,14.511898040771484,3.2671592235565186,-6.017659664154053,4.312891006469727,7.69946813583374,9.239758491516113,14.533442497253418,1.9156488180160522,5.127552032470703,3.9433257579803467,5.4139323234558105,7.170591354370117,10.577654838562012,-0.9334600567817688,-3.218280792236328,2.1131927967071533,3.8170363903045654,4.657434940338135,10.68458080291748,1.254332184791565,-1.6661946773529053,3.2732796669006348,3.640526533126831,5.451606273651123,8.847556114196777,5.058694839477539,8.120976448059082,6.7204976081848145,8.121357917785645,10.75841999053955,16.780452728271484,0.31334370374679565,-0.26240599155426025,2.4639580249786377,3.8117928504943848,4.981998920440674,8.681612014770508,-4.007952690124512,-2.047517776489258,4.338296890258789,3.817685604095459,6.438363075256348,10.739323616027832,3.113198757171631,8.326196670532227,6.068460941314697,8.57701301574707,11.185562133789062,20.74224281311035
148.5,0.0,0.0,0.0,0.0,0.0,0,7.210730075836182,6.624049663543701,12.747910499572754,14.18288516998291,3.856895685195923,-0.15481165051460266,4.7374267578125,5.5248918533325195,3.7254068851470947,4.739955583417729,91.87166985065869,0.6573475270280544,0.6560717999595543,100.4365150904232,112.44224481423902,112.44224481423902,0.285686194896698,0.039619588068408006,0.6271721124649048,0.3814425766468048,0.5201543209876544,0.4798456790123457,0.21750564873218536,0.030164160394369255,0.4707793593406677,0.29362422227859497,-1.2140982449054718,4.772175323218107,-0.43228912353515625,0.6049646932746199,0.005325417553046989,4.397401809692383,3.114290952682495,5.799355506896973,3.1793389320373535,7.373157978057861,12.475719451904297,5.780847072601318,7.297976493835449,7.640557765960693,7.297976493835449,11.407840728759766,16.93604278564453,-5.431846618652344,4.532808780670166,5.638792514801025,4.799179553985596,8.011425971984863,11.910198211669922,-2.3163018226623535,6.414804458618164,3.1254594326019287,6.414864540100098,7.388349533081055,11.264718055725098,1.5213103294372559,3.97927188873291,3.76108455657959,4.136815547943115,5.8225531578063965,12.293498039245605,-1.2646307945251465,5.325120449066162,2.0179994106292725,5.335844039916992,5.975246429443359,9.812544822692871,-3.8007805347442627,2.9626026153564453,3.8847696781158447,4.287418842315674,6.361483097076416,13.931865692138672,0.03624481335282326,5.105339050292969,4.54075288772583,5.401956558227539,8.07477855682373,13.498767852783203,-0.31554895639419556,3.9046263694763184,1.5137180089950562,3.910531759262085,4.481731414794922,6.891648292541504
149.0,0.0,0.0,0.0,0.0,0.0,0,6.973817348480225,6.191309928894043,10.925061225891113,14.890054702758789,4.407215118408203,-0.27302125096321106,1.1132636070251465,6.451253890991211,5.012494087219238,1.146253227783528,103.77948997142907,0.1643652494043777,0.15650996096826875,134.84560668901761,34.409091598594415,34.409091598594415,0.3337933421134949,0.04786378500756864,0.7301468253135681,0.47964751720428467,0.4971141975308642,0.5028858024691358,0.27940765023231506,0.040065232025036215,0.5722302198410034,0.45500415563583374,-0.1182096004486084,-3.6241631507873535,-0.23691272735595703,-0.4995618389912856,0.008244196939160633,3.0426979064941406,1.8193782567977905,5.232418537139893,3.7666938304901123,6.933322906494141,10.709247589111328,-0.39024296402931213,-2.321842908859253,2.7673404216766357,4.510683536529541,5.651698589324951,8.774199485778809,1.115281343460083,4.425604343414307,9.154014587402344,6.259737491607666,11.91192626953125,18.498798370361328,1.1314889192581177,1.8282620906829834,3.324373960494995,2.8714940547943115,4.708286762237549,7.924258232116699,-0.6272211074829102,-0.48095637559890747,2.604063034057617,2.721412181854248,4.138819217681885,6.874720573425293,0.16749335825443268,0.5997299551963806,8.31427001953125,4.951877117156982,9.995826721191406,16.143957138061523,-0.7798163294792175,3.6857736110687256,3.0460264682769775,4.14988374710083,5.922807693481445,9.8297758102417,-1.7562134265899658,-1.8126164674758911,4.264843940734863,4.423689365386963,6.823883533477783,9.78089714050293,-4.360658645629883,2.276041030883789,5.6113786697387695,3.134415626525879,6.677781581878662,10.011200904846191
149.5,0.0,0.0,0.0,0.0,0.0,0,9.079089164733887,7.802064895629883,16.611515045166016,19.70054054260254,6.008866786956787,-0.7253561019897461,0.33184751868247986,9.142436981201172,5.857979774475098,0.7976617393039971,155.41609459591754,0.0878570223103847,0.060020630041514395,190.72373188590223,55.87812519688461,55.87812519688461,0.31465891003608704,0.03465753774076655,0.6766319274902344,0.4770393967628479,0.5198611111111111,0.4801388888888889,0.2707364559173584,0.029819778304326805,0.5658722519874573,0.4433782398700714,-0.45233485102653503,-0.7814160883426666,2.105271816253662,-0.09648933092675435,-0.013206247266802092,3.2077794075012207,-1.7714062929153442,5.2817063331604,2.8519623279571533,6.331026554107666,8.819207191467285,-6.228515625,-4.831837177276611,6.830271244049072,4.890105247497559,8.651371955871582,13.848432540893555,-9.455106735229492,8.444164276123047,9.588654518127441,10.30251693725586,14.910516738891602,28.3935489654541,-2.855203628540039,1.306189775466919,3.8873512744903564,2.605759620666504,5.252925872802734,8.654572486877441,-1.84221351146698,-2.593583822250366,6.0065107345581055,3.0187036991119385,6.956306457519531,10.6283540725708,4.515425682067871,0.6967975497245789,9.660987854003906,5.827254295349121,12.287886619567871,20.30768394470215,-5.314369201660156,-1.698114275932312,5.657154560089111,3.3459322452545166,6.7260661125183105,12.115248680114746,-2.04719614982605,1.2635910511016846,5.5352020263671875,2.0152299404144287,6.187551021575928,12.429937362670898,13.491194725036621,2.170825958251953,13.491194725036621,4.048220157623291,14.408153533935547,18.20823860168457
150.0,0.0,0.0,0.0,0.0,0.0,0,8.038954734802246,7.162315368652344,14.338047981262207,16.274389266967773,4.427556991577148,1.7096749544143677,3.5129077434539795,5.088697910308838,6.562749862670898,3.9068541390446994,64.04856796146795,0.4859903144038297,0.34855051822627997,42.70561944533845,-148.01811244056378,148.01811244056378,0.28654277324676514,0.0356442780255978,0.640373706817627,0.4006284177303314,0.5284413580246914,0.47155864197530867,0.22470320761203766,0.027951790633608364,0.4784334897994995,0.331794410943985,2.4350310564041138,3.1810602247714996,-1.0401344299316406,0.28852988818476555,0.0009867402848312556,2.5168657302856445,9.764525413513184,4.076444625854492,9.764525413513184,10.996809959411621,13.470037460327148,7.958255290985107,2.747664451599121,7.958255290985107,4.099888324737549,9.182868957519531,15.143118858337402,2.824772834777832,-3.7957820892333984,3.267833709716797,4.222601413726807,5.751518249511719,8.48723030090332,-1.3841158151626587,1.9518613815307617,3.486448049545288,4.145401954650879,5.8567214012146,8.411093711853027,3.030038356781006,0.657733142375946,3.4545388221740723,2.5028278827667236,4.835107803344727,7.471497535705566,0.7745382785797119,6.108513832092285,3.7143168449401855,7.096583843231201,8.4337158203125,15.533352851867676,-3.4019110202789307,1.0903767347335815,5.502938270568848,4.668727397918701,7.8026604652404785,12.99657917022705,2.3652312755584717,1.6504578590393066,3.1175966262817383,5.137571811676025,6.654571533203125,10.917976379394531,0.7033987045288086,11.440817832946777,4.533926486968994,11.577131271362305,12.836609840393066,19.212514877319336
150.5,0.0,0.0,0.0,0.0,0.0,0,7.553220272064209,6.893518447875977,12.796963691711426,14.600000381469727,3.8474011421203613,-1.6375776529312134,2.923694133758545,5.5780816078186035,5.4322190284729,3.3510666894518573,119.25343504632133,0.44366065979114483,0.44867524276762166,118.51530473415208,75.80968528881363,75.80968528881363,0.2613925039768219,0.0346067584361111,0.5637220144271851,0.36956214904785156,0.4822222222222222,0.5177777777777778,0.2411716878414154,0.03192964685589118,0.5033279657363892,0.33770281076431274,-3.347252607345581,-0.5892136096954346,-0.4857344627380371,0.10012472454134169,-0.0010375195894867031,-4.853630542755127,-0.5753066539764404,5.294736385345459,3.0331971645355225,6.454101085662842,10.412095069885254,-5.359478950500488,5.910533905029297,6.75734806060791,6.7654242515563965,9.97536563873291,19.029743194580078,-1.8946690559387207,4.6548051834106445,2.8107404708862305,4.770853042602539,6.064564228057861,10.214021682739258,-0.1425626575946808,-1.5246068239212036,4.180422782897949,3.488523244857788,6.147119045257568,9.124680519104004,-4.041881084442139,5.844944000244141,5.107746124267578,5.870984077453613,8.133013725280762,15.050885200500488,-0.32129210233688354,6.9963698387146,2.4031271934509277,6.996382713317871,7.8597331047058105,12.012556076049805,5.39033317565918,-4.832804203033447,6.877735614776611,5.237605571746826,10.004585266113281,14.340736389160156,-3.0385513305664062,4.8226399421691895,3.2621700763702393,4.82388162612915,6.115785598754883,9.615413665771484,-0.4764660596847534,5.016669750213623,3.8176326751708984,5.123874664306641,7.22471809387207,11.382142066955566
151.0,0.0,0.0,0.0,0.0,0.0,0,6.802295207977295,5.419868469238281,14.0590181350708,17.711536407470703,5.151910781860352,-0.35420501232147217,-2.271846055984497,4.138401985168457,7.099316120147705,2.2992924330858764,261.13832135706656,0.33801714903366936,0.1145863222225215,247.66397131477783,129.14866658062573,129.14866658062573,0.2683439552783966,0.03944902531055618,0.5780841112136841,0.3796103596687317,0.43885802469135804,0.561141975308642,0.24194344878196716,0.035567908451006804,0.5140572786331177,0.3440442681312561,1.2833726406097412,-5.195540189743042,-0.7509250640869141,-0.33408892054510014,0.004842266874445077,1.6007962226867676,0.040960557758808136,4.312005519866943,3.29172682762146,5.842746734619141,9.79780101776123,-1.872922658920288,2.891056537628174,3.418525218963623,3.1870410442352295,5.329339027404785,8.34989070892334,2.8937668800354004,-2.017134666442871,3.7545056343078613,3.1130788326263428,5.422922134399414,9.872248649597168,-0.7864485383033752,-9.426575660705566,1.9059791564941406,9.450989723205566,9.927108764648438,17.338979721069336,-0.23689310252666473,2.497448682785034,2.136585235595703,3.4108452796936035,4.4143805503845215,7.083118915557861,-0.296612411737442,-0.5258260369300842,2.691311836242676,2.322046995162964,3.8331267833709717,6.29207181930542,-2.1826171875,-15.799222946166992,4.601703643798828,15.799222946166992,16.588380813598633,25.384973526000977,0.846541166305542,0.390257865190506,2.3578293323516846,3.238701343536377,4.303586483001709,7.883594989776611,-3.153454542160034,1.502419114112854,4.679227352142334,2.2893848419189453,5.55906343460083,8.41286849975586
151.5,0.0,0.0,0.0,0.0,0.0,0,7.522101879119873,6.953009605407715,13.29206657409668,15.823409080505371,4.734805107116699,-0.6834096312522888,4.094074726104736,5.4232378005981445,5.688619136810303,4.150722417485655,99.47680749511382,0.5518035363237213,0.4140157185800316,102.51403479190017,-145.14993652287765,145.14993652287765,0.27491459250450134,0.03654757146005265,0.593638002872467,0.3988003432750702,0.534320987654321,0.465679012345679,0.21904391050338745,0.029120036514179767,0.4741533398628235,0.3176569640636444,-0.32920461893081665,6.365920782089233,0.7198066711425781,0.2994293963575101,-0.002901453850503527,0.7539936900138855,-2.003539562225342,2.665200710296631,2.686732292175293,4.149150848388672,7.626794338226318,-5.851504802703857,3.946551561355591,5.889919281005859,4.606434345245361,7.739009857177734,13.045112609863281,-0.15618473291397095,2.5072154998779297,2.056278944015503,7.396941184997559,7.93524694442749,13.591858863830566,3.3800792694091797,6.608280658721924,4.562176704406738,6.617408752441406,8.285469055175781,15.039434432983398,-3.121384620666504,4.262015342712402,4.097984790802002,4.262459754943848,6.2970356941223145,10.3412504196167,-0.48647648096084595,1.7725632190704346,2.5071468353271484,3.6073999404907227,4.814175128936768,9.480791091918945,0.25328558683395386,12.69837474822998,7.571320533752441,12.69837474822998,15.05031967163086,22.531946182250977,-2.1917524337768555,4.66968297958374,2.929388999938965,4.792096138000488,6.426374912261963,9.894673347473145,1.2692575454711914,2.3855273723602295,6.290679454803467,2.547682285308838,7.002131938934326,10.953652381896973
152.0,0.0,0.0,0.0,0.0,0.0,0,5.653308868408203,5.416887283325195,9.416379928588867,11.04986572265625,2.922260046005249,-0.9820380210876465,-0.7778334617614746,4.5305914878845215,4.2899675369262695,1.2527663665255306,218.38135174992178,0.22159878324112706,0.2602760893593246,235.68777388423223,133.17373909233208,133.17373909233208,0.2720649838447571,0.048124902079949516,0.5843541026115417,0.3772173523902893,0.46390432098765433,0.5360956790123457,0.21912357211112976,0.03876022670111096,0.4749819338321686,0.2978094220161438,-0.29862838983535767,-4.871908187866211,-1.86879301071167,-0.153739629220707,0.011577330619896867,0.8906732201576233,-0.21310585737228394,3.322319984436035,4.1380133628845215,5.539638519287109,10.677623748779297,-2.574514627456665,0.19014041125774384,3.4794886112213135,3.7997822761535645,5.735992431640625,10.30480670928955,-3.104586601257324,0.5789366960525513,3.557896375656128,3.2041351795196533,5.173102378845215,8.003539085388184,1.9238343238830566,-4.001708030700684,4.288272380828857,4.551759243011475,6.803008556365967,10.692569732666016,-2.2058088779449463,-1.8270841836929321,2.561044931411743,2.784785747528076,4.2431864738464355,7.555039405822754,-4.7388811111450195,-0.23469729721546173,5.158509254455566,2.4451870918273926,6.232450008392334,10.44986629486084,4.300518035888672,-0.7245998978614807,4.571687698364258,3.8282976150512695,6.679215431213379,12.96330451965332,-1.2861953973770142,-1.7948497533798218,3.3568949699401855,4.313714027404785,5.976285934448242,8.474345207214355,-2.0433807373046875,1.0264660120010376,2.6825075149536133,2.9479565620422363,4.496899604797363,7.63100004196167
152.5,0.0,0.0,0.0,0.0,0.0,0,6.483793258666992,5.9580183029174805,11.44212818145752,14.070948600769043,3.7683472633361816,0.2633295953273773,2.071606159210205,5.318546295166016,4.857179164886475,2.0882754977858973,82.75576997153622,0.3220762005319132,0.20156339838320267,103.16161633185,-132.52615755238224,132.52615755238224,0.2632810175418854,0.04060601046832314,0.5685117840766907,0.37014132738113403,0.5124228395061728,0.48757716049382716,0.22873519361019135,0.035277984538827294,0.4809546172618866,0.34045031666755676,1.2453676164150238,2.8494396209716797,0.8304843902587891,-0.058712690976121945,-0.007518891611626374,-5.195981979370117,1.0905412435531616,5.237200736999512,2.590106964111328,6.200004577636719,9.77922248840332,0.09648661315441132,-0.8421937227249146,1.64362633228302,2.296247720718384,3.173508644104004,5.288527488708496,6.580960273742676,7.026832580566406,6.904988765716553,7.1726789474487305,10.362812042236328,16.80914306640625,-3.5409131050109863,4.40252161026001,4.13847017288208,5.143198013305664,8.015707015991211,11.889801025390625,-0.32470065355300903,-2.0775256156921387,1.6493513584136963,2.886446475982666,3.6342101097106934,6.41903018951416,4.117649078369141,-0.14605563879013062,4.802400588989258,3.021986246109009,6.127062797546387,9.505398750305176,0.3630334436893463,7.412909984588623,5.707122802734375,7.447206497192383,9.773171424865723,15.318751335144043,0.5615662336349487,1.0588090419769287,1.9449107646942139,3.8760993480682373,4.521980285644531,6.850440502166748,-0.2881338894367218,0.7186151742935181,5.250794410705566,3.0006422996520996,6.545684337615967,9.248380661010742
153.0,0.0,0.0,0.0,0.0,0.0,0,6.448038578033447,6.2984514236450195,10.32701301574707,12.163418769836426,3.104416847229004,-0.3619203269481659,-1.0039913654327393,3.924800157546997,5.888256549835205,1.0672323949926574,250.1767039779748,0.16551271864724898,0.13575996907421198,248.74651991631072,145.58490358446073,145.58490358446073,0.2593895196914673,0.04022765625929627,0.5524157881736755,0.3441556394100189,0.5135030864197531,0.48649691358024694,0.24527963995933533,0.038039412908526506,0.5337662100791931,0.3238202929496765,-0.6252499222755432,-3.0755975246429443,-0.03575468063354492,-0.06580342930899069,-0.0003783542090268696,0.9302911758422852,-4.62859582901001,2.3900790214538574,5.507139682769775,6.371140480041504,10.69579029083252,1.5009835958480835,-2.6286873817443848,4.1825337409973145,6.0840744972229,7.956125259399414,12.221729278564453,-0.06809576600790024,3.925143003463745,2.9847753047943115,5.249536514282227,7.032463073730469,12.882654190063477,-1.2889214754104614,-0.14943039417266846,3.0091772079467773,5.0268144607543945,6.346591949462891,9.04055404663086,-0.11234331130981445,-2.7666661739349365,2.1485838890075684,4.508086681365967,5.33827018737793,8.701325416564941,2.194425344467163,0.9042184948921204,3.2264671325683594,4.103813171386719,5.60642147064209,8.309768676757812,-4.738682746887207,-0.6835579872131348,4.805186748504639,3.9459495544433594,6.928207874298096,9.776912689208984,-3.6316428184509277,-2.533351421356201,3.6439311504364014,5.734240531921387,7.451388359069824,14.996337890625,1.9567030668258667,-0.47499483823776245,2.4832589626312256,3.899930715560913,5.001739025115967,7.5267438888549805
153.5,0.0,0.0,0.0,0.0,0.0,0,9.225635528564453,9.126758575439453,14.742538452148438,15.501765251159668,4.2177934646606445,-2.1934781074523926,-3.536806583404541,7.149646282196045,5.870635509490967,4.1617721004743435,238.1933877837809,0.45110952926642794,0.3173173075342251,244.4981828988233,-4.248337017487415,4.248337017487415,0.24941162765026093,0.027034625402597604,0.5365734100341797,0.33077409863471985,0.5354938271604939,0.4645061728395062,0.2247827798128128,0.024365015803174066,0.48309704661369324,0.31086108088493347,-1.8315577805042267,-2.5328152179718018,2.777596950531006,0.18155733846001312,-0.013193030856698668,-11.432828903198242,-0.4676413834095001,11.432828903198242,4.687808036804199,12.599221229553223,15.132808685302734,4.2984700202941895,-7.738622665405273,5.116888999938965,7.808523178100586,9.671034812927246,15.7256498336792,-0.28669273853302,-2.678602695465088,4.4117751121521,4.085484981536865,6.345451354980469,9.257349967956543,-10.807843208312988,-1.9046828746795654,10.816239356994629,4.232902526855469,12.07263469696045,15.406288146972656,2.1570656299591064,-10.59560775756836,4.290802478790283,10.59560775756836,11.94662857055664,14.9345121383667,0.9872065782546997,0.4455818831920624,4.655158519744873,3.3080685138702393,5.975244045257568,8.8162260055542,-5.097017765045166,-3.5565011501312256,6.578825950622559,4.806186676025391,8.544384002685547,15.365920066833496,0.4813240170478821,-8.07431697845459,4.703643798828125,8.079676628112793,9.942039489746094,14.068790435791016,-0.04098891466856003,2.7391357421875,4.3065690994262695,3.0054073333740234,5.934082984924316,9.260129928588867
154.0,0.0,0.0,0.0,0.0,0.0,0,5.319546699523926,4.947729587554932,9.281692504882812,10.823202133178711,2.8171777725219727,1.0694769620895386,-1.2815957069396973,4.186333656311035,3.9902892112731934,1.669211948341651,309.84461178847107,0.3137883813466733,0.22073601842793986,316.4244845764014,71.92630167757812,71.92630167757812,0.2555040121078491,0.048031153500271366,0.559148907661438,0.3387742042541504,0.4614969135802469,0.5385030864197531,0.19347664713859558,0.03637088302750078,0.4121101200580597,0.2557675242424011,3.262955069541931,2.2552108764648438,-3.9060888290405273,-0.09658128910628525,0.020996528097673762,3.564171314239502,2.0838117599487305,4.1799798011779785,2.64067006111145,5.727550506591797,10.311739921569824,0.35743361711502075,1.4830724000930786,2.450411319732666,2.338916540145874,3.6633756160736084,5.376775741577148,0.5297473669052124,-0.7424539923667908,2.093088150024414,1.9948822259902954,3.12739634513855,4.838563919067383,4.205872058868408,-3.4011974334716797,4.42323112487793,3.660266399383545,6.529717922210693,10.232388496398926,-1.6172584295272827,-2.363258123397827,2.351522922515869,2.840392589569092,4.037616729736328,6.996151924133301,1.1029201745986938,-0.9745180010795593,4.062007427215576,1.961098074913025,4.798305988311768,7.447680473327637,2.4346413612365723,-7.382717132568359,3.4832019805908203,7.394127368927002,9.090874671936035,12.247162818908691,-2.8441834449768066,-2.0287814140319824,3.6052463054656982,2.433825969696045,4.650739669799805,7.739856243133545,1.89194917678833,1.7916802167892456,5.325304985046387,2.4389188289642334,6.250340938568115,8.050969123840332
154.5,0.0,0.0,0.0,0.0,0.0,0,6.320774555206299,6.085616588592529,10.403048515319824,11.402488708496094,2.963902473449707,2.118501663208008,-0.7954223155975342,4.833516597747803,4.500364780426025,2.262906528596716,339.4206221141123,0.3580109540108188,0.32642912968487126,339.92637087162615,23.501886295224722,23.501886295224722,0.244848370552063,0.03873707718515431,0.5283756852149963,0.32591286301612854,0.5263888888888889,0.4736111111111111,0.2110966295003891,0.033397267100634974,0.45400479435920715,0.28255727887153625,1.0490247011184692,0.4861733913421631,1.001227855682373,0.1056931112569314,-0.009294076315117056,-1.7487859725952148,-0.5706487894058228,3.499220609664917,5.68890905380249,7.099944591522217,9.945526123046875,3.5505638122558594,-5.924623489379883,3.8689169883728027,5.924623489379883,7.263888835906982,11.680136680603027,0.17187082767486572,-2.836839437484741,5.579136371612549,4.317636013031006,7.630738735198975,12.272526741027832,2.1570143699645996,0.9706172943115234,3.510859966278076,3.5806727409362793,5.262234210968018,8.377767562866211,5.057358264923096,-0.561794102191925,5.057765960693359,2.0000312328338623,5.618648052215576,10.058364868164062,-2.2118465900421143,1.1478317975997925,4.140732288360596,1.8830615282058716,4.988301753997803,8.3255033493042,5.0738911628723145,-0.9811310768127441,5.099853992462158,2.432640552520752,6.088930606842041,11.16611385345459,6.953278064727783,-1.7886037826538086,6.953278064727783,2.6487414836883545,7.750227928161621,10.817119598388672,0.06317151337862015,3.386389970779419,2.7161331176757812,3.904273271560669,5.184055805206299,8.921265602111816
155.0,0.0,0.0,0.0,0.0,0.0,0,5.089687347412109,4.670166969299316,9.012497901916504,10.874984741210938,2.785815715789795,2.345665454864502,-0.3021504282951355,4.312955379486084,3.0774447917938232,2.365045730522694,352.6600204842217,0.46467406916953746,0.3423111408229456,345.59895038422263,5.672579512596485,5.672579512596485,0.22653083503246307,0.04450780078659323,0.4827818274497986,0.306120365858078,0.5258641975308642,0.4741358024691358,0.19812904298305511,0.03892753926353768,0.4245694577693939,0.2621658146381378,0.22716379165649414,0.4932718873023987,-1.2310872077941895,0.01588201113807436,0.005770723601438918,0.1322304606437683,0.21496114134788513,2.647087335586548,2.470430850982666,3.9619803428649902,5.992129325866699,8.19260311126709,-0.594541609287262,8.19260311126709,1.8755110502243042,8.551042556762695,13.251694679260254,-2.0494303703308105,-2.340033531188965,3.3062469959259033,2.5807061195373535,4.597972869873047,6.874682426452637,0.3737834095954895,3.643709897994995,2.1161651611328125,3.7433152198791504,4.620726108551025,8.399401664733887,5.333113193511963,-0.15883077681064606,5.333113193511963,1.3766629695892334,5.614984035491943,8.844675064086914,0.3013201355934143,-2.0046443939208984,1.910290241241455,2.323547601699829,3.267190456390381,5.721346855163574,1.3719053268432617,2.8693411350250244,2.4702231884002686,3.093210458755493,4.324633598327637,7.359066963195801,4.852822780609131,-1.282348394393921,5.4185404777526855,1.9224039316177368,5.863666534423828,9.456653594970703,2.6026437282562256,-3.0669667720794678,3.3462424278259277,3.097275972366333,5.004993438720703,8.064977645874023
155.5,0.0,0.0,0.0,0.0,0.0,0,7.065782070159912,6.406657695770264,12.488689422607422,14.075949668884277,3.7173547744750977,-1.8365612030029297,3.224895715713501,5.281130313873291,4.699016571044922,3.7111870647547347,119.66128602747096,0.5252337289636706,0.36558751594390687,125.17753305583334,139.57858267161072,139.57858267161072,0.23523826897144318,0.03329259710291662,0.5170150995254517,0.3185330033302307,0.45695987654320985,0.5430401234567901,0.19782628118991852,0.02799778583995522,0.4305351972579956,0.26334348320961,-4.182226657867432,3.5270461440086365,1.9760947227478027,0.023276375120961257,-0.011215203683676608,3.5090372562408447,3.128568410873413,3.809354305267334,3.4519846439361572,5.448222637176514,9.506772994995117,-8.458930969238281,5.20164155960083,8.458930969238281,5.452279567718506,10.483633041381836,14.568049430847168,-4.981897830963135,4.736408233642578,4.989193916320801,4.932198524475098,7.4816813468933105,12.816924095153809,3.9999287128448486,5.745197296142578,5.422641754150391,5.771235466003418,8.53046989440918,12.40632152557373,-5.530746936798096,3.9473719596862793,5.609784126281738,4.025140285491943,7.785727024078369,11.871681213378906,-3.6112396717071533,0.44999396800994873,3.657874822616577,2.1252408027648926,4.547372341156006,8.045183181762695,2.1189613342285156,8.907812118530273,2.8168771266937256,8.929893493652344,10.037528038024902,16.567501068115234,-3.9469006061553955,-0.07251539081335068,4.746331691741943,2.423123836517334,5.915581226348877,9.892000198364258,0.37273821234703064,-3.0204172134399414,1.0363560914993286,3.024510145187378,3.3618202209472656,4.40838098526001
156.0,0.0,0.0,0.0,0.0,0.0,0,6.470547676086426,6.112337589263916,11.290548324584961,13.695039749145508,3.5407938957214355,-1.4397048950195312,-0.21613465249538422,4.511125087738037,5.651150226593018,1.455838031084674,188.53772918944932,0.22499456057871237,0.28886427602209236,201.71490540469352,76.53737234886017,76.53737234886017,0.276065468788147,0.04266492419853324,0.5924954414367676,0.40784135460853577,0.5131327160493827,0.4868672839506173,0.21944956481456757,0.03391514009091683,0.46268436312675476,0.32095304131507874,0.39685630798339844,-3.441030368208885,-0.5952343940734863,-0.07672323992181451,0.009372327095616619,-2.5376687049865723,0.016153572127223015,4.9947614669799805,3.346444845199585,6.346270561218262,9.973201751708984,-0.9725111126899719,1.3329938650131226,2.8597593307495117,2.9276204109191895,4.495218276977539,7.549483776092529,-0.6214920282363892,-4.740505695343018,1.1202994585037231,5.21579647064209,5.487182140350342,9.871813774108887,-3.5770623683929443,-0.04073259234428406,6.422197341918945,2.4589953422546387,7.12832498550415,10.182445526123047,0.38368478417396545,-2.5709261894226074,3.033841609954834,3.173877000808716,4.610823154449463,7.880359172821045,-0.48039117455482483,3.4108870029449463,1.6236934661865234,5.118856906890869,5.613593101501465,12.677433013916016,-3.73821759223938,-2.782226324081421,5.072592258453369,3.844146490097046,7.230804920196533,9.634666442871094,-2.3584635257720947,-4.198873043060303,3.5653562545776367,5.581455230712891,7.113075256347656,10.191522598266602,0.9447785019874573,7.628017425537109,5.106974124908447,8.032527923583984,10.209639549255371,15.868570327758789
156.5,0.0,0.0,0.0,0.0,0.0,0,7.514724254608154,6.651195526123047,14.032593727111816,18.672391891479492,4.760139465332031,1.8418023586273193,3.789990186691284,4.455610275268555,6.443700790405273,4.213817929557635,64.08187303506791,0.5607415238122213,0.40021071016731125,54.39469742282413,-147.3202079818694,147.3202079818694,0.28462544083595276,0.03787569487805502,0.6268340349197388,0.4152090549468994,0.578996913580247,0.4210030864197531,0.22384603321552277,0.02978765365749821,0.4750290513038635,0.3433673679828644,3.2815072536468506,4.006124839186668,1.0441765785217285,0.11134643414521889,-0.004789229320478219,3.4201371669769287,-0.8913435339927673,3.75818133354187,1.3683788776397705,4.2603044509887695,7.713502407073975,-1.2592496871948242,-3.029862403869629,3.0965020656585693,3.5721378326416016,5.31998872756958,8.239175796508789,0.8838855028152466,-2.3798694610595703,1.9189971685409546,3.830383062362671,4.499229907989502,7.2907609939575195,5.673300743103027,4.42544412612915,5.673300743103027,4.708644866943359,7.754420757293701,10.886836051940918,-0.03816041722893715,2.7879245281219482,2.4058353900909424,3.0925710201263428,4.182761192321777,5.972601413726807,1.084091305732727,6.821661949157715,4.4378132820129395,7.212206840515137,8.883467674255371,15.404010772705078,4.443138122558594,6.571898460388184,4.533526420593262,6.592679977416992,8.294742584228516,12.453778266906738,-2.1198887825012207,5.650166988372803,4.209287643432617,5.802639961242676,7.884149074554443,13.809353828430176,4.488967418670654,14.153892517089844,5.389421463012695,14.157276153564453,16.553449630737305,20.32853889465332
157.0,0.0,0.0,0.0,0.0,0.0,0,6.425516128540039,5.865349769592285,11.055397033691406,13.215082168579102,3.4077231884002686,1.3960576057434082,-0.5068420171737671,4.662472248077393,5.381015300750732,1.4852156977782016,340.04645179981384,0.23114340825966645,0.21512902815832458,12.249302383323363,-42.145395039500784,42.145395039500784,0.2723192572593689,0.042380909086650174,0.580693781375885,0.3775261640548706,0.5397067901234568,0.4602932098765432,0.23490692675113678,0.03655844690036811,0.5050600171089172,0.34426969289779663,-0.44574475288391113,-4.296832203865051,-1.0892081260681152,-0.18508168200898667,0.0045052142085951555,-1.108831524848938,1.017965316772461,3.4282920360565186,2.0471668243408203,4.285913944244385,6.170744895935059,5.853517055511475,-8.200272560119629,6.054952621459961,8.684809684753418,11.424081802368164,16.107563018798828,4.707980632781982,3.583366632461548,4.761682033538818,4.000247955322266,6.79057502746582,9.243334770202637,-0.5812302827835083,3.2612802982330322,3.3097286224365234,3.5798394680023193,5.596459865570068,8.938273429870605,3.9136831760406494,-3.6812081336975098,4.259802341461182,4.11533260345459,6.473880290985107,11.418804168701172,2.7347211837768555,-1.1346863508224487,3.010054588317871,2.8271071910858154,4.710574626922607,7.312083721160889,-3.6584439277648926,3.939621925354004,4.840843677520752,4.347426414489746,7.398654937744141,10.257959365844727,-0.6009718179702759,-0.673992395401001,2.779635190963745,3.9782562255859375,5.05522346496582,8.302412033081055,1.3040941953659058,-2.6736526489257812,2.531928539276123,5.2179036140441895,6.094278812408447,11.729133605957031
157.5,0.0,0.0,0.0,0.0,0.0,0,8.652897834777832,8.05849552154541,16.057893753051758,17.787220001220703,4.660318851470947,-0.45391085743904114,4.336221694946289,4.9882354736328125,7.259466648101807,4.359914409047947,95.97589450970801,0.503867547300111,0.4006774303630589,111.03479647114762,98.78549408782425,98.78549408782425,0.3107514977455139,0.03591299328457856,0.672105073928833,0.4633271098136902,0.5497685185185185,0.45023148148148145,0.2395275980234146,0.02768177492850171,0.5117124915122986,0.3355036675930023,-1.8499684631824493,4.843063712120056,2.227381706237793,0.18554840220473434,-0.006467915802071615,-6.6249165534973145,3.083897829055786,6.6249165534973145,6.392723560333252,9.720812797546387,14.841903686523438,-2.0438740253448486,4.201847076416016,3.4092886447906494,5.822118759155273,7.158602237701416,10.800493240356445,4.134410858154297,0.22971808910369873,6.132599830627441,2.1098296642303467,6.910451412200928,10.512434005737305,0.27618271112442017,8.128775596618652,3.164503335952759,8.159692764282227,9.002931594848633,16.18419075012207,-1.4035199880599976,-1.1497360467910767,2.0357580184936523,3.7757647037506104,4.643217086791992,8.745155334472656,0.8095450401306152,6.895192623138428,3.6465861797332764,6.91732931137085,8.253206253051758,15.505658149719238,0.34746798872947693,7.096485137939453,5.066789627075195,7.855193138122559,9.908255577087402,17.727893829345703,-0.47032928466796875,-3.5643794536590576,3.729973077774048,6.163426876068115,7.567281723022461,11.622282028198242,0.889835000038147,14.104190826416016,3.8553824424743652,14.104190826416016,14.711315155029297,18.778820037841797
158.0,0.0,0.0,0.0,0.0,0.0,0,7.385923862457275,6.410695552825928,13.297063827514648,14.791539192199707,3.7899672985076904,4.449463367462158,3.9614202976226807,5.141278266906738,2.6443166732788086,5.957396665726117,41.67912556912661,0.8065878794131123,0.8102006301693931,46.70923038491855,-64.32556608622906,64.32556608622906,0.2619033455848694,0.035459790136253146,0.5693499445915222,0.39127546548843384,0.4778858024691358,0.5221141975308642,0.20130228996276855,0.027254852129079996,0.4286460876464844,0.3081780672073364,4.903374224901199,-0.3748013973236084,-1.2669739723205566,0.4095231998063342,-0.0004532031483254137,8.151789665222168,3.0260303020477295,8.151789665222168,3.354464530944824,9.048946380615234,14.507152557373047,3.912886381149292,2.0315136909484863,3.988706588745117,2.1773669719696045,4.756140232086182,7.390482425689697,1.7837737798690796,4.858894348144531,7.347136497497559,4.940524101257324,9.507418632507324,14.154041290283203,9.53567123413086,4.052887439727783,9.544598579406738,4.105146408081055,10.678147315979004,15.770381927490234,1.638059139251709,3.889270782470703,2.028538703918457,3.9086496829986572,4.726542949676514,6.659468650817871,2.3401055335998535,5.533679485321045,2.6065125465393066,5.534582138061523,6.364923000335693,9.828210830688477,9.513150215148926,1.8067067861557007,9.565385818481445,2.125577449798584,10.007315635681152,15.228961944580078,0.8696144223213196,4.410105228424072,1.2250230312347412,4.410105228424072,4.688276767730713,6.4516119956970215,2.3001222610473633,6.043693542480469,2.430011510848999,6.043869495391846,6.695607662200928,9.789288520812988
158.5,0.0,0.0,0.0,0.0,0.0,0,6.498793601989746,6.244695663452148,10.499066352844238,12.245967864990234,3.2497103214263916,-2.7960309982299805,-1.048736572265625,4.000011920928955,5.279886245727539,2.9862414070316543,200.56008640034227,0.45950703929377784,0.4295206836291616,192.08642119900483,145.37719081408625,145.37719081408625,0.27784299850463867,0.0427530050602878,0.5878628492355347,0.39467769861221313,0.4869753086419753,0.5130246913580246,0.22017638385295868,0.03387957264960289,0.47540152072906494,0.31937113404273987,-7.245494365692139,-5.010156869888306,-0.8871302604675293,-0.3806799465402315,0.007293214924034654,-3.3571245670318604,1.0951637029647827,3.8690145015716553,1.6395533084869385,4.37597131729126,6.877416610717773,0.48352256417274475,-1.498777151107788,3.6579134464263916,2.8078746795654297,4.960039138793945,9.237990379333496,-5.934896945953369,-0.4528487026691437,5.934989929199219,2.5366058349609375,6.858469486236572,9.411134719848633,-3.805945634841919,-4.1221795082092285,4.038254261016846,4.80140495300293,6.950540542602539,13.188716888427734,-2.87239146232605,2.1419856548309326,3.1683454513549805,2.711177349090576,4.444095611572266,8.389586448669434,-3.863633155822754,-2.1541574001312256,4.119250297546387,4.601509094238281,6.625473499298096,9.084283828735352,-2.3548355102539062,-9.695280075073242,3.1492528915405273,9.695280075073242,10.49551010131836,15.35794734954834,-1.9633933305740356,4.456164836883545,2.2529423236846924,5.4789228439331055,6.3715105056762695,11.417488098144531,-1.4955816268920898,0.7913001775741577,6.577037334442139,2.499938488006592,7.407529830932617,10.5704984664917
159.0,0.0,0.0,0.0,0.0,0.0,0,6.549898624420166,5.90573263168335,10.932018280029297,12.269444465637207,3.3408515453338623,0.7828995585441589,3.505830764770508,5.214968204498291,3.7366809844970703,3.5921833291161525,77.4116194236735,0.5484334239500008,0.46345128769923555,83.2381810103219,-108.84824018868294,108.84824018868294,0.24832580983638763,0.037912918376725634,0.5349085330963135,0.3527315855026245,0.5124228395061728,0.48757716049382716,0.22868458926677704,0.03491421279406575,0.49683845043182373,0.3253372013568878,3.5789305567741394,4.554567337036133,0.05110502243041992,0.03393060407007392,-0.004840086683562166,2.5829520225524902,0.9609726071357727,4.480973243713379,2.741598606109619,5.717702388763428,10.110025405883789,-7.290102958679199,1.9169100522994995,7.482146739959717,2.2462844848632812,8.205395698547363,14.655823707580566,-0.6954947710037231,2.0118355751037598,2.5880813598632812,3.266000509262085,4.700110912322998,7.393163204193115,4.849452972412109,4.972374439239502,5.259644508361816,4.98040246963501,7.602524280548096,11.132122039794922,0.8362695574760437,2.6281802654266357,2.654984474182129,3.5552985668182373,4.970132827758789,9.099827766418457,-1.2488080263137817,2.597501039505005,2.376534938812256,2.774937391281128,4.1973652839660645,6.3063859939575195,5.3837151527404785,7.979430198669434,5.3837151527404785,7.979430198669434,9.77450180053711,11.894043922424316,2.7980287075042725,5.276155471801758,4.77873420715332,5.798234939575195,8.17145824432373,12.649857521057129,-0.16991682350635529,3.2091145515441895,3.522650718688965,3.719021797180176,5.6098952293396,8.199545860290527
159.5,0.0,0.0,0.0,0.0,0.0,0,6.593400955200195,5.945677757263184,11.980347633361816,13.027961730957031,3.4736011028289795,-1.7693465948104858,3.036342144012451,4.98487663269043,4.282509803771973,3.5142511276335378,120.23034168090012,0.5329952101368655,0.4483882468676671,125.10432678922456,41.86614577890265,41.86614577890265,0.2646634876728058,0.040140657201107925,0.5543853044509888,0.35501551628112793,0.46251543209876544,0.5374845679012346,0.21253472566604614,0.032234456068376154,0.44915226101875305,0.2924151122570038,-2.5522461533546448,-0.46948862075805664,0.0435023307800293,-0.015063040831568453,0.0022277388243822915,0.8927732110023499,-0.26918449997901917,3.308706045150757,2.4644830226898193,4.452045440673828,6.741377830505371,-4.176133155822754,4.387117862701416,5.216793537139893,4.599762439727783,7.900632381439209,11.976661682128906,-3.420182228088379,5.803440570831299,3.4614508152008057,6.9893903732299805,8.325149536132812,14.204728126525879,3.0908968448638916,5.523250102996826,3.4968230724334717,5.607091426849365,6.914985656738281,10.495497703552246,-4.689340114593506,4.0988264083862305,5.151872634887695,4.324540615081787,7.1084699630737305,12.829360961914062,-2.2796154022216797,1.0965255498886108,2.406813144683838,2.0993943214416504,3.4747140407562256,5.4734697341918945,3.167294979095459,6.758005619049072,4.493563652038574,6.7580156326293945,8.378118515014648,13.541075706481934,-7.055724620819092,0.5590227842330933,7.057002544403076,2.543038845062256,7.753661632537842,12.233427047729492,-1.4540882110595703,-0.6299275159835815,4.335089206695557,2.1835992336273193,5.032833099365234,9.44505500793457
160.0,0.0,0.0,0.0,0.0,0.0,0,6.174933433532715,6.081297397613525,9.362342834472656,10.731629371643066,2.6316123008728027,-1.6859519481658936,-0.31739529967308044,5.298569202423096,3.746621608734131,1.715568053963158,190.6616492868686,0.277827781048916,0.33752132254898365,184.8461338171374,59.74180702791284,59.74180702791284,0.2664826512336731,0.04315554344780579,0.5769868493080139,0.35457125306129456,0.4754938271604938,0.5245061728395062,0.20549321174621582,0.03327860626831822,0.4383580684661865,0.2724945843219757,0.08339464664459229,-3.3537374436855316,-0.41846752166748047,-0.11086692431868345,0.003014886246697865,3.613247871398926,-2.110077142715454,5.510239601135254,2.546072006225586,6.569225311279297,11.299347877502441,-4.945886611938477,3.3964531421661377,4.945886611938477,3.630234479904175,6.521366596221924,8.273948669433594,-4.9854936599731445,1.9317677021026611,5.132421970367432,2.507053852081299,6.089264392852783,8.4790678024292,4.142420291900635,-3.26469349861145,5.0698347091674805,3.4320263862609863,6.623176574707031,10.611794471740723,-3.6579198837280273,0.43697449564933777,4.178069591522217,2.266045093536377,5.227945804595947,7.73136043548584,-4.183030128479004,-0.1141686961054802,4.184689998626709,1.9841538667678833,4.99680233001709,7.37700080871582,1.8671058416366577,-5.30954647064209,4.003561019897461,5.3256635665893555,7.225379467010498,11.234692573547363,-1.220558762550354,0.24698276817798615,4.516573905944824,2.8528246879577637,5.7121076583862305,9.621353149414062,-5.803452491760254,1.9297502040863037,5.803614139556885,2.26872181892395,6.609131813049316,9.2064847946167
160.5,0.0,0.0,0.0,0.0,0.0,0,8.332021713256836,8.318307876586914,13.146377563476562,14.227279663085938,3.7320594787597656,-3.0875980854034424,3.020512104034424,5.774317741394043,5.599228382110596,4.319346629712122,135.62925994029982,0.518403189329156,0.4519763032983478,122.26562118465333,-62.58051263248407,62.58051263248407,0.2525300979614258,0.030308378487690944,0.5498749017715454,0.3545951843261719,0.5115123456790124,0.4884876543209877,0.22481366991996765,0.02698188395025295,0.48032501339912415,0.3170711398124695,-1.4016461372375488,3.3379074037075043,2.157088279724121,0.11445498074936417,-0.012847164960114846,-0.31692472100257874,5.147619247436523,2.1689085960388184,5.147619247436523,5.77621603012085,8.642864227294922,-0.5262434482574463,3.8090689182281494,5.082968711853027,4.611329078674316,7.382706165313721,11.232178688049316,-3.4199702739715576,-2.857896089553833,4.492860794067383,6.78291654586792,8.35818862915039,12.042963027954102,0.3278457522392273,4.219931602478027,3.6586203575134277,4.2199320793151855,5.962147235870361,8.583661079406738,-1.4742122888565063,6.3535261154174805,4.068912029266357,7.584365367889404,8.921072959899902,14.401150703430176,-10.782059669494629,-0.8963322043418884,10.806625366210938,4.679781913757324,12.208062171936035,14.820806503295898,-0.7981674671173096,4.916137218475342,3.1366443634033203,5.012887477874756,6.17528772354126,11.445758819580078,-0.5739644169807434,5.326767444610596,4.7054123878479,7.682966709136963,9.480216026306152,12.953924179077148,-10.224687576293945,1.1657861471176147,10.224687576293945,2.4269003868103027,10.724303245544434,13.020807266235352
161.0,0.0,0.0,0.0,0.0,0.0,0,6.059179306030273,5.13303279876709,10.858421325683594,13.555265426635742,3.9648995399475098,-1.046523928642273,0.42764195799827576,5.165825843811035,4.946739196777344,1.1305264160829929,157.77356067388925,0.18658078247624388,0.14248462706453993,120.1620219371593,-2.1035992474940315,2.1035992474940315,0.2620770037174225,0.04325288083218051,0.5571058392524719,0.3684885799884796,0.4624537037037037,0.5375462962962962,0.2348947525024414,0.03876675402259729,0.4999504089355469,0.32250967621803284,2.0410741567611694,-2.592870146036148,-2.2728424072265625,-0.3094916762338079,0.012944502344489569,-0.6363339424133301,0.3476213216781616,2.7515993118286133,1.8987542390823364,3.784511089324951,6.655904769897461,0.019530313089489937,1.9276795387268066,2.388960123062134,3.575958728790283,4.540904998779297,6.514467716217041,2.1604182720184326,4.381939888000488,3.8053884506225586,5.674365043640137,7.134294033050537,14.345768928527832,2.1903038024902344,-1.2293334007263184,2.6550095081329346,2.1125712394714355,3.806962728500366,6.282070159912109,-0.3818509578704834,3.524862289428711,3.0890183448791504,3.532169818878174,5.006556987762451,7.10008430480957,-2.473607063293457,-0.4582343101501465,4.560182094573975,4.446756362915039,6.94791841506958,11.601896286010742,2.7084157466888428,-2.970111608505249,3.0738649368286133,3.3995583057403564,4.843390464782715,7.852530479431152,-2.9018125534057617,4.515241622924805,3.5469658374786377,4.518802165985107,6.16703987121582,9.988828659057617,-10.103780746459961,-6.190887451171875,10.105199813842773,6.443700313568115,12.301033973693848,21.09557342529297
161.5,0.0,0.0,0.0,0.0,0.0,0,6.234958648681641,5.6644086837768555,11.085460662841797,12.362931251525879,3.4537248611450195,-0.698560893535614,1.711647629737854,4.7022480964660645,5.027331829071045,1.8487089901778726,112.20144721260833,0.29650701702228216,0.2601583412635376,122.14431377649275,1.9822918393334703,1.9822918393334703,0.29020288586616516,0.04654446896501207,0.6411968469619751,0.40655896067619324,0.4528086419753086,0.5471913580246913,0.2262628972530365,0.03628939239420402,0.48660534620285034,0.3223585784435272,0.34796303510665894,1.2840056717395782,0.1757793426513672,0.11767371419899766,0.0032915881328315563,6.220821380615234,3.653918743133545,6.221137046813965,3.6691808700561523,7.768129348754883,12.026130676269531,0.38829705119132996,6.085367202758789,2.6087515354156494,6.087721347808838,6.87155818939209,11.073432922363281,-1.2676934003829956,-0.7356675863265991,5.694151878356934,3.868037700653076,7.351737022399902,11.385318756103516,0.6093941330909729,-1.4050755500793457,1.9729101657867432,2.2330775260925293,3.445197582244873,6.165276050567627,-2.4810991287231445,2.1297457218170166,3.306257486343384,2.472177267074585,4.606115341186523,8.102179527282715,-2.5162384510040283,2.417081594467163,5.049370765686035,4.158623695373535,7.436661243438721,11.30687141418457,-1.1600804328918457,-4.763825416564941,1.5711495876312256,5.190881729125977,5.7346320152282715,8.811588287353516,-1.8354027271270752,0.7979398369789124,2.4688339233398438,2.037182092666626,3.541400194168091,5.394614219665527,-4.245047092437744,7.225344657897949,4.549413681030273,7.3138651847839355,9.359196662902832,15.28060531616211
162.0,0.0,0.0,0.0,0.0,0.0,0,5.700206279754639,5.287330627441406,10.296758651733398,11.66533374786377,3.147892713546753,-0.05806230753660202,0.05666524916887283,4.513655662536621,4.692750930786133,0.08113064784559158,135.69766666675045,0.014232931908752572,0.09413143301096108,307.5195660075643,-174.62474776892844,174.62474776892844,0.2644083797931671,0.04638574823976373,0.5601856112480164,0.37189677357673645,0.47530864197530864,0.5246913580246914,0.22600404918193817,0.03964839138124576,0.4840030372142792,0.3114717900753021,0.640498585999012,-1.6549823805689812,-0.534752368927002,-0.16602690825257652,-0.00015872072524834163,-3.7443110942840576,1.0321072340011597,5.770346641540527,2.6534206867218018,6.792874336242676,12.95313549041748,0.35090184211730957,-1.6511094570159912,2.201115131378174,3.5768651962280273,4.626803398132324,7.862261772155762,2.06754207611084,1.8808674812316895,2.7475192546844482,5.499215602874756,6.611946105957031,9.696152687072754,-3.0417087078094482,3.638507604598999,4.556120872497559,3.8506500720977783,6.800209999084473,10.234633445739746,0.3490753173828125,-1.8252356052398682,2.13140869140625,2.270683765411377,3.4007720947265625,5.924162864685059,4.128377914428711,-2.0112268924713135,4.208881378173828,3.667628526687622,6.065789699554443,7.910245895385742,-1.5529136657714844,1.490365982055664,5.369960784912109,5.240107536315918,8.085844039916992,12.997851371765137,0.5022484064102173,-2.111969470977783,1.5476421117782593,2.3842098712921143,3.010580539703369,5.07255744934082,0.4182269871234894,0.0676809698343277,3.722501516342163,4.031046390533447,5.90703821182251,10.508048057556152
162.5,0.0,0.0,0.0,0.0,0.0,0,6.048205852508545,6.068376064300537,9.472691535949707,10.609292984008789,2.7660670280456543,-0.736839771270752,2.723572015762329,3.5176472663879395,4.888486862182617,2.8214849589480377,105.13849880471561,0.4664994922052468,0.39608213765031713,98.11410692226433,150.59454091470002,150.59454091470002,0.24599632620811462,0.040672604659029735,0.5319352746009827,0.34029871225357056,0.5576234567901235,0.4423765432098765,0.20264054834842682,0.033504235766073365,0.4302031099796295,0.2808636426925659,-0.6787774637341499,2.6669067665934563,0.34799957275390625,0.301950704639356,-0.0057131435807339925,-3.793825387954712,-4.009952068328857,4.1310882568359375,5.137789726257324,7.1736578941345215,13.459695816040039,-0.11634565889835358,2.8994383811950684,4.0088605880737305,3.3242790699005127,5.541436672210693,7.972825527191162,2.9338221549987793,-2.496563673019409,3.0068626403808594,3.095214366912842,4.704099178314209,7.126230239868164,-0.5471299290657043,4.807610034942627,2.033233165740967,5.348670482635498,5.992167949676514,9.07694149017334,-0.5261697173118591,7.452122211456299,1.7221736907958984,7.452122211456299,7.866302013397217,10.103765487670898,1.490639090538025,3.779871702194214,1.8545277118682861,4.322152137756348,5.080807685852051,10.487339973449707,-3.705585479736328,4.777890205383301,3.7801990509033203,4.788209438323975,6.745419025421143,9.104400634765625,-1.2485145330429077,5.018431186676025,2.1095974445343018,5.018431186676025,5.805115222930908,7.637613296508789,-1.1184489727020264,2.28330135345459,2.5004303455352783,4.315406799316406,5.524850368499756,10.661867141723633
163.0,0.0,0.0,0.0,0.0,0.0,0,7.128901958465576,6.453089714050293,13.049721717834473,14.1488618850708,3.83768367767334,0.7680141925811768,-0.28766921162605286,4.896899700164795,6.395063400268555,0.8201215613088536,339.46594123326895,0.11504177867602158,0.09824168401420715,25.091670721546706,-73.02243620071762,73.02243620071762,0.24934570491313934,0.034976728728933135,0.5423977375030518,0.3410649001598358,0.5252777777777777,0.4747222222222222,0.23239628970623016,0.032599165826806414,0.48748859763145447,0.313367635011673,1.5048539638519287,-3.011241227388382,1.0806961059570312,-0.29784045363611,-0.0056958759300966,3.311897039413452,3.1883468627929688,3.800058603286743,5.712327480316162,7.486777305603027,12.183313369750977,-1.6099050045013428,-7.7628173828125,3.072131395339966,9.102523803710938,9.840405464172363,14.87221622467041,-1.0185822248458862,-5.348094463348389,2.615579605102539,5.788000106811523,6.560781955718994,10.335251808166504,2.347343683242798,1.216326117515564,2.8099300861358643,3.1516525745391846,4.55075216293335,8.228653907775879,4.26254940032959,1.859413743019104,4.796196460723877,3.858609199523926,6.57782506942749,11.327187538146973,-4.3135857582092285,0.5933594703674316,4.596384048461914,3.373157024383545,6.380808353424072,10.720282554626465,2.4945578575134277,-5.894381999969482,2.989358425140381,6.005997657775879,6.895168304443359,12.872822761535645,5.481011390686035,5.954103946685791,5.7403693199157715,6.276678562164307,9.561213493347168,14.433629989624023,-4.043158054351807,3.6047213077545166,4.178071975708008,3.713113307952881,6.306387901306152,13.164649963378906
163.5,0.0,0.0,0.0,0.0,0.0,0,6.1686272621154785,5.050329208374023,11.63464641571045,16.43810272216797,4.395820140838623,2.911090135574341,-1.7213363647460938,5.436152458190918,4.047961711883545,3.3819291326158107,329.404047251356,0.5482466339611525,0.37786051754362776,319.63882226356094,-65.45284845798574,65.45284845798574,0.2690679132938385,0.04361875961083833,0.5726038813591003,0.3553435206413269,0.5645833333333333,0.4354166666666667,0.224953293800354,0.03646731238157123,0.48830291628837585,0.3103419542312622,2.143075942993164,-1.433667153120041,-0.9602746963500977,0.27961883352942063,0.008642030881905197,-1.9509791135787964,0.19927771389484406,3.3431789875030518,2.554978847503662,4.632664203643799,7.898807525634766,3.3681085109710693,-6.515276908874512,4.203913688659668,6.609330654144287,8.220878601074219,11.811284065246582,12.614420890808105,-1.2813191413879395,12.615657806396484,4.243185520172119,13.70822811126709,21.158079147338867,2.225510835647583,-2.7959048748016357,3.0962650775909424,2.9848885536193848,4.676614761352539,7.418820381164551,3.697293281555176,-1.093984603881836,4.1615142822265625,2.881683588027954,5.58132791519165,9.008400917053223,2.8728749752044678,-2.950620174407959,3.2146966457366943,3.4851324558258057,5.043909549713135,10.220555305480957,-1.1932716369628906,1.943001627922058,1.9711045026779175,3.035320520401001,3.9151690006256104,7.551053524017334,3.5690300464630127,-3.231276512145996,4.524035453796387,3.448392391204834,6.050849437713623,12.26224136352539,0.996822714805603,0.23407548666000366,1.8470758199691772,2.866053819656372,3.688000202178955,5.88298225402832
164.0,0.0,0.0,0.0,0.0,0.0,0,5.580506324768066,5.381809234619141,9.499789237976074,11.094106674194336,2.8185298442840576,1.141863226890564,0.6643450260162354,4.567883014678955,4.058990001678467,1.321062429454961,30.191182086141403,0.23672805881281145,0.21835228184671068,33.84566596508748,74.20684370152651,74.20684370152651,0.2656601369380951,0.047605015364644516,0.5750617980957031,0.36411985754966736,0.49228395061728397,0.5077160493827161,0.24408495426177979,0.04373884667769418,0.5161607265472412,0.3417377471923828,-1.7692269086837769,2.385681390762329,-0.5881209373474121,-0.15950823569691708,0.003986255753806185,5.258138656616211,0.8080324530601501,5.258138656616211,3.121901750564575,6.411798000335693,10.119660377502441,-0.2733897566795349,-0.7104721665382385,4.58459997177124,2.4311881065368652,5.573969841003418,9.00557804107666,4.200584888458252,-0.8388753533363342,4.223843574523926,2.5293996334075928,5.126012325286865,7.861464023590088,2.3244588375091553,-0.23642493784427643,3.3799068927764893,2.100722312927246,4.459995746612549,7.940391540527344,-1.4024912118911743,1.8977521657943726,3.127366304397583,2.5530967712402344,4.39552116394043,7.4185895919799805,-1.549781322479248,0.05140221491456032,2.2331106662750244,2.853684425354004,4.030183792114258,6.573854923248291,1.9556522369384766,-1.2256501913070679,2.7062389850616455,3.3326990604400635,4.682426452636719,7.750641822814941,2.4250543117523193,4.863317966461182,4.564201831817627,5.720426082611084,8.168548583984375,12.479070663452148,-2.6614575386047363,1.3700228929519653,4.898568153381348,4.431828022003174,7.376103401184082,10.889765739440918
164.5,0.0,0.0,0.0,0.0,0.0,0,7.355759143829346,6.912604331970215,12.345314025878906,13.70903205871582,3.6610474586486816,0.25810950994491577,4.057845115661621,4.55984354019165,5.494137763977051,4.066045683686164,86.36046005713045,0.5527703672974554,0.4416372750968236,95.7958555079693,61.950189542881844,61.950189542881844,0.23020851612091064,0.03129635980776639,0.4920300245285034,0.30513203144073486,0.48246913580246914,0.5175308641975309,0.1964074820280075,0.02670118086881493,0.4245058298110962,0.25671350955963135,-0.8837537169456482,3.3935000896453857,1.7752528190612793,0.22328499325011292,-0.016308655556878125,3.405318021774292,8.293739318847656,3.5893754959106445,8.293739318847656,9.204520225524902,12.007434844970703,0.4736359417438507,-0.48106804490089417,3.137793779373169,2.4664974212646484,4.145147800445557,7.268685340881348,-0.7711729407310486,6.539966583251953,3.0380940437316895,6.656474590301514,7.902015209197998,13.09074878692627,3.651254892349243,8.725531578063965,3.870849370956421,8.725531578063965,9.850874900817871,13.530614852905273,-3.2494165897369385,0.6799582839012146,3.7013602256774902,2.318983554840088,4.803718566894531,6.951717853546143,0.8099943995475769,3.609478712081909,4.232507705688477,5.018318176269531,7.054215431213379,11.595813751220703,3.4326601028442383,8.93942928314209,3.66302227973938,8.964941024780273,10.374242782592773,16.716890335083008,-4.534839630126953,-1.1792515516281128,4.726857662200928,4.177803993225098,6.626287937164307,9.962672233581543,-0.8944494724273682,1.3928278684616089,4.452200412750244,3.8428280353546143,6.2408061027526855,9.659329414367676
165.0,0.0,0.0,0.0,0.0,0.0,0,6.672707557678223,5.746021747589111,12.237801551818848,14.067336082458496,3.938056707382202,-2.2893190383911133,0.327307790517807,3.764410972595215,6.365092754364014,2.3125985490944294,171.86346646616525,0.34657573842470346,0.36654340181528944,171.0915076571519,75.29565214918262,75.29565214918262,0.23698903620243073,0.035516167708198446,0.4965346157550812,0.3212105929851532,0.4644753086419753,0.5355246913580247,0.24103093147277832,0.0361219030307305,0.5230158567428589,0.34837156534194946,-2.547428548336029,-3.730537325143814,-0.683051586151123,-0.07509387328153416,0.004219807900432054,-3.4719393253326416,6.035889625549316,3.6864287853240967,6.437139987945557,8.399710655212402,19.739459991455078,-6.162262439727783,1.2939616441726685,6.164909839630127,2.7040014266967773,7.022512435913086,9.342673301696777,1.1213337182998657,-2.87573504447937,2.0880465507507324,6.349863052368164,7.075104713439941,12.24869155883789,-3.132098436355591,3.052483081817627,3.199120044708252,3.13153338432312,5.041940689086914,7.471314907073975,-3.9628119468688965,-1.6173372268676758,4.546599864959717,2.2908642292022705,5.298464775085449,8.192124366760254,-0.09527476131916046,-1.2643213272094727,3.6130127906799316,7.076941013336182,8.427858352661133,13.446456909179688,-1.394995093345642,-1.3608652353286743,1.8353301286697388,2.3617708683013916,3.21850848197937,5.9740095138549805,-2.59332275390625,-2.5003395080566406,3.4056928157806396,2.5595366954803467,4.5925726890563965,6.1566572189331055,-0.9125024676322937,2.1820340156555176,4.341801643371582,9.34229850769043,10.977693557739258,15.939799308776855
165.5,0.0,0.0,0.0,0.0,0.0,0,7.2199296951293945,6.299558639526367,13.832601547241211,17.296024322509766,4.403750896453857,-1.090377688407898,2.313084125518799,4.2408447265625,6.855388164520264,2.557201923021492,115.23898381376756,0.3541865407285884,0.37726620943129413,108.14194433701194,-62.94956332013997,62.94956332013997,0.28681713342666626,0.039725746068470534,0.6221542358398438,0.4335986375808716,0.5292746913580247,0.4707253086419753,0.26622897386550903,0.036874173050595704,0.5706711411476135,0.39562734961509705,1.1989413499832153,1.9857763350009918,0.5472221374511719,0.010722807616004693,0.0042095783602720885,0.26444241404533386,-3.8230834007263184,2.979578733444214,8.633488655090332,9.446916580200195,18.658985137939453,-1.521438479423523,0.118273064494133,3.953988552093506,3.6258766651153564,5.66502571105957,8.144627571105957,-3.0611274242401123,2.412374973297119,3.4402434825897217,4.095631122589111,5.765779972076416,8.641944885253906,1.553040862083435,-0.5187233090400696,2.2512412071228027,8.038910865783691,8.647509574890137,13.738384246826172,1.5729093551635742,3.1245996952056885,3.9174752235412598,3.758774995803833,6.256312847137451,8.581460952758789,-3.8672776222229004,9.02259635925293,5.530942440032959,9.02259635925293,10.82288646697998,18.199512481689453,-2.9995508193969727,-0.004394959192723036,3.2051281929016113,2.6362898349761963,4.67775297164917,7.1236891746521,0.860920250415802,2.2555665969848633,2.3362598419189453,2.5723252296447754,3.9385156631469727,6.418423652648926,-2.6153175830841064,8.230548858642578,4.258547782897949,8.23264217376709,9.758663177490234,18.325660705566406
166.0,0.0,0.0,0.0,0.0,0.0,0,6.609250545501709,5.820694923400879,12.800222396850586,14.702925682067871,3.8862457275390625,-2.4669673442840576,2.5337600708007812,4.064022541046143,5.455543518066406,3.5363636654264385,134.23476857177772,0.535062733827409,0.47916538850178036,140.46095297663828,32.31900863962636,32.31900863962636,0.27223101258277893,0.041189385924955565,0.5849987864494324,0.36768537759780884,0.4900154320987654,0.5099845679012346,0.23483581840991974,0.03553137852193721,0.510794997215271,0.3171415627002716,-1.3765896558761597,0.22067594528198242,-0.6106791496276855,0.10189917907048623,0.0014636398564850314,-2.403083324432373,4.5880537033081055,2.433539390563965,4.845763683319092,5.728039264678955,10.697160720825195,-2.6228559017181396,4.001133441925049,2.9802560806274414,4.383781909942627,5.5233073234558105,12.598329544067383,-3.5182113647460938,-1.6703317165374756,3.647451162338257,3.3264896869659424,5.377007484436035,8.418672561645508,-0.9861555695533752,2.002579927444458,3.356022596359253,3.102348566055298,5.197890758514404,8.390124320983887,0.5128142833709717,1.00205397605896,2.3513872623443604,4.499838352203369,5.392622470855713,8.808995246887207,-5.5671796798706055,-0.75948166847229,5.577653408050537,5.144464015960693,8.134775161743164,13.978565216064453,0.4292917251586914,0.8211087584495544,4.869549751281738,2.095773696899414,5.560354709625244,8.742958068847656,-1.7967737913131714,6.521387577056885,3.5656323432922363,6.667777061462402,8.329665184020996,15.359559059143066,-6.250552177429199,6.297335147857666,6.250552177429199,6.951416969299316,10.239594459533691,15.503220558166504
166.5,0.0,0.0,0.0,0.0,0.0,0,7.198416233062744,7.083531379699707,11.26884651184082,12.44982624053955,3.0406386852264404,2.087336540222168,-2.0321362018585205,5.075541019439697,5.178321361541748,2.91316861424989,315.76770920394523,0.4046957719490486,0.36983646856617364,316.9497074191718,176.4887544425335,176.4887544425335,0.2845509350299835,0.03952965295246082,0.6182895302772522,0.3872540593147278,0.5861728395061728,0.4138271604938272,0.23517580330371857,0.032670487926643454,0.5071834325790405,0.3218671977519989,4.554303884506226,-4.565896272659302,0.5891656875610352,-0.10932891993560673,-0.0016597329724947485,2.1885693073272705,-8.30416488647461,3.7147772312164307,8.30416488647461,9.260258674621582,11.128744125366211,2.2063148021698,-6.17827033996582,4.316617488861084,6.19884729385376,8.065679550170898,11.629243850708008,4.472706317901611,-1.2428407669067383,5.292425155639648,3.8578124046325684,7.269524574279785,13.1734037399292,1.5292186737060547,-4.706861972808838,4.332974433898926,5.057421684265137,7.383913993835449,10.6995849609375,0.4034971594810486,-1.5184662342071533,4.771919250488281,3.2377982139587402,5.980924606323242,8.96109390258789,4.151037216186523,1.848719596862793,5.939140796661377,3.349851369857788,7.624910831451416,12.510128021240234,4.003931999206543,-0.16740106046199799,4.784265041351318,1.3470370769500732,5.098793029785156,7.486963272094727,-0.32589268684387207,0.25944629311561584,4.157060146331787,2.5084657669067383,5.133044719696045,7.849503040313721,0.1566469967365265,1.7206145524978638,4.79878568649292,6.966707229614258,8.968696594238281,12.670230865478516
167.0,0.0,0.0,0.0,0.0,0.0,0,6.401190280914307,6.235443115234375,10.339834213256836,11.975505828857422,3.0742998123168945,-0.11183750629425049,-1.078120231628418,5.097161769866943,4.823966026306152,1.0839053748647205,264.07767336315254,0.1693287228308892,0.14932990272875427,230.65907771979988,-86.29062969937189,86.29062969937189,0.26641955971717834,0.0416203090995782,0.5678926706314087,0.37337493896484375,0.4822222222222222,0.5177777777777778,0.26404187083244324,0.041248864351188255,0.5642957091331482,0.36050960421562195,-2.1991740465164185,0.9540159702301025,-0.7972259521484375,-0.22050656583741937,0.002090656147117384,7.6436052322387695,-0.00811759103089571,7.680757999420166,2.137155532836914,8.20307731628418,12.678485870361328,4.699621200561523,2.7968695163726807,5.589093208312988,3.730698823928833,7.449667930603027,9.768607139587402,-4.042109489440918,-5.101106643676758,4.760361671447754,5.807340145111084,8.278688430786133,11.595460891723633,-0.31714192032814026,-0.48655804991722107,3.351926565170288,1.6326708793640137,3.8993077278137207,6.861457347869873,-0.5708298087120056,2.0376405715942383,2.165719747543335,4.9713873863220215,5.714296817779541,10.109637260437012,-0.4523032009601593,-4.143014430999756,2.6687490940093994,6.767336368560791,7.519874095916748,13.599258422851562,-6.3260817527771,-0.8566712141036987,6.3260817527771,1.6650784015655518,6.641545295715332,8.588142395019531,-1.4989184141159058,-3.4617974758148193,2.302985906600952,3.906479835510254,5.31492805480957,8.498028755187988,-0.14237911999225616,-0.48032593727111816,2.28659725189209,3.396493911743164,4.589324951171875,7.073212623596191
167.5,0.0,0.0,0.0,0.0,0.0,0,7.949444770812988,7.504828929901123,13.017256736755371,15.39253044128418,4.346171855926514,2.570730209350586,3.3573737144470215,5.896721363067627,5.42503023147583,4.228547276279112,52.558836048372015,0.5319298892174905,0.5419046004590097,38.31570210037097,167.6566243805711,167.6566243805711,0.2868094742298126,0.03607917866209693,0.6261024475097656,0.3887190520763397,0.42378086419753086,0.5762191358024691,0.24167853593826294,0.030401935292848285,0.5251598954200745,0.34912699460983276,2.6825677156448364,4.4354939460754395,1.5482544898986816,0.39257469773025544,-0.005541130437481272,6.953859806060791,2.0989584922790527,6.978873252868652,3.24111008644104,8.05091381072998,11.201654434204102,-2.4446020126342773,5.5189995765686035,4.008212566375732,5.902846336364746,7.977984428405762,12.882712364196777,0.21747344732284546,5.6624345779418945,8.836212158203125,6.304957866668701,11.656620979309082,22.598342895507812,5.434571266174316,0.4553986191749573,5.482086658477783,1.5820775032043457,5.883124828338623,9.8399658203125,1.2361092567443848,2.078021764755249,1.9919555187225342,3.1691460609436035,4.134868621826172,6.178835391998291,-0.47870364785194397,7.900901794433594,5.093011379241943,7.900901794433594,10.08158016204834,15.895440101623535,5.037365436553955,-3.07627010345459,5.178766250610352,3.6356513500213623,6.813746929168701,9.701566696166992,4.032637596130371,-0.6673703193664551,4.078402042388916,2.384582757949829,5.0249834060668945,7.291679859161377,3.147859811782837,10.245288848876953,4.1779866218566895,10.2972993850708,11.921181678771973,16.861703872680664
168.0,0.0,0.0,0.0,0.0,0.0,0,5.084031581878662,4.739317893981934,8.824237823486328,10.479701042175293,2.7757694721221924,0.05307008698582649,0.3032935857772827,3.499349594116211,4.605651378631592,0.3079016617466121,80.07490754077128,0.060562499816894454,0.09795993490017699,54.056101589131146,15.740399488760175,15.740399488760175,0.26484036445617676,0.05209257812394121,0.5684590935707092,0.3518970310688019,0.47651234567901235,0.5234876543209876,0.21495270729064941,0.04227996257475196,0.4547179937362671,0.2922878563404083,-2.5176601223647594,-3.0540801286697388,-2.865413188934326,-0.4439446655588327,0.016013399461844283,1.9244461059570312,4.46345853805542,3.3260927200317383,4.640779495239258,6.599679946899414,10.47802448272705,-0.16675719618797302,1.7653157711029053,1.3146283626556396,6.53704309463501,6.756643295288086,12.99082088470459,-2.5634210109710693,-1.8082952499389648,5.860896587371826,2.626450777053833,6.71032190322876,10.394586563110352,0.40027329325675964,-0.4702589213848114,2.401916265487671,2.6470046043395996,3.905433177947998,5.637383460998535,-0.38425132632255554,0.3318127989768982,1.6529453992843628,3.3516156673431396,3.9793732166290283,6.703074932098389,1.039283037185669,-1.414077639579773,2.651987075805664,3.0547990798950195,4.465324878692627,8.179128646850586,-0.918956458568573,0.9663596153259277,2.0094826221466064,1.8257514238357544,3.0367252826690674,5.338793754577637,2.1113274097442627,0.8095740675926208,3.2690186500549316,1.5095114707946777,3.8208980560302734,5.696038246154785,-0.9643130898475647,-1.914246678352356,2.408165693283081,5.588191509246826,6.481886863708496,10.331692695617676
168.5,0.0,0.0,0.0,0.0,0.0,0,6.7297773361206055,5.924481391906738,12.906825065612793,14.947343826293945,4.002894878387451,0.30535733699798584,-2.2724547386169434,4.3379011154174805,6.1023268699646,2.29287889831127,277.65318262029075,0.34070650242835593,0.13252769919741553,261.2210328962713,-152.83506869285986,152.83506869285986,0.250550776720047,0.037230167801407484,0.5388100743293762,0.34665942192077637,0.5009876543209877,0.49901234567901237,0.20937427878379822,0.031111615914602687,0.4401988387107849,0.28548720479011536,0.25228725001215935,-2.575748324394226,1.6457457542419434,0.03456776429723854,-0.014862410322533728,-0.5790051221847534,2.2991411685943604,3.9908628463745117,2.3258097171783447,4.798697471618652,7.352684020996094,-4.595897197723389,-1.111830472946167,4.778240203857422,2.579329490661621,6.116493225097656,8.95827579498291,5.649807929992676,-10.553050994873047,5.671938896179199,10.553050994873047,12.144652366638184,15.806026458740234,-0.5424396991729736,-0.3195902407169342,1.5603867769241333,2.495630979537964,3.2161426544189453,6.334752559661865,-0.32814040780067444,1.2153637409210205,2.2333381175994873,3.2049219608306885,4.398834705352783,7.2741498947143555,0.7656450867652893,-6.450174808502197,3.014106512069702,6.4789323806762695,7.55991792678833,12.562406539916992,-1.4477909803390503,-7.562901496887207,2.3528802394866943,8.131409645080566,9.259350776672363,17.08828353881836,4.588014125823975,0.07837022840976715,4.609230995178223,5.878382205963135,8.253988265991211,11.827902793884277,-0.7619783282279968,1.9525805711746216,3.5613317489624023,2.397524118423462,4.819919586181641,7.311347007751465
169.0,0.0,0.0,0.0,0.0,0.0,0,7.944405555725098,6.898623466491699,14.221303939819336,16.77187156677246,4.4631028175354,2.0535998344421387,-5.0805439949035645,5.1497907638549805,5.1461944580078125,5.479890470088928,292.00898486468947,0.6897797993381483,0.6196865038045036,294.945835303745,33.7248024074737,33.7248024074737,0.2662169635295868,0.0335099873932986,0.5546472668647766,0.38423675298690796,0.44060185185185186,0.5593981481481481,0.22653232514858246,0.028514694402860467,0.4819364547729492,0.33191895484924316,1.7482424974441528,-2.808089256286621,1.2146282196044922,0.4871588046070881,-0.0037201804081088835,6.684936046600342,-5.043917179107666,6.688574314117432,5.046166896820068,8.777461051940918,13.904243469238281,-2.0521106719970703,-1.8351263999938965,2.3858466148376465,2.6921799182891846,4.057994365692139,6.353238105773926,7.991142272949219,-0.46880051493644714,8.00756549835205,1.5333441495895386,8.44509506225586,12.000340461730957,1.696699857711792,-8.714921951293945,3.317382335662842,8.714921951293945,9.607345581054688,13.319464683532715,1.7586590051651,-0.8937516212463379,2.947770118713379,2.632399559020996,4.3403496742248535,7.686023712158203,3.676182746887207,-3.335765838623047,4.1355767250061035,3.3648886680603027,5.912594795227051,9.577184677124023,-5.062221050262451,-15.219834327697754,5.202130317687988,15.219834327697754,16.288429260253906,20.10774803161621,2.3874294757843018,-5.198996543884277,4.631807804107666,5.202608585357666,7.597537040710449,12.543375968933105,1.4016801118850708,-5.013786315917969,3.4797401428222656,5.013786315917969,6.472841739654541,9.817669868469238
169.5,0.0,0.0,0.0,0.0,0.0,0,5.9474101066589355,5.603095531463623,10.129056930541992,11.845050811767578,3.0235512256622314,-0.6993367671966553,1.2319729328155518,3.938054084777832,5.196003437042236,1.416625999035462,119.58166872327877,0.23819208254183719,0.21755029098549192,116.00767312475575,-178.93816217898927,178.93816217898927,0.26483988761901855,0.044530280969226135,0.5713467597961426,0.34956228733062744,0.5237191358024691,0.47628086419753085,0.21485014259815216,0.036124985938436,0.4580370783805847,0.28169623017311096,-2.752936601638794,6.312516927719116,-1.996995449066162,-0.4021362128190117,0.011020293575927535,-4.373564720153809,2.55475115776062,4.402320861816406,3.6105360984802246,6.071666717529297,8.7530517578125,-3.9624991416931152,-6.246232986450195,4.413682460784912,6.255255699157715,8.003687858581543,12.610851287841797,-0.9407276511192322,-2.3479409217834473,3.5008089542388916,3.861114740371704,5.505431175231934,9.100079536437988,-0.5469284653663635,2.580267906188965,2.3777496814727783,2.818859815597534,4.073288917541504,6.905331134796143,-0.5860879421234131,-0.8147745728492737,2.8163862228393555,3.3942623138427734,4.755941867828369,7.7464680671691895,-0.17456142604351044,4.883379936218262,1.8860937356948853,5.112955093383789,5.908691883087158,10.2983980178833,3.133068561553955,-0.0912102609872818,3.5804200172424316,2.2594993114471436,4.596317291259766,7.52634859085083,3.5814480781555176,5.3835835456848145,3.793454647064209,5.445608139038086,7.13059663772583,10.64326286315918,-2.424177885055542,5.185932159423828,2.703895330429077,6.329843521118164,7.4810686111450195,12.966533660888672
170.0,0.0,0.0,0.0,0.0,0.0,0,6.110252857208252,5.987124443054199,9.90335750579834,12.126191139221191,3.1179330348968506,-1.1141767501831055,2.276397466659546,4.4046244621276855,4.607884883880615,2.53443785815762,116.0793154603504,0.4147844479410945,0.29349174954137425,110.33209575853522,-5.675577366220523,5.675577366220523,0.2228219360113144,0.03646688684602717,0.47426068782806396,0.3004743456840515,0.46771604938271605,0.532283950617284,0.2117283046245575,0.03465131066114088,0.4586634039878845,0.2778691351413727,-0.4148399829864502,1.0444245338439941,0.1628427505493164,0.07594145855588233,-0.008063394123198966,-1.1346094608306885,6.474968910217285,1.886945366859436,6.474968910217285,6.86321496963501,10.010533332824707,-4.170347690582275,0.9097487330436707,4.312549591064453,3.416118621826172,6.162324905395508,10.248085021972656,-4.586563587188721,0.8864844441413879,6.819388389587402,2.7086658477783203,7.652151584625244,14.602763175964355,-0.2196064591407776,6.988398551940918,1.7681652307510376,6.988398551940918,7.299618721008301,8.598808288574219,-2.747527599334717,0.8835422992706299,3.149073362350464,2.4471230506896973,4.432491302490234,7.66652250289917,-1.4066295623779297,0.4409659504890442,3.708606719970703,5.334568023681641,6.921246528625488,12.59521770477295,3.3350374698638916,5.866487503051758,4.212136745452881,5.8703155517578125,7.579377174377441,9.811293601989746,-0.3943311274051666,-1.035166621208191,2.24343204498291,2.2197189331054688,3.5389437675476074,6.426701068878174,1.2969859838485718,-0.9278523921966553,2.155641555786133,3.681892156600952,4.542906761169434,7.4366984367370605
170.5,0.0,0.0,0.0,0.0,0.0,0,5.960036754608154,5.388619899749756,10.818123817443848,13.278279304504395,3.3548474311828613,1.726120948791504,0.43855395913124084,5.35725736618042,3.860701560974121,1.7809612867568367,14.255459369058004,0.2988171650753397,0.15831797019253302,9.622334500866558,-100.70976125766866,100.70976125766866,0.260099858045578,0.04364063933059404,0.5470181703567505,0.3605998754501343,0.5391820987654321,0.4608179012345679,0.22616522014141083,0.037946944206275444,0.49509814381599426,0.31790825724601746,2.8402976989746094,-1.837843507528305,-0.15021610260009766,-0.13517377934884123,0.007173752484566871,0.9428056478500366,-3.1527152061462402,3.71421217918396,3.339449882507324,5.7159318923950195,9.147278785705566,-0.9413672089576721,0.9289042949676514,4.645427703857422,2.5409088134765625,6.0060133934021,8.758529663085938,0.7449650168418884,-2.387799024581909,2.7002522945404053,2.941800117492676,4.3109211921691895,7.558171272277832,0.2884807884693146,1.2076101303100586,3.1264631748199463,1.8246804475784302,3.9829909801483154,7.257089614868164,0.8327854871749878,2.6925079822540283,3.1515274047851562,5.7246880531311035,6.8997931480407715,12.781770706176758,5.982272624969482,0.7673764228820801,6.856424808502197,2.1256721019744873,7.52080774307251,15.020723342895508,3.607714891433716,-2.198914051055908,3.7539961338043213,2.892002820968628,5.001122951507568,7.703108787536621,-3.3618786334991455,3.0895068645477295,3.3949365615844727,3.376772403717041,5.2147321701049805,7.7417826652526855,7.4393110275268555,3.0005078315734863,7.8645219802856445,3.1944873332977295,8.988018989562988,15.27511978149414
171.0,0.0,0.0,0.0,0.0,0.0,0,8.590073585510254,7.814450740814209,14.915019035339355,17.321453094482422,4.30196475982666,2.6670267581939697,-0.331076443195343,6.357369899749756,6.682622909545898,2.6874975981685107,352.9236798047833,0.31286083540678683,0.39612851230995777,336.8648097638346,-32.75752473703193,32.75752473703193,0.2987736761569977,0.034781266819378896,0.6258678436279297,0.44949477910995483,0.49459876543209874,0.5054012345679012,0.253858357667923,0.02955252077742509,0.5289096236228943,0.39634034037590027,0.9409058094024658,-0.7696304023265839,2.6300368309020996,0.23781054211742475,-0.008859372511215144,5.051427364349365,0.1160401776432991,5.051427364349365,2.969634771347046,6.2324442863464355,8.801464080810547,6.694448947906494,-3.1051478385925293,6.694448947906494,3.515385627746582,7.945662975311279,10.902008056640625,-1.0042173862457275,-0.18763938546180725,6.796937465667725,1.4784001111984253,7.131396293640137,14.204845428466797,3.5444140434265137,-2.5100364685058594,4.043300628662109,3.2411177158355713,5.808647155761719,7.896157264709473,3.2010860443115234,-4.116184711456299,4.049878120422363,5.454885482788086,7.739187240600586,10.975438117980957,-0.39945119619369507,4.857244968414307,10.398694038391113,5.080403804779053,12.577642440795898,17.775644302368164,0.5108765363693237,-8.464555740356445,1.8106623888015747,8.464555740356445,8.808614730834961,13.15946102142334,0.7710227370262146,-1.7551090717315674,5.462100505828857,3.3843436241149902,6.816174507141113,10.528837203979492,5.633630752563477,12.185698509216309,5.938918113708496,12.185698509216309,14.250883102416992,20.66415786743164
171.5,0.0,0.0,0.0,0.0,0.0,0,7.718066215515137,7.511934280395508,12.033215522766113,14.919923782348633,3.6859261989593506,1.8000832796096802,-0.5402268767356873,4.863555908203125,6.779991626739502,1.8794001415020531,343.2948603959163,0.2435066102081393,0.17232044842761174,348.764736579164,11.899926815329366,11.899926815329366,0.26488396525382996,0.03431998683833054,0.5624701976776123,0.353796124458313,0.43993827160493826,0.5600617283950617,0.24072012305259705,0.03118917163207555,0.5099437832832336,0.3364005982875824,-0.8669434785842896,-0.20915043354034424,-0.8720073699951172,-0.22380806388234603,-0.0004612799810483556,1.527822494506836,6.44140625,2.1488778591156006,6.441551685333252,6.961022853851318,9.782931327819824,0.20443648099899292,3.730924367904663,5.223258018493652,6.179357051849365,8.548781394958496,12.171878814697266,-1.3851585388183594,-4.320063591003418,1.850990891456604,4.6291184425354,5.313365936279297,8.375837326049805,1.227414608001709,4.559029579162598,2.7211403846740723,5.749268531799316,6.748539447784424,9.398040771484375,-0.8359010219573975,1.9872794151306152,4.421614646911621,4.066721439361572,6.480000972747803,9.81181812286377,1.867366909980774,-6.4734110832214355,3.2685375213623047,6.5147223472595215,7.5183563232421875,14.475580215454102,5.997709274291992,-1.7414671182632446,5.997709274291992,4.4402337074279785,8.357837677001953,11.754948616027832,-0.2874130308628082,-0.6162219047546387,3.7893998622894287,6.347133159637451,7.871622562408447,11.661293983459473,7.884471416473389,-8.429518699645996,7.886075973510742,8.429569244384766,11.66307258605957,19.388477325439453
172.0,0.0,0.0,0.0,0.0,0.0,0,6.604883193969727,6.21800422668457,11.179447174072266,12.289360046386719,2.987854480743408,-0.7743815779685974,1.7698452472686768,5.789664268493652,3.9114608764648438,1.9318434272933867,113.63139612512022,0.29248714482296434,0.22666576371196984,108.04641682247734,119.28168024331336,119.28168024331336,0.27880704402923584,0.0422122532116138,0.6063834428787231,0.38090381026268005,0.5480092592592593,0.45199074074074075,0.21033941209316254,0.03184604088671272,0.44145965576171875,0.2883363664150238,-2.5744648575782776,2.310072124004364,-1.1131830215454102,0.0543453152843581,0.00789226637328326,-2.640085458755493,1.3234626054763794,3.3140885829925537,2.7238409519195557,4.646866321563721,7.07266902923584,1.6952276229858398,-2.250854730606079,3.741025686264038,2.466176748275757,4.83847188949585,7.892086505889893,-2.8230018615722656,1.7887388467788696,6.3796305656433105,2.8806145191192627,7.604924201965332,13.256388664245605,-3.0244851112365723,3.3814871311187744,5.00175142288208,3.5621163845062256,6.415675640106201,10.987791061401367,4.547348499298096,0.9088643789291382,4.754916667938232,2.188218116760254,5.531711101531982,7.598313808441162,-2.851426839828491,6.247311592102051,3.6572442054748535,6.260092258453369,8.199548721313477,11.987401962280273,-4.94057559967041,1.3509876728057861,6.7959136962890625,2.615485191345215,7.700019359588623,11.325541496276855,6.890525817871094,0.02250242419540882,6.91869592666626,3.212291717529297,7.875810623168945,11.441377639770508,-3.8229618072509766,3.1561079025268555,4.086517333984375,4.0671844482421875,6.630921840667725,11.895670890808105
172.5,0.0,0.0,0.0,0.0,0.0,0,6.969778060913086,6.765194416046143,11.316356658935547,12.14123821258545,3.214168071746826,4.46462869644165,-2.2576699256896973,4.507922172546387,3.6820290088653564,5.002997390610353,333.17522466739945,0.7178130131097643,0.582092220801535,330.2127842038253,-137.83363261865202,137.83363261865202,0.24032892286777496,0.0344815697552815,0.5093778967857361,0.3157180845737457,0.5120370370370371,0.487962962962963,0.21715188026428223,0.03115620715756719,0.47387558221817017,0.2958894670009613,5.239010274410248,-4.027515172958374,0.3648948669433594,0.35542645708956516,-0.0077306834563323,3.7896032333374023,-3.6455910205841064,5.0634918212890625,3.8298275470733643,7.41557502746582,10.965027809143066,0.9329348206520081,0.446597695350647,1.5685373544692993,3.128788709640503,3.879786491394043,7.297926902770996,4.931300640106201,-3.5183820724487305,4.938389778137207,4.304933547973633,6.869735240936279,9.631175994873047,4.63183069229126,-0.7584024667739868,5.129362106323242,2.839123010635376,6.522436618804932,10.515802383422852,0.4624652862548828,-0.9102336764335632,2.6070170402526855,3.186112642288208,4.425642013549805,7.27022123336792,8.199382781982422,-4.097562313079834,8.199382781982422,4.098400115966797,9.320443153381348,12.03483772277832,5.961894512176514,-0.29841017723083496,6.51283597946167,3.073958396911621,7.86918306350708,11.305233001708984,2.1651127338409424,-5.650478363037109,3.6972200870513916,5.652435779571533,6.8804545402526855,11.561407089233398,9.107131958007812,-1.886568546295166,9.107161521911621,2.2428557872772217,9.544743537902832,13.598634719848633
173.0,0.0,0.0,0.0,0.0,0.0,0,6.378803253173828,5.9209089279174805,11.443610191345215,12.686586380004883,3.4774208068847656,0.13751362264156342,1.1667571067810059,4.654459476470947,5.453197956085205,1.1748328147596108,83.27814733943204,0.18417762206022933,0.12261487234324732,96.78196111872067,126.56917691489537,126.56917691489537,0.2628948390483856,0.04121381196445714,0.5586297512054443,0.3621545135974884,0.4466358024691358,0.5533641975308642,0.2376016229391098,0.03724861486710289,0.4946296215057373,0.3412807285785675,-4.327115073800087,3.424427032470703,-0.5909748077392578,-0.4594773484582877,0.0067322422091756415,4.812628269195557,5.291321754455566,4.940444469451904,5.444272041320801,7.818333148956299,11.507095336914062,1.8598326444625854,1.5679686069488525,3.025162696838379,2.0662660598754883,4.06935453414917,6.665533542633057,0.6227878332138062,-0.22821979224681854,1.3715146780014038,2.849414110183716,3.3640565872192383,5.650844097137451,2.8459243774414062,5.5879058837890625,4.314748764038086,5.805816173553467,7.56910514831543,12.329035758972168,-2.945584297180176,2.402639865875244,3.8955907821655273,2.9368011951446533,5.176727294921875,8.848554611206055,-1.0404020547866821,-3.9954769611358643,1.8893747329711914,4.498236179351807,5.169477939605713,8.095208168029785,3.2052042484283447,2.751767635345459,4.507529258728027,6.343424320220947,8.129154205322266,13.51632022857666,-4.014455795288086,4.042934894561768,5.053764343261719,5.120585918426514,7.483867168426514,12.200284957885742,-4.108312606811523,-6.920028209686279,4.392097473144531,7.0285964012146,8.62915325164795,12.3573579788208
173.5,0.0,0.0,0.0,0.0,0.0,0,7.655712604522705,7.559439659118652,11.687477111816406,14.672879219055176,3.5951383113861084,1.313193917274475,3.565080404281616,5.352278232574463,5.334210395812988,3.7992468402776165,69.77877394829217,0.49626299164275905,0.45595286775819155,74.17905851378161,-22.60290260493906,22.60290260493906,0.2714512348175049,0.03545733929455535,0.5781841278076172,0.3810420334339142,0.5222530864197531,0.4777469135802469,0.22297322750091553,0.029125074293425944,0.4805157780647278,0.3106740415096283,1.1756802946329117,2.3983232975006104,1.276909351348877,0.33333799541494424,-0.005756472669901792,6.3973894119262695,-3.685497283935547,6.401108741760254,4.0509161949157715,8.454655647277832,10.675458908081055,-0.696782112121582,4.5824174880981445,4.093019485473633,5.470231056213379,7.151035308837891,10.112757682800293,0.916551947593689,1.47455894947052,4.165404796600342,7.34496545791626,9.214964866638184,11.983099937438965,7.482004165649414,4.096553802490234,7.857020378112793,4.41093111038208,9.581177711486816,17.015544891357422,-0.42643609642982483,2.8613219261169434,3.0311930179595947,3.214730978012085,4.794004917144775,8.601980209350586,-2.1403512954711914,5.366125106811523,3.0550856590270996,5.635932445526123,6.760354042053223,9.402971267700195,1.3125256299972534,8.247355461120605,4.785903453826904,8.24751091003418,9.929889678955078,17.583999633789062,1.8852574825286865,2.4031951427459717,2.821033477783203,3.924818277359009,5.443061351776123,8.868799209594727,-2.91141414642334,6.739691257476807,2.9885120391845703,6.739691257476807,7.572271823883057,11.415205001831055
174.0,0.0,0.0,0.0,0.0,0.0,0,6.292051315307617,6.287505149841309,9.865640640258789,10.841619491577148,2.698701858520508,-3.3205959796905518,1.407752513885498,3.2856431007385254,4.803054332733154,3.6066778066092895,157.02569077041878,0.5732117597062159,0.5456505577428503,155.79541826846852,81.61635975468693,81.61635975468693,0.25148147344589233,0.039968115464341536,0.5388416051864624,0.3314502239227295,0.5362808641975308,0.46371913580246915,0.23531606793403625,0.03739893696712401,0.5136306881904602,0.31472405791282654,-4.633789896965027,-2.157327890396118,-1.363661289215088,0.08969768998465877,0.004510776169786186,-2.442054033279419,-3.022974729537964,3.1006386280059814,5.76767110824585,7.240933895111084,11.743624687194824,-7.007514953613281,1.1244614124298096,7.012049674987793,3.7793798446655273,8.320307731628418,11.316767692565918,-5.314983367919922,-0.7125775814056396,5.314983367919922,1.8000800609588623,5.795310020446777,8.385149002075195,-1.376477599143982,1.808200716972351,1.865835189819336,4.428347110748291,5.1886372566223145,7.938533306121826,-2.6464247703552246,0.5166348814964294,2.834514856338501,3.2865660190582275,4.814813137054443,7.805851936340332,-2.998924493789673,2.527679681777954,3.310849666595459,2.977417230606079,5.0165863037109375,8.048382759094238,0.16039200127124786,4.3667311668396,1.6678866147994995,4.424016952514648,5.07172155380249,7.316188335418701,-3.7156548500061035,0.5043402314186096,3.8451404571533203,5.0596723556518555,7.105172157287598,9.65126895904541,-4.543722629547119,5.557275772094727,4.597243785858154,5.66588020324707,8.074983596801758,10.239640235900879
174.5,0.0,0.0,0.0,0.0,0.0,0,7.371743202209473,6.374905586242676,13.48624324798584,16.332677841186523,4.161867618560791,-1.8961601257324219,-2.018144369125366,7.204362869262695,3.4774365425109863,2.7691749524091134,226.7849712670942,0.37564723518571985,0.27617832615931226,242.0848793267321,86.28946105826356,86.28946105826356,0.2627147436141968,0.0356380710463957,0.5767416954040527,0.38151949644088745,0.41131172839506175,0.5886882716049383,0.2412608116865158,0.032727778537704096,0.5183289051055908,0.38314762711524963,1.4244358539581299,-3.4258968830108643,1.0796918869018555,-0.26947223158353806,-0.004330044417945836,-7.1814093589782715,0.5463837385177612,9.345230102539062,2.6735920906066895,10.218640327453613,18.461837768554688,1.912075161933899,1.2201677560806274,3.4930551052093506,2.4097392559051514,4.619176864624023,8.360340118408203,-4.686217308044434,-0.17994631826877594,5.943246364593506,3.0965137481689453,7.146932125091553,10.229671478271484,-3.476421356201172,-1.2765932083129883,8.196227073669434,1.9064624309539795,8.649833679199219,15.039857864379883,0.4521215558052063,-1.2035387754440308,3.616036891937256,1.491468906402588,4.1189727783203125,6.388696670532227,-6.167721271514893,-4.3244171142578125,6.178893566131592,4.365866661071777,7.662790775299072,11.96777057647705,6.5579752922058105,-4.565282344818115,8.130346298217773,5.050589084625244,10.528101921081543,16.261444091796875,2.0435149669647217,-2.977895975112915,3.077094554901123,2.9936838150024414,4.812151908874512,7.301693439483643,-6.519359111785889,-5.402177810668945,6.519359111785889,5.403966426849365,8.589091300964355,11.509349822998047
175.0,0.0,0.0,0.0,0.0,0.0,0,8.245587348937988,7.772974014282227,14.759652137756348,15.855137825012207,4.3279523849487305,2.1365959644317627,3.971360445022583,4.8610992431640625,6.538642883300781,4.50962815534896,61.719703249757075,0.5469141207908966,0.4087463696759748,47.929339326066184,165.84445999933405,165.84445999933405,0.336921751499176,0.04086085034096697,0.7396329045295715,0.49426186084747314,0.524429012345679,0.475570987654321,0.2796596586704254,0.03391627702423987,0.6204661726951599,0.39971742033958435,4.032756090164185,5.989504814147949,0.8738441467285156,0.13256804351666251,0.005222779294571267,2.571779727935791,0.25192156434059143,3.438005208969116,2.969165802001953,4.944250106811523,8.770187377929688,0.7353904843330383,-0.3729333281517029,3.0992863178253174,1.6079922914505005,3.6955995559692383,5.77532958984375,-2.003648281097412,10.191812515258789,4.323977947235107,10.191812515258789,11.439203262329102,16.139225006103516,2.303544282913208,4.5585222244262695,3.8172318935394287,7.708508014678955,9.1784029006958,15.398813247680664,3.887648820877075,1.819899320602417,3.9612786769866943,3.6583011150360107,6.050332069396973,8.919784545898438,3.160247325897217,2.6577720642089844,3.6044509410858154,4.108359336853027,6.083542823791504,9.499323844909668,-1.0928750038146973,6.412051200866699,4.983788013458252,8.247689247131348,10.707252502441406,16.791994094848633,6.582363128662109,4.462584972381592,6.845896244049072,7.5518717765808105,11.750041961669922,15.417089462280273,3.084913730621338,5.760613918304443,4.953985691070557,7.34608268737793,10.36166000366211,15.219599723815918
175.5,0.0,0.0,0.0,0.0,0.0,0,9.140886306762695,8.629207611083984,14.501152992248535,16.301921844482422,4.033347129821777,-0.0485575795173645,-1.332331895828247,7.07297420501709,6.929593086242676,1.333216456232774,267.91274716294527,0.14585198978423147,0.1873807271869718,248.2443515347222,-159.68498779134399,159.68498779134399,0.3174372613430023,0.03472718245942634,0.6813656091690063,0.4455946385860443,0.3952006172839506,0.6047993827160494,0.2711452841758728,0.029662906354317665,0.5725799202919006,0.3952619135379791,-2.185153543949127,-5.30369234085083,0.895298957824707,-0.22136564248900298,-0.006133667881540628,5.218515396118164,-0.006788906641304493,10.032520294189453,6.23322057723999,12.732839584350586,20.480777740478516,2.9313693046569824,6.256429195404053,6.283515453338623,6.256429195404053,9.287857055664062,14.556907653808594,2.6020474433898926,-0.050032008439302444,6.112579822540283,5.598808765411377,8.834466934204102,13.614094734191895,2.6207387447357178,-3.5363383293151855,6.749488830566406,5.662283897399902,9.58885383605957,14.216883659362793,-2.5964479446411133,4.448934078216553,5.069855213165283,4.986191272735596,7.47975492477417,11.885056495666504,-0.7719509601593018,-4.566431522369385,3.529501438140869,4.693140029907227,6.519228935241699,9.547954559326172,-0.127140611410141,-8.234981536865234,3.015927791595459,8.238041877746582,9.106426239013672,12.646648406982422,-6.132336616516113,1.9564166069030762,6.139265537261963,5.1818108558654785,8.353927612304688,12.737398147583008,-4.181813716888428,-8.258195877075195,4.96247673034668,8.258195877075195,10.364622116088867,17.45321273803711
176.0,0.0,0.0,0.0,0.0,0.0,0,7.389967441558838,6.874812126159668,11.091160774230957,16.083789825439453,4.234793663024902,3.171452045440674,-0.43970975279808044,4.609972953796387,6.406385898590088,3.201788991054155,352.1064800292842,0.4332615828654815,0.401783858288317,7.843749198606515,119.5993976638843,119.5993976638843,0.27278146147727966,0.03691239869756997,0.5852206945419312,0.3841569721698761,0.5178858024691358,0.4821141975308642,0.2263248711824417,0.030625959092012146,0.48030567169189453,0.34602004289627075,3.2200096249580383,0.8926221430301666,-1.7509188652038574,0.21440313110134518,0.0021852162381436335,3.30661940574646,-11.34756088256836,3.8759891986846924,11.36619758605957,13.165017127990723,23.322124481201172,-1.8881744146347046,2.1591341495513916,6.084366798400879,3.134082555770874,7.372299671173096,10.621376991271973,3.4562342166900635,1.8477861881256104,4.258798599243164,4.005661487579346,6.241997718811035,8.565943717956543,5.276708126068115,-4.133350372314453,5.305210590362549,5.33474063873291,8.819610595703125,16.250167846679688,0.8243820071220398,4.398323059082031,4.0168890953063965,4.476895809173584,6.441606044769287,11.634092330932617,4.814084529876709,-1.4033622741699219,4.969211101531982,2.3195245265960693,5.764527797698975,8.615484237670898,5.929722309112549,2.034198045730591,5.929724216461182,3.4127447605133057,7.185781478881836,9.246405601501465,2.573444128036499,2.8985328674316406,4.433475017547607,3.5166709423065186,6.226546287536621,10.224319458007812,4.250049591064453,-0.4110881984233856,4.647680282592773,1.9154616594314575,5.2923126220703125,8.309565544128418
176.5,0.0,0.0,0.0,0.0,0.0,0,6.768294334411621,6.472105026245117,11.608259201049805,12.8287935256958,3.404367446899414,-0.3963707685470581,3.3963844776153564,3.86126708984375,5.549558639526367,3.419435232014948,96.65652061776998,0.5052137308257598,0.38412590683715686,95.40005763816869,87.55630843956214,87.55630843956214,0.2841956317424774,0.04198924806037339,0.6060848236083984,0.38109636306762695,0.5096141975308642,0.4903858024691358,0.23473083972930908,0.03468093931065356,0.5018548965454102,0.32468876242637634,-3.567822813987732,3.836094230413437,-0.6216731071472168,-0.017657951451160114,0.005076849362803414,-0.700605034828186,1.695713996887207,3.355853319168091,3.4718689918518066,5.391666889190674,8.420064926147461,-3.099172592163086,5.172776699066162,3.7880611419677734,9.732434272766113,11.24898910522461,14.409113883972168,0.5368587970733643,1.2957442998886108,2.137352466583252,3.9183366298675537,4.716568946838379,7.996412754058838,0.24002668261528015,4.75062894821167,2.055654525756836,5.280430793762207,6.012625694274902,9.770437240600586,-2.5566537380218506,6.135796546936035,4.246565818786621,6.817441463470459,8.900768280029297,14.074973106384277,1.4101755619049072,4.338377475738525,2.766483783721924,5.5707011222839355,6.457088947296143,8.461800575256348,1.6990916728973389,2.963256359100342,2.429551839828491,6.255978107452393,7.024712562561035,11.516030311584473,-1.9463765621185303,3.5839133262634277,4.8634114265441895,3.7986035346984863,6.955504417419434,10.05084228515625,0.8493178486824036,0.6312532424926758,2.745692253112793,2.622723340988159,4.206723213195801,7.974050521850586
177.0,0.0,0.0,0.0,0.0,0.0,0,6.400330066680908,5.689108848571777,11.781051635742188,12.891315460205078,3.7946176528930664,1.8086382150650024,-1.4087144136428833,4.8773193359375,5.1302490234375,2.292520118166628,322.08564341464614,0.3581877956734013,0.21590838842617138,327.1526350638822,-128.24742257428647,128.24742257428647,0.2561386227607727,0.040019589626259976,0.5480165481567383,0.3583419919013977,0.5024691358024691,0.49753086419753084,0.22003036737442017,0.03437796655861488,0.4703105092048645,0.2995297610759735,2.2050089836120605,-4.80509889125824,-0.3679642677307129,-0.16821751841098548,-0.001969658434113411,1.0155030488967896,0.2805895209312439,1.727088212966919,1.8529157638549805,2.7882802486419678,4.692738056182861,1.9365402460098267,1.0832622051239014,3.5657947063446045,3.2046658992767334,5.502281665802002,8.993230819702148,4.267916679382324,-1.033398151397705,7.09785795211792,2.9749059677124023,7.819111347198486,15.319754600524902,0.38655030727386475,3.464904546737671,2.6709654331207275,4.214855194091797,5.369533538818359,9.71408462524414,0.6253632307052612,-1.6372466087341309,4.212916374206543,2.1978209018707275,4.961159706115723,10.15807819366455,4.279667377471924,-6.490899562835693,5.962006092071533,6.533398628234863,9.274114608764648,12.88222885131836,0.3584543466567993,4.53018856048584,3.0539677143096924,4.543604373931885,5.822605609893799,9.554140090942383,-1.0577917098999023,-4.370700359344482,2.286365032196045,4.638469696044922,5.5355706214904785,9.274857521057129,4.465539932250977,-8.50512981414795,5.098875999450684,8.50512981414795,10.530313491821289,14.40456485748291
177.5,0.0,0.0,0.0,0.0,0.0,0,6.685821533203125,6.119286060333252,12.225533485412598,13.763946533203125,3.7387404441833496,1.0226211547851562,2.896221399307251,4.284465789794922,5.557688236236572,3.0714577027885923,70.55248263401721,0.45939869730819466,0.3889549920745081,80.58608903247814,113.43345396859593,113.43345396859593,0.283696711063385,0.04243258172864905,0.6132935881614685,0.38474923372268677,0.4280246913580247,0.5719753086419753,0.2470582127571106,0.03695255318701182,0.5364828109741211,0.3460109531879425,-0.7860170602798462,4.304935812950134,0.2854914665222168,0.17304660364833674,0.002412992102389072,4.048713684082031,8.642351150512695,4.534825325012207,8.642351150512695,10.244218826293945,15.78921890258789,2.0554025173187256,5.39301872253418,2.4813594818115234,5.464119911193848,6.50509786605835,10.550752639770508,-1.1635878086090088,1.5995336771011353,2.8360400199890137,2.1429028511047363,3.7912797927856445,7.9801764488220215,2.7865371704101562,7.368932247161865,4.594305992126465,7.371910572052002,9.352981567382812,13.70699405670166,0.33362916111946106,4.8357696533203125,2.186763286590576,4.837437152862549,5.666632652282715,8.309406280517578,3.1399130821228027,-2.559157609939575,3.6323447227478027,3.6873464584350586,5.562875270843506,8.812631607055664,-1.864507794380188,2.9547536373138428,3.1831347942352295,3.8257009983062744,5.780193328857422,10.153884887695312,-0.3297904431819916,2.598229169845581,2.376819133758545,3.250927209854126,4.506324768066406,7.239264011383057,0.1972811371088028,-4.767440319061279,5.299415588378906,5.943410396575928,8.762791633605957,12.904329299926758
178.0,0.0,0.0,0.0,0.0,0.0,0,7.389681339263916,6.852409362792969,11.747052192687988,17.64615821838379,4.221406936645508,-0.5961323380470276,1.086822509765625,4.662971496582031,7.010550022125244,1.239579336790779,118.7451813474914,0.1677446265787495,0.0833541908308772,190.65059141436578,110.06450238188762,110.06450238188762,0.31115221977233887,0.04210630518162877,0.6657320261001587,0.4502551257610321,0.544074074074074,0.4559259259259259,0.24724827706813812,0.033458579911402046,0.5462651252746582,0.3553166389465332,-1.6187534928321838,-1.809398889541626,0.703859806060791,-0.3056008012436309,-0.00032627654702027664,-0.0072565884329378605,-0.1650024652481079,5.378303050994873,5.165179252624512,7.7038655281066895,11.258341789245605,-1.194920539855957,0.8289808630943298,3.961913585662842,5.85167121887207,7.427336692810059,10.906264305114746,-1.3616777658462524,-5.149170398712158,4.200148582458496,5.491800308227539,7.429120063781738,10.024175643920898,-1.4998878240585327,-0.3107685148715973,3.736347198486328,2.7343809604644775,4.9926862716674805,7.657119274139404,-0.10914930701255798,0.46004346013069153,2.5805962085723877,4.212759017944336,5.3737473487854,8.548553466796875,-1.1017025709152222,-2.194260597229004,2.2777740955352783,5.325660705566406,6.152304649353027,9.25035572052002,-3.373408794403076,2.2120249271392822,4.062648296356201,3.763011932373047,5.962581157684326,9.765813827514648,0.8641464710235596,-0.06684961915016174,3.259071111679077,3.9353015422821045,5.665021896362305,8.343851089477539,2.418665885925293,14.166406631469727,5.85243034362793,14.208229064941406,15.800471305847168,20.724323272705078
178.5,0.0,0.0,0.0,0.0,0.0,0,6.633997917175293,6.053154945373535,10.761970520019531,12.78044319152832,3.4310998916625977,1.2444502115249634,0.7964082956314087,4.119293689727783,6.05234432220459,1.477471658718045,32.61794178724258,0.2227121077160575,0.2551607675811139,24.367893336963185,-166.28269807740259,166.28269807740259,0.2611303925514221,0.03936244123817396,0.5715978145599365,0.35542917251586914,0.525354938271605,0.47464506172839505,0.2466232180595398,0.0371756494293415,0.54768967628479,0.3531739115715027,1.840582549571991,-0.2904142141342163,-0.755683422088623,0.1718065767502367,-0.0027438639434548134,5.179339408874512,-1.968780755996704,5.775901794433594,3.096127986907959,7.370925426483154,10.464000701904297,2.9004886150360107,2.468114137649536,3.036250591278076,8.931198120117188,9.940637588500977,17.101181030273438,2.54494309425354,-0.7619230151176453,2.593538522720337,4.494164943695068,5.650789260864258,10.059621810913086,-0.3844171166419983,-0.3936842978000641,2.647696018218994,4.797460079193115,5.931839942932129,8.66990852355957,0.5305008888244629,2.995185613632202,1.8372539281845093,8.599357604980469,9.139575958251953,15.194578170776367,2.8868558406829834,2.2727324962615967,2.952651023864746,3.1861891746520996,4.813995361328125,6.704370498657227,-5.587883949279785,-0.06841480731964111,5.721529006958008,2.5217745304107666,6.749329566955566,10.65084457397461,-0.8887372612953186,-0.44145873188972473,2.501509666442871,3.714850902557373,4.83873176574707,7.38906717300415,4.018964767456055,3.0659046173095703,4.018964767456055,3.22782039642334,5.270159721374512,7.095115661621094
179.0,0.0,0.0,0.0,0.0,0.0,0,7.3224077224731445,7.036442756652832,11.58790111541748,12.576247215270996,3.2435035705566406,0.06726586818695068,0.49761947989463806,5.098427772521973,6.155636310577393,0.5021452417314679,82.30168763866477,0.06857652028721889,0.03164215625631766,129.92834471534348,105.56045137838032,105.56045137838032,0.29151177406311035,0.039810912653432465,0.635838508605957,0.4157174825668335,0.45359567901234565,0.5464043209876543,0.2534562647342682,0.034613782751075836,0.5330871343612671,0.364636093378067,-1.1771843433380127,-0.29878881573677063,0.6884098052978516,-0.22351861132479622,0.00044847141525850703,3.1123363971710205,5.914455890655518,5.32867956161499,5.914455890655518,8.249869346618652,11.776962280273438,-4.467336177825928,-1.9311968088150024,4.4674506187438965,2.793503761291504,5.64846658706665,8.905295372009277,3.84549880027771,4.954211235046387,3.9773080348968506,6.3523969650268555,8.378294944763184,13.428709030151367,4.3814167976379395,5.182532787322998,4.921330451965332,5.587027072906494,7.720546722412109,11.8560209274292,-4.575104713439941,-2.8852691650390625,4.575104713439941,4.646333694458008,7.090899467468262,9.73918342590332,2.731846809387207,-1.170995831489563,3.347730875015259,5.63438606262207,6.928375244140625,10.468084335327148,3.0544590950012207,0.8366678953170776,3.573655366897583,2.3315701484680176,4.6028642654418945,6.8600544929504395,-3.747886896133423,-2.197396993637085,3.7521004676818848,6.175787925720215,7.68020486831665,11.144371032714844,-3.7298378944396973,-4.224433422088623,5.325144290924072,6.413937568664551,9.602150917053223,13.85487174987793
179.5,0.0,0.0,0.0,0.0,0.0,0,7.715653419494629,7.248230934143066,13.011773109436035,14.659747123718262,3.8438546657562256,-0.26469847559928894,-0.21099373698234558,4.7027764320373535,7.2163591384887695,0.3385020532143972,218.55869088661242,0.04387211747473345,0.08579842507994818,267.83993639359153,137.91159167824804,137.91159167824804,0.29052937030792236,0.03765453382332174,0.6329743266105652,0.3897381126880646,0.525216049382716,0.47478395061728396,0.2570856809616089,0.033320009811746834,0.5779658555984497,0.35792475938796997,-0.3319643437862396,-0.7086132168769836,0.3932456970214844,0.054156268823630525,-0.0021563788301107237,-4.076388359069824,7.207172870635986,4.096442222595215,11.833934783935547,12.918746948242188,17.515506744384766,1.8468594551086426,-8.991832733154297,4.576330184936523,8.991832733154297,10.476470947265625,13.468633651733398,-3.4099576473236084,-3.95390248298645,4.883591175079346,4.967827796936035,7.853870391845703,10.94327449798584,-2.0358567237854004,3.1704187393188477,2.8350412845611572,6.4887261390686035,7.781620025634766,13.556787490844727,4.471896648406982,-3.226666212081909,4.588747978210449,4.856127738952637,7.213244438171387,10.697175979614258,-3.364271879196167,2.859710216522217,4.028557777404785,4.673335552215576,6.698152542114258,12.133269309997559,-2.4134461879730225,-2.0391767024993896,2.9408650398254395,2.209760904312134,4.130665302276611,6.625472068786621,5.032246112823486,0.12640585005283356,5.0409722328186035,2.389066219329834,5.836404800415039,9.32199478149414,1.5666329860687256,2.9489269256591797,2.7590088844299316,5.10334587097168,6.5317063331604,9.815321922302246
180.0,0.0,0.0,0.0,0.0,0.0,0,6.086577892303467,5.555241584777832,10.575565338134766,12.7154541015625,3.4721577167510986,-2.3745765686035156,-0.6637665629386902,4.240972995758057,5.003724098205566,2.4656033602824863,195.61729843252647,0.4050886070808794,0.3491487367473413,196.90391313867605,-70.93602325491548,70.93602325491548,0.2663009464740753,0.043752155551752596,0.5788396000862122,0.36309489607810974,0.5206172839506172,0.4793827160493827,0.2095932513475418,0.034435313343687095,0.4702715575695038,0.29730263352394104,-2.1098780930042267,-0.4527728259563446,-1.629075527191162,0.26335031166739314,0.006097621728430855,-2.3156580924987793,1.9319862127304077,2.9592394828796387,3.8515546321868896,5.386839389801025,7.497237205505371,-0.6357107758522034,-6.153232574462891,2.056797504425049,6.410732269287109,6.944465637207031,9.7708158493042,-6.7007551193237305,-1.0055387020111084,7.264529705047607,3.6184513568878174,8.506558418273926,15.82938003540039,-1.6441662311553955,3.0654449462890625,2.6834933757781982,3.856149911880493,5.331071853637695,10.013833999633789,-1.9353564977645874,-4.771535396575928,3.099679946899414,4.821655750274658,6.24301815032959,8.988094329833984,-4.775775909423828,0.5346038937568665,4.9770307540893555,5.329586505889893,7.723526477813721,14.421477317810059,-0.4625518321990967,2.807462453842163,1.8549020290374756,3.5891106128692627,4.347095489501953,6.893171787261963,-1.2876750230789185,-1.102439045906067,2.7325682640075684,2.1533031463623047,3.736997604370117,7.426793098449707,-1.613539218902588,-1.280651569366455,5.120632648468018,3.3936100006103516,6.559626579284668,11.494682312011719
180.5,0.0,0.0,0.0,0.0,0.0,0,6.724719524383545,6.346427917480469,12.0325345993042,14.262489318847656,3.827845573425293,1.8296563625335693,-0.7345921397209167,3.7638864517211914,6.4668498039245605,1.971615585427171,338.1249410340898,0.29318926659739153,0.2463688102828927,357.7868243057651,160.88291116708905,160.88291116708905,0.29795509576797485,0.04430743176427966,0.6510118842124939,0.40097740292549133,0.48313271604938274,0.5168672839506173,0.25774118304252625,0.03832741927459556,0.569021463394165,0.3581101596355438,4.204232931137085,-0.07082557678222656,0.6381416320800781,-0.10277992646444861,0.0005552762125270658,1.9100440740585327,-2.119605541229248,2.5253889560699463,6.140431880950928,7.286205291748047,12.827740669250488,5.261251449584961,2.5344600677490234,5.460090160369873,2.754319190979004,6.402981758117676,9.624470710754395,0.6757482290267944,1.4827091693878174,2.9552078247070312,5.527535915374756,6.909951686859131,13.275107383728027,-0.7563366889953613,-0.19492220878601074,2.2762367725372314,4.270987510681152,5.347029685974121,9.811551094055176,3.1096715927124023,1.5109752416610718,3.8253819942474365,3.2257118225097656,5.453888893127441,9.476347923278809,1.482038974761963,-6.097779273986816,3.386291265487671,7.718265056610107,8.692086219787598,13.144136428833008,-0.4525102972984314,2.858914375305176,2.9742367267608643,3.6071627140045166,5.107975959777832,9.313970565795898,2.665961980819702,1.7237521409988403,3.0129449367523193,4.040367126464844,5.85024881362915,10.820588111877441,2.571037769317627,-8.309833526611328,3.1690847873687744,8.572183609008789,9.472105979919434,16.311731338500977
181.0,0.0,0.0,0.0,0.0,0.0,0,7.943441867828369,7.684812545776367,13.457825660705566,15.166060447692871,4.025224685668945,0.8661352396011353,-4.797646999359131,5.121384143829346,5.413364410400391,4.875203276145374,280.23357011738455,0.6137394038081114,0.502242531433657,278.52418908538465,-79.26263522038045,79.26263522038045,0.26323947310447693,0.03313921651915186,0.5863404273986816,0.3564470112323761,0.4700462962962963,0.5299537037037036,0.21345233917236328,0.026871514370281898,0.45981013774871826,0.31677719950675964,-0.9635211229324341,-4.063054859638214,1.2187223434448242,0.25587372115076434,-0.011168215245127802,-1.2523913383483887,-3.6568307876586914,1.8499640226364136,4.099762439727783,4.682645320892334,9.798258781433105,2.5146615505218506,0.3095639944076538,5.819406986236572,4.532506942749023,8.024271011352539,14.824275016784668,2.9166345596313477,-7.547484874725342,4.686980247497559,8.133511543273926,9.832536697387695,15.276505470275879,-2.3480045795440674,-3.8879642486572266,2.8460028171539307,4.728360652923584,5.6873459815979,11.684708595275879,2.1857991218566895,-2.5706067085266113,4.341764450073242,5.359246730804443,7.4230241775512695,11.340252876281738,3.2269132137298584,-5.453317165374756,4.119747638702393,6.810349941253662,8.863784790039062,13.3128080368042,-4.78610897064209,-7.149936199188232,4.9644551277160645,7.149936199188232,9.11353874206543,11.972920417785645,1.8556108474731445,-4.106031894683838,3.5298874378204346,4.200099945068359,5.855349540710449,7.97635555267334,3.4821040630340576,-9.116218566894531,4.496272087097168,9.46968936920166,12.0084810256958,16.248369216918945
181.5,0.0,0.0,0.0,0.0,0.0,0,7.650396823883057,7.0080976486206055,14.472854614257812,16.00667953491211,4.331933498382568,2.3214263916015625,-3.1881113052368164,6.300698757171631,4.69492769241333,3.9437386052073795,306.06027199089766,0.515494646355571,0.2989351411412803,293.4415100878787,14.917321002494077,14.917321002494077,0.2643930912017822,0.03455939119615431,0.5927425026893616,0.3568771779537201,0.4981172839506173,0.5018827160493827,0.21081504225730896,0.027556088861050508,0.45427247881889343,0.2805521488189697,1.4552911520004272,1.6095356941223145,-0.2930450439453125,-0.20330739029237677,0.0014201746770024504,3.135383367538452,-2.0304372310638428,4.870842933654785,4.3063459396362305,6.699538707733154,15.438440322875977,3.4691834449768066,-2.92476487159729,6.497375011444092,5.241291046142578,8.651529312133789,16.792373657226562,5.414342880249023,-0.1268228441476822,5.966984272003174,2.7986345291137695,7.018982410430908,11.863736152648926,-0.40805479884147644,-3.308685541152954,6.562277793884277,4.788510799407959,8.520057678222656,15.723769187927246,2.498011589050293,-5.407176971435547,6.202812194824219,5.680917739868164,8.83041000366211,16.475807189941406,3.0137460231781006,-1.821668028831482,3.4591224193573,3.372286319732666,5.446065425872803,10.225008010864258,0.7515199780464172,-3.5903127193450928,7.3565354347229,3.752554416656494,8.459845542907715,13.38903522491455,1.4547637701034546,-6.785416126251221,5.098565578460693,6.785416126251221,8.976319313049316,13.038576126098633,1.563941240310669,-2.697716236114502,4.165506362915039,3.752612352371216,6.250826835632324,9.909555435180664
182.0,0.0,0.0,0.0,0.0,0.0,0,8.292662620544434,7.922049522399902,13.445138931274414,14.380279541015625,3.7918660640716553,4.726597309112549,-0.9910864233970642,5.486216068267822,5.452060222625732,4.829386547083591,348.1576255009362,0.582368627311469,0.49300961548384814,345.74892937933424,52.30741929145552,52.30741929145552,0.27098673582077026,0.032677888338485304,0.5922191739082336,0.3662946820259094,0.5202777777777777,0.4797222222222222,0.213201105594635,0.025709604941221268,0.46840330958366394,0.2895071506500244,2.4051709175109863,2.197024881839752,0.642265796661377,0.19407447434256786,-0.0018815028576690054,2.9110732078552246,-3.6853466033935547,6.3157453536987305,3.883666515350342,8.097970962524414,13.231793403625488,5.7982497215271,4.812434196472168,6.881712913513184,5.981348037719727,11.137145042419434,14.766765594482422,0.5061510801315308,0.6002955436706543,2.384805679321289,3.3839526176452637,4.528005599975586,7.825037002563477,2.83127760887146,-0.3765668272972107,4.745927810668945,4.096755504608154,6.66098690032959,13.475268363952637,9.095237731933594,-5.7091064453125,9.095237731933594,6.151157855987549,11.59864616394043,15.819214820861816,3.9036905765533447,-1.4801898002624512,4.127219200134277,4.141806602478027,6.3858866691589355,8.452138900756836,2.9508161544799805,3.6907765865325928,4.353508472442627,5.009069919586182,7.870299339294434,12.254389762878418,7.85520076751709,-5.236537933349609,7.85520076751709,5.3812174797058105,10.434576988220215,13.384465217590332,6.687674522399902,-1.5355360507965088,6.690006732940674,3.0162453651428223,7.920445919036865,11.801995277404785
182.5,0.0,0.0,0.0,0.0,0.0,0,6.446475505828857,5.775895118713379,12.756471633911133,14.384673118591309,3.8597240447998047,-2.4705471992492676,-0.6826172471046448,5.557230472564697,4.359145164489746,2.5631171978204828,195.445584805104,0.3975997730082012,0.29541101254509555,199.6385958760504,-146.11033350328384,146.11033350328384,0.2766147553920746,0.04290944908307066,0.6066752672195435,0.3744404911994934,0.5161574074074075,0.4838425925925926,0.22183232009410858,0.03441140596627156,0.4875347316265106,0.3066510856151581,-7.197144508361816,0.30846917629241943,-1.8461871147155762,-0.1975986029387526,0.010231560744585352,-1.033325433731079,-0.05319293588399887,4.279694557189941,4.18792200088501,6.428190231323242,10.364370346069336,1.4172362089157104,-6.503845691680908,2.898669719696045,6.850517749786377,8.431185722351074,16.555959701538086,-3.1722373962402344,0.22860562801361084,6.495068550109863,1.7007631063461304,6.858503341674805,11.897771835327148,-2.595128059387207,-0.5929232239723206,3.6642611026763916,2.0327160358428955,4.505019664764404,7.822489261627197,1.8184072971343994,-1.9856979846954346,3.7534384727478027,3.234344005584717,5.626696586608887,8.405449867248535,-5.580722332000732,0.3826722800731659,6.83336067199707,2.3534955978393555,7.5707502365112305,12.845298767089844,-3.5640921592712402,-0.6787021160125732,4.111822605133057,1.6916649341583252,4.8358154296875,8.501506805419922,-1.4786601066589355,0.21532541513442993,3.5530905723571777,2.2110326290130615,4.728665351867676,6.898951053619385,-8.046401977539062,2.844202995300293,8.056742668151855,2.979321241378784,9.033458709716797,15.095590591430664
183.0,0.0,0.0,0.0,0.0,0.0,0,6.988048553466797,5.883537292480469,12.91069221496582,16.450454711914062,4.372134208679199,0.08519983291625977,0.12057635188102722,4.853804588317871,6.660868167877197,0.14764033379092542,54.75478788442123,0.021127548365084056,0.13120485308673502,30.12819906605629,-169.51039680999412,169.51039680999412,0.2900431156158447,0.041505589420434676,0.6299678087234497,0.3953726589679718,0.5226851851851851,0.4773148148148148,0.25538942217826843,0.036546595759551936,0.5579172372817993,0.37549111247062683,2.5557470321655273,0.803193598985672,0.5415730476379395,-0.16420615945836053,-0.0014038596626359812,3.2278099060058594,2.1448841094970703,4.163352012634277,2.9395198822021484,5.604396820068359,8.400964736938477,2.182189702987671,-7.033848762512207,2.8426730632781982,8.109638214111328,9.560914039611816,19.338031768798828,1.0159034729003906,-0.7161051034927368,3.1806845664978027,3.7677409648895264,5.528313636779785,8.340269088745117,0.19328467547893524,2.324997663497925,2.3369174003601074,3.1662487983703613,4.347152233123779,7.5330586433410645,1.6890838146209717,-2.7395083904266357,2.9748404026031494,3.1661360263824463,4.921769618988037,8.519198417663574,-4.570969104766846,0.4415423572063446,5.408168315887451,4.358168125152588,7.404749393463135,11.013386726379395,0.9847360849380493,5.719295978546143,2.979033946990967,6.098176002502441,7.458868980407715,12.431401252746582,2.742915153503418,0.9193316102027893,3.236926555633545,3.141875743865967,5.110804080963135,7.417527198791504,-6.698155403137207,0.024597838521003723,7.422154903411865,9.907967567443848,12.955466270446777,20.47332763671875
183.5,0.0,0.0,0.0,0.0,0.0,0,7.650811195373535,7.5919294357299805,13.88679027557373,15.301998138427734,4.329288005828857,-2.0118627548217773,-4.414730072021484,4.314585208892822,5.92659854888916,4.851539276667756,245.5004905774769,0.6341208994415513,0.536072448262065,236.87880011665686,-153.2493989493994,153.2493989493994,0.28309759497642517,0.037002293056888125,0.6170392632484436,0.3924673795700073,0.4622530864197531,0.537746913580247,0.25635939836502075,0.03350747499984928,0.568741500377655,0.36482614278793335,-2.097062587738037,-4.535306423902512,0.6627626419067383,0.40486759517533,-0.004503296363546551,-3.0038723945617676,-2.2505931854248047,3.0227363109588623,4.236124515533447,5.628619194030762,9.91215991973877,-2.5654566287994385,-4.745184421539307,3.125225305557251,6.003170013427734,7.330684661865234,13.557251930236816,-4.223104476928711,0.29897308349609375,4.223299026489258,1.6680477857589722,4.695106029510498,9.380988121032715,-2.9793479442596436,-10.328120231628418,3.4320125579833984,10.360236167907715,11.19128704071045,15.47182846069336,-4.027152061462402,-3.37058162689209,4.189723968505859,6.085336685180664,8.069133758544922,11.86342716217041,0.8396316170692444,-3.3322317600250244,2.804232120513916,3.9663052558898926,5.1314921379089355,9.348048210144043,-4.449003219604492,-11.887958526611328,4.449003219604492,11.887958526611328,12.980596542358398,17.26516342163086,-2.7990832328796387,0.6514918804168701,3.7398085594177246,3.1513280868530273,5.341386318206787,9.584999084472656,5.100625038146973,-4.768362045288086,5.743310451507568,4.7892961502075195,8.488992691040039,10.982346534729004
184.0,0.0,0.0,0.0,0.0,0.0,0,7.300795555114746,6.824243068695068,13.091534614562988,14.115942001342773,4.080496311187744,0.19556143879890442,-5.874613285064697,3.5911648273468018,4.744079113006592,5.8778674300637075,271.90662913677306,0.8050995793117132,0.7077118720519471,266.72544705225437,29.846646935597505,29.846646935597505,0.2765513062477112,0.03787960726750653,0.6106390357017517,0.38033413887023926,0.5303240740740741,0.46967592592592594,0.23425734043121338,0.03208654544237352,0.5188453793525696,0.33857086300849915,2.2074241936206818,-1.459883213043213,-0.35001564025878906,0.17163942378988206,0.0008773142106184087,1.0335931777954102,-7.9838738441467285,2.2358219623565674,8.003744125366211,8.447039604187012,13.960851669311523,0.21367482841014862,-8.019699096679688,3.3390393257141113,8.030901908874512,8.957927703857422,13.22347354888916,-1.2802245616912842,-3.5262320041656494,2.052558660507202,3.8734288215637207,4.759882926940918,8.423423767089844,-0.2631935775279999,-5.485352039337158,1.7312244176864624,5.6867547035217285,6.14235782623291,10.885148048400879,0.8994513750076294,-8.247383117675781,2.0317370891571045,8.24744987487793,8.737330436706543,14.175262451171875,-1.6510169506072998,-5.446194648742676,2.215942621231079,6.090836524963379,6.641136169433594,12.308259010314941,-1.0498645305633545,-4.716501712799072,1.657517910003662,4.758898735046387,5.1861796379089355,8.115715026855469,4.955390453338623,-6.066741466522217,5.792051792144775,6.549509525299072,9.251999855041504,14.525705337524414,-1.0977572202682495,-3.379539966583252,2.7528839111328125,6.729209899902344,7.583307266235352,12.219438552856445
184.5,0.0,0.0,0.0,0.0,0.0,0,6.900135040283203,6.748905181884766,11.321310043334961,12.592047691345215,3.200279712677002,-0.3688867688179016,-0.1955789476633072,4.657876014709473,5.998625755310059,0.4175267332494994,207.9319511186372,0.06050993651746891,0.0705446114033683,230.98934978553996,-35.73609726671441,35.73609726671441,0.2870239019393921,0.041596846825010095,0.6348317265510559,0.3914038836956024,0.4712654320987654,0.5287345679012345,0.25196659564971924,0.03651617796790246,0.5673826932907104,0.3522685766220093,-0.564448207616806,5.67903433740139,-0.40066051483154297,-0.6371672606485788,0.0037172395575035613,-0.2798858880996704,2.960123062133789,3.8881165981292725,4.933835506439209,7.2824578285217285,13.134185791015625,0.7077657580375671,1.7595044374465942,2.2680017948150635,6.432553291320801,7.26234769821167,12.513534545898438,-0.3754126727581024,3.444704055786133,5.222294807434082,4.030888557434082,7.152277946472168,10.299434661865234,-0.83167964220047,0.5914339423179626,4.134836196899414,5.155582904815674,7.357344150543213,12.783231735229492,-0.25708332657814026,-3.578702211380005,2.993338108062744,5.973727703094482,7.161771297454834,11.392760276794434,1.8331873416900635,3.2794148921966553,3.2586350440979004,3.7597053050994873,5.358624458312988,8.444881439208984,-2.726292371749878,-1.8207712173461914,5.989850044250488,3.8927252292633057,7.70431661605835,11.227263450622559,0.0068923612125217915,-7.197918891906738,4.137598514556885,7.207629203796387,9.113085746765137,11.171672821044922,-1.3974725008010864,-1.197999119758606,2.645744562149048,2.078944444656372,3.7089855670928955,7.367657661437988
185.0,0.0,0.0,0.0,0.0,0.0,0,7.409668445587158,6.876103401184082,13.282346725463867,15.254164695739746,3.9840736389160156,-2.618845224380493,-2.255580186843872,3.9076764583587646,6.600007057189941,3.456297482645722,220.73792861628587,0.46645777851290043,0.398745654746259,213.03680364053523,-17.95254614500473,17.95254614500473,0.28209707140922546,0.038071478556608064,0.6158912777900696,0.3763958215713501,0.43060185185185185,0.5693981481481482,0.262870728969574,0.03547671470366699,0.5651667714118958,0.3506565988063812,-2.2499584555625916,-2.060001239180565,0.5095334053039551,0.3282010433428907,-0.0035253682684020307,-2.2110984325408936,2.4479010105133057,2.9700093269348145,3.9021995067596436,5.384324550628662,7.687091827392578,-5.3459320068359375,-0.4909444749355316,5.375959396362305,7.321710586547852,10.067962646484375,15.549241065979004,-1.9056274890899658,1.9722820520401,3.1942479610443115,4.897524833679199,6.563808441162109,14.035893440246582,-0.834252119064331,0.03684017434716225,2.1896636486053467,2.9171574115753174,3.98201584815979,7.457765579223633,-5.405444145202637,-3.3223683834075928,5.514610290527344,4.65185546875,7.718078136444092,11.41730785369873,-1.2924034595489502,-4.9682769775390625,2.75980281829834,6.034427165985107,7.356217384338379,11.042952537536621,-2.727259635925293,-0.5337005853652954,3.462005376815796,3.597472906112671,5.51342248916626,9.631351470947266,-3.3345143795013428,-4.494336128234863,5.543195724487305,5.347374439239502,8.335458755493164,14.590208053588867,-0.5130767822265625,-10.947616577148438,3.490668296813965,10.947616577148438,11.765725135803223,17.128692626953125
185.5,0.0,0.0,0.0,0.0,0.0,0,8.549459457397461,7.03106164932251,16.668867111206055,19.699481964111328,5.994054794311523,-0.5210602879524231,-4.273132801055908,3.9822323322296143,8.639016151428223,4.30478428717874,263.0477489498086,0.5035153752853936,0.3125859426183082,253.5336224549826,40.49681881444738,40.49681881444738,0.28548485040664673,0.03339214817464062,0.6182000637054443,0.38298505544662476,0.542608024691358,0.45739197530864195,0.24642737209796906,0.028823733769625968,0.5227699279785156,0.3391818404197693,2.09778493642807,-2.017552614212036,1.1397910118103027,-0.08615971212795082,-0.004679330381967446,-4.004501819610596,6.033013820648193,4.41109037399292,6.046092510223389,7.8178300857543945,11.570079803466797,-1.7809025049209595,-13.509040832519531,2.62371563911438,13.516135215759277,14.138718605041504,30.368499755859375,1.4174059629440308,-15.728517532348633,3.248828172683716,15.728517532348633,16.174591064453125,20.919204711914062,-4.240593433380127,2.2495625019073486,4.417267322540283,4.003295421600342,6.3646368980407715,9.303041458129883,-1.0170387029647827,-3.3496837615966797,2.656262159347534,3.6991171836853027,5.059485912322998,8.878702163696289,-0.11587465554475784,-7.018648147583008,1.888414978981018,8.434240341186523,8.924286842346191,16.84524154663086,0.5006814002990723,-3.4906067848205566,2.010159730911255,4.267434597015381,5.005539894104004,7.785674095153809,3.9688682556152344,-0.1632968783378601,5.160784721374512,1.8801372051239014,6.070567607879639,10.970928192138672,0.5824136137962341,-3.480975866317749,1.9641389846801758,6.794737815856934,7.389479160308838,12.394991874694824
186.0,0.0,0.0,0.0,0.0,0.0,0,6.588081359863281,5.880458831787109,11.105412483215332,12.932085037231445,3.6728246212005615,2.931856632232666,-1.2304531335830688,4.387238025665283,5.247361183166504,3.1795908897075207,337.2329896537361,0.48262775093802196,0.3910523285499184,336.6284058407955,83.09478338581289,83.09478338581289,0.2720019221305847,0.04128696444168761,0.585032045841217,0.36639082431793213,0.5238117283950617,0.47618827160493826,0.24070078134536743,0.036535788139473495,0.5247282385826111,0.33097219467163086,3.452916920185089,3.0426796674728394,-1.9613780975341797,0.0784663859316102,0.007894816267046995,2.6362671852111816,-0.12011247128248215,3.383394718170166,6.833930015563965,8.383625984191895,12.403447151184082,3.269829750061035,-3.9466006755828857,3.607412576675415,6.371792316436768,8.107078552246094,17.930208206176758,0.09581153094768524,-5.179433822631836,3.245333671569824,5.184073448181152,6.500706195831299,10.448111534118652,6.39827299118042,1.3618768453598022,6.440280914306641,3.060227870941162,7.5416579246521,10.642547607421875,2.755626678466797,-2.149547576904297,3.3515233993530273,3.727599620819092,5.853843688964844,9.61216926574707,-0.8936142921447754,-2.5982797145843506,2.8280632495880127,2.7880094051361084,4.3084025382995605,6.271149635314941,8.091553688049316,-0.7119623422622681,8.167364120483398,2.559494972229004,8.746475219726562,13.450703620910645,2.5243680477142334,0.8441429734230042,3.570277214050293,2.428710460662842,4.837814807891846,9.657800674438477,1.508592963218689,1.4258400201797485,3.511758327484131,2.745908260345459,5.013128280639648,8.088875770568848
186.5,0.0,0.0,0.0,0.0,0.0,0,9.506077766418457,8.130523681640625,18.059457778930664,22.032155990600586,5.722243785858154,1.2013156414031982,2.0435500144958496,6.617943286895752,8.584470748901367,2.370496979965586,59.55055091198315,0.24936646198495205,0.10752299586200084,29.279264780495513,52.650858939700015,52.650858939700015,0.2908993363380432,0.03060140184885544,0.625865638256073,0.4054516553878784,0.5158487654320988,0.4841512345679012,0.2533717155456543,0.02665365202324276,0.5334945321083069,0.39872854948043823,-1.7305409908294678,3.2740031480789185,2.917996406555176,-0.2835293326879176,-0.010685562592832171,-1.5727559328079224,0.06935082376003265,5.261499881744385,2.16456937789917,6.037968635559082,10.823594093322754,4.854265213012695,-4.078248977661133,5.724661827087402,5.369316577911377,9.164478302001953,12.979097366333008,-5.327213764190674,8.339838981628418,5.327213764190674,8.450643539428711,10.416497230529785,16.752126693725586,-2.410857677459717,-3.5596389770507812,3.1017909049987793,3.7441623210906982,5.262234687805176,9.040813446044922,6.664976119995117,1.1342964172363281,6.8367109298706055,3.7775027751922607,8.264946937561035,13.920293807983398,4.725454807281494,12.01132583618164,6.031097412109375,12.01132583618164,13.934405326843262,23.298845291137695,-4.582755088806152,-8.313387870788574,5.863069534301758,8.317797660827637,11.097224235534668,17.085905075073242,1.179018497467041,-1.5403518676757812,3.6437413692474365,2.959655523300171,5.114938259124756,7.6184892654418945,7.281707763671875,14.328765869140625,7.3955278396606445,14.32879638671875,16.26199722290039,25.937820434570312
187.0,0.0,0.0,0.0,0.0,0.0,0,9.044610023498535,8.109447479248047,16.392255783081055,17.601318359375,4.854306697845459,-3.9203293323516846,4.320278167724609,4.681239128112793,7.030041694641113,5.833848259992276,132.22139260009817,0.6450082695478884,0.5227409061956403,133.93729780743047,104.65803302693496,104.65803302693496,0.2784024477005005,0.03078103049176923,0.5941043496131897,0.40165528655052185,0.5087037037037037,0.4912962962962963,0.2509230375289917,0.02774282242509667,0.535336971282959,0.39251744747161865,-5.121644973754883,2.2767281532287598,-0.4614677429199219,0.4152179103336394,0.0001796286429137893,-3.4037723541259766,1.9733612537384033,3.7664849758148193,3.35292911529541,5.432005882263184,10.050790786743164,1.0115492343902588,5.046086311340332,2.650238513946533,5.409290313720703,6.230810165405273,8.630755424499512,-5.457030296325684,6.425087928771973,6.0083723068237305,7.252330780029297,10.320319175720215,15.13572883605957,-2.4579474925994873,-1.8542813062667847,3.1376771926879883,3.686898946762085,5.242363452911377,9.433060646057129,-0.8194730877876282,4.491506099700928,3.1338839530944824,4.673910617828369,6.013101100921631,8.501579284667969,-5.474534511566162,10.826260566711426,5.524506092071533,10.840758323669434,12.764130592346191,17.409578323364258,-3.26766300201416,-6.758410453796387,5.184904098510742,6.758761882781982,8.950897216796875,16.57913589477539,-8.35901927947998,4.793386936187744,8.45450496673584,4.907899856567383,10.382384300231934,16.524259567260742,-7.0550737380981445,13.939508438110352,7.2073869705200195,13.939508438110352,16.065481185913086,19.862247467041016
187.5,0.0,0.0,0.0,0.0,0.0,0,8.293073654174805,7.84941291809082,14.295321464538574,16.19618797302246,4.520363807678223,0.4665393531322479,5.220324993133545,6.116052627563477,4.932871341705322,5.241130794204224,84.89305564635464,0.6319889359195301,0.5679317001984527,88.61198589987386,-45.325311907556625,45.325311907556625,0.305692583322525,0.03686118792728301,0.6499048471450806,0.43798699975013733,0.5540432098765432,0.4459567901234568,0.24006249010562897,0.028947344635898035,0.5262579917907715,0.3672334551811218,4.3868686854839325,0.9000468254089355,-0.7515363693237305,0.04519079400281245,0.0060801574355137805,1.9402769804000854,2.270597457885742,3.731335401535034,3.064422845840454,4.966462135314941,11.583438873291016,-6.219025611877441,2.482044219970703,6.446732521057129,2.5548317432403564,7.191196441650391,13.006078720092773,6.256496906280518,1.4038479328155518,6.274994373321533,2.8473594188690186,7.201128005981445,12.2524995803833,2.579361915588379,6.066838264465332,4.435593128204346,6.066838264465332,7.737467288970947,16.908397674560547,-2.3707919120788574,3.9677445888519287,4.181066989898682,4.001611232757568,6.251067638397217,9.544474601745605,4.923285007476807,6.966881275177002,4.945977210998535,6.967134475708008,8.91861343383789,12.291046142578125,2.925593852996826,5.283864974975586,5.666524887084961,6.555023670196533,9.824542045593262,19.19540023803711,-3.239760160446167,7.8934407234191895,5.729783058166504,7.893542766571045,11.083489418029785,16.616294860839844,-2.596583843231201,10.647666931152344,3.4651594161987305,10.647666931152344,11.463700294494629,14.1112060546875
188.0,0.0,0.0,0.0,0.0,0.0,0,6.569492340087891,6.03466796875,11.643449783325195,12.998867988586426,3.5486652851104736,-0.9209691882133484,-1.6470445394515991,3.773653268814087,6.160345554351807,1.887045299025883,240.78761963336757,0.28724370184753684,0.2686016198742818,251.37046035217412,162.75847445230028,162.75847445230028,0.2616102695465088,0.03982198565452976,0.5597218871116638,0.36896491050720215,0.5222067901234568,0.4777932098765432,0.2268446832895279,0.03453001191207434,0.4859401285648346,0.32195162773132324,-1.3875085413455963,-6.867369532585144,-1.723581314086914,-0.2993300803241709,0.00296079772724675,-0.024037085473537445,-1.4075957536697388,1.9571263790130615,4.123178482055664,4.903484344482422,8.184710502624512,2.6769111156463623,-3.2638144493103027,3.2004637718200684,4.428504467010498,5.956124305725098,8.397612571716309,-0.6806400418281555,-5.75144100189209,3.429358720779419,5.75144100189209,7.036113262176514,11.014991760253906,-2.740758180618286,-4.514228343963623,3.0280325412750244,4.637082576751709,6.032769680023193,8.738226890563965,0.11147374659776688,-1.1380516290664673,2.4143636226654053,2.147717237472534,3.547083854675293,5.698224067687988,-2.200030565261841,2.8362197875976562,4.0863237380981445,3.6732397079467773,5.974365234375,10.447288513183594,-1.712195873260498,-9.72262954711914,3.965607166290283,9.72262954711914,10.80821418762207,14.24770736694336,-0.9031103253364563,-1.6200312376022339,2.2756998538970947,2.887197971343994,3.848701238632202,7.329111576080322,-2.8163352012634277,9.758172988891602,3.9254884719848633,9.758172988891602,11.018576622009277,14.393928527832031
188.5,0.0,0.0,0.0,0.0,0.0,0,6.513006210327148,5.960416793823242,11.98164176940918,13.610152244567871,3.76399564743042,-0.10438507050275803,0.2671692967414856,5.037785053253174,5.579010486602783,0.28683736866943566,111.34096448310291,0.0440407024661854,0.060595650214450125,109.05811150902899,-142.31234884314512,142.31234884314512,0.26390740275382996,0.040520053829415904,0.5636309385299683,0.3673071563243866,0.6230864197530864,0.37691358024691357,0.22267821431159973,0.034189769352399445,0.4558164179325104,0.3247262239456177,0.8165841177105904,1.9142138361930847,-0.05648612976074219,-0.2080059696598317,0.0006980681748861434,-0.37859877943992615,-1.6442065238952637,2.203707218170166,2.238149881362915,3.5355045795440674,5.524708271026611,1.2114076614379883,-1.120823860168457,5.334804534912109,2.783707857131958,6.455495834350586,11.12516975402832,3.0626752376556396,-8.278695106506348,5.8488383293151855,8.282325744628906,10.567147254943848,14.238302230834961,-3.3116753101348877,2.87711501121521,3.3568849563598633,3.2252790927886963,5.227136611938477,8.583520889282227,-1.1808933019638062,0.9372110962867737,2.937495708465576,2.753161907196045,4.332187652587891,7.874772071838379,1.864525318145752,-5.185482501983643,2.9256021976470947,5.731780529022217,6.679238319396973,12.044421195983887,-5.183753490447998,7.718399524688721,6.624748706817627,7.727307319641113,10.582206726074219,17.15979766845703,-0.32819849252700806,3.1366851329803467,2.7664811611175537,3.3436789512634277,4.70579719543457,7.787038326263428,3.3050456047058105,3.964320182800293,3.798752784729004,4.4131927490234375,6.532340049743652,9.59034252166748
189.0,0.0,0.0,0.0,0.0,0.0,0,5.932916164398193,5.573393821716309,10.255273818969727,11.485869407653809,3.337827682495117,-0.26055121421813965,-2.139181137084961,4.7144575119018555,4.412538051605225,2.154990225613716,263.05560762619103,0.36322613802386466,0.2991817172568222,260.5960091453263,151.53789763629732,151.53789763629732,0.2421305626630783,0.040811384341591234,0.5114613175392151,0.3404345214366913,0.5197993827160494,0.48020061728395064,0.21991588175296783,0.03706707436817467,0.4730462431907654,0.29744604229927063,-0.15616614371538162,-2.4063504338264465,-0.5800900459289551,0.23858606704237206,0.0002913305121753293,-2.8135592937469482,1.3920774459838867,3.4807002544403076,2.9220714569091797,5.135769367218018,8.11815357208252,-5.009817600250244,-0.0072654723189771175,6.1200666427612305,5.1858062744140625,8.85096263885498,16.730077743530273,1.664048671722412,-8.155705451965332,2.609812021255493,8.155705451965332,8.702123641967773,10.646502494812012,-2.128270149230957,1.0646823644638062,3.327204942703247,1.6630146503448486,3.9540300369262695,7.802284240722656,-1.3324329853057861,-0.9144371151924133,2.2813098430633545,1.8483963012695312,3.345472812652588,5.883132457733154,3.4222798347473145,-4.473855018615723,3.564840793609619,4.496837139129639,6.0575761795043945,7.981057167053223,2.8279712200164795,-1.8819984197616577,5.858478546142578,2.247681140899658,6.455748081207275,12.126398086547852,-1.5133286714553833,-2.5796310901641846,2.4204304218292236,3.430373191833496,4.776752948760986,9.057856559753418,2.538147211074829,-3.6964988708496094,3.1215662956237793,4.832590103149414,6.117807388305664,11.379234313964844
189.5,0.0,0.0,0.0,0.0,0.0,0,5.312203884124756,5.137270450592041,8.885241508483887,10.40082836151123,2.9063196182250977,-1.1848891973495483,1.8315279483795166,4.886761665344238,2.8332502841949463,2.181388786001005,122.90045496026121,0.4106372484158546,0.44361877958178475,121.69746114873088,-138.89854799659543,138.89854799659543,0.2536832392215729,0.04775479198471653,0.5441566705703735,0.3534579277038574,0.49452160493827163,0.5054783950617284,0.22133180499076843,0.041664771939088206,0.4730226695537567,0.3017433285713196,-0.9243379831314087,3.9707090854644775,-0.6207122802734375,0.14443706232496256,0.006943407643125295,-1.8752418756484985,3.137756109237671,3.191828966140747,3.3052663803100586,5.146753787994385,6.9314751625061035,-4.600119590759277,1.5716876983642578,6.351995944976807,1.6569222211837769,6.7741851806640625,12.053483963012695,-2.066903829574585,1.01265549659729,2.7202858924865723,1.5670831203460693,3.473935604095459,6.7862396240234375,1.7494677305221558,2.615344524383545,3.1225433349609375,2.8290810585021973,4.733371257781982,7.823797702789307,-0.6819990873336792,1.7290215492248535,2.433842658996582,1.9991040229797363,3.4263322353363037,5.881422519683838,-2.5009987354278564,1.5291926860809326,4.660350799560547,2.1013023853302,5.591830730438232,8.463550567626953,1.6743117570877075,2.819028377532959,6.312743663787842,3.339597463607788,7.655545711517334,13.24068832397461,0.45017632842063904,2.152149200439453,2.8803906440734863,4.575857162475586,5.878117561340332,9.350029945373535,-2.812696933746338,-0.08308444917201996,3.9554715156555176,2.523555040359497,5.129764556884766,8.50679874420166
190.0,0.0,0.0,0.0,0.0,0.0,0,8.243072509765625,8.211563110351562,13.067463874816895,14.079373359680176,3.718487024307251,-3.2509007453918457,1.0491766929626465,3.761249542236328,7.480593204498291,3.4160104492587977,162.11333746749642,0.41440985084285337,0.38388155156526893,176.45526478121224,54.75780363248134,54.75780363248134,0.269424170255661,0.032684916607436824,0.5830576419830322,0.36916330456733704,0.4161574074074074,0.5838425925925926,0.2078201025724411,0.025211482382904295,0.44165536761283875,0.28945955634117126,-2.0660115480422974,-0.7823512554168701,2.930868625640869,-0.05973722801651582,-0.015069875377279704,-3.6656155586242676,-2.6503639221191406,4.4374895095825195,4.986905574798584,7.335906982421875,12.063748359680176,-4.971126079559326,9.71761417388916,5.016549110412598,9.71761417388916,11.326004981994629,13.86706256866455,-4.720974445343018,11.902777671813965,4.846599578857422,11.902777671813965,13.281240463256836,15.274731636047363,-1.997375249862671,-6.5531110763549805,2.8644440174102783,6.618196487426758,7.431328296661377,9.88143539428711,-2.4407176971435547,1.3065263032913208,2.6814382076263428,3.4983153343200684,4.768282890319824,8.984147071838379,-4.209571361541748,5.772430419921875,4.646876811981201,6.458805561065674,8.586636543273926,12.708475112915039,-1.0086240768432617,-8.389957427978516,3.4928805828094482,8.777948379516602,9.90577220916748,12.826680183410645,-4.74220085144043,-1.2464814186096191,4.94931173324585,2.0180163383483887,5.622472763061523,9.35319709777832,-1.5019021034240723,-0.41684311628341675,4.884392738342285,2.8737947940826416,5.930014610290527,8.830254554748535
190.5,0.0,0.0,0.0,0.0,0.0,0,8.790921211242676,8.247110366821289,15.255261421203613,16.989347457885742,4.693991661071777,-2.2230706214904785,3.125786781311035,5.809028148651123,7.131370544433594,3.835698892034262,125.42057229783195,0.4363250221295126,0.38112505951022313,110.41713546400919,-66.03812931720304,66.03812931720304,0.26589736342430115,0.0302468110893128,0.5796030163764954,0.35093361139297485,0.4196604938271605,0.5803395061728395,0.24361474812030792,0.02771208097015692,0.5295607447624207,0.333831250667572,1.0278301239013672,2.0766100883483887,0.5478487014770508,-0.0027564920550458005,-0.0024381055181240258,2.067584753036499,-2.284632682800293,2.3967761993408203,4.74485445022583,5.855384349822998,9.297526359558105,1.8183189630508423,8.244625091552734,2.48982310295105,8.575441360473633,9.521967887878418,13.84730052947998,0.13673053681850433,13.271026611328125,2.4612836837768555,13.271026611328125,13.61302375793457,19.627347946166992,-0.6875921487808228,-2.2523252964019775,3.94914174079895,4.662985801696777,6.547356605529785,10.470794677734375,0.6584675312042236,4.075249671936035,2.1337907314300537,4.135387897491455,4.972546577453613,7.659305095672607,-9.414225578308105,5.248687267303467,9.50545597076416,5.249584197998047,11.587056159973145,16.706134796142578,-1.2551785707473755,-6.352055072784424,4.031261444091797,7.206586837768555,8.739953994750977,16.39160919189453,-1.7379968166351318,4.555659770965576,2.8078973293304443,4.759684085845947,5.804114818572998,9.716689109802246,-11.593744277954102,3.6258487701416016,11.593744277954102,3.691451072692871,12.476883888244629,15.324478149414062
191.0,0.0,0.0,0.0,0.0,0.0,0,7.451043605804443,7.603372097015381,12.4384183883667,13.961260795593262,3.8176429271698,-3.312016248703003,4.613245010375977,4.979389667510986,3.612013816833496,5.6790387529432795,125.6759403221196,0.762180313710585,0.6897099917833419,125.3909708622681,14.973835398258927,14.973835398258927,0.25418010354042053,0.03411335148126902,0.5559729933738708,0.37163275480270386,0.5126697530864197,0.48733024691358023,0.20754477381706238,0.02785445327429429,0.4427456557750702,0.3003970682621002,-1.0889456272125244,1.4874582290649414,-1.3398776054382324,0.3085849322731188,0.003866540391956219,0.4421517848968506,1.4330281019210815,2.0152788162231445,1.6581025123596191,2.811922788619995,5.305943965911865,2.2165327072143555,5.149724006652832,4.758969783782959,5.191601753234863,7.428564548492432,13.021952629089355,-6.363992691040039,4.913154125213623,6.363992691040039,4.924518585205078,8.50763988494873,10.790534019470215,-3.478210210800171,1.6369935274124146,3.89786434173584,1.6899834871292114,4.544592380523682,8.687451362609863,-0.9483413100242615,4.5128092765808105,3.8695132732391357,4.610690116882324,6.315997123718262,8.479875564575195,-6.949313163757324,7.012746334075928,7.00390100479126,7.2389397621154785,11.24374771118164,14.756792068481445,-4.7159504890441895,1.3236186504364014,4.746340274810791,2.393028974533081,5.663013458251953,9.708586692810059,-2.816340684890747,7.526901721954346,4.5567731857299805,7.526901721954346,9.139331817626953,11.624061584472656,-7.194685459136963,8.010231971740723,7.200119972229004,8.016919136047363,11.404585838317871,15.21529769897461
191.5,0.0,0.0,0.0,0.0,0.0,0,8.253227233886719,7.28693962097168,15.149735450744629,16.693307876586914,4.555776119232178,-1.4250880479812622,2.2507200241088867,7.166433334350586,5.515111446380615,2.663947554180403,122.34075744534879,0.3227764701839988,0.2543491800128354,103.81363099588803,-21.577339866380072,21.577339866380072,0.2889401912689209,0.0350093542890973,0.6316690444946289,0.40894368290901184,0.5149691358024692,0.4850308641975309,0.2500746548175812,0.030300222861983396,0.5665900707244873,0.35990777611732483,1.8869282007217407,-2.36252498626709,0.8021836280822754,-0.4353608117705065,0.0008960028078282833,-12.278604507446289,3.7713794708251953,12.44471549987793,4.049017906188965,13.560503005981445,16.699827194213867,5.975527286529541,-4.521816730499268,7.402949333190918,4.9548845291137695,9.318989753723145,17.137826919555664,-6.2511467933654785,7.657310485839844,6.905067443847656,7.657310485839844,10.548846244812012,18.152788162231445,-6.2593278884887695,4.402956485748291,6.915417194366455,4.402956485748291,8.667814254760742,12.473515510559082,2.249431610107422,-1.5281243324279785,3.460336208343506,2.621828079223633,4.843894004821777,8.850700378417969,-1.5111563205718994,6.339311122894287,3.2541491985321045,7.060209274291992,8.122062683105469,14.484453201293945,2.6634466648101807,2.9635515213012695,3.310807466506958,3.2811336517333984,5.616332054138184,7.2453742027282715,-1.0583618879318237,-3.998377799987793,2.2738378047943115,5.5355706214904785,6.173590183258057,10.481999397277832,3.6444008350372314,5.170290470123291,4.6935882568359375,5.1774702072143555,7.427005290985107,10.696493148803711
192.0,0.0,0.0,0.0,0.0,0.0,0,7.934925556182861,7.566378593444824,12.699356079101562,15.078311920166016,3.640110731124878,0.9114111065864563,-1.8078607320785522,5.0105977058410645,6.856263160705566,2.0246062905663282,296.75440428032925,0.25515126465033605,0.1551762451104857,298.7591126622172,-165.05451833367084,165.05451833367084,0.29622262716293335,0.03733148946818139,0.6446049809455872,0.4059494435787201,0.4702777777777778,0.5297222222222222,0.24998758733272552,0.03150471344160536,0.5344400405883789,0.35909202694892883,2.3364991545677185,-4.058580756187439,-0.3183016777038574,-0.09917293490234971,0.002322135179084091,2.499234914779663,2.3075332641601562,3.91458797454834,5.085228443145752,7.11523962020874,10.398308753967285,1.2733246088027954,-6.185463905334473,3.9894955158233643,9.76646900177002,10.980754852294922,17.140745162963867,-4.139190673828125,-2.002201795578003,4.271387100219727,2.9997119903564453,5.734428405761719,9.91076946258545,2.999727964401245,2.1993327140808105,5.21872615814209,2.6428306102752686,6.340456485748291,9.193855285644531,0.25827789306640625,0.24186129868030548,4.866428375244141,4.502243995666504,7.1865105628967285,10.722677230834961,-1.355163812637329,-6.9268927574157715,3.700730800628662,6.9268927574157715,8.137206077575684,11.683637619018555,1.8175921440124512,-2.0805842876434326,4.918168067932129,2.7948758602142334,6.194875240325928,9.396087646484375,2.4910364151000977,5.752231121063232,3.8155760765075684,6.814265251159668,8.374902725219727,12.844274520874023,2.3578603267669678,-9.576562881469727,3.959094524383545,9.79874038696289,11.349961280822754,16.277416229248047
192.5,0.0,0.0,0.0,0.0,0.0,0,8.17556381225586,7.863663673400879,13.400311470031738,16.0519962310791,3.997877359390259,2.4132862091064453,-0.5245188474655151,4.6770429611206055,7.4060163497924805,2.469629597411302,347.7376880608731,0.3020745301637936,0.24973253629444958,18.44634582511877,79.68723316290158,79.68723316290158,0.2851771116256714,0.03488164037280543,0.6062692403793335,0.40298885107040405,0.5351388888888889,0.4648611111111111,0.2600511610507965,0.03180834193387568,0.5531822443008423,0.38788026571273804,1.501875102519989,1.283341884613037,0.24063825607299805,0.09455629118396389,-0.002449849095375961,1.0262110233306885,4.80674934387207,1.8375821113586426,5.350857257843018,5.901583194732666,9.647953987121582,3.4764740467071533,-5.310894012451172,5.655160427093506,5.316911220550537,8.450392723083496,11.961831092834473,5.403425693511963,-5.859992504119873,5.603511810302734,5.977279186248779,8.584344863891602,15.606999397277832,-0.844683825969696,2.4928648471832275,2.868450164794922,3.0510053634643555,4.656493186950684,7.887736797332764,8.553838729858398,0.8861694931983948,8.562091827392578,2.8781471252441406,9.4622220993042,11.823270797729492,0.5271321535110474,-7.766955375671387,3.39351749420166,9.750312805175781,10.768646240234375,17.629928588867188,-0.6666871309280396,5.961953639984131,1.9787510633468628,5.998470783233643,6.5848798751831055,10.095212936401367,4.65963888168335,6.036696910858154,4.791140079498291,6.0423502922058105,8.593718528747559,12.230620384216309,-0.4157736003398895,-5.967260360717773,2.0924885272979736,10.175461769104004,10.57779598236084,17.366657257080078
193.0,0.0,0.0,0.0,0.0,0.0,0,9.391762733459473,8.424636840820312,16.524927139282227,19.063066482543945,5.209519386291504,-0.5587401986122131,3.1823031902313232,6.115553855895996,8.216146469116211,3.2309819256847714,99.95833627527772,0.34402295047062303,0.2014364536467943,103.62822660023276,85.181880775114,85.181880775114,0.267982542514801,0.028533782377858988,0.5859978795051575,0.39407387375831604,0.5004320987654322,0.4995679012345679,0.26856404542922974,0.028595698640973343,0.5696702599525452,0.4140334129333496,-2.9720264077186584,3.7068220376968384,1.2161989212036133,-0.04829608264765528,-0.006347857994946443,-6.434905052185059,2.9524576663970947,6.4357008934021,4.867846488952637,8.786954879760742,14.103736877441406,-0.08167139440774918,-0.42589685320854187,2.226911783218384,3.635073184967041,4.690131187438965,8.099954605102539,-0.8647977113723755,12.160484313964844,1.6269656419754028,12.160484313964844,12.347500801086426,16.447294235229492,-8.64571475982666,-1.2819225788116455,8.726259231567383,4.833014965057373,11.231568336486816,19.644023895263672,1.8719040155410767,-2.7421486377716064,2.955876111984253,4.011873722076416,5.567774295806885,8.885049819946289,6.415914535522461,11.006058692932129,6.766345977783203,11.006058692932129,13.832881927490234,19.510347366333008,-3.5718061923980713,-3.1838204860687256,4.417229652404785,5.568974018096924,7.588047981262207,13.467757225036621,0.5221284031867981,-3.1140387058258057,3.277301073074341,3.5098798274993896,5.360067367553711,8.705634117126465,5.760286808013916,13.269556999206543,5.7951202392578125,13.269556999206543,15.120938301086426,20.079177856445312
193.5,0.0,0.0,0.0,0.0,0.0,0,8.17747974395752,7.305274963378906,14.54382610321045,16.297502517700195,4.422985076904297,-3.438098669052124,3.4157354831695557,5.734849452972412,5.482491493225098,4.84641840425706,135.1869481507725,0.5926542842051259,0.468247803952872,125.08947606649532,21.461249466262558,21.461249466262558,0.26474037766456604,0.032374319910222625,0.5682110786437988,0.37028488516807556,0.46641975308641975,0.5335802469135802,0.24072793126106262,0.029437908666301738,0.5188420414924622,0.3462139070034027,-2.879358470439911,0.23343229293823242,-1.2142829895019531,0.2668113503060777,0.0038405375323636373,2.964566946029663,-0.7209103107452393,4.003431797027588,3.856902599334717,6.283442497253418,9.277377128601074,-3.109724998474121,1.8889464139938354,3.188997507095337,9.393736839294434,10.153196334838867,15.132223129272461,-9.049163818359375,7.12427282333374,9.049163818359375,7.12427282333374,11.84335708618164,14.90557861328125,3.007051706314087,1.7005802392959595,3.3098959922790527,2.5293478965759277,4.5027852058410645,7.098179340362549,-4.365029335021973,3.3836560249328613,4.365029335021973,4.772182941436768,6.910205841064453,9.347548484802246,-10.005952835083008,8.37377643585205,10.005952835083008,8.432082176208496,13.369649887084961,20.75893211364746,1.90179443359375,2.3287901878356934,2.207730770111084,3.321755886077881,4.2701215744018555,6.439640998840332,-4.748743534088135,1.9468860626220703,4.7656683921813965,3.9757866859436035,6.537097454071045,8.583641052246094,-7.537688255310059,4.715620040893555,7.612919807434082,5.4146246910095215,9.72746753692627,16.2414608001709
194.0,0.0,0.0,0.0,0.0,0.0,0,6.416248798370361,5.447358131408691,12.94583797454834,15.098405838012695,4.256497383117676,-2.4444727897644043,1.5258034467697144,5.477513313293457,4.580322265625,2.8815834844878103,148.02820493379932,0.4491071925421116,0.25483957286700626,126.53368710473232,1.4442110382370004,1.4442110382370004,0.29135820269584656,0.04540942323814255,0.6273219585418701,0.41729500889778137,0.5395216049382716,0.4604783950617284,0.2170892357826233,0.03383428678817351,0.4558679461479187,0.3252847194671631,0.9936258792877197,-1.8899320363998413,-1.7612309455871582,-0.21340823108586576,0.013035103327919927,-7.707618236541748,2.9860355854034424,7.852926254272461,3.020571231842041,8.621628761291504,15.358816146850586,0.9018486738204956,-1.8975058794021606,2.173968553543091,3.333534002304077,4.3708696365356445,6.818704128265381,-1.826758861541748,5.147343635559082,2.9102022647857666,5.303880214691162,6.533483505249023,13.373808860778809,-6.8761887550354,4.925234794616699,6.942683219909668,4.925234794616699,9.07490062713623,15.04083251953125,1.237415075302124,2.506716012954712,2.760493278503418,3.2749197483062744,4.697756767272949,7.872833728790283,0.04652547091245651,-2.329322338104248,2.28446888923645,3.7841694355010986,4.886903762817383,10.397838592529297,-3.506788730621338,4.064339637756348,4.244419574737549,4.071336269378662,6.186756610870361,11.567594528198242,0.4762069284915924,-0.9709079265594482,2.9951155185699463,3.431091070175171,4.824044704437256,8.243459701538086,-4.744899272918701,-0.6997014284133911,7.047557830810547,3.6010079383850098,8.549901008605957,16.810428619384766
194.5,0.0,0.0,0.0,0.0,0.0,0,5.20242166519165,4.873136520385742,8.638975143432617,10.138152122497559,2.874357223510742,0.7483497858047485,0.5137539505958557,4.795314311981201,3.3923614025115967,0.907728221257256,34.470213628083386,0.17448186242393263,0.04424152920300351,64.9998423844451,-61.53384472028722,61.53384472028722,0.24406518042087555,0.04691375463471392,0.5174314975738525,0.3262273073196411,0.520108024691358,0.47989197530864197,0.207644984126091,0.03991313230187952,0.4441630244255066,0.2873355448246002,3.192822575569153,-1.0120494961738586,-1.213827133178711,-0.21059804366400275,0.0015043313965713706,-2.8831446170806885,0.5492345094680786,3.7343099117279053,1.7810091972351074,4.414910793304443,7.539039611816406,5.177422046661377,0.4562991261482239,6.595518112182617,3.002887010574341,7.727111339569092,14.953660011291504,-0.6067572832107544,0.36464446783065796,2.6782987117767334,3.24922251701355,4.569225311279297,7.713028907775879,-2.034968376159668,-1.6244397163391113,2.8983631134033203,2.043959617614746,3.9394900798797607,6.969348430633545,3.7010557651519775,0.3305482864379883,4.812034606933594,2.0526485443115234,5.694299697875977,9.324403762817383,-0.5181145668029785,1.3101050853729248,2.1160666942596436,3.5373599529266357,4.611432075500488,6.4322357177734375,2.043323278427124,1.0449601411819458,3.977550983428955,3.2297401428222656,5.482903480529785,9.073358535766602,2.012878656387329,-0.6295927166938782,3.054051399230957,1.9500004053115845,3.910093307495117,7.174561023712158,-0.15654629468917847,2.822026252746582,4.185721397399902,4.186060428619385,6.472330570220947,9.290789604187012
195.0,0.0,0.0,0.0,0.0,0.0,0,5.516090393066406,4.895084381103516,9.60460376739502,11.61032772064209,3.117628574371338,-0.5879305601119995,-0.3104599416255951,5.101423740386963,3.6986873149871826,0.6648666925540618,207.83653870640697,0.12053223300868735,0.1083356785257116,180.715461070119,115.71561868567392,115.71561868567392,0.22480283677577972,0.040754008727692845,0.4730452299118042,0.3028155267238617,0.4892438271604938,0.5107561728395061,0.21712321043014526,0.03936178626464817,0.461201012134552,0.29042109847068787,-1.336280345916748,-0.8242138922214508,0.31366872787475586,0.0640941493227081,-0.0061597459070210775,6.312889099121094,-1.5705572366714478,6.312889099121094,3.756845474243164,7.615606784820557,11.259541511535645,1.4584102630615234,-2.847163200378418,5.5354509353637695,3.168691396713257,6.629658222198486,10.990652084350586,-6.026139259338379,2.0828135013580322,6.029888153076172,4.160770893096924,7.616503715515137,13.796869277954102,0.7083615660667419,-0.733978807926178,2.8116705417633057,2.565378427505493,4.225050926208496,7.0083770751953125,0.0288760494440794,-0.20721517503261566,3.715955972671509,1.739332914352417,4.313632965087891,7.479329586029053,-3.2883756160736084,1.0472362041473389,3.459775924682617,3.0210564136505127,4.963527202606201,7.5844831466674805,-0.02136184647679329,-0.09321005642414093,2.170447587966919,2.5996623039245605,3.6401920318603516,5.215336322784424,1.0865521430969238,0.3894679546356201,3.2111940383911133,1.2310564517974854,3.5942063331604004,5.9218950271606445,-5.550587177276611,-0.861532986164093,5.550587177276611,3.7055463790893555,7.04643440246582,12.069421768188477
195.5,0.0,0.0,0.0,0.0,0.0,0,5.342986106872559,4.866982460021973,9.298012733459473,11.289586067199707,3.094691276550293,-1.4173823595046997,0.17892970144748688,4.616847991943359,3.842959403991699,1.4286317198967677,172.80506638917728,0.2673845095833493,0.1955217709194475,173.27738114848003,-7.438079921638973,7.438079921638973,0.2596643269062042,0.04859909292541696,0.5566583275794983,0.3541703522205353,0.5126697530864197,0.48733024691358023,0.21511858701705933,0.04026185777995933,0.4618344008922577,0.28862836956977844,-0.8294517993927002,0.48938964307308197,-0.17310428619384766,0.0871860923937359,0.007845084197724117,-4.036239147186279,0.07927452772855759,6.891653060913086,2.7532005310058594,7.809585094451904,13.601183891296387,-2.962604284286499,0.9461320042610168,5.071342468261719,3.912400484085083,7.10045051574707,12.60722827911377,-1.8308746814727783,-1.8933120965957642,1.9354605674743652,3.536182403564453,4.290517330169678,9.184183120727539,-0.5427228212356567,-2.850437641143799,3.1717758178710938,3.5584278106689453,5.2195916175842285,7.763124942779541,-2.6956775188446045,2.2137246131896973,3.5668387413024902,2.894434690475464,4.956294059753418,8.547475814819336,-1.4149913787841797,1.3260382413864136,2.8400330543518066,2.473980188369751,4.237196922302246,7.28169584274292,1.3602302074432373,-1.0586731433868408,2.664231300354004,2.2000715732574463,3.8344085216522217,6.179787635803223,-2.6295745372772217,-0.8040204644203186,3.2684240341186523,1.4787334203720093,4.090392589569092,7.301442623138428,1.9960139989852905,3.651641368865967,3.985647201538086,4.425017833709717,6.548437595367432,9.402283668518066
196.0,0.0,0.0,0.0,0.0,0.0,0,5.087480545043945,4.514667510986328,9.44070053100586,11.01496410369873,3.057657241821289,1.1591267585754395,0.3451019525527954,4.916548728942871,3.0978384017944336,1.2094090292789106,16.579626861663687,0.23772258558454376,0.12256449386886148,19.197192734862824,-154.0801884136172,154.0801884136172,0.24126753211021423,0.04742376556535109,0.5106261968612671,0.33225083351135254,0.5001851851851852,0.4998148148148148,0.21077001094818115,0.04142914506559857,0.4573274552822113,0.2839612066745758,2.576509118080139,0.16617225110530853,-0.2555055618286133,-0.07295727705058602,-0.0011753273600658698,5.800469875335693,1.3798030614852905,5.802246570587158,2.1353559494018555,6.503933906555176,9.80862808227539,4.71472692489624,0.7886883020401001,6.7443413734436035,2.2795534133911133,7.449703216552734,13.778693199157715,-1.7285064458847046,-1.8727145195007324,5.296108245849609,2.902048110961914,6.539649486541748,10.860615730285645,-0.08432098478078842,-0.45177653431892395,2.6063692569732666,1.4177614450454712,3.147108793258667,5.456361770629883,3.610093355178833,0.13421669602394104,3.7962441444396973,1.5556129217147827,4.388067722320557,9.531817436218262,-1.823098063468933,0.4047534465789795,3.3817543983459473,1.8355937004089355,4.198736667633057,6.88592004776001,1.4694782495498657,0.25676339864730835,3.3231582641601562,2.256143093109131,4.25034761428833,7.970742702484131,0.905893087387085,0.765778124332428,1.9148473739624023,4.074605464935303,4.889812469482422,8.364538192749023,-2.4325950145721436,1.7004058361053467,2.6972954273223877,2.6174960136413574,4.419966220855713,7.079707145690918
196.5,0.0,0.0,0.0,0.0,0.0,0,5.682601451873779,5.216279983520508,9.772795677185059,11.107708930969238,3.1742584705352783,1.2759885787963867,-0.9133550524711609,4.803823471069336,4.10228967666626,1.5691922460595515,324.4048406302272,0.27613976791248074,0.206801812642634,328.4035984327411,-50.79359430212173,50.79359430212173,0.2623666524887085,0.046170157900487264,0.5653713345527649,0.3578251004219055,0.550354938271605,0.4496450617283951,0.21451862156391144,0.0377500666957929,0.45793861150741577,0.3002397418022156,0.11686182022094727,-1.2584570050239563,0.595120906829834,0.08423731877377252,-0.0012536076648638275,-0.5159432888031006,-4.846398830413818,2.3823888301849365,5.57359504699707,6.464625835418701,9.874516487121582,-0.1375650018453598,0.977296769618988,2.8979763984680176,1.8747106790542603,3.7888221740722656,6.508246421813965,1.980715274810791,0.15528693795204163,4.759929656982422,4.436271667480469,6.853598117828369,9.778200149536133,-1.9372575283050537,-5.242530345916748,2.6152069568634033,5.387927532196045,6.468320369720459,9.476404190063477,1.4867229461669922,-0.25571268796920776,2.3092024326324463,1.7952940464019775,3.260880470275879,6.01608943939209,4.4581732749938965,1.1612626314163208,6.65419864654541,2.5465903282165527,7.471505165100098,11.9560546875,-0.6758982539176941,-2.9580676555633545,2.514951229095459,4.0183024406433105,5.145451545715332,8.6712064743042,0.8845527768135071,1.764901041984558,2.27497935295105,2.36579966545105,3.5491936206817627,5.009719371795654,5.9403977394104,1.023767352104187,7.001260757446289,2.5340781211853027,8.141012191772461,13.879349708557129
197.0,0.0,0.0,0.0,0.0,0.0,0,6.600447177886963,6.157586097717285,11.19190788269043,12.697824478149414,3.4820151329040527,0.6887982487678528,2.448617935180664,4.467330455780029,5.409539699554443,2.5436534394437618,74.28866353610138,0.38537592543208193,0.27927718087860753,76.88201103963773,108.47841260689665,108.47841260689665,0.27782294154167175,0.042091526825775744,0.5952737927436829,0.3710257411003113,0.4176388888888889,0.5823611111111111,0.23100462555885315,0.03499832425512746,0.49625229835510254,0.3238913118839264,-0.5871903300285339,3.361972987651825,0.9178457260131836,0.07247536823597353,-0.004078631074711521,0.7150161266326904,-2.386380672454834,3.194791078567505,3.2293293476104736,5.0087738037109375,8.492197036743164,-2.422553062438965,10.867575645446777,2.6098427772521973,10.875542640686035,11.520231246948242,16.51463508605957,-1.4260904788970947,7.162478446960449,5.014809608459473,7.202692985534668,9.40536880493164,12.421902656555176,-0.3218206763267517,-1.2708977460861206,2.870793104171753,2.71114182472229,4.431539058685303,8.99416732788086,1.6056699752807617,5.127101898193359,3.2207045555114746,5.135919094085693,6.715847969055176,10.051538467407227,3.646108627319336,3.1540236473083496,4.62992525100708,3.37001895904541,6.530786037445068,9.97685432434082,-0.9440890550613403,0.41213464736938477,2.7998692989349365,2.4489686489105225,4.193157196044922,6.359771728515625,2.8275644779205322,-2.3851354122161865,4.155096054077148,2.879012107849121,5.5661492347717285,9.060895919799805,2.519378185272217,1.356661081314087,5.209709167480469,2.0524067878723145,6.032171249389648,8.004015922546387
197.5,0.0,0.0,0.0,0.0,0.0,0,6.0909810066223145,5.4392499923706055,11.166579246520996,12.316010475158691,3.5883898735046387,-2.2196531295776367,-1.4863688945770264,5.381080150604248,3.726180076599121,2.6713578020194015,213.80785353416255,0.4385759533833735,0.3306072591636705,221.23705533963286,144.35504429999514,144.35504429999514,0.27973541617393494,0.04592616032518196,0.6088039875030518,0.3877362906932831,0.47834876543209875,0.5216512345679012,0.23565468192100525,0.03868911148724356,0.49576300382614136,0.33233442902565,-2.9084513783454895,-3.9349868297576904,-0.5094661712646484,0.051330078285062974,0.003834633499406215,-0.46843987703323364,-0.8961837291717529,2.4875590801239014,1.6514116525650024,3.1898622512817383,5.287952423095703,-3.0636281967163086,-3.1313295364379883,3.976637363433838,4.907089710235596,7.1942949295043945,11.054490089416504,-9.12466049194336,-2.422807455062866,9.12466049194336,4.231690406799316,10.489177703857422,13.73514175415039,-1.499204397201538,-0.7284559011459351,3.4039931297302246,1.095557689666748,3.8095498085021973,7.569292068481445,-1.8835080862045288,2.0398783683776855,3.358092784881592,3.908355474472046,5.672239780426025,9.308584213256836,-6.7667622566223145,-4.987347602844238,6.767904758453369,5.094509601593018,8.96902847290039,12.244280815124512,5.637788772583008,-1.9160865545272827,6.474583148956299,2.565052032470703,7.323572635650635,12.289376258850098,0.7928881645202637,-1.0655559301376343,1.6605557203292847,2.1954801082611084,2.988255739212036,4.821700096130371,-3.6013500690460205,-0.26943179965019226,4.026283264160156,2.3947644233703613,5.182849884033203,8.34146499633789
198.0,0.0,0.0,0.0,0.0,0.0,0,8.050846099853516,7.053160667419434,14.643487930297852,17.20166778564453,5.172791957855225,0.798607587814331,2.950256586074829,4.409383296966553,7.92397928237915,3.056433870214196,74.85353576740111,0.37964132369513404,0.2473576500765018,58.26256872622603,-162.97448661340684,162.97448661340684,0.28025975823402405,0.034811213622368185,0.5983016490936279,0.39356011152267456,0.46703703703703703,0.532962962962963,0.2711685001850128,0.03368198362504571,0.5946887135505676,0.3926844894886017,3.0182607173919678,4.4366254806518555,1.9598650932312012,-0.08324960908716872,-0.011114946702813773,-1.8190001249313354,6.773637294769287,2.2862424850463867,8.776739120483398,9.33934497833252,16.43259048461914,5.741893291473389,6.009227752685547,5.829612731933594,8.459338188171387,11.668746948242188,25.68463706970215,3.734902858734131,1.0671674013137817,4.179025173187256,2.8300347328186035,5.545621871948242,8.637972831726074,-0.6174116730690002,7.667448043823242,2.367924690246582,8.893209457397461,9.597579956054688,17.44879722595215,3.0312070846557617,2.741082191467285,3.7468066215515137,6.274363040924072,8.460082054138184,16.112937927246094,0.16368494927883148,1.473630428314209,2.235093832015991,4.356201648712158,5.332418441772461,8.841801643371582,-3.4215240478515625,7.086446762084961,3.4319732189178467,7.086446762084961,8.163134574890137,10.833219528198242,0.39645907282829285,-1.5597444772720337,2.585606575012207,5.707420349121094,6.523835182189941,9.535388946533203,-0.022743158042430878,-4.7065863609313965,4.386569976806641,5.714553356170654,7.826844692230225,12.810675621032715
198.5,0.0,0.0,0.0,0.0,0.0,0,6.76218318939209,6.4009881019592285,11.600614547729492,13.3066987991333,3.4585256576538086,1.4146651029586792,3.446746349334717,4.989026069641113,4.349344730377197,3.7257667331948316,67.68504051414865,0.550970985086515,0.4688656529320759,70.13054378135969,11.867975055133655,11.867975055133655,0.2824208438396454,0.041764736944415376,0.6120094060897827,0.4001156985759735,0.4921913580246914,0.5078086419753086,0.2255910038948059,0.033360671282615,0.49470433592796326,0.31855279207229614,0.6160575151443481,0.4964897632598877,-1.2886629104614258,0.2215080028555741,0.006953523322047191,-0.12051879614591599,2.131929397583008,6.835400581359863,2.699334144592285,7.610666751861572,12.408666610717773,2.075620174407959,4.628582000732422,2.8202152252197266,5.516976356506348,7.087681293487549,16.23487091064453,1.2729798555374146,5.382258892059326,2.039083480834961,5.4928812980651855,6.273942947387695,10.779623985290527,3.1213974952697754,-0.19401215016841888,3.854055404663086,4.124153137207031,6.239353179931641,12.504918098449707,3.358203172683716,4.89564323425293,4.321269989013672,5.115528583526611,7.433191299438477,11.734375953674316,-1.458287239074707,2.36167311668396,2.5355398654937744,4.130579471588135,5.405370235443115,8.182985305786133,4.313920974731445,3.6835007667541504,4.342931747436523,3.7220497131347656,5.914850234985352,9.251471519470215,4.218925952911377,5.367707252502441,5.771486759185791,5.443605899810791,8.85344409942627,12.29725170135498,-4.05025577545166,2.7634334564208984,4.110762596130371,3.8677945137023926,6.041149139404297,8.879912376403809
199.0,0.0,0.0,0.0,0.0,0.0,0,9.243603706359863,9.04780387878418,14.420269012451172,15.662480354309082,3.76141357421875,3.898545980453491,5.128938674926758,4.821734428405762,5.902426242828369,6.442412024457107,52.76125331661712,0.6969589165775836,0.6483133936894027,51.025485458868246,-19.10505832249146,19.10505832249146,0.24347460269927979,0.02633978955544933,0.5299282073974609,0.3558592200279236,0.5596913580246914,0.44030864197530867,0.21378132700920105,0.023127484763829573,0.4679543972015381,0.35187146067619324,2.483880877494812,1.682192325592041,2.4814205169677734,0.17944774075732678,-0.015424947388966045,-0.3769263029098511,3.4900991916656494,4.356435775756836,3.805528402328491,6.275733947753906,9.565053939819336,0.9902411103248596,5.7377471923828125,2.9027092456817627,5.864327430725098,6.720699787139893,9.071097373962402,7.457800388336182,4.46420431137085,7.457800388336182,4.742344379425049,9.193745613098145,11.884984970092773,4.196792125701904,-0.7240177392959595,4.607218265533447,3.3287906646728516,6.1044535636901855,8.997746467590332,1.7850637435913086,8.341821670532227,3.298541784286499,8.736297607421875,9.630504608154297,12.557997703552246,7.881967544555664,6.159391403198242,7.882030010223389,6.495067119598389,10.45417308807373,14.417543411254883,2.374777317047119,-2.7105910778045654,3.465306282043457,6.774252414703369,7.951162815093994,11.280099868774414,1.6328452825546265,13.340790748596191,3.3680591583251953,13.340790748596191,13.864846229553223,16.215438842773438,9.144351959228516,8.060998916625977,9.144351959228516,8.062714576721191,12.99710750579834,17.808700561523438
199.5,0.0,0.0,0.0,0.0,0.0,0,7.855721473693848,6.992867946624756,14.757540702819824,17.10978889465332,4.621620178222656,-1.0463436841964722,2.3237533569335938,5.3022141456604,6.9615797996521,2.548463217179717,114.2411676054445,0.32440855059763224,0.2806034187589163,115.30381157392173,64.27832611505349,64.27832611505349,0.2917802929878235,0.03714238810814623,0.6363632678985596,0.4224676191806793,0.5217901234567901,0.4782098765432099,0.2514829635620117,0.03201270976719747,0.5407326817512512,0.3539530038833618,-4.944889664649963,-2.805185317993164,-1.3878822326660156,-0.36770997493048635,0.010802598552696902,-0.357862651348114,-0.565811038017273,2.233403205871582,2.3167269229888916,3.4533541202545166,5.490178108215332,-5.2001824378967285,0.21123921871185303,5.688551425933838,6.327174663543701,9.536465644836426,13.04210090637207,-0.49134561419487,7.445773601531982,3.183790445327759,7.445773601531982,8.378281593322754,10.981340408325195,-1.0023388862609863,-0.4259016811847687,2.451469898223877,2.5689260959625244,3.9383697509765625,5.948791980743408,-4.004037857055664,2.9637603759765625,6.555649280548096,5.061341762542725,8.768576622009277,14.82862377166748,-0.7590391635894775,7.444713592529297,2.81363582611084,7.475332736968994,8.284139633178711,14.120681762695312,3.254714012145996,-1.6577247381210327,3.52685809135437,4.808483123779297,6.329530239105225,15.540870666503906,0.45942506194114685,-4.7921905517578125,5.805119514465332,6.944459438323975,9.926920890808105,19.063997268676758,-1.3164252042770386,10.289921760559082,5.2193498611450195,10.289921760559082,12.085853576660156,18.406450271606445
200.0,0.0,0.0,0.0,0.0,0.0,0,9.316678047180176,8.525107383728027,17.74217414855957,18.73655891418457,5.303433418273926,-2.146970748901367,1.5836269855499268,9.081758499145508,5.033011436462402,2.6678376685998053,143.58714532172144,0.2863507416581025,0.09624530422018668,119.15973145032784,3.8559198764061193,3.8559198764061193,0.2686697542667389,0.02883750238751174,0.5938655734062195,0.3769638240337372,0.5481018518518519,0.45189814814814816,0.21581390500068665,0.023164252402362813,0.4637763500213623,0.3027007281780243,-1.100627064704895,-0.740126371383667,1.4609565734863281,-0.18435811453872963,-0.008304885720634494,-0.5264187455177307,-2.1484594345092773,1.746411919593811,3.428553819656372,4.115113735198975,6.419425010681152,-11.415067672729492,-3.1817357540130615,11.442736625671387,4.103837966918945,12.958061218261719,18.34130859375,4.308574676513672,2.146404504776001,6.954208850860596,4.4831671714782715,8.582178115844727,12.754615783691406,2.8004980087280273,0.5731667876243591,3.1133100986480713,2.8339784145355225,4.490170001983643,8.088947296142578,-12.465679168701172,2.082737922668457,12.475479125976562,5.030166149139404,13.766691207885742,17.925806045532227,5.173190116882324,1.6791256666183472,8.026650428771973,2.6440515518188477,8.645758628845215,11.888082504272461,-0.23845098912715912,2.9689059257507324,3.0276730060577393,3.981849193572998,5.420321941375732,8.604452133178711,-13.060301780700684,9.22839641571045,13.099090576171875,9.231554985046387,16.362234115600586,21.224760055541992,6.100919246673584,0.9041010141372681,8.575820922851562,3.5715384483337402,9.509577751159668,13.934795379638672
200.5,0.0,0.0,0.0,0.0,0.0,0,7.205731391906738,6.219767093658447,14.234869956970215,17.08549690246582,4.63499641418457,3.1880087852478027,1.1173845529556274,4.973719596862793,6.103763103485107,3.378157523562366,19.31536324954202,0.46881535542063246,0.4040856856885251,10.703593303761032,-108.45613814656681,108.45613814656681,0.30080446600914,0.04174516199727241,0.6569215655326843,0.41474807262420654,0.5409413580246913,0.45905864197530866,0.23232042789459229,0.03224105687792785,0.4921894073486328,0.32798129320144653,5.33497953414917,-0.4662424325942993,-2.1109466552734375,0.3078403814683384,0.012907659609760674,3.9653537273406982,0.28636589646339417,4.313750743865967,1.7872340679168701,4.973996162414551,7.996633052825928,5.087815761566162,-1.8005316257476807,5.226534843444824,3.578082799911499,7.117696285247803,12.495437622070312,3.29103684425354,-0.914304256439209,3.6822781562805176,2.2172651290893555,4.86815881729126,8.193315505981445,-0.3721702992916107,3.550947427749634,2.281841278076172,4.218522071838379,5.1429877281188965,8.612020492553711,5.823790550231934,-0.9003384113311768,6.565204620361328,4.277167320251465,8.85032844543457,15.965959548950195,1.7495040893554688,0.6997859477996826,2.8477914333343506,2.7779507637023926,4.471479892730713,7.466014862060547,0.3477391302585602,12.372166633605957,3.0361268520355225,12.372166633605957,12.96945571899414,20.341468811035156,4.55498743057251,-1.9405930042266846,7.089305400848389,5.862541198730469,10.593775749206543,19.043296813964844,4.244022846221924,-1.2970383167266846,4.255451202392578,3.496953010559082,5.863707065582275,10.511911392211914
201.0,0.0,0.0,0.0,0.0,0.0,0,7.754518032073975,7.83439826965332,11.517183303833008,12.978447914123535,3.176025152206421,-0.465651273727417,-2.495436906814575,6.230797290802002,4.995278835296631,2.538510678452281,259.4301067823729,0.32735892391410776,0.35216450432075164,247.33513966597042,-123.3684536377906,123.3684536377906,0.22010043263435364,0.028383505375895242,0.5052754878997803,0.32568272948265076,0.5812191358024691,0.41878086419753086,0.16659879684448242,0.021484091554279796,0.3768298029899597,0.24738521873950958,-3.6536600589752197,-3.6128214597702026,0.5487866401672363,-0.05192118136777346,-0.013361656621377171,4.988368988037109,2.9064555168151855,6.312887191772461,3.1690311431884766,7.450905799865723,16.186784744262695,-7.254428863525391,-5.530867576599121,7.254428863525391,5.530867576599121,9.322138786315918,12.228538513183594,-0.421490341424942,-8.863484382629395,2.1015186309814453,8.863484382629395,9.255799293518066,10.593392372131348,4.698843955993652,2.6496872901916504,7.053672790527344,3.2740895748138428,8.120573997497559,15.086617469787598,-6.043153285980225,-3.222142457962036,6.043153285980225,3.237048625946045,7.191882610321045,10.151758193969727,0.9790523052215576,-7.917149543762207,2.2518374919891357,7.917149543762207,8.396618843078613,11.117593765258789,1.7381230592727661,2.8424556255340576,6.819896697998047,4.08208703994751,8.872847557067871,10.90325927734375,-4.74386739730835,-0.3948267698287964,4.743980884552002,1.649902105331421,5.345836639404297,9.54902458190918,1.867689609527588,-4.929060459136963,2.1947999000549316,5.128190517425537,5.834060192108154,8.68864631652832
201.5,0.0,0.0,0.0,0.0,0.0,0,8.797123908996582,9.454690933227539,12.30135440826416,12.70156478881836,3.157621383666992,-2.398233652114868,-3.390151023864746,6.291990756988525,5.525049686431885,4.152667650408278,234.72395196259708,0.4720483300413054,0.3516802878479511,235.03108544215573,-12.304054223814688,12.304054223814688,0.2447107583284378,0.027817128989288165,0.5481211543083191,0.3662507236003876,0.5561111111111111,0.4438888888888889,0.18265631794929504,0.020763183408081132,0.4180823564529419,0.26179131865501404,-1.9325823783874512,-0.8947141170501709,1.0426058769226074,-0.00048421647280055824,-0.0005663763866070766,3.184403657913208,1.2826347351074219,6.199029922485352,2.535973310470581,7.18916654586792,11.47828197479248,-5.320538520812988,-2.455387592315674,7.67211389541626,4.767110347747803,9.339421272277832,12.70394515991211,-3.7065842151641846,-10.036800384521484,3.9217541217803955,10.036800384521484,11.233057975769043,12.618717193603516,3.0988118648529053,0.8515574336051941,6.094457626342773,2.186203718185425,6.810481548309326,11.140896797180176,-7.197120666503906,-3.098039388656616,7.872807025909424,4.50198221206665,9.335150718688965,12.052241325378418,-3.342832088470459,-9.60286808013916,3.984193801879883,9.60286808013916,10.743426322937012,12.450157165527344,3.895094394683838,2.2265632152557373,4.182194709777832,4.582062244415283,6.569738388061523,11.274100303649902,-7.134495258331299,-1.6031216382980347,7.6120100021362305,2.3179807662963867,8.196044921875,11.170682907104492,-5.060842037200928,-8.075897216796875,5.178542137145996,8.075897216796875,9.757631301879883,13.055431365966797
202.0,0.0,0.0,0.0,0.0,0.0,0,4.947246551513672,4.448883056640625,9.130030632019043,10.314355850219727,2.9026780128479004,-1.9942872524261475,0.8575279712677002,4.1745524406433105,3.280452251434326,2.170837595651948,156.73267216163947,0.43879713150494853,0.2759914728698804,163.50770236031897,-71.52338308183676,71.52338308183676,0.23902057111263275,0.04831384898851512,0.510046660900116,0.3375522792339325,0.5447376543209876,0.45526234567901236,0.18883472681045532,0.03816965390233585,0.42148783802986145,0.26538968086242676,0.4039463996887207,4.247678995132446,-3.84987735748291,-0.07568881497807067,0.020496719999226958,0.7203277349472046,2.0799496173858643,1.8742694854736328,3.7874324321746826,4.437379837036133,8.63671875,-3.14585280418396,0.24779269099235535,5.583085060119629,2.57087779045105,6.481392860412598,9.742265701293945,-1.1847671270370483,-2.479793071746826,3.231492757797241,2.481769561767578,4.424102306365967,7.157952308654785,0.9156575798988342,0.681014358997345,1.4661463499069214,2.179166555404663,2.872156858444214,5.401456356048584,-4.376234531402588,0.21237386763095856,4.897481441497803,2.6794514656066895,5.949635028839111,9.608113288879395,-3.132944107055664,-0.9698900580406189,4.469963073730469,1.2190769910812378,5.003145217895508,12.815752029418945,-1.3803181648254395,2.924561023712158,2.5770046710968018,2.9532055854797363,4.47611665725708,6.926153659820557,-5.494490623474121,3.8493571281433105,5.501523017883301,4.268496036529541,7.459452152252197,9.878929138183594,-0.8699626922607422,1.1723859310150146,2.220100164413452,2.0952260494232178,3.4218392372131348,6.869109153747559
202.5,0.0,0.0,0.0,0.0,0.0,0,6.882487773895264,6.399509429931641,12.168365478515625,13.729185104370117,3.7049431800842285,0.3386108875274658,-3.147233724594116,5.445552825927734,4.628332614898682,3.165396886707051,276.1408312009002,0.4599204518332969,0.37319146244036444,259.3980573406361,95.89035498031717,95.89035498031717,0.25166770815849304,0.03656638120690422,0.5370820164680481,0.34886592626571655,0.525570987654321,0.474429012345679,0.2090875208377838,0.03037963848642024,0.45816555619239807,0.2934104800224304,2.3328981399536133,-4.004761695861816,1.9352412223815918,0.09719998957048404,-0.011747467781610905,-2.810300350189209,-4.877542972564697,3.296642303466797,5.187727451324463,6.440060138702393,10.296221733093262,-1.028632640838623,0.7235807776451111,1.7253766059875488,2.945298671722412,3.7079944610595703,7.714310646057129,3.6220719814300537,-2.0185110569000244,5.794252395629883,3.149029493331909,7.066343307495117,13.840624809265137,-4.252307415008545,-6.528792381286621,4.256698131561279,6.541701316833496,8.452800750732422,11.956485748291016,0.866216242313385,-0.3526095151901245,2.239546537399292,2.1433022022247314,3.433784008026123,5.847721099853516,3.5310025215148926,-4.349331855773926,6.840743064880371,4.358830451965332,8.959349632263184,16.01883316040039,-2.5639758110046387,-4.680360317230225,2.825986862182617,6.844336032867432,7.950891017913818,11.860316276550293,1.4929118156433105,-0.5039346218109131,3.448937177658081,5.739179611206055,7.038508892059326,10.329737663269043,4.190512180328369,-5.737600803375244,5.953003883361816,5.737600803375244,8.892659187316895,12.850981712341309
203.0,0.0,0.0,0.0,0.0,0.0,0,6.436208724975586,6.036464691162109,10.964483261108398,12.020359992980957,3.1670725345611572,2.412588119506836,-0.8675194382667542,4.263337135314941,5.167776584625244,2.563819691428435,340.2224087368283,0.39834315526151,0.31161763125773184,339.5353382753581,80.13728093472196,80.13728093472196,0.2643926739692688,0.04107894013200008,0.5686850547790527,0.3540559411048889,0.4816666666666667,0.5183333333333333,0.21511761844158173,0.033423028091645615,0.47359538078308105,0.2903042733669281,2.07397723197937,2.279714286327362,-0.44627904891967773,-0.0615738311826326,0.004512558925095861,1.7200719118118286,1.9195711612701416,4.185764789581299,5.4366536140441895,7.681240081787109,10.837566375732422,-2.3591582775115967,1.0867724418640137,3.539848566055298,2.307553768157959,4.5211687088012695,7.342863082885742,0.30288833379745483,-5.022354602813721,1.7027536630630493,5.022354602813721,5.447653770446777,6.879998207092285,4.193035125732422,1.160405158996582,4.780540466308594,2.4293761253356934,6.023202896118164,11.498133659362793,0.48152846097946167,2.1997859477996826,2.0109317302703857,3.411628246307373,4.384974479675293,7.603212356567383,2.602325916290283,-4.212368488311768,3.0955562591552734,4.387922763824463,5.992337226867676,9.014738082885742,3.2951488494873047,-4.3243865966796875,3.5528383255004883,6.259293556213379,7.690613269805908,13.050515174865723,3.586801052093506,3.600292205810547,3.8317666053771973,4.724283695220947,6.370068550109863,10.947427749633789,7.890651702880859,-4.215391635894775,7.890683174133301,5.37695837020874,9.814617156982422,12.332499504089355
203.5,0.0,0.0,0.0,0.0,0.0,0,7.979365348815918,8.012213706970215,12.232266426086426,13.324151039123535,3.164522171020508,0.21814315021038055,-3.286865472793579,6.052280426025391,5.118916988372803,3.2940963966202124,273.79704590293545,0.4128268668772051,0.3480016214466179,278.02685620022186,-61.508482075136214,61.508482075136214,0.2673591673374176,0.03350631562080012,0.5847253799438477,0.36431264877319336,0.5310802469135802,0.46891975308641975,0.2391767054796219,0.029974398344940513,0.5226143598556519,0.32608726620674133,-2.1944449692964554,-2.419346034526825,1.543156623840332,0.03638399018888605,-0.007572624511199957,2.8650362491607666,-0.8481338620185852,5.7010111808776855,1.4924153089523315,6.098437309265137,12.547372817993164,-3.1489756107330322,-5.07351016998291,7.0086517333984375,5.098519802093506,9.033336639404297,14.060663223266602,1.6419541835784912,-4.392642498016357,6.06643533706665,5.394066333770752,8.994993209838867,12.337763786315918,-0.9308522939682007,0.06272369623184204,5.277308464050293,2.5201351642608643,6.234650135040283,9.53252124786377,-1.436251163482666,-6.862980365753174,5.1031012535095215,6.867444038391113,9.120368003845215,12.157451629638672,1.651957631111145,-1.8208900690078735,4.853870391845703,4.962421417236328,7.816935062408447,11.173537254333496,-1.8785744905471802,3.1405234336853027,5.2307281494140625,4.50486946105957,7.382261276245117,9.808797836303711,1.2428503036499023,-6.53962516784668,4.3074235916137695,6.612978935241699,8.66777229309082,13.254579544067383,1.9561436176300049,-7.247252464294434,3.369175910949707,7.398186683654785,8.465536117553711,11.92345905303955
204.0,0.0,0.0,0.0,0.0,0.0,0,8.220260620117188,7.199193000793457,15.14819622039795,16.621288299560547,4.7316508293151855,0.12753257155418396,-3.6992201805114746,7.109999179840088,5.0703654289245605,3.701417904088995,271.9745202596386,0.4502798725177436,0.3571717376127666,281.372389705332,3.3455335051101542,3.3455335051101542,0.25701281428337097,0.03126577062394117,0.5667105913162231,0.3587305545806885,0.5539660493827161,0.44603395061728396,0.22375744581222534,0.02722023411817342,0.4959418475627899,0.3121154308319092,-0.0906105786561966,-0.4123547077178955,0.24089527130126953,0.009170116166148712,-0.0022405449968589536,-4.2677483558654785,-4.961877822875977,8.720620155334473,5.247511863708496,10.445880889892578,18.30208396911621,-0.2069460153579712,-4.121618270874023,2.6606626510620117,4.435760498046875,5.467776298522949,9.468500137329102,3.3950157165527344,-8.410859107971191,4.774472236633301,8.414419174194336,9.906105041503906,15.386492729187012,-3.252434253692627,-2.8135364055633545,8.108097076416016,3.3723535537719727,9.21064567565918,15.132607460021973,-0.4336121678352356,-2.0632359981536865,2.09529185295105,4.672966957092285,5.421694755554199,10.393909454345703,4.112196922302246,-6.513833522796631,4.386770248413086,6.572251319885254,8.372857093811035,14.228403091430664,-5.800629138946533,0.8139033913612366,7.381667613983154,2.6399874687194824,8.582032203674316,17.080873489379883,-1.2576812505722046,1.6913803815841675,2.3614792823791504,3.5453147888183594,4.873069763183594,8.041622161865234,8.859631538391113,-6.913303852081299,8.859631538391113,6.940553188323975,11.702280044555664,16.572797775268555
204.5,0.0,0.0,0.0,0.0,0.0,0,8.35519027709961,8.0577392578125,13.572042465209961,15.975391387939453,3.7187118530273438,-1.0273220539093018,-4.080401420593262,6.3344807624816895,5.080089569091797,4.207738864952046,255.86835640502693,0.5036077845509828,0.42084669582750256,261.80682405761695,-19.56556564771506,19.56556564771506,0.2464037835597992,0.029491100249871827,0.540935754776001,0.33699914813041687,0.4948611111111111,0.5051388888888889,0.22319254279136658,0.02671303808484979,0.5104517340660095,0.3133283853530884,-1.1548546254634857,-0.3811812400817871,0.13492965698242188,0.06367495821473595,-0.0017746703740693405,-6.416539669036865,-5.42568302154541,7.526732921600342,5.844842433929443,10.047497749328613,17.92416763305664,3.1015126705169678,0.5089041590690613,3.5846126079559326,3.2851085662841797,5.38654088973999,8.947574615478516,0.24184106290340424,-3.2039148807525635,5.992845058441162,6.544932842254639,9.415058135986328,13.999096870422363,-5.838281631469727,-6.636888027191162,6.536224842071533,7.360389232635498,10.328424453735352,16.312374114990234,3.0620384216308594,-5.369575500488281,3.1655659675598145,6.594862937927246,8.040765762329102,10.164814949035645,-0.9473585486412048,-3.757899522781372,5.791531085968018,3.8734078407287598,7.345515251159668,11.263134002685547,-3.6211726665496826,-3.600276470184326,6.643973350524902,7.056295394897461,9.885351181030273,15.837296485900879,3.2815473079681396,-5.735188961029053,3.5266270637512207,5.7588725090026855,7.140835285186768,8.894927024841309,-2.109484910964966,-3.5030858516693115,4.8533172607421875,4.564288139343262,7.606721878051758,11.637959480285645
205.0,0.0,0.0,0.0,0.0,0.0,0,7.106740951538086,7.296628475189209,11.333810806274414,12.223223686218262,3.3623874187469482,-2.6909468173980713,-1.894991397857666,3.962718963623047,5.93936824798584,3.2912288240138152,215.15358591953793,0.4631136615865401,0.3716683421108475,211.7635104185913,-50.043313639025655,50.043313639025655,0.26944056153297424,0.037913373437551114,0.6045629382133484,0.36841022968292236,0.46304012345679013,0.5369598765432099,0.20290501415729523,0.028551059760004546,0.4554494023323059,0.2755419909954071,-1.6636247634887695,2.1854100227355957,-1.2484493255615234,-0.04917835371665508,0.008422273187679286,-5.777402400970459,-0.8922765254974365,6.271744728088379,2.8724918365478516,7.622378349304199,12.046004295349121,-2.4836864471435547,1.1351890563964844,2.7136588096618652,5.544261932373047,6.568055629730225,10.206331253051758,-4.61692476272583,4.272292137145996,5.460443019866943,5.09343147277832,7.804108619689941,11.459491729736328,-3.551241874694824,-2.850796699523926,4.328577041625977,3.5908730030059814,6.49118709564209,10.427143096923828,-1.6102913618087769,-3.046491861343384,1.8557488918304443,4.087891578674316,4.625014305114746,10.79507064819336,-3.7357215881347656,0.9584584832191467,4.778687477111816,3.651784896850586,6.399129867553711,10.509523391723633,-1.4378186464309692,0.637146532535553,3.146486520767212,4.797640323638916,6.297406196594238,8.682775497436523,-0.7209594249725342,-8.638960838317871,1.7533549070358276,8.638960838317871,8.889711380004883,11.372790336608887,-0.28447458148002625,-8.629483222961426,2.720973014831543,8.629483222961426,9.263677597045898,14.34880256652832
205.5,0.0,0.0,0.0,0.0,0.0,0,7.985491752624512,7.705841064453125,13.102010726928711,14.403255462646484,3.6953978538513184,-0.8663527369499207,-5.165909767150879,4.720012664794922,5.2638702392578125,5.238052194009283,260.47976191488556,0.6559461027916965,0.5306726499400485,265.48934563214937,53.72583521355807,53.72583521355807,0.2465517222881317,0.0308749541106402,0.5512903332710266,0.3375259041786194,0.5067746913580247,0.49322530864197534,0.19585566222667694,0.024526434159283034,0.44372451305389404,0.27120232582092285,1.8245940804481506,-3.270918369293213,0.8787508010864258,0.159004307829201,-0.007038419326910912,2.10174298286438,-2.881443738937378,4.168541431427002,3.6652965545654297,6.03876256942749,8.905905723571777,-4.50369119644165,-5.417357444763184,4.522811412811279,7.855345726013184,9.26923656463623,15.703948974609375,-2.6342241764068604,-3.226552963256836,3.103126049041748,7.783580303192139,8.848432540893555,13.560869216918945,2.182218313217163,-3.155698776245117,4.6048479080200195,3.318296432495117,5.896396636962891,10.312891006469727,-3.153560161590576,-8.223639488220215,3.9206202030181885,8.638269424438477,9.69337272644043,14.692378044128418,-1.2441380023956299,-1.7638047933578491,3.4458866119384766,2.8576815128326416,5.039677619934082,7.739892482757568,0.9039720892906189,-7.725552082061768,5.893930435180664,7.725552082061768,10.244840621948242,12.337905883789062,-2.497664451599121,-8.918962478637695,3.2948861122131348,8.918962478637695,9.818546295166016,11.73802375793457,1.048170804977417,-5.180176258087158,3.6267168521881104,5.248748779296875,7.020157337188721,10.734743118286133
206.0,0.0,0.0,0.0,0.0,0.0,0,5.4167633056640625,5.333732604980469,9.416400909423828,10.5582914352417,2.8703548908233643,-2.534674882888794,-1.746214747428894,4.390487194061279,2.971538543701172,3.077960803208104,214.56414012462602,0.5682287797197305,0.48863507131213835,210.22033669588657,-55.26900893626279,55.26900893626279,0.19705535471439362,0.03637879434930219,0.4417358934879303,0.275473028421402,0.6160956790123456,0.3839043209876543,0.16320738196372986,0.030130050479226383,0.38527923822402954,0.2342376857995987,-1.6683221459388733,3.419695019721985,-2.568728446960449,-0.04203757862791013,0.005503840238661989,2.3403162956237793,-2.701404571533203,5.982142925262451,3.2789721488952637,7.042694091796875,10.573663711547852,-0.9325743317604065,-5.1244330406188965,2.143666982650757,5.1244330406188965,5.6781487464904785,7.404004096984863,-3.853193998336792,-3.417888879776001,5.122318744659424,3.9347124099731445,6.742812156677246,10.838459014892578,-1.3730968236923218,-1.3354905843734741,4.66664457321167,2.346564292907715,5.424041748046875,7.924709796905518,-1.8675583600997925,-2.113187551498413,2.1546363830566406,2.216737747192383,3.2497222423553467,5.632822513580322,-4.052677631378174,-2.1618478298187256,4.084851264953613,2.627934217453003,5.046226978302002,9.125249862670898,-7.654751300811768,-1.5510920286178589,7.654751300811768,1.885572910308838,7.986112594604492,11.79568862915039,-2.5312492847442627,0.2777404189109802,2.779236078262329,0.9359101057052612,3.167985200881958,5.434999465942383,-2.8872876167297363,2.4116709232330322,3.072293758392334,2.688933849334717,4.413125991821289,7.453708648681641
206.5,0.0,0.0,0.0,0.0,0.0,0,7.482319355010986,7.133604049682617,11.697562217712402,13.419122695922852,3.2187769412994385,-3.083484172821045,0.01116222981363535,4.726197719573975,5.873728275299072,3.083504376421784,179.79258986626454,0.4121054221451707,0.3790729575202257,180.87575414542033,-29.344582550466242,29.344582550466242,0.2270897477865219,0.030350177085700106,0.51125168800354,0.31694358587265015,0.4953240740740741,0.5046759259259259,0.1957778036594391,0.026165386453725507,0.4405725598335266,0.2736699879169464,-0.548809289932251,1.7573769772425294,2.065556049346924,-0.10956211379191266,-0.006028617263602085,-1.887925386428833,4.365737438201904,3.3911404609680176,4.857481479644775,6.504139423370361,9.98678207397461,-3.1337549686431885,1.02908456325531,3.1496357917785645,3.1367173194885254,4.786726951599121,6.982594013214111,4.181305408477783,-0.43738478422164917,4.183791160583496,6.294517517089844,8.014985084533691,11.965681076049805,-6.244266510009766,0.6846831440925598,6.263761043548584,3.2451212406158447,7.510134696960449,10.997876167297363,-3.193251132965088,-6.204129695892334,3.2396912574768066,6.246253967285156,7.45187520980835,10.97314739227295,1.0739238262176514,2.771554946899414,2.730309247970581,4.5359721183776855,5.5547308921813965,8.285697937011719,-10.118364334106445,1.8812716007232666,10.118364334106445,7.211368083953857,12.72136402130127,16.233898162841797,-4.136563777923584,-6.438172817230225,4.14713191986084,6.7190399169921875,8.353317260742188,10.893033981323242,-4.2924652099609375,2.447815179824829,4.780413627624512,3.570352554321289,6.443600177764893,10.261863708496094
207.0,0.0,0.0,0.0,0.0,0.0,0,7.19659948348999,6.895912170410156,12.564949989318848,14.181233406066895,3.988210439682007,2.084408760070801,-0.8088074326515198,6.482005596160889,4.547696113586426,2.23582855831395,338.7923890628662,0.3106784757777968,0.28886576267046576,335.63694792068685,154.76119377526652,154.76119377526652,0.23278658092021942,0.03234674225063131,0.5160804986953735,0.3256160020828247,0.6211265432098766,0.37887345679012346,0.18805654346942902,0.026131302397688613,0.4489538073539734,0.2770017981529236,5.167892932891846,-0.8199696624651551,-0.2857198715209961,-0.09020719484975992,0.0019965651649312063,-1.7326700687408447,-4.181290626525879,2.756068706512451,4.181290626525879,5.344829559326172,9.234067916870117,6.086757659912109,-7.018572807312012,6.094459533691406,7.018572807312012,9.800127029418945,15.354056358337402,5.315389156341553,4.9333953857421875,6.085284233093262,6.215429782867432,10.373092651367188,13.397167205810547,-6.240908622741699,-2.4043049812316895,7.171017646789551,2.8017241954803467,8.066840171813965,15.45093059539795,6.288196563720703,-3.136956214904785,6.288196563720703,3.174312114715576,7.2563605308532715,12.761957168579102,3.2907683849334717,1.712960124015808,4.382903099060059,3.930448293685913,6.578533172607422,10.818283081054688,-3.11346173286438,1.1807957887649536,3.6616454124450684,1.4773257970809937,4.232622146606445,8.001409530639648,6.502988338470459,1.3833014965057373,6.502988338470459,1.5512559413909912,6.874661445617676,12.016777038574219,2.3626184463500977,0.251404345035553,4.548252105712891,3.4054903984069824,6.242331504821777,11.715126037597656
207.5,0.0,0.0,0.0,0.0,0.0,0,6.857395648956299,6.210264205932617,12.352773666381836,14.038923263549805,3.607512950897217,-2.7933573722839355,1.8118486404418945,5.286962509155273,4.582620143890381,3.3295106104597645,147.03144564552133,0.48553573118776056,0.4378052590316678,140.69070206307376,165.05375414238688,165.05375414238688,0.257413387298584,0.03753806298163641,0.5725052952766418,0.35109007358551025,0.5648302469135802,0.43516975308641975,0.2136560082435608,0.031157014707043292,0.4702077805995941,0.29548394680023193,-4.877766132354736,2.6206560730934143,-0.3392038345336914,0.14893949636120202,0.005191320731005096,4.7193284034729,3.3505518436431885,5.438967227935791,4.398854732513428,7.919260501861572,12.107322692871094,-3.7598752975463867,-1.3615467548370361,4.493478775024414,1.8328149318695068,5.0730719566345215,10.326436042785645,-6.567977428436279,-5.566877365112305,6.824582099914551,5.568422794342041,9.39805793762207,14.623261451721191,-3.6996777057647705,3.960510730743408,4.364930629730225,4.240414619445801,6.65757942199707,11.6773042678833,-2.5706417560577393,1.6588150262832642,3.801415205001831,2.021801710128784,4.721321105957031,9.50250244140625,-4.663633346557617,0.8055450320243835,5.303343296051025,2.8941433429718018,6.749271869659424,12.367188453674316,-6.454830646514893,5.607916831970215,6.454830646514893,5.672029972076416,9.112578392028809,14.926727294921875,-1.4502753019332886,3.7716493606567383,3.8037054538726807,3.776585817337036,5.822173595428467,9.01746940612793,-0.692634642124176,4.080073356628418,3.387697458267212,4.338761329650879,6.263247489929199,8.82880687713623
208.0,0.0,0.0,0.0,0.0,0.0,0,6.500107288360596,6.272103309631348,11.209110260009766,12.400171279907227,3.1399247646331787,0.6200434565544128,-1.6305919885635376,3.9854907989501953,5.7604780197143555,1.7445011095392104,290.81963970291895,0.26838035622319617,0.21137073104782528,306.717096059273,166.0263939961992,166.0263939961992,0.261056125164032,0.04016181170881284,0.5631118416786194,0.36359703540802,0.5019444444444444,0.49805555555555553,0.23142309486865997,0.03560295992038428,0.5047581195831299,0.3224295377731323,3.4134008288383484,-3.442440629005432,-0.3572883605957031,-0.2264345279838425,0.0026237487271764323,-1.7570399045944214,-2.05415678024292,3.555532693862915,4.855705261230469,6.651433944702148,10.035633087158203,1.1485103368759155,-2.988693952560425,1.449366569519043,4.165795803070068,4.72083854675293,7.761715888977051,0.8768495917320251,-4.723461151123047,2.622629165649414,6.051132678985596,7.254109859466553,12.856790542602539,1.4800502061843872,0.05147700011730194,2.906156063079834,4.422853946685791,5.8755903244018555,9.145133018493652,-1.5703599452972412,1.5782265663146973,3.510840654373169,3.6209826469421387,5.743525981903076,7.629274845123291,1.766371488571167,-2.738525390625,4.228724479675293,3.4276123046875,6.185613632202148,10.800537109375,4.1268630027771,-3.7798993587493896,4.155268669128418,8.330065727233887,9.82087230682373,13.765995025634766,-1.924377202987671,2.359954357147217,3.581432819366455,4.602161407470703,6.912978172302246,10.8670654296875,1.433524250984192,-2.3802483081817627,3.6209700107574463,3.0506536960601807,5.336004734039307,7.987555027008057
208.5,0.0,0.0,0.0,0.0,0.0,0,6.595518589019775,6.378088474273682,10.733743667602539,11.842775344848633,3.122621536254883,-3.4988508224487305,0.3064965605735779,4.894625663757324,4.118054389953613,3.5122495952585133,174.9937144465749,0.532520611966087,0.45883344381551,170.32227415879865,-136.39482190047434,136.39482190047434,0.2757200002670288,0.04180413636039344,0.5938724875450134,0.38321200013160706,0.5026851851851852,0.4973148148148148,0.23742516338825226,0.03599794681582294,0.5176112055778503,0.3272830545902252,-4.118894279003143,1.9370885491371155,0.09541130065917969,0.24746271276768472,0.0016423246515806025,-7.227193832397461,-0.18399471044540405,7.254110336303711,5.093738079071045,9.39907455444336,14.177003860473633,-2.6245229244232178,-1.6333394050598145,5.244566917419434,2.5477185249328613,6.277862548828125,11.974044799804688,-8.34974193572998,1.8767406940460205,8.34974193572998,3.238269805908203,9.222464561462402,11.753129005432129,-2.377434253692627,-1.8878471851348877,3.1742961406707764,3.3910539150238037,5.30570650100708,8.163070678710938,-2.1885592937469482,0.8818355798721313,4.892376899719238,1.9213483333587646,5.509801387786865,7.9379377365112305,-5.813798427581787,-0.027655674144625664,6.1278486251831055,2.2766218185424805,6.740169048309326,10.485330581665039,-1.1303430795669556,-1.1795178651809692,2.0569655895233154,5.789597511291504,6.506557941436768,9.546984672546387,0.7213135957717896,1.734973430633545,4.482077598571777,2.68552565574646,5.672278881072998,10.374750137329102,-2.4993784427642822,3.177273988723755,2.738532543182373,3.486128807067871,4.725751876831055,8.391740798950195
209.0,0.0,0.0,0.0,0.0,0.0,0,6.81892728805542,6.861729621887207,10.104340553283691,11.523012161254883,2.914903402328491,4.830713748931885,0.0815044492483139,3.636239528656006,4.2929887771606445,4.831401276996853,0.9666103500278166,0.7085280532995157,0.6534905437583179,359.26912180615255,-171.05315235264607,171.05315235264607,0.2252129316329956,0.03302761403540445,0.503089964389801,0.31427544355392456,0.598287037037037,0.40171296296296294,0.1789473593235016,0.02624273958665324,0.40263715386390686,0.2658955156803131,8.329564571380615,-0.22499211132526398,0.22340869903564453,0.19465709994280794,-0.008776522324988996,5.652318954467773,0.5339466333389282,5.652318954467773,3.8430721759796143,7.054676532745361,9.741581916809082,8.167509078979492,-4.783570289611816,8.167509078979492,4.817783355712891,9.804335594177246,13.114147186279297,4.3734612464904785,-0.673734188079834,4.620224475860596,6.300718307495117,8.429265975952148,14.20516300201416,4.323923110961914,-2.094780683517456,4.332526206970215,2.3152568340301514,5.109907150268555,7.226393699645996,6.195018291473389,-0.7069120407104492,6.26569128036499,1.900795817375183,6.9054436683654785,9.487096786499023,2.4207749366760254,-0.32293760776519775,3.9939024448394775,2.8833484649658203,5.5733723640441895,9.289302825927734,3.44211483001709,0.918664276599884,3.459899663925171,1.8093469142913818,4.1612348556518555,7.148982524871826,6.417831897735596,2.7149817943573,6.4792070388793945,2.8529438972473145,7.369956970214844,9.97528076171875,2.483473062515259,5.147881984710693,3.491239070892334,5.161890029907227,6.96215295791626,8.872854232788086
209.5,0.0,0.0,0.0,0.0,0.0,0,5.819438457489014,5.732296943664551,8.952199935913086,9.971385955810547,2.3929643630981445,0.1722777783870697,2.1744308471679688,4.385433197021484,3.9499738216400146,2.1812448606338526,85.46998086642039,0.37482050485933344,0.29491215767572937,92.06349694711612,92.79437514096355,92.79437514096355,0.22985707223415375,0.039498146499032924,0.5074158906936646,0.3123384714126587,0.5843518518518519,0.41564814814814816,0.18023699522018433,0.030971538846106227,0.40217697620391846,0.2539576292037964,-4.658435970544815,2.092926397919655,-0.9994888305664062,-0.3585783860825886,0.006470532463628477,-2.8228845596313477,1.879119873046875,3.013124465942383,3.4424326419830322,4.996408462524414,7.072196960449219,3.430253744125366,-0.18471919000148773,4.642266750335693,2.08343243598938,5.3330864906311035,8.214390754699707,-0.5114938616752625,-1.7928895950317383,4.630043029785156,2.6621158123016357,5.641448497772217,8.135177612304688,-3.700701951980591,4.4683613777160645,3.7075445652008057,5.123465538024902,6.849826812744141,9.722128868103027,3.1306419372558594,1.373175859451294,3.8062984943389893,2.401963949203491,4.721319675445557,8.442281723022461,0.8467207551002502,-0.45157817006111145,3.977458953857422,2.393550157546997,5.124992370605469,9.300152778625488,-2.4944612979888916,4.035003662109375,3.6306684017181396,4.816216468811035,6.351146697998047,9.683079719543457,3.105485677719116,5.560018539428711,3.801940679550171,5.596086025238037,7.005616188049316,9.256916046142578,0.5669400095939636,4.683385372161865,2.573486328125,5.5047526359558105,6.351104736328125,10.13136100769043
210.0,0.0,0.0,0.0,0.0,0.0,0,6.339687347412109,6.456449508666992,10.210036277770996,11.34481430053711,2.8677194118499756,-2.4661834239959717,0.37847426533699036,3.421952962875366,5.520904541015625,2.4950558010423074,171.27514015746323,0.393561332651649,0.3445087169796585,166.50041869519853,74.4369217480824,74.4369217480824,0.2555777132511139,0.040313923846973,0.5684698224067688,0.34562283754348755,0.5578703703703703,0.44212962962962965,0.21538212895393372,0.033973614655971804,0.48105713725090027,0.2980504333972931,-2.6384612023830414,-1.7959565818309784,0.5202488899230957,0.049596559303929144,0.0008157773479400762,-1.8030012845993042,2.395310640335083,2.7387614250183105,3.050121545791626,4.5876617431640625,7.058149814605713,-1.8814880847930908,-7.995766639709473,2.39174485206604,7.995766639709473,8.550432205200195,11.962058067321777,-4.503367900848389,4.715246200561523,4.562978744506836,4.926322937011719,7.132640361785889,10.27157211303711,-1.480010986328125,2.390103340148926,2.8944151401519775,4.525426387786865,5.842320442199707,10.721114158630371,-3.401029109954834,-4.688648700714111,3.7960731983184814,5.007027626037598,6.670378684997559,9.833317756652832,-1.4645239114761353,1.445453405380249,3.4891629219055176,3.2237958908081055,5.2262725830078125,8.222143173217773,-2.3296635150909424,4.130474090576172,3.9659838676452637,5.970887660980225,7.9256439208984375,11.781770706176758,-3.669081449508667,0.980979323387146,3.7208263874053955,2.1989476680755615,4.5698089599609375,7.748302936553955,-1.6634827852249146,0.03311724588274956,3.4494071006774902,4.923515796661377,6.552028656005859,9.213909149169922
210.5,0.0,0.0,0.0,0.0,0.0,0,6.888070106506348,6.610009670257568,11.108238220214844,12.435933113098145,3.226040840148926,1.5475921630859375,-1.701324701309204,5.112573623657227,5.140515327453613,2.2999015723569265,312.2908938819771,0.33389636528009214,0.2937921542930658,302.796441371302,136.29602267610346,136.29602267610346,0.29054123163223267,0.042180347319265135,0.6388864517211914,0.3938271999359131,0.5349537037037037,0.4650462962962963,0.22898904979228973,0.03324429237903639,0.4907604157924652,0.3054271936416626,4.013775587081909,-2.0797989666461945,0.5483827590942383,-0.05071656268659269,0.001866423472292135,-1.688352108001709,1.6928499937057495,5.087446212768555,4.048468589782715,6.834282875061035,9.85325813293457,3.3339059352874756,-7.5129241943359375,4.9462432861328125,7.58083963394165,9.507495880126953,14.906968116760254,4.380641937255859,-5.0966081619262695,4.393062591552734,5.101737022399902,7.029865264892578,10.459595680236816,-1.1510899066925049,-0.44181180000305176,5.533196926116943,2.4453601837158203,6.609947681427002,10.928817749023438,1.0483676195144653,0.001144477049820125,4.235709190368652,3.0146005153656006,5.829216003417969,9.878280639648438,3.8477203845977783,-2.0916874408721924,3.848576307296753,3.383603572845459,5.410359859466553,9.20085334777832,-2.6212356090545654,-4.168984413146973,3.3185842037200928,4.3276519775390625,6.01615571975708,10.514495849609375,2.494185209274292,3.9634287357330322,3.3949179649353027,4.792294979095459,6.764438152313232,10.494938850402832,4.284185409545898,-1.6573299169540405,4.384307384490967,5.344998836517334,7.990869045257568,11.436822891235352
211.0,0.0,0.0,0.0,0.0,0.0,0,6.977331638336182,6.515264511108398,11.860441207885742,14.253473281860352,3.9767799377441406,0.18466293811798096,-2.787848711013794,4.817023277282715,5.78688383102417,2.7939579159707537,273.789650983356,0.4004335841827639,0.3400889459474328,265.6853873535154,-37.111054017786614,37.111054017786614,0.27733421325683594,0.03974788470497362,0.6002392172813416,0.37600746750831604,0.5332561728395062,0.46674382716049384,0.2450610101222992,0.035122449053931956,0.5347041487693787,0.35317447781562805,-1.3629292249679565,-1.0865240097045898,0.08926153182983398,0.04629679165436695,-0.0024324626142915168,-2.1888999938964844,-5.239438056945801,3.37758469581604,5.362176418304443,6.914757251739502,13.182891845703125,-1.5766026973724365,-4.358591556549072,1.894321322441101,4.437354564666748,5.006435394287109,8.867591857910156,5.495834827423096,-6.101413249969482,5.83273458480835,6.243888854980469,9.666166305541992,12.453827857971191,1.921152114868164,-5.366802215576172,2.834300994873047,6.393382549285889,7.237377166748047,18.300451278686523,-0.8980273604393005,-2.622837543487549,2.5846712589263916,3.1891367435455322,4.461910247802734,8.40921401977539,1.150273323059082,-2.5655770301818848,3.487917423248291,4.543670654296875,6.302631378173828,10.511086463928223,4.373507976531982,0.49849504232406616,4.621975898742676,8.87175464630127,10.53542709350586,17.385231018066406,-2.6769185066223145,1.1336718797683716,3.457460641860962,4.535200119018555,6.183524131774902,9.082880973815918,-3.9383530616760254,-0.46814388036727905,5.1807966232299805,2.745098352432251,6.487756252288818,10.49716854095459
211.5,0.0,0.0,0.0,0.0,0.0,0,5.849636554718018,5.688423156738281,9.202000617980957,10.804462432861328,2.671661376953125,2.8278682231903076,0.3547280728816986,4.254250526428223,3.8903350830078125,2.8500299460566847,7.149842942198096,0.48721487555632775,0.39289213147127466,1.3983923005935903,95.71300494707816,95.71300494707816,0.27087119221687317,0.04630563683358507,0.599138081073761,0.36901870369911194,0.5251697530864198,0.4748302469135802,0.21384862065315247,0.03655758474825045,0.4662545621395111,0.2919046878814697,2.6432052850723267,3.1425767838954926,-1.127695083618164,0.05280318552384189,0.006557752128611455,0.7502734661102295,-1.0336724519729614,2.428053140640259,2.9966232776641846,4.106647491455078,6.042659282684326,0.5482076406478882,0.25801706314086914,5.444347381591797,3.1858632564544678,6.580339431762695,9.476886749267578,8.345961570739746,-0.42151936888694763,8.345961570739746,2.5229220390319824,8.916427612304688,13.16418170928955,2.8827881813049316,3.405996561050415,3.421173334121704,4.635925769805908,6.448296546936035,9.603754043579102,1.8227788209915161,-1.3717751502990723,3.527359962463379,2.6015450954437256,4.909405708312988,8.535038948059082,5.07341194152832,-0.7627871632575989,5.320661544799805,1.9991368055343628,6.066654682159424,8.143874168395996,3.5936548709869385,2.9729127883911133,3.6871142387390137,3.331756114959717,5.591711044311523,8.04869556427002,0.9242470860481262,1.5401098728179932,1.736241340637207,4.832125663757324,5.412590026855469,8.220785140991211,1.5094906091690063,-1.394729733467102,2.534667491912842,3.5069503784179688,4.614658355712891,6.547813892364502
212.0,0.0,0.0,0.0,0.0,0.0,0,6.152637004852295,5.82049560546875,10.156965255737305,11.2656831741333,3.139582872390747,-0.009682436473667622,0.6909198760986328,4.862648010253906,4.8568620681762695,0.6909877167969173,90.80288098902471,0.11230757092478685,0.05688248757298262,126.38861615306737,124.99022385247378,124.99022385247378,0.3283034861087799,0.05335979231182827,0.7171346545219421,0.45670315623283386,0.48964506172839506,0.5103549382716049,0.24515430629253387,0.03984539738876109,0.5289666056632996,0.33958613872528076,-2.8375506596639752,0.3361918032169342,0.30300045013427734,-0.336009643898292,0.0070541554782431945,3.2371370792388916,-0.23082371056079865,4.211784362792969,3.7922792434692383,6.631738185882568,10.130819320678711,-0.2184552401304245,0.7964034080505371,4.767487049102783,2.7884700298309326,6.07085657119751,9.994912147521973,0.8896178007125854,-2.1785707473754883,3.868628978729248,3.2565882205963135,5.4559245109558105,9.784655570983887,4.860331058502197,6.727603435516357,4.865643501281738,7.0874762535095215,9.469046592712402,15.576348304748535,-1.4545855522155762,-2.1515371799468994,4.018523216247559,2.633368492126465,5.197721004486084,8.438886642456055,-3.2953948974609375,-0.19570495188236237,4.272578716278076,4.159359931945801,6.469948768615723,9.695735931396484,1.228013277053833,2.223644971847534,2.101025342941284,3.4510815143585205,4.550967216491699,7.047935485839844,-1.8673404455184937,-2.2635040283203125,2.7957804203033447,3.3782308101654053,5.0078887939453125,9.300825119018555,-3.4664647579193115,3.4907681941986084,3.7808258533477783,4.780150413513184,6.5196404457092285,10.014535903930664
212.5,0.0,0.0,0.0,0.0,0.0,0,7.994712829589844,7.801582336425781,11.952754020690918,13.181421279907227,3.096007823944092,-1.0486711263656616,1.015372633934021,6.995075225830078,4.736975193023682,1.4596892535793833,135.92425249311168,0.18258182434981474,0.21326541221705544,162.00717295041608,35.6185567973487,35.6185567973487,0.29695162177085876,0.037143496077594235,0.6571847796440125,0.405001163482666,0.449320987654321,0.5506790123456791,0.2323954999446869,0.02906864521961377,0.5051928758621216,0.31814274191856384,-1.038988689891994,0.3244527578353882,1.8420758247375488,0.15638292464407283,-0.016216296234234033,7.457261085510254,5.276870250701904,7.469975471496582,5.590309143066406,9.913094520568848,15.55554485321045,-3.475217580795288,3.9823031425476074,4.879584312438965,4.241517543792725,7.562014579772949,11.284165382385254,-7.5868377685546875,-0.3012029230594635,7.586977481842041,3.128509759902954,8.77489948272705,12.608112335205078,6.210601329803467,-1.1814721822738647,6.692498683929443,2.5941765308380127,7.464340686798096,9.882173538208008,-4.941795349121094,1.3042372465133667,5.0559401512146,3.6207666397094727,7.002974033355713,10.080415725708008,-5.643620491027832,1.4677462577819824,6.217074871063232,2.542188882827759,7.470995903015137,10.665177345275879,8.246996879577637,-1.8434230089187622,8.824044227600098,3.373891830444336,9.803916931152344,14.141047477722168,-5.352195739746094,-3.393744468688965,5.352243900299072,3.6360785961151123,6.826170444488525,9.459147453308105,-4.353233814239502,3.8270397186279297,4.596656799316406,4.62870454788208,7.134012699127197,9.595019340515137
213.0,0.0,0.0,0.0,0.0,0.0,0,4.999749183654785,4.79464054107666,8.156930923461914,9.899349212646484,2.6373393535614014,1.4712085723876953,0.05032750964164734,4.039353370666504,3.670107364654541,1.4720691293868542,1.9592258737811694,0.29442859537821475,0.17679009043318827,13.574084548473952,-148.43308840194211,148.43308840194211,0.23415952920913696,0.046834245833852414,0.5258747935295105,0.32089942693710327,0.5951234567901235,0.40487654320987654,0.1991388499736786,0.0398297600197515,0.4522181451320648,0.28879380226135254,2.519879698753357,-0.9650451242923737,-2.9949636459350586,-0.03647532178386717,0.00969074975625818,1.4995830059051514,-1.4593043327331543,2.1517114639282227,3.5544402599334717,4.417963027954102,7.818317890167236,0.4555952548980713,-1.4201996326446533,2.843052864074707,1.6150293350219727,3.5875158309936523,5.916160583496094,3.1201364994049072,-0.5271133780479431,6.301863193511963,3.2235605716705322,7.744868755340576,12.027040481567383,-0.592988133430481,-1.7275521755218506,1.7529611587524414,2.564954996109009,3.4992470741271973,6.2278337478637695,0.3074336349964142,0.7592310309410095,2.957261323928833,1.393678903579712,3.5022194385528564,5.948689937591553,5.310196399688721,0.3751092553138733,5.377177715301514,3.0357608795166016,6.437084197998047,9.471111297607422,-0.8796398043632507,-0.9874027371406555,1.3188287019729614,4.167755126953125,4.652541160583496,8.122197151184082,0.31640657782554626,3.6556482315063477,3.159799814224243,3.6585030555725098,5.057335376739502,6.943376064300537,3.704153537750244,1.7845312356948853,4.678127288818359,3.333885669708252,6.098966121673584,9.453258514404297
213.5,0.0,0.0,0.0,0.0,0.0,0,9.157151222229004,9.263537406921387,13.792014122009277,15.136728286743164,3.7353005409240723,1.8331209421157837,2.202728271484375,6.680914878845215,6.705141067504883,2.8657187975131126,50.232611723506764,0.31294872476896246,0.3066432308184,45.539664787823824,31.965580239349862,31.965580239349862,0.3140609860420227,0.034296796473431895,0.7344797849655151,0.47061365842819214,0.5689043209876543,0.4310956790123457,0.2314687967300415,0.025277377847683975,0.5143706798553467,0.3452078700065613,0.3619123697280884,2.1524007618427277,4.157402038574219,0.12985314038521173,-0.012537449360420519,0.7339733242988586,-4.773157596588135,2.5074033737182617,5.318077087402344,6.368584632873535,9.560857772827148,2.9592387676239014,7.548213958740234,6.149906635284424,7.548213958740234,10.660221099853516,14.564323425292969,-2.0556693077087402,-5.733827114105225,4.245282173156738,7.524764537811279,9.766651153564453,15.2605562210083,5.60038423538208,1.321642518043518,5.604684352874756,3.9695096015930176,7.274520397186279,11.285099983215332,1.6949577331542969,5.846099376678467,5.764699459075928,5.929434776306152,9.405129432678223,13.150582313537598,-1.0222418308258057,-2.1263504028320312,6.452881336212158,5.223386287689209,8.961865425109863,12.867280006408691,8.341822624206543,8.424738883972168,8.34329891204834,8.424738883972168,12.043745040893555,15.858808517456055,2.135965347290039,6.045375823974609,5.722735404968262,6.04575777053833,8.768136978149414,12.48659896850586,-1.890340805053711,3.271819829940796,7.465766906738281,4.367690563201904,9.16550350189209,12.28994369506836
214.0,0.0,0.0,0.0,0.0,0.0,0,7.556881427764893,7.301959991455078,13.235347747802734,13.90776538848877,3.921422004699707,4.176308631896973,0.1560184508562088,4.995423316955566,5.4830522537231445,4.179221882822774,2.139459617538641,0.5530352596863316,0.4561634274017057,356.2576351974805,-49.28202959034331,49.28202959034331,0.3000718653202057,0.03970842052771731,0.654025673866272,0.4088278114795685,0.5633641975308642,0.4366358024691358,0.24648842215538025,0.032617739459562346,0.5424496531486511,0.35130512714385986,2.343187689781189,-2.046709820628166,-1.6002697944641113,0.14952019658330568,0.005411624054285413,-0.013650741428136826,3.194467306137085,4.014288425445557,3.285569906234741,5.722537517547607,9.755080223083496,2.249793529510498,-3.7092838287353516,2.6907873153686523,4.761852741241455,6.6010894775390625,10.942177772521973,8.344816207885742,-3.740428924560547,8.344816207885742,4.824435710906982,10.662736892700195,13.425695419311523,0.972973108291626,-0.5053040981292725,3.9165139198303223,4.7841796875,6.714277267456055,12.106376647949219,4.37114143371582,-0.7763875722885132,4.407961368560791,5.072978496551514,7.656264305114746,12.648563385009766,8.51681137084961,0.8829817771911621,8.525182723999023,4.011534690856934,10.055890083312988,14.421456336975098,2.710627794265747,-1.0668659210205078,3.5783252716064453,3.5023226737976074,5.415152549743652,10.389784812927246,5.365541934967041,1.936212182044983,5.428190231323242,3.42905330657959,7.119269847869873,12.738317489624023,5.0687255859375,5.188776016235352,5.152111053466797,5.585418224334717,8.064717292785645,14.558706283569336
214.5,0.0,0.0,0.0,0.0,0.0,0,7.326597213745117,7.224112510681152,10.965782165527344,12.502996444702148,3.1215171813964844,-0.11539367586374283,3.3404641151428223,5.028095722198486,5.193180561065674,3.342456612281791,91.97845041768218,0.4562085938082075,0.41451725213695284,93.21235229488138,96.95471709740087,96.95471709740087,0.29512208700180054,0.04028091597108937,0.6408281326293945,0.3947601020336151,0.44179012345679014,0.5582098765432099,0.2593226730823517,0.03539469007538144,0.5605962872505188,0.3526277244091034,-4.2917023077607155,3.1844456642866135,-0.2302842140197754,-0.04164617526475284,0.0005724954433720605,-2.208249807357788,4.480837821960449,6.044956207275391,4.543825149536133,8.190129280090332,11.10430908203125,1.2838797569274902,6.235906600952148,3.2794249057769775,6.267045497894287,7.486457347869873,11.117600440979004,1.3882092237472534,4.9862542152404785,5.135928153991699,5.391798496246338,7.9027204513549805,13.999959945678711,-1.8767309188842773,5.86338996887207,2.9955055713653564,5.877296447753906,6.967718124389648,9.014626502990723,4.5144476890563965,6.153020858764648,4.7548828125,6.153020858764648,8.268034934997559,10.707803726196289,-3.7186837196350098,-0.6947054266929626,4.4225616455078125,4.717398166656494,6.87304162979126,10.698318481445312,-0.9130663871765137,2.8202550411224365,2.1694366931915283,3.2333157062530518,4.173959255218506,6.905608654022217,5.2696533203125,0.24965983629226685,5.2696533203125,2.7849767208099365,6.269742965698242,8.6058931350708,-4.7780022621154785,-0.030440809205174446,5.768744945526123,7.27625846862793,9.807568550109863,15.757359504699707
215.0,0.0,0.0,0.0,0.0,0.0,0,8.1991548538208,7.902007102966309,13.697395324707031,14.895021438598633,3.7143120765686035,3.562762498855591,-0.8528306484222412,5.519420623779297,6.094066619873047,3.6634132633570067,346.5382166242139,0.4468037655917498,0.40904183776764286,343.35128079714264,-109.86107149773875,109.86107149773875,0.3114946484565735,0.037991063227736696,0.6824811697006226,0.45124274492263794,0.505,0.495,0.2605891525745392,0.03178243678013571,0.5808253288269043,0.369530588388443,3.6781561747193336,-4.1932947635650635,0.8725576400756836,-0.005475414369309983,-0.002289852743352673,7.428165912628174,1.3315577507019043,7.428165912628174,6.07172155380249,9.901918411254883,14.68204402923584,1.794507384300232,4.583917617797852,7.137293815612793,5.383844375610352,9.395442962646484,14.500137329101562,1.4056624174118042,-7.183652400970459,3.932445764541626,8.520426750183105,10.43734359741211,16.04763412475586,3.863234043121338,-0.6910933256149292,5.651655673980713,4.184874534606934,7.669788837432861,13.087347030639648,5.954582214355469,3.2090816497802734,6.675109386444092,3.5545854568481445,8.05066967010498,14.52397346496582,1.3394064903259277,-5.133561134338379,2.9782752990722656,5.227355480194092,6.4885125160217285,9.95610237121582,1.3801053762435913,2.5947253704071045,7.492791652679443,3.0624489784240723,8.487184524536133,12.953224182128906,6.7986063957214355,-1.679970145225525,6.7986063957214355,2.857574701309204,7.654240131378174,10.02336311340332,2.1005942821502686,-4.706482410430908,2.5525965690612793,4.7270402908325195,5.707292556762695,8.958063125610352
215.5,0.0,0.0,0.0,0.0,0.0,0,7.495601654052734,6.655183792114258,13.105958938598633,14.955487251281738,4.177818775177002,-0.9194467067718506,1.2079907655715942,5.730553150177002,6.20438289642334,1.5180987900330623,127.27611248745887,0.20253194607963912,0.05337274920032761,150.78332867363758,167.43204787649495,167.43204787649495,0.3289075493812561,0.04388006736235169,0.732284665107727,0.46432891488075256,0.5354629629629629,0.464537037037037,0.2654053270816803,0.035408137188032575,0.563827633857727,0.392616331577301,-4.482209205627441,2.0608214139938354,-0.7035531997680664,-0.3556690885673153,0.005889004134614996,-4.341658115386963,2.93310809135437,6.567254066467285,4.601049900054932,8.828492164611816,14.590912818908691,4.913029670715332,0.41372042894363403,5.034624099731445,3.3055012226104736,6.767011642456055,11.24135684967041,-3.084275722503662,-4.077829837799072,4.64435338973999,4.645974159240723,7.465167999267578,12.670333862304688,-2.308790683746338,11.042400360107422,4.7870707511901855,11.043535232543945,12.486766815185547,18.767934799194336,3.753594398498535,0.2504061460494995,3.920053720474243,3.495091199874878,5.798737049102783,8.158308982849121,-3.063403606414795,-2.0827691555023193,4.931464672088623,2.545318126678467,6.133912086486816,10.871180534362793,-0.6334246397018433,5.825429916381836,4.778171539306641,6.255165100097656,8.754379272460938,13.286392211914062,1.6117857694625854,-2.285104751586914,2.905879259109497,3.8777050971984863,5.247095108032227,9.05186939239502,-5.121877193450928,-1.1474438905715942,5.428563594818115,1.981539249420166,5.9788594245910645,11.809283256530762
216.0,0.0,0.0,0.0,0.0,0.0,0,8.917057991027832,9.004837989807129,14.075174331665039,15.57494831085205,4.086696147918701,0.0359417200088501,-4.469873428344727,5.69547700881958,6.6178154945373535,4.47001792755459,270.46069861207866,0.5012884218149343,0.46419856284067107,262.6440334054769,111.86070473183929,111.86070473183929,0.3469448685646057,0.03890799297320953,0.7549324035644531,0.4992330074310303,0.42921296296296296,0.570787037037037,0.26005908846855164,0.02916422205238498,0.5509170889854431,0.409152090549469,0.9553884267807007,-5.677864193916321,1.4214563369750977,0.41082581364034343,-0.004972074389142163,5.041405200958252,2.6176552772521973,6.2151031494140625,8.5255765914917,11.222757339477539,15.344139099121094,-2.355764389038086,-6.723824977874756,4.7421040534973145,7.094257831573486,9.021854400634766,13.236701011657715,0.9961341023445129,-1.672263264656067,5.333415985107422,3.1423399448394775,6.580023765563965,11.245100975036621,3.181734561920166,0.13114745914936066,5.077509880065918,5.407406806945801,8.126379013061523,15.43742847442627,-2.522331714630127,-7.877288818359375,3.747418165206909,7.8827104568481445,9.334900856018066,12.263257026672363,-0.6184551119804382,-4.89285135269165,4.535154819488525,4.957314491271973,7.264891147613525,11.454011917114258,1.875390887260437,-9.603178024291992,4.548542499542236,9.607278823852539,11.340371131896973,18.727148056030273,-1.8414338827133179,-7.909329414367676,3.265123128890991,8.501033782958984,9.573756217956543,13.432280540466309,-3.43320369720459,-4.298924446105957,4.096495628356934,5.419960021972656,7.788580417633057,11.544848442077637
216.5,0.0,0.0,0.0,0.0,0.0,0,7.955785274505615,7.71001672744751,13.281987190246582,15.682005882263184,3.8823442459106445,0.5015575885772705,-4.078569412231445,5.267913818359375,5.807745933532715,4.109292939795045,277.01068698661265,0.5165163208920823,0.45299671367837285,275.1378296970559,12.49379629157903,12.49379629157903,0.27497541904449463,0.03456294696171712,0.6061263680458069,0.384792298078537,0.5254320987654321,0.4745679012345679,0.24301743507385254,0.030545998432939807,0.5358932614326477,0.3251284956932068,0.4656158685684204,0.39130401611328125,-0.9612727165222168,-0.011201849162298216,-0.004345046011492409,0.3531874120235443,-6.026016712188721,3.4100029468536377,6.276984691619873,7.7873406410217285,10.082752227783203,0.5878737568855286,2.4177091121673584,5.866718292236328,5.385471343994141,8.607471466064453,13.83561897277832,2.820873498916626,-13.166911125183105,3.8812572956085205,13.166911125183105,14.14610481262207,18.462160110473633,-0.6462154388427734,-5.076906681060791,2.8640356063842773,5.194100379943848,6.239748477935791,10.186108589172363,-4.970632076263428,-4.417873382568359,5.987078666687012,4.758118629455566,8.459707260131836,11.812906265258789,3.0309882164001465,-3.8615899085998535,3.7172584533691406,5.706419467926025,7.860990524291992,13.523406982421875,1.3556091785430908,-3.8990817070007324,2.8322997093200684,3.8997535705566406,4.936509132385254,7.85888147354126,-3.6222500801086426,-2.866645574569702,3.6377716064453125,4.241358280181885,6.540082931518555,10.441841125488281,5.604583740234375,0.19018957018852234,5.89989709854126,2.8942530155181885,7.024113655090332,11.017115592956543
217.0,0.0,0.0,0.0,0.0,0.0,0,7.636186599731445,6.639111042022705,14.68554401397705,16.096956253051758,4.775500297546387,-2.5864193439483643,-1.3744080066680908,6.8852763175964355,5.013099670410156,2.928918297177926,207.98591352404668,0.38355771679033257,0.1474591100433243,215.40512242512435,-59.73270727193156,59.73270727193156,0.25913703441619873,0.033935393942562675,0.5466670989990234,0.34439486265182495,0.5112037037037037,0.4887962962962963,0.22606776654720306,0.029604794747990944,0.48563605546951294,0.3117358982563019,-3.0879769325256348,2.7041614055633545,-0.3195986747741699,-0.30553760363504856,-0.0006275530191544448,-2.5312561988830566,-1.7915809154510498,8.398333549499512,7.45326042175293,11.847211837768555,15.683661460876465,-4.690464019775391,-3.03888201713562,5.640239715576172,4.236413955688477,7.231489658355713,15.298726081848145,1.325034499168396,0.9695197343826294,2.128793239593506,2.0493969917297363,3.268566846847534,5.5975518226623535,-3.44671630859375,-3.894003391265869,7.283043384552002,5.667582035064697,10.107357025146484,14.546342849731445,-7.960123538970947,-2.175657033920288,8.033473014831543,4.092224597930908,9.305134773254395,18.872974395751953,-0.11570285260677338,-0.6690879464149475,2.1897716522216797,3.3212430477142334,4.308300495147705,6.898838520050049,-1.764643907546997,-3.6570756435394287,4.74689245223999,3.9167871475219727,7.211246967315674,11.163579940795898,-8.19478702545166,2.659419298171997,8.521361351013184,3.661919593811035,10.515945434570312,16.053979873657227,4.100888252258301,-0.7723244428634644,4.312497615814209,2.029879093170166,4.930431842803955,8.510236740112305
217.5,0.0,0.0,0.0,0.0,0.0,0,7.421421527862549,7.401854991912842,11.674386978149414,12.754108428955078,3.217127799987793,2.892418384552002,-3.6648190021514893,4.5004119873046875,4.83494758605957,4.668723854526529,308.28188159561523,0.6290875456943856,0.581803339407242,310.867380098431,95.46225767330668,95.46225767330668,0.25158947706222534,0.033900438375213476,0.5360555648803711,0.33257749676704407,0.476141975308642,0.523858024691358,0.245558962225914,0.03308785631110504,0.5295952558517456,0.32566967606544495,5.478837728500366,-2.2904109954833984,-0.21476507186889648,0.43434422936391776,-3.495556734919858e-05,4.5617218017578125,-4.4345197677612305,4.562041759490967,6.825397491455078,8.815401077270508,12.183152198791504,0.9798734784126282,1.3693808317184448,3.7599446773529053,3.332254409790039,5.564155578613281,8.652777671813965,-3.5980491638183594,-4.80539608001709,4.112849235534668,6.980644702911377,8.67159366607666,11.583330154418945,4.357080459594727,-6.389301300048828,4.394740581512451,6.439302921295166,8.114316940307617,12.441834449768066,2.589954376220703,-2.3656697273254395,3.0385546684265137,2.878234386444092,4.680804252624512,8.420300483703613,1.0261626243591309,-5.830605506896973,2.8748834133148193,5.953486442565918,7.128283500671387,11.896241188049316,6.565110683441162,-4.096991539001465,6.615017414093018,4.1176371574401855,8.337740898132324,13.768749237060547,6.66465950012207,-4.086187839508057,6.66465950012207,5.54985237121582,9.201289176940918,12.338264465332031,2.88525128364563,-2.344081163406372,4.024127006530762,3.8850607872009277,6.279206275939941,9.495092391967773
218.0,0.0,0.0,0.0,0.0,0.0,0,7.623466491699219,7.424407005310059,12.54057502746582,13.969882011413574,3.740802049636841,1.150820255279541,2.6952407360076904,6.5332136154174805,4.56500244140625,2.9306500789068872,66.87837258199639,0.38442486526279274,0.3554369826638281,62.46509031036225,111.59771021193126,111.59771021193126,0.27310916781425476,0.0358247960146257,0.6022214293479919,0.36506059765815735,0.45944444444444443,0.5405555555555556,0.2367580533027649,0.03105647837556308,0.5105741024017334,0.3229922652244568,-1.741598129272461,6.36005973815918,0.20204496383666992,-0.22636635674341393,0.001924357639412226,4.624086380004883,2.7965168952941895,5.7845330238342285,4.4802093505859375,7.6074066162109375,12.442973136901855,3.8084287643432617,1.0859313011169434,5.157781600952148,3.320202350616455,6.439586162567139,12.573781967163086,-6.686935901641846,-0.33199018239974976,6.936049461364746,2.6741483211517334,7.861169815063477,11.511674880981445,5.3145952224731445,5.988920211791992,6.047222137451172,6.0032172203063965,9.11347484588623,15.677821159362793,3.0394184589385986,4.068986892700195,4.421627998352051,4.673192501068115,7.152735233306885,12.001725196838379,-5.659872055053711,0.9622719883918762,6.529821872711182,4.679670810699463,8.59455394744873,12.786872863769531,3.5180349349975586,2.7826476097106934,3.51823353767395,3.5219955444335938,5.868964672088623,8.954219818115234,4.069791793823242,6.793985366821289,4.0701584815979,6.794280052185059,8.358044624328613,11.725811004638672,-1.670165777206421,0.10989651083946228,6.7429656982421875,2.3520209789276123,7.615259170532227,13.823006629943848
218.5,0.0,0.0,0.0,0.0,0.0,0,8.473261833190918,8.258462905883789,13.877445220947266,15.526780128479004,4.129532337188721,0.20150479674339294,-1.400417685508728,6.82379150390625,6.346911430358887,1.4148405835981024,278.18803646774245,0.16697708762592223,0.16250075442652617,261.501906478425,-160.96318383193727,160.96318383193727,0.2851834297180176,0.033656861038337614,0.611990749835968,0.3891454041004181,0.4444135802469136,0.5555864197530864,0.25483155250549316,0.030074784356656975,0.547286331653595,0.34450453519821167,-0.9493154585361481,-4.0956584215164185,0.8497953414916992,-0.19293622823730194,-0.0021679349762880884,-3.049238920211792,7.415771484375,5.886068820953369,7.6400933265686035,10.701411247253418,18.53597068786621,9.145425796508789,-1.0452346801757812,9.145425796508789,3.0347037315368652,9.874128341674805,14.39568042755127,-5.107490062713623,-5.38212251663208,5.633840084075928,6.775759696960449,10.399192810058594,15.920071601867676,-3.4587631225585938,2.060885429382324,4.011300563812256,3.3195996284484863,5.58347749710083,9.057501792907715,7.566243648529053,-3.6051368713378906,7.56721830368042,4.628642559051514,9.592986106872559,13.125459671020508,-5.419471740722656,-3.616025924682617,6.1029839515686035,3.7780191898345947,7.8559699058532715,12.543946266174316,-0.30826523900032043,-2.768754720687866,1.4322469234466553,5.991401672363281,6.412022590637207,15.073217391967773,5.1186041831970215,-3.6061103343963623,5.495723724365234,6.754519939422607,9.806190490722656,12.743088722229004,-2.6735010147094727,-2.0570313930511475,5.022676944732666,2.502082347869873,6.033971309661865,10.479402542114258
219.0,0.0,0.0,0.0,0.0,0.0,0,9.407662391662598,9.219038009643555,14.893962860107422,16.77585220336914,4.369571208953857,-3.386653184890747,4.339238166809082,6.316608428955078,6.115496635437012,5.504398937488387,127.9710352181543,0.585097414036305,0.5229808668240566,128.88490070263185,-132.61700577579313,132.61700577579313,0.2938872277736664,0.031239130859435256,0.647068202495575,0.40444666147232056,0.4861111111111111,0.5138888888888888,0.24889057874679565,0.026456152647571476,0.5503125786781311,0.343538373708725,-3.58815798163414,5.73965585231781,0.9344005584716797,0.36048011239753047,-0.002417730178902358,-0.7411612272262573,12.771950721740723,3.689051628112793,12.771950721740723,13.693660736083984,19.663516998291016,-9.921978950500488,-1.3662562370300293,9.921978950500488,3.9532389640808105,11.467684745788574,18.397584915161133,-0.4498552680015564,4.317694187164307,3.4135167598724365,6.211789131164551,7.496509552001953,11.47117805480957,1.013553500175476,5.691030979156494,3.206947088241577,6.37319278717041,7.727541446685791,12.451312065124512,-8.668525695800781,0.7716488242149353,8.678322792053223,3.6791698932647705,10.075242042541504,15.20390510559082,-3.063812017440796,5.739089488983154,3.9792118072509766,6.241509437561035,7.976592540740967,14.079113006591797,4.609740734100342,5.431466102600098,4.867115020751953,5.705868244171143,8.8662748336792,11.429657936096191,-4.802387237548828,5.505059719085693,4.8998308181762695,5.514459609985352,7.744344711303711,12.580662727355957,-8.455451965332031,0.19146037101745605,8.635936737060547,3.2182021141052246,9.62110424041748,15.160531997680664
219.5,0.0,0.0,0.0,0.0,0.0,0,7.619462013244629,7.432717800140381,13.171364784240723,14.561259269714355,3.9101619720458984,-1.5986186265945435,-3.3033246994018555,5.447689056396484,5.495516777038574,3.669814107413805,244.17569540770378,0.4816369057335942,0.4105756737246445,261.74404680174655,132.8591460991147,132.8591460991147,0.29422181844711304,0.03861450838932851,0.6362127065658569,0.40389004349708557,0.4458487654320988,0.5541512345679013,0.24288956820964813,0.031877517849675525,0.528293251991272,0.3262409269809723,1.7880345582962036,-7.6425628662109375,-1.7882003784179688,-0.11240519309941216,0.007375377529893257,-5.456510543823242,2.7752251625061035,7.059691905975342,4.035637378692627,8.438787460327148,14.838436126708984,1.416275143623352,-1.9405183792114258,2.849555015563965,2.553966999053955,4.109749794006348,7.206706523895264,1.0747544765472412,-0.9990852475166321,3.664029836654663,5.024738311767578,6.854407787322998,10.480921745300293,-7.751437664031982,-2.010913133621216,7.864364147186279,4.559632778167725,9.888050079345703,14.847831726074219,0.2879272997379303,-5.750679016113281,2.3995518684387207,6.1462178230285645,7.086599349975586,11.723722457885742,2.6979494094848633,-3.0925076007843018,4.458249568939209,5.287500858306885,7.4744672775268555,12.854510307312012,-7.027276992797852,-6.184250354766846,7.155428409576416,6.398126125335693,10.549947738647461,13.889028549194336,-1.1120054721832275,-7.555342197418213,1.944400668144226,7.573619365692139,8.258597373962402,13.607017517089844,1.4827579259872437,-4.971853256225586,2.027989149093628,5.199731826782227,5.914547443389893,9.837278366088867
220.0,0.0,0.0,0.0,0.0,0.0,0,6.445143222808838,6.001764297485352,10.656827926635742,11.758429527282715,3.070655584335327,0.991685688495636,-3.082428216934204,4.38987398147583,4.605757236480713,3.2380247400721385,287.83413759603405,0.5023976392972979,0.4274046476954589,290.9187671394492,29.174720337702638,29.174720337702638,0.2515607178211212,0.03903104556308739,0.5413298010826111,0.3323030471801758,0.44425925925925924,0.5557407407407408,0.21304437518119812,0.0330550206195932,0.45982876420021057,0.28458067774772644,2.5903043150901794,0.22089648246765137,-1.174318790435791,0.016828973970814398,0.0004165371737588769,1.1271802186965942,-3.4760284423828125,3.555900812149048,4.977292537689209,6.665248870849609,10.31786060333252,4.031225681304932,-3.671006202697754,4.151279449462891,4.179072856903076,6.999804496765137,9.718342781066895,4.656339168548584,-1.0465251207351685,4.771535396575928,1.8128249645233154,5.365783214569092,8.023842811584473,-1.9978879690170288,0.10705295205116272,3.989990472793579,3.0063636302948,5.410231113433838,9.403804779052734,2.3265628814697266,-2.3226969242095947,3.036928653717041,3.296905994415283,4.996196746826172,8.230889320373535,3.0327489376068115,-3.061755657196045,3.5013058185577393,3.8851613998413086,5.604637145996094,9.79256820678711,-5.4920573234558105,0.39170682430267334,5.4920573234558105,3.052020788192749,6.753663063049316,10.738517761230469,1.394682765007019,-3.96380877494812,2.5059988498687744,4.066251277923584,5.102616310119629,7.253864288330078,-0.1536226123571396,-10.69879150390625,2.3881406784057617,10.716020584106445,11.108107566833496,15.600485801696777
220.5,0.0,0.0,0.0,0.0,0.0,0,6.9833598136901855,6.251528739929199,12.945064544677734,14.957056045532227,4.1202311515808105,0.2617452144622803,0.8544581532478333,3.98751163482666,7.003196716308594,0.8936494239608744,72.9686604683898,0.12796840601123877,0.034651951342320804,45.875208365279754,114.95644122583053,114.95644122583053,0.26568591594696045,0.03804556617296783,0.5789827108383179,0.3608047366142273,0.44885802469135805,0.551141975308642,0.24585942924022675,0.03520646230368675,0.5397496819496155,0.3504185676574707,-0.7299404740333557,3.9368863701820374,0.5382165908813477,-0.3927526963531381,-0.000985479390119559,-2.547484874725342,8.43700885772705,4.018388271331787,8.87452507019043,10.215106964111328,15.1503267288208,3.739485740661621,1.9212135076522827,4.008525848388672,11.844026565551758,13.151529312133789,19.171554565429688,-1.3177481889724731,-1.0676227807998657,2.607666492462158,5.900569438934326,6.688417434692383,11.12726879119873,1.3748270273208618,1.9746508598327637,3.4853737354278564,5.140348434448242,7.129078388214111,11.05295467376709,2.500384569168091,-1.1118141412734985,2.9679243564605713,5.0111284255981445,6.22309684753418,10.90133285522461,-1.7107231616973877,1.9815492630004883,3.374739646911621,2.599686622619629,4.523415565490723,8.132164001464844,3.3405301570892334,-4.3106889724731445,3.6716349124908447,4.5457072257995605,6.534749507904053,10.978055000305176,-0.39893046021461487,-0.8863562941551208,2.196397066116333,2.1756832599639893,3.5438358783721924,5.642481327056885,-2.6246337890625,0.7521823644638062,2.973045825958252,3.292259454727173,4.841010093688965,7.53895902633667
221.0,0.0,0.0,0.0,0.0,0.0,0,7.488994121551514,7.04849100112915,12.45814323425293,16.33554458618164,4.035698890686035,-1.7243248224258423,0.4599235951900482,5.573180675506592,6.174684524536133,1.7846080260512256,165.0653676766725,0.23829742647487936,0.2657730897549277,157.41347646928605,111.5382681040063,111.5382681040063,0.2614264488220215,0.0349080810681395,0.5750631093978882,0.355252206325531,0.4832716049382716,0.5167283950617284,0.21311672031879425,0.02845731862015719,0.45916274189949036,0.2849535048007965,-1.9860700368881226,-0.39453455805778503,0.5056343078613281,0.2311211384126069,-0.003137485104828329,6.528433322906494,-8.154495239257812,7.153611660003662,8.36396598815918,11.283109664916992,19.593740463256836,-8.178536415100098,-1.6390724182128906,8.178536415100098,2.0760319232940674,8.5411958694458,11.352014541625977,-2.7732763290405273,7.773156642913818,3.320751428604126,7.928969383239746,9.13077449798584,16.158676147460938,1.6388410329818726,-3.609144449234009,3.0563831329345703,4.617980480194092,5.849842548370361,12.398171424865723,-5.985043048858643,-0.6682498455047607,6.211261749267578,2.2996201515197754,6.928792476654053,10.328815460205078,0.3564032316207886,5.492368221282959,2.2945339679718018,5.554465293884277,6.320533752441406,10.449299812316895,-4.029908657073975,-0.4770439863204956,4.335825443267822,4.009399890899658,6.618591785430908,9.390359878540039,-4.255915641784668,3.777418375015259,5.161456108093262,4.086050510406494,6.8719868659973145,11.15631103515625,1.1800801753997803,1.6443750858306885,2.9969358444213867,4.248686790466309,5.856116771697998,8.666265487670898
221.5,0.0,0.0,0.0,0.0,0.0,0,5.072659015655518,4.705174922943115,8.745387077331543,10.187295913696289,2.7862656116485596,-0.2660270035266876,-0.5245901942253113,4.544903755187988,3.534547805786133,0.5881880978757884,243.10979829080844,0.11595261894412578,0.13282496814439249,222.66255474872423,65.24907827943818,65.24907827943818,0.28034234046936035,0.05526535182806509,0.6071814298629761,0.38859570026397705,0.5171913580246914,0.48280864197530865,0.2324703484773636,0.0458280956657653,0.5007351636886597,0.32151684165000916,1.4582978188991547,-0.9845137894153595,-2.416335105895996,-0.1329481216105352,0.02035727075992559,-1.8042494058609009,-1.6041489839553833,2.384605646133423,2.872403860092163,4.0768818855285645,6.261539459228516,-1.8618332147598267,0.2772490978240967,3.3795008659362793,2.5568432807922363,4.593483924865723,7.244253158569336,0.7169435024261475,-2.8313684463500977,1.9288012981414795,4.294384956359863,4.968873500823975,9.794368743896484,3.026231050491333,-0.8209062218666077,4.085142612457275,1.6804338693618774,4.7449164390563965,8.775752067565918,-3.5820069313049316,0.9890977740287781,4.658705711364746,2.5672383308410645,5.817068576812744,8.83102798461914,-1.3212031126022339,0.10160285234451294,2.1747262477874756,3.091844081878662,4.093523025512695,7.384780406951904,4.362999439239502,0.21594254672527313,5.863912582397461,3.1368675231933594,7.2177348136901855,12.045173645019531,-2.373946189880371,0.3097689747810364,4.1191887855529785,2.141211748123169,5.137026786804199,8.446167945861816,0.4428211748600006,-1.3585498332977295,3.609483003616333,3.034501075744629,5.004421710968018,7.694995403289795
222.0,0.0,0.0,0.0,0.0,0.0,0,6.808850288391113,6.545791149139404,11.74982738494873,13.045478820800781,3.53212833404541,3.2302637100219727,0.8290828466415405,4.420135021209717,5.3081817626953125,3.334963568448711,14.394876256130585,0.48979833998328975,0.3949643318188602,16.165839588460894,153.5032848397367,153.5032848397367,0.29320380091667175,0.04306215373165447,0.6293737888336182,0.4222151041030884,0.4870216049382716,0.5129783950617284,0.21565748751163483,0.0316731087781759,0.4742628037929535,0.2999281883239746,3.4962907135486603,1.3536730408668518,1.7361912727355957,0.2621393636744677,-0.012203198096410621,-0.8586791157722473,-2.197258949279785,1.825318455696106,2.9391353130340576,3.789660930633545,6.53585147857666,3.524768829345703,5.40182638168335,3.7507455348968506,5.44843864440918,6.95751428604126,10.241491317749023,7.026038646697998,2.347177267074585,7.059848785400391,4.055826663970947,8.711047172546387,14.592107772827148,1.3304697275161743,-4.80418062210083,2.332559108734131,6.376886367797852,7.0632758140563965,10.600568771362305,2.1927154064178467,3.4415338039398193,2.5230941772460938,3.542807102203369,4.873924255371094,8.049016952514648,8.567378044128418,0.9879525899887085,8.567378044128418,1.810325264930725,8.945612907409668,13.352606773376465,0.1785973608493805,-4.355325698852539,2.6202800273895264,6.834043025970459,7.559390068054199,10.918817520141602,0.6370857357978821,0.5964140892028809,1.8868778944015503,2.5338258743286133,3.5265722274780273,5.674127101898193,6.473999500274658,6.043606281280518,6.563956260681152,6.0879364013671875,9.852654457092285,12.935762405395508
222.5,0.0,0.0,0.0,0.0,0.0,0,8.385279655456543,7.893585205078125,14.123917579650879,18.61505126953125,5.206404685974121,0.1887272298336029,0.7057591676712036,4.397853851318359,8.805949211120605,0.7305573009919315,75.02881492414515,0.08712378489565781,0.10074399703466895,59.654615002660215,43.488775414199324,43.488775414199324,0.32971397042274475,0.03932056468595245,0.7435342073440552,0.44279399514198303,0.3970216049382716,0.6029783950617283,0.2722778618335724,0.032470930076310967,0.6070436835289001,0.3886241316795349,-3.0415364801883698,-0.12332367897033691,1.5764293670654297,-0.29422033478419124,-0.003741589045702022,2.8969807624816895,2.652092456817627,3.0727810859680176,4.80740213394165,6.074666976928711,10.078882217407227,0.465673565864563,7.986757755279541,4.103471755981445,8.187881469726562,9.891382217407227,14.645746231079102,-2.8728256225585938,8.56991195678711,3.3577892780303955,8.56991195678711,9.732845306396484,12.521089553833008,0.6017086505889893,3.5384387969970703,3.7683298587799072,4.876676559448242,6.984251499176025,13.407468795776367,1.5688753128051758,-5.0931901931762695,2.3689868450164795,7.811644554138184,8.748961448669434,19.803133010864258,-2.298903226852417,4.27096700668335,3.4763669967651367,4.769590854644775,6.362868785858154,11.840252876281738,3.0295605659484863,-6.363426685333252,4.507965564727783,6.690150260925293,9.01323127746582,13.56325912475586,-0.5536102056503296,-12.560673713684082,2.7691335678100586,12.560673713684082,13.073769569396973,24.885377883911133,-1.138914704322815,3.3509535789489746,2.30684494972229,4.657597541809082,5.585541248321533,11.198326110839844
223.0,0.0,0.0,0.0,0.0,0.0,0,7.47114372253418,6.929798126220703,13.346906661987305,15.469905853271484,4.1858744621276855,2.697892904281616,-2.581183671951294,4.934391021728516,5.920320510864258,3.733782970570338,316.2664823537118,0.49976055999413366,0.43655867311039426,333.3061429477629,-86.34847205489729,86.34847205489729,0.3085057735443115,0.041292972496411194,0.6691159009933472,0.4186113178730011,0.47217592592592594,0.5278240740740741,0.26404306292533875,0.03534171438667788,0.5742142200469971,0.36142659187316895,2.5091656744480133,-3.2869428396224976,-0.9141359329223633,0.3358146760757253,0.001972407810458744,-0.21926218271255493,0.36936813592910767,3.267723560333252,2.7176079750061035,4.591301918029785,8.344494819641113,-0.07015087455511093,-1.9870245456695557,6.1113505363464355,8.22229290008545,10.762737274169922,13.735398292541504,3.9474806785583496,0.7896506190299988,4.166318893432617,2.100815534591675,5.068991661071777,9.856366157531738,1.5426205396652222,-0.4721694588661194,3.7709364891052246,4.182963848114014,6.1265387535095215,8.901012420654297,1.807531714439392,-8.573016166687012,5.7499589920043945,8.586282730102539,10.794124603271484,16.302974700927734,3.4264936447143555,-0.4298027753829956,3.8739442825317383,2.136718988418579,4.647606372833252,7.757129669189453,1.823315978050232,-3.0317773818969727,3.7141618728637695,4.459271430969238,6.495078086853027,11.244566917419434,7.582511901855469,-9.840465545654297,7.582511901855469,9.840465545654297,13.190668106079102,17.047080993652344,4.440492630004883,-0.05541534349322319,4.445673942565918,2.603949546813965,5.563248634338379,7.907014846801758
223.5,0.0,0.0,0.0,0.0,0.0,0,8.250116348266602,7.685845375061035,14.400720596313477,16.383684158325195,4.372414588928223,-0.9473536610603333,4.297467231750488,4.558291435241699,6.858477592468262,4.400648084895408,102.43171670257416,0.5334043665723588,0.4289976721804708,103.19378482743646,129.88764187967354,129.88764187967354,0.2884681820869446,0.03496534290479559,0.637008547782898,0.39258134365081787,0.5411265432098765,0.4588734567901235,0.21893885731697083,0.02653766583853152,0.4683069586753845,0.3080928325653076,-3.6452465653419495,6.878650903701782,0.7789726257324219,-0.007561000929923456,-0.006327629591615605,-4.165951251983643,0.3390277028083801,4.315116882324219,7.419741630554199,9.115102767944336,13.636828422546387,0.21774344146251678,7.951226234436035,2.834508180618286,11.550577163696289,12.268901824951172,19.156387329101562,-1.2523456811904907,-3.192678451538086,2.653917074203491,3.3356151580810547,4.797383785247803,6.934289932250977,-2.8607382774353027,5.289379119873047,4.5218706130981445,7.965855121612549,10.337730407714844,13.803643226623535,-1.023380160331726,8.825239181518555,2.829249620437622,9.32078742980957,10.26874828338623,16.182544708251953,1.4275329113006592,2.399303674697876,3.1258654594421387,3.2583067417144775,4.831994533538818,7.200521469116211,-0.6006751656532288,5.908603191375732,2.774158477783203,6.0000739097595215,6.843374729156494,10.393220901489258,-3.8884060382843018,6.40576696395874,5.7962446212768555,6.430474281311035,9.177613258361816,14.201496124267578,3.620037317276001,4.751338958740234,4.054035186767578,4.751338958740234,6.610202789306641,9.211296081542969
224.0,0.0,0.0,0.0,0.0,0.0,0,7.253129959106445,6.010215759277344,13.775996208190918,15.798489570617676,4.803478717803955,-1.1293784379959106,3.3545875549316406,5.503532886505127,5.732684135437012,3.5395979037049288,108.60667356335458,0.4880097176889675,0.322875912307119,113.57921922534986,10.3854343979134,10.3854343979134,0.2939274311065674,0.04052421399306679,0.6497604846954346,0.4063393175601959,0.5459876543209876,0.45401234567901233,0.23881591856479645,0.03292590743380394,0.5171137452125549,0.363917738199234,-0.1820247769355774,-0.9428796768188477,-0.9969863891601562,-0.10612175987335182,0.005558871088271203,1.5328843593597412,-0.013743252493441105,2.7969894409179688,1.83655846118927,3.7527995109558105,6.958141803741455,0.05185838043689728,0.5254471302032471,4.97719669342041,4.8786468505859375,7.823985576629639,12.579402923583984,-0.6071749925613403,-3.6253182888031006,2.1071741580963135,3.629897356033325,4.351503372192383,6.641448974609375,-0.18271978199481964,6.17056131362915,3.3628153800964355,6.196009159088135,7.388397693634033,12.205228805541992,-2.7331762313842773,7.398691177368164,6.960565090179443,8.723173141479492,11.85653018951416,17.178918838500977,-1.2352639436721802,1.2904454469680786,2.23160719871521,2.2217047214508057,3.5219979286193848,6.479049205780029,2.71297550201416,8.96497631072998,3.9675323963165283,8.96497631072998,10.175223350524902,13.133417129516602,-8.270232200622559,8.332727432250977,8.629278182983398,8.647241592407227,12.963363647460938,20.49972152709961,-1.4335577487945557,1.1475005149841309,1.868979811668396,2.5091874599456787,3.444368600845337,5.529311656951904
224.5,0.0,0.0,0.0,0.0,0.0,0,6.835152626037598,6.419321537017822,12.509851455688477,14.164546012878418,3.957602024078369,-4.060965061187744,-0.9111809134483337,5.578829288482666,3.733215093612671,4.161933190864567,192.64631981514302,0.6089012811521195,0.4466086216616298,202.37086788278705,88.79164865743718,88.79164865743718,0.25909003615379333,0.037905517612190125,0.5738352537155151,0.40250054001808167,0.5693055555555555,0.43069444444444444,0.19253595173358917,0.028168489293371457,0.4325861930847168,0.33386164903640747,-2.9315866231918335,-4.265768468379974,-0.41797733306884766,0.1237327093545108,-0.0026186963808766672,-6.772091388702393,0.4350801110267639,7.811211585998535,2.2292191982269287,8.733118057250977,15.091409683227539,-4.29475736618042,-2.7036068439483643,4.776237964630127,2.971059799194336,6.669040203094482,10.979076385498047,-1.1399731636047363,0.14653490483760834,3.9961485862731934,3.970186710357666,5.881093978881836,10.617311477661133,-4.521639823913574,-2.6379189491271973,5.397887229919434,3.171581506729126,7.418705463409424,14.097535133361816,-6.871763706207275,0.608917236328125,6.8739423751831055,3.023306369781494,7.789283752441406,10.582220077514648,-2.0341055393218994,-2.5647683143615723,3.857459783554077,2.795478582382202,5.092050552368164,12.728204727172852,-3.530282735824585,-1.2367336750030518,4.141524314880371,2.1164379119873047,5.1740241050720215,13.220037460327148,-7.37011194229126,3.307582378387451,7.37011194229126,3.323852300643921,8.292560577392578,12.317134857177734,-0.0139576131477952,-3.5557150840759277,4.792398929595947,3.638627290725708,6.466490745544434,10.415779113769531
225.0,0.0,0.0,0.0,0.0,0.0,0,7.2965192794799805,6.403392791748047,13.535985946655273,17.551965713500977,4.637021064758301,-3.721298933029175,-1.4005224704742432,6.239810943603516,4.471732139587402,3.9761198346211035,200.62398486329542,0.5449337803852797,0.3520796318192334,202.1687702045903,-0.20209767819676472,0.20209767819676472,0.2971854507923126,0.040729750539868693,0.6605014801025391,0.425308495759964,0.41875,0.58125,0.21912042796611786,0.03003081189020343,0.47530075907707214,0.32416215538978577,0.33966612815856934,-0.4893415570259094,0.4613666534423828,-0.09452898984239638,0.002824232927678569,-0.22313274443149567,3.256777286529541,1.8286811113357544,4.051230430603027,4.726872444152832,9.399039268493652,-5.232100486755371,2.231064558029175,6.169165134429932,3.1053433418273926,7.505960464477539,13.933313369750977,-3.0988214015960693,1.554783821105957,3.673421859741211,2.6845505237579346,5.259068965911865,8.157163619995117,0.5797296166419983,0.12533622980117798,2.891319990158081,2.4236228466033936,4.1617350578308105,6.490913391113281,-8.361989974975586,-3.6123573780059814,9.216865539550781,4.753972053527832,11.051172256469727,19.6541748046875,-3.311793804168701,-3.472872495651245,4.091699123382568,3.937307357788086,6.267474174499512,12.219637870788574,-0.8035235404968262,-3.0659496784210205,5.494679927825928,3.0807573795318604,6.910556316375732,10.272430419921875,-10.736093521118164,-4.0258073806762695,10.822282791137695,4.026210308074951,12.187734603881836,19.28634262084961,-2.3039627075195312,-5.595676898956299,4.438472747802734,5.609251976013184,7.598097801208496,11.36892318725586
225.5,0.0,0.0,0.0,0.0,0.0,0,6.78483247756958,6.119194507598877,12.08173656463623,15.505660057067871,4.3318328857421875,-1.064980387687683,-3.9492125511169434,5.093931198120117,4.703204154968262,4.090288865111974,254.90810010443045,0.6028577534720757,0.48135570830039337,263.99999552076315,61.83122531617286,61.83122531617286,0.2867148220539093,0.04225819587198099,0.6259556412696838,0.4153323173522949,0.5148611111111111,0.4851388888888889,0.24625623226165771,0.036295103347159824,0.507530927658081,0.3977205455303192,2.6563185453414917,-2.5486900806427,-0.5116868019104004,0.12927607648115996,0.0015284453321122993,2.831480026245117,0.966995120048523,5.3714399337768555,1.5792144536972046,5.780910491943359,9.904881477355957,-3.9690895080566406,-6.835016250610352,5.223484039306641,7.298261642456055,9.825316429138184,20.71417999267578,-4.339181900024414,-6.014960765838623,4.751605033874512,6.621187210083008,9.88532543182373,16.87148094177246,0.6793326139450073,-3.3219592571258545,3.713111639022827,4.016554832458496,6.042503356933594,9.626559257507324,-3.380439519882202,-5.051894664764404,5.128098964691162,5.162748336791992,8.244851112365723,13.189318656921387,-1.8481708765029907,-4.408824920654297,2.6124143600463867,4.579116344451904,5.893086910247803,12.614415168762207,0.4723288416862488,-5.058871746063232,1.6080727577209473,5.418622970581055,5.922957897186279,9.88321590423584,-1.75725257396698,-4.059791564941406,3.477759838104248,4.060333251953125,5.779970645904541,8.766766548156738,1.7261707782745361,-1.7585889101028442,2.266338586807251,2.2268240451812744,3.688573122024536,5.878658294677734
226.0,0.0,0.0,0.0,0.0,0.0,0,6.664052486419678,6.093137264251709,11.225913047790527,13.25006103515625,3.3451106548309326,0.6863486170768738,0.3894917070865631,5.526034355163574,4.943634986877441,0.7891629831996317,29.574207510175796,0.11842088351012023,0.1278009759283918,101.53579797217164,-162.46419754859153,162.46419754859153,0.2652750313282013,0.03980685807351205,0.5829722285270691,0.37652504444122314,0.5581018518518519,0.44189814814814815,0.21712397038936615,0.03258136670598932,0.4719856381416321,0.3155197501182556,1.7513290047645569,4.3387042582035065,-0.12077999114990234,-0.3535547323720016,-0.0024513377984689416,-0.8952857255935669,-8.141488075256348,2.451323986053467,8.142388343811035,8.725205421447754,13.775276184082031,0.3151383101940155,0.911974310874939,2.357623338699341,4.390266418457031,5.374458312988281,8.192278861999512,3.870079278945923,0.6630038619041443,4.733633995056152,2.5100910663604736,5.945269584655762,8.891203880310059,-3.1288015842437744,1.095051884651184,3.5412137508392334,2.160222291946411,4.398889541625977,7.1932454109191895,-3.5398058891296387,1.9768109321594238,4.783346176147461,3.331589698791504,6.521794319152832,10.668720245361328,6.736052513122559,1.7840592861175537,6.868750095367432,2.7459747791290283,8.014580726623535,12.17772388458252,-2.9653446674346924,2.9323456287384033,2.992676258087158,3.492950201034546,5.07432746887207,9.162162780761719,-1.871613621711731,3.0022785663604736,3.419189929962158,4.314935207366943,6.114561557769775,9.548931121826172,7.656718730926514,-0.7186097502708435,7.827370643615723,4.6072564125061035,9.807385444641113,16.183364868164062
226.5,0.0,0.0,0.0,0.0,0.0,0,7.756657600402832,7.452385902404785,13.578938484191895,15.564905166625977,4.1851701736450195,4.060647010803223,-1.955223560333252,4.738674163818359,5.908857345581055,4.506856256552608,334.28893259624067,0.5810307079067858,0.5632881322912825,341.7695644313869,-119.7662335407847,119.7662335407847,0.2803567349910736,0.03614400857819289,0.6107916235923767,0.4055543541908264,0.522608024691358,0.47739197530864197,0.22720114886760712,0.02929111110495539,0.5018695592880249,0.3409751355648041,3.374298393726349,-2.344715267419815,1.0926051139831543,0.4354871563628907,-0.0036628494953191634,1.3309869766235352,-10.775811195373535,4.935459613800049,10.776065826416016,12.11429500579834,16.60542869567871,-1.7571542263031006,-3.2238564491271973,3.5971381664276123,4.355277061462402,5.947795867919922,14.858063697814941,8.035292625427246,2.313523292541504,8.063861846923828,3.11442494392395,9.038098335266113,14.516489028930664,6.320476531982422,-7.693397521972656,6.381017684936523,7.693397521972656,10.757795333862305,13.545371055603027,1.6289910078048706,-0.9389815330505371,2.9205374717712402,2.695486545562744,4.495794296264648,6.545427322387695,6.032132148742676,1.502964973449707,6.175856113433838,2.5721545219421387,6.93180513381958,10.990406036376953,6.420477390289307,-2.2787251472473145,6.420477390289307,3.322035074234009,7.9124040603637695,10.680590629577637,2.160576581954956,0.3733978867530823,2.613736391067505,2.6955983638763428,4.150503635406494,6.705172538757324,6.374043941497803,3.123875141143799,6.377110481262207,4.67986536026001,8.461426734924316,11.466075897216797
227.0,0.0,0.0,0.0,0.0,0.0,0,9.58746337890625,9.524541854858398,16.28813934326172,17.856531143188477,5.068124294281006,2.467209577560425,-1.1298638582229614,7.6233415603637695,7.219853401184082,2.713616671109677,335.39448792091486,0.283038022036153,0.22528644647362145,329.12401492998407,-12.645549501402854,12.645549501402854,0.29413115978240967,0.030678722565013018,0.6323553323745728,0.4710383415222168,0.4840277777777778,0.5159722222222223,0.2727254629135132,0.02844604706052906,0.577785849571228,0.4574740529060364,-1.5934374332427979,0.8253597021102905,1.830805778503418,-0.33800168581766105,-0.00546528601317987,3.366874933242798,1.2809096574783325,3.8920609951019287,5.778705596923828,7.505897045135498,10.894579887390137,-2.01838755607605,-0.1547490507364273,3.8153510093688965,4.1379241943359375,6.248311519622803,13.852560043334961,10.6266450881958,-1.088961124420166,10.626688003540039,8.344515800476074,14.174662590026855,19.046794891357422,0.700448215007782,3.513134717941284,3.049983263015747,6.336740970611572,7.396280765533447,12.640397071838379,-4.603610992431641,-4.398169994354248,5.609072208404541,5.845376491546631,8.70003604888916,16.32225227355957,11.626466751098633,1.524070143699646,11.626806259155273,3.494220018386841,12.466623306274414,15.877541542053223,-1.2102512121200562,3.2998318672180176,2.7270421981811523,4.490414142608643,5.8535380363464355,9.478097915649414,-5.667058944702148,-9.80256175994873,6.107524871826172,9.97287368774414,12.055767059326172,16.672142028808594,9.383759498596191,-4.342278480529785,9.85189151763916,4.598598480224609,11.8860502243042,16.13538360595703
227.5,0.0,0.0,0.0,0.0,0.0,0,7.085162162780762,6.737775802612305,11.821928024291992,13.77450942993164,3.4710800647735596,1.9166814088821411,-3.503500461578369,4.343650817871094,5.237598419189453,3.9935176357985793,298.6820157882264,0.5636451988039207,0.41273689043245476,299.7254730069245,-29.398541923059554,29.398541923059554,0.25846123695373535,0.03647922158115768,0.5556906461715698,0.36163198947906494,0.48694444444444446,0.5130555555555556,0.22803853452205658,0.03218536105420567,0.5020968914031982,0.316472589969635,-0.5505281686782837,-2.3736366033554077,-2.5023012161254883,0.1874504439588333,0.005800499016144659,1.2803963422775269,-4.145225524902344,1.9130367040634155,5.375853061676025,5.937433242797852,10.528387069702148,2.244138240814209,-2.0289411544799805,2.569645881652832,3.836094379425049,5.2231831550598145,8.937002182006836,4.414628505706787,0.8279069066047668,4.777575969696045,2.5796468257904053,6.1672210693359375,9.691615104675293,-1.6018128395080566,-1.905759334564209,2.4965946674346924,5.791781902313232,6.557680130004883,9.57005786895752,2.1849417686462402,-3.81386661529541,2.9774038791656494,4.699001789093018,5.99583101272583,9.995328903198242,5.6225361824035645,-2.6777758598327637,6.258525848388672,5.112820148468018,8.506181716918945,12.977914810180664,-2.628700017929077,-2.2237091064453125,2.9046740531921387,4.616209983825684,6.005710601806641,9.221036911010742,-0.7346081137657166,-6.05229377746582,3.454392433166504,6.05229377746582,7.362922191619873,9.395817756652832,6.468613147735596,-9.511838912963867,6.532499313354492,9.511838912963867,12.010297775268555,16.82084846496582
228.0,0.0,0.0,0.0,0.0,0.0,0,7.180988788604736,6.943707466125488,11.701861381530762,13.180644035339355,3.7129244804382324,-0.8542192578315735,1.4324638843536377,3.62190842628479,7.03225040435791,1.6678259262968171,120.80883486279689,0.23225574853193373,0.18671182735497271,135.63002588539908,-164.09544712152544,164.09544712152544,0.2748560905456543,0.038275516138710275,0.5893353819847107,0.3768484592437744,0.5117592592592592,0.48824074074074075,0.22160424292087555,0.030859846545462526,0.4839525818824768,0.3217635750770569,-2.7709006667137146,4.935964345932007,0.09582662582397461,-0.22602506307748205,0.0017962945575525982,-3.5917160511016846,3.673307180404663,4.045680999755859,4.443428039550781,6.287325859069824,10.724205017089844,-0.6894679665565491,-2.995047092437744,2.6386985778808594,5.375465393066406,6.395385265350342,11.377691268920898,-1.9896420240402222,6.734222888946533,3.8275973796844482,8.991220474243164,10.68504810333252,18.17034149169922,-1.7674051523208618,5.515657424926758,2.8113086223602295,6.934851169586182,7.831892490386963,11.709571838378906,-2.015329360961914,-5.334327697753906,2.6901378631591797,6.018916606903076,7.394777774810791,11.33498477935791,-0.5308722853660583,1.4590116739273071,2.471571207046509,3.366114854812622,4.7131147384643555,7.680665493011475,1.6873059272766113,3.7545106410980225,2.7566707134246826,4.773429870605469,5.85238790512085,9.447172164916992,0.14030779898166656,-1.368028998374939,2.994934558868408,8.314888954162598,9.050555229187012,12.487201690673828,1.0688458681106567,1.4528677463531494,3.1570467948913574,5.080250263214111,6.41841459274292,10.226644515991211
228.5,0.0,0.0,0.0,0.0,0.0,0,7.5134596824646,7.105971813201904,12.531343460083008,15.19748306274414,3.8914854526519775,-0.28474801778793335,4.569344997406006,5.358616828918457,4.68198299407959,4.578208726014297,93.56589174507826,0.6093343039690781,0.5159880616753938,101.99905676731566,-33.630969118083414,33.630969118083414,0.29045259952545166,0.0386576321884972,0.6205718517303467,0.43064790964126587,0.556033950617284,0.44396604938271605,0.23473092913627625,0.031241386500378776,0.4962819218635559,0.38050419092178345,0.5694712400436401,3.136881113052368,0.3324708938598633,0.3292762343204211,0.00038211604978692637,-0.9282746315002441,3.330699920654297,2.8920302391052246,4.190102577209473,5.906347751617432,9.209647178649902,-6.1726298332214355,2.630506753921509,6.19960880279541,3.5643489360809326,7.433426856994629,16.810420989990234,3.3697707653045654,-0.15733203291893005,4.227704048156738,2.4436304569244385,5.645788192749023,8.875972747802734,-0.6335613131523132,7.903774738311768,3.718532085418701,7.917118549346924,9.282516479492188,16.46531867980957,-2.776684045791626,2.135737657546997,3.237748146057129,2.477593421936035,4.470817565917969,7.55070161819458,2.224111795425415,3.444946050643921,2.620431423187256,5.150969505310059,6.249637603759766,8.919219017028809,0.4561563730239868,6.654874801635742,4.558755397796631,6.660157203674316,8.68740463256836,12.338998794555664,-2.2886807918548584,5.610220432281494,6.216769695281982,5.610523223876953,8.869890213012695,11.998177528381348,4.18705940246582,9.570676803588867,4.951272964477539,9.570676803588867,11.075307846069336,15.922398567199707
229.0,0.0,0.0,0.0,0.0,0.0,0,5.245334148406982,5.209722995758057,8.539636611938477,9.845688819885254,2.6679623126983643,0.8800384402275085,-1.2866485118865967,4.235067367553711,3.777013063430786,1.5588239315003025,304.3712438184232,0.29718296058864435,0.28766561160690557,308.84135587257094,-153.15770089474472,153.15770089474472,0.2393137812614441,0.045624116379698654,0.5277413129806519,0.3333203196525574,0.46378086419753084,0.5362191358024692,0.19651003181934357,0.037463770428286934,0.42621538043022156,0.28771013021469116,1.164786458015442,-5.8559935092926025,-2.268125534057617,-0.22832245006848823,0.0069664841912014525,3.8761680126190186,1.7954950332641602,4.2411699295043945,2.667954683303833,5.568933486938477,7.527726173400879,2.3916525840759277,-0.13720498979091644,2.820791482925415,1.9990025758743286,3.7086355686187744,7.494604110717773,0.16856355965137482,0.1854034811258316,2.4538991451263428,2.2468032836914062,3.7664835453033447,6.207464694976807,4.20876407623291,-2.2853543758392334,4.259792327880859,2.9444308280944824,5.703536033630371,8.80514144897461,0.7251217365264893,-3.122715950012207,2.2996597290039062,3.1932780742645264,4.302619457244873,6.87026834487915,-2.294703245162964,-1.5850862264633179,2.7172882556915283,3.987971305847168,5.376485347747803,7.599321365356445,4.489246368408203,2.2875304222106934,4.490431308746338,2.8369650840759277,5.485947608947754,8.019854545593262,-1.0306360721588135,-3.772073268890381,2.9752533435821533,4.30076789855957,5.509423732757568,9.735937118530273,-4.613830089569092,-4.945827960968018,4.827127933502197,5.083785057067871,7.785943031311035,10.82468032836914
229.5,0.0,0.0,0.0,0.0,0.0,0,6.635098457336426,6.148680686950684,11.723457336425781,14.203808784484863,3.83093523979187,0.21513310074806213,-3.126354694366455,4.372164249420166,5.4556756019592285,3.133747904031951,273.9364753239026,0.4722986289023288,0.33479526289715417,280.51171395831216,-28.329641914258787,28.329641914258787,0.2885405123233795,0.04348699129209592,0.6301645636558533,0.4245730936527252,0.4584104938271605,0.5415895061728395,0.2188848853111267,0.03298893810387511,0.46121203899383545,0.3657379448413849,-0.6649053394794464,-1.8397061824798584,1.3897643089294434,0.0471296512902486,-0.0021371250876027342,3.0669634342193604,-3.6269965171813965,3.3635785579681396,6.317155838012695,7.697649955749512,11.330163955688477,-0.09082973748445511,-7.35374116897583,1.4802913665771484,7.474992275238037,7.891791820526123,17.3018856048584,0.8274182677268982,3.4599239826202393,3.0051252841949463,3.533021926879883,4.850391864776611,7.778347492218018,3.506317615509033,-3.2822108268737793,3.9718332290649414,3.825819492340088,6.193665027618408,9.01451587677002,-1.1809407472610474,-3.8245458602905273,3.164954423904419,4.2768073081970215,6.070835590362549,13.012884140014648,-0.266201913356781,2.3905022144317627,2.7092957496643066,3.2468812465667725,4.614569664001465,7.484018802642822,-0.24055731296539307,-5.447138786315918,5.289270401000977,5.488130569458008,8.104462623596191,11.619376182556152,-4.545100212097168,-6.655117034912109,5.283121585845947,6.655117034912109,8.864886283874512,13.486924171447754,0.8591282963752747,-3.7978696823120117,2.2679495811462402,4.485556125640869,5.427634239196777,8.125570297241211
230.0,0.0,0.0,0.0,0.0,0.0,0,5.747730255126953,5.4571452140808105,10.606494903564453,11.954821586608887,3.6362931728363037,1.8311456441879272,0.728919267654419,4.016747951507568,5.122533321380615,1.9708926071671875,21.705885988589262,0.342899287141939,0.2472140726686984,12.862779167176114,92.35106520886393,92.35106520886393,0.29810622334480286,0.0518650246701937,0.6613779067993164,0.4501490890979767,0.5340895061728395,0.4659104938271605,0.21380043029785156,0.03719736028144017,0.46444961428642273,0.3587588667869568,1.6160125434398651,3.855273962020874,-0.8873682022094727,-0.08758119022845576,0.008378033378097782,0.8831271529197693,-1.8767693042755127,3.464895248413086,2.604701042175293,4.7072834968566895,7.216436862945557,1.3473153114318848,0.0320415236055851,1.6178704500198364,1.6757993698120117,2.487755060195923,7.279139041900635,-0.9821245670318604,-2.087900161743164,1.6032652854919434,2.3656344413757324,3.1045243740081787,6.031491279602051,1.3004103899002075,-4.578609466552734,3.5502824783325195,4.580146312713623,6.1623382568359375,10.432352066040039,4.104177474975586,5.641016483306885,4.109063148498535,5.7906293869018555,7.982260227203369,12.967504501342773,0.8414003252983093,3.398118257522583,1.9922374486923218,3.4433815479278564,4.2751336097717285,8.37839412689209,0.6504746675491333,-4.9342851638793945,4.0771565437316895,4.957849502563477,6.872217655181885,10.188936233520508,4.277190208435059,5.0543084144592285,4.78917932510376,5.067647457122803,8.119677543640137,13.639228820800781,4.0583391189575195,5.912353515625,4.170401573181152,5.972540378570557,8.018383026123047,11.936420440673828
230.5,0.0,0.0,0.0,0.0,0.0,0,5.958289623260498,5.914791107177734,11.193658828735352,13.231412887573242,3.936180830001831,-2.1691999435424805,1.8446334600448608,4.59110689163208,4.669943332672119,2.847472738584476,139.6229911629934,0.47790102842068305,0.32958261764656105,139.65506997484815,126.79229080767203,126.79229080767203,0.31541287899017334,0.05293680670070655,0.742304801940918,0.5028480887413025,0.5231327160493827,0.4768672839506173,0.25128766894340515,0.042174456540002646,0.5833673477172852,0.41729363799095154,-4.000345587730408,1.115714192390442,0.21055936813354492,0.08236854497786264,0.0010717820305128495,-3.516833782196045,-1.2309849262237549,5.615629196166992,1.9654674530029297,6.218227863311768,9.21234130859375,1.2724428176879883,2.2600858211517334,2.0666260719299316,3.1921896934509277,4.2306647300720215,9.40798568725586,-0.37569108605384827,-0.8668747544288635,1.501551866531372,2.1525793075561523,2.762511968612671,6.782407283782959,-3.0668907165527344,0.4932076632976532,6.75878381729126,3.3846609592437744,7.967768669128418,12.174824714660645,0.20211435854434967,1.1731348037719727,2.9523322582244873,2.2551848888397217,4.07927942276001,7.281082630157471,-2.6521098613739014,4.4503302574157715,3.034963369369507,4.996837139129639,6.2064714431762695,14.82075309753418,-2.2770743370056152,1.02261483669281,3.611557722091675,4.770802974700928,6.57566499710083,9.286470413208008,-3.197354316711426,2.2828407287597656,3.718947649002075,3.5200536251068115,5.7432637214660645,9.45051097869873,-5.911403179168701,7.0173468589782715,5.9123101234436035,7.035460472106934,9.840750694274902,13.633195877075195
231.0,0.0,0.0,0.0,0.0,0.0,0,5.908714294433594,4.924869537353516,12.448721885681152,16.127065658569336,4.9037065505981445,0.36228105425834656,2.681946277618408,3.8712949752807617,6.053778648376465,2.706304380202969,82.30697195737251,0.45801916378872637,0.3054474928464411,87.01509155023194,-52.6399784246162,52.6399784246162,0.31060171127319336,0.052566707955247226,0.7168444395065308,0.5070413947105408,0.5239043209876543,0.4760956790123457,0.23560389876365662,0.03987396363226559,0.5320656299591064,0.4249911904335022,2.531480997800827,0.8373128175735474,-0.0495753288269043,-0.024135124800119923,-0.0003700987454593255,1.684537649154663,2.3446993827819824,4.131591320037842,2.71122145652771,5.175045013427734,9.658599853515625,1.591042160987854,-4.405699729919434,1.8895223140716553,4.632572650909424,5.370343208312988,11.403496742248535,0.22792097926139832,0.49149882793426514,1.0567587614059448,2.427795648574829,2.7762982845306396,8.765504837036133,-0.9781502485275269,2.4803059101104736,4.53114652633667,2.6478238105773926,5.585702896118164,7.972712516784668,0.4912966787815094,2.8210904598236084,2.875365972518921,3.5889339447021484,5.017261981964111,9.530876159667969,1.7914230823516846,6.130361557006836,1.903710961341858,6.131775379180908,6.56543493270874,13.508594512939453,-1.3995486497879028,0.27735182642936707,3.94973087310791,2.3745577335357666,5.005756378173828,7.5807271003723145,-0.48208698630332947,1.912693977355957,2.6081125736236572,2.0722687244415283,3.707000494003296,5.759963512420654,0.3340947926044464,12.08521556854248,4.111268043518066,12.097893714904785,13.975587844848633,21.761905670166016
231.5,0.0,0.0,0.0,0.0,0.0,0,6.650084495544434,6.839120388031006,11.125411987304688,12.756111145019531,3.652822494506836,-0.19866757094860077,-3.5502941608428955,4.509365081787109,4.958659648895264,3.5558483421346554,266.797179591167,0.5347072423691878,0.4086071873156447,264.0794799616598,177.06438841142784,177.06438841142784,0.3229536712169647,0.048563837477479666,0.6994475722312927,0.5258781313896179,0.5085185185185185,0.49148148148148146,0.21962323784828186,0.033025626211186265,0.46418192982673645,0.40126702189445496,-0.5609486252069473,-6.232240438461304,0.7413702011108398,0.10315969446920359,-0.00400287047776756,-3.7170770168304443,-3.372757911682129,3.8270514011383057,4.872584819793701,6.717132091522217,9.486822128295898,3.1276848316192627,-4.69193696975708,3.8610665798187256,4.697673797607422,6.555782318115234,11.721833229064941,2.602787494659424,-5.749039649963379,2.7034125328063965,6.08791971206665,6.875450611114502,15.11529541015625,-4.9941277503967285,-5.497310638427734,4.9941277503967285,5.9924726486206055,8.276420593261719,11.079212188720703,2.735487937927246,-3.3756167888641357,3.8863742351531982,3.739014148712158,6.385233402252197,9.580400466918945,1.5194984674453735,1.65479576587677,1.7849973440170288,4.58289909362793,5.182959079742432,8.455751419067383,-5.111030101776123,-8.885442733764648,5.111030101776123,8.885442733764648,10.36485481262207,12.83695125579834,2.7784504890441895,-2.979478120803833,4.030343055725098,3.520934820175171,6.092451572418213,8.992033958435059,-0.7296827435493469,0.9441405534744263,2.189362049102783,2.169072151184082,3.40047550201416,5.803004264831543
232.0,0.0,0.0,0.0,0.0,0.0,0,5.029897689819336,4.758555889129639,8.531853675842285,9.850607872009277,2.67409348487854,0.7364087104797363,-1.0212749242782593,2.580018997192383,4.920248985290527,1.2590870739666866,305.7941686955046,0.25032061318366705,0.21553165964888762,317.7350919877821,53.6556120261223,53.6556120261223,0.27135205268859863,0.05394781672995188,0.5977014303207397,0.3711496889591217,0.4284104938271605,0.5715895061728395,0.1989787071943283,0.03955918786139115,0.4341026842594147,0.28446412086486816,0.9350762814283371,2.5290192365646362,-1.6201868057250977,-0.1930755276667571,0.005383979252472214,3.156940221786499,3.068650722503662,3.227689027786255,4.4581756591796875,5.909877777099609,8.427492141723633,1.2189767360687256,0.9130547642707825,1.4720797538757324,2.203007698059082,2.8747000694274902,4.952977657318115,1.7049808502197266,5.76642370223999,2.0172886848449707,5.845641136169434,6.40598726272583,8.423626899719238,0.7054853439331055,-3.2825942039489746,1.5747802257537842,4.1299729347229,4.837873458862305,8.244775772094727,-0.2410847693681717,-2.792786121368408,1.8434762954711914,3.048078775405884,4.017068862915039,6.78170919418335,-0.324628084897995,1.66627037525177,2.280780076980591,2.2772841453552246,3.5880446434020996,6.031208515167236,0.6777577996253967,-7.432537078857422,1.6220303773880005,7.434756278991699,7.860693454742432,12.728689193725586,-1.883739948272705,-2.989220142364502,2.3772051334381104,2.989712953567505,4.147016525268555,6.7061567306518555,1.612991213798523,-4.10873556137085,2.5870144367218018,4.170902252197266,5.627814769744873,9.48462200164795
232.5,0.0,0.0,0.0,0.0,0.0,0,5.7573628425598145,5.4828996658325195,9.661162376403809,10.95111083984375,2.8365678787231445,-1.2461603879928589,-2.2263758182525635,4.15289831161499,4.175777435302734,2.551404514517893,240.76312706690186,0.44315506670125,0.3462510631765534,242.6606722156258,-75.07441977215629,75.07441977215629,0.2775505781173706,0.048207927396502225,0.6137118935585022,0.3835182785987854,0.48984567901234566,0.5101543209876543,0.2216501384973526,0.03849854630670753,0.48623356223106384,0.30014824867248535,-1.9825690984725952,-1.2051008939743042,0.7274651527404785,0.13071940352766578,-0.005739889333449655,0.35675472021102905,1.250808596611023,1.9273680448532104,3.332895517349243,4.374088287353516,8.219088554382324,-1.8050355911254883,-2.5192620754241943,3.336772918701172,2.618438482284546,4.687842845916748,6.541604042053223,-4.961017608642578,-1.0730265378952026,4.962606430053711,3.481478452682495,6.357738494873047,9.178771018981934,-2.202467203140259,-7.283485412597656,3.1191344261169434,7.409216403961182,8.434552192687988,12.145979881286621,-0.9255242943763733,-2.5781657695770264,3.55692982673645,2.7515759468078613,4.865755081176758,8.043593406677246,-2.521961212158203,0.6544327735900879,2.9287543296813965,2.0410361289978027,3.8343639373779297,6.296961784362793,-1.003056526184082,-5.391358852386475,5.270872592926025,5.3956756591796875,8.038641929626465,12.287639617919922,0.981139600276947,-2.36933970451355,4.427927017211914,3.475022554397583,6.123211860656738,9.164078712463379,0.8657240271568298,-0.7279862761497498,3.8399384021759033,2.858670234680176,5.100074768066406,7.928480625152588
233.0,0.0,0.0,0.0,0.0,0.0,0,5.8353962898254395,5.724462509155273,9.632560729980469,10.495606422424316,2.774709939956665,0.31101927161216736,1.5928194522857666,4.322135925292969,4.520641326904297,1.6229007347629407,78.95125528194473,0.2781131998854337,0.2646874192226693,87.07030623742527,-155.5903659782005,155.5903659782005,0.2868273854255676,0.0491530175547221,0.6174737215042114,0.40386146306991577,0.48733024691358023,0.5126697530864197,0.23807469010353088,0.04079836869353118,0.5119807720184326,0.345024973154068,1.5571796596050262,3.81919527053833,0.078033447265625,-0.0815636439538841,0.0009450901582198773,-3.627668619155884,1.564684510231018,3.79030442237854,3.4616892337799072,5.480961322784424,9.480170249938965,-0.6311355829238892,5.166865348815918,2.1721689701080322,5.7735276222229,6.398301124572754,9.801370620727539,3.262493848800659,0.34390130639076233,4.9896039962768555,2.3118131160736084,5.675525188446045,7.687174320220947,-1.9474692344665527,0.5471683144569397,3.506596565246582,5.532262325286865,6.969415664672852,10.500605583190918,-0.3082226514816284,1.6024374961853027,2.276357650756836,4.0018815994262695,4.853798866271973,7.972102165222168,4.262474536895752,3.435236930847168,5.673055171966553,3.7029268741607666,7.123476505279541,10.948941230773926,0.8146419525146484,-1.799365520477295,2.6744349002838135,3.0084152221679688,4.496419906616211,8.82223892211914,-1.2986804246902466,-0.052392568439245224,3.0364224910736084,4.086988925933838,5.489431858062744,8.116454124450684,2.2727396488189697,3.526840925216675,4.572143077850342,3.5483264923095703,6.0312371253967285,10.889403343200684
233.5,0.0,0.0,0.0,0.0,0.0,0,6.520848751068115,6.172999858856201,11.088391304016113,11.938260078430176,3.176802635192871,-2.6623404026031494,1.6176729202270508,4.363018035888672,4.885969161987305,3.115272395179756,148.71658600958813,0.477740324013722,0.4513368284135552,150.41452295094925,63.34421671352396,63.34421671352396,0.2770732045173645,0.04249035249922449,0.6124974489212036,0.3937689960002899,0.5085185185185185,0.49148148148148146,0.22870491445064545,0.03507286982240061,0.5107926726341248,0.32648766040802,-2.9733596742153168,0.02485346794128418,0.6854524612426758,0.1866494091908859,-0.006662665055497612,-2.075901746749878,5.153934955596924,3.572920560836792,5.461424827575684,7.008601188659668,11.014453887939453,0.5206080675125122,2.578110456466675,4.2118425369262695,3.0168542861938477,5.697947978973389,9.355279922485352,-3.2516775131225586,-2.7577719688415527,3.2838215827941895,3.8356399536132812,5.6285080909729,9.106465339660645,-3.1605641841888428,5.355515480041504,3.5199365615844727,5.35868501663208,6.672828674316406,11.209506034851074,-1.7124316692352295,0.30044013261795044,5.799020290374756,4.1636433601379395,8.05334758758545,12.924240112304688,-3.5850558280944824,-2.135227918624878,3.627685070037842,3.4880731105804443,5.392362117767334,8.30671501159668,-0.5964666604995728,5.4568705558776855,2.315277338027954,5.45930814743042,6.370208263397217,12.178524017333984,-6.13187837600708,1.128277063369751,6.851128578186035,3.2293272018432617,8.626387596130371,12.251313209533691,-3.9676969051361084,-0.5210927724838257,3.987413167953491,2.919299364089966,5.2374467849731445,7.6129536628723145
234.0,0.0,0.0,0.0,0.0,0.0,0,6.450891017913818,6.3712568283081055,10.904051780700684,12.351968765258789,3.1128549575805664,0.36848342418670654,-0.43844661116600037,4.883492469787598,5.2083916664123535,0.5727263436784711,310.0446810851652,0.0887825173434239,0.09570456713741204,4.984854389649384,-145.42966856129988,145.42966856129988,0.2847896218299866,0.044147324283082004,0.6246581673622131,0.4071550965309143,0.5027623456790123,0.49723765432098765,0.21177047491073608,0.03282809173098226,0.4745938181877136,0.3083142936229706,3.030823826789856,-2.056119531393051,-0.06995773315429688,-0.35563226127614317,0.0016569717838575138,1.2768807411193848,5.523964881896973,4.643720626831055,5.71342134475708,7.868879318237305,10.963973045349121,3.331632375717163,-1.3025181293487549,4.301784515380859,3.824937105178833,6.696670055389404,11.471901893615723,1.2934449911117554,-5.394768714904785,1.9771249294281006,5.792665481567383,6.493691444396973,10.137211799621582,-0.1729426234960556,2.7078025341033936,3.5732216835021973,3.5776007175445557,5.51577615737915,9.11085319519043,-0.5707598328590393,-1.7702515125274658,6.268390655517578,3.9691824913024902,8.320666313171387,12.97088623046875,0.9376454949378967,-1.6754719018936157,1.9796589612960815,3.7500274181365967,4.67173957824707,8.905344009399414,0.2731872498989105,-1.1471691131591797,2.753551959991455,4.153646469116211,5.494257926940918,7.895796775817871,-3.9634320735931396,-0.38865458965301514,6.223506450653076,2.4523496627807617,7.282095909118652,12.993245124816895,0.9106939435005188,-0.49895256757736206,3.3583567142486572,4.140449047088623,5.714242458343506,8.978797912597656
234.5,0.0,0.0,0.0,0.0,0.0,0,9.68459701538086,9.776812553405762,15.181026458740234,16.55562400817871,4.2654805183410645,-4.78035831451416,-6.828939437866211,5.574585437774658,3.379866361618042,8.335840657137656,235.00741272174412,0.8607318036980641,0.8273421966715208,242.20606226554094,-122.77879212410846,122.77879212410846,0.2436777800321579,0.025161372691479233,0.5217428803443909,0.38699713349342346,0.5057870370370371,0.49421296296296297,0.21250656247138977,0.021942734446374717,0.46155422925949097,0.3385409712791443,-5.148841738700867,-6.390492826700211,3.233705997467041,0.7316376295341087,-0.01898595159160277,-11.591781616210938,-6.723904132843018,11.591781616210938,6.74913215637207,13.752238273620605,17.581680297851562,-0.9499584436416626,-10.047347068786621,2.667043685913086,10.047347068786621,10.553877830505371,14.494897842407227,-5.431394100189209,-3.9284114837646484,7.657627582550049,4.1168212890625,9.18243408203125,17.56822967529297,-8.493415832519531,-7.819535732269287,8.508360862731934,7.819535732269287,11.779386520385742,15.805342674255371,-2.152986764907837,-7.43934440612793,2.948355197906494,7.43934440612793,8.150680541992188,12.33755111694336,-6.1625165939331055,-6.529965400695801,6.719360828399658,6.529965400695801,10.403794288635254,14.197845458984375,-1.7020988464355469,-5.049234867095947,3.5231847763061523,5.049234867095947,6.455015182495117,11.258221626281738,-1.9064711332321167,-4.909667015075684,3.3813247680664062,4.992593765258789,6.229857921600342,9.11400032043457,-4.632599830627441,-9.013046264648438,4.899659156799316,9.013046264648438,10.654086112976074,13.218137741088867
235.0,0.0,0.0,0.0,0.0,0.0,0,10.397550582885742,11.009048461914062,16.67049789428711,19.308757781982422,5.757343769073486,3.5732057094573975,-5.783347129821777,5.659977436065674,7.937618255615234,6.798154386752094,301.7095924748311,0.6538226799244221,0.6518341613745665,292.3248922189737,50.11882995343274,50.11882995343274,0.28275611996650696,0.027194490713748465,0.6247650384902954,0.44261184334754944,0.49564814814814817,0.5043518518518518,0.23125937581062317,0.022241714692839188,0.5012757778167725,0.4181266129016876,8.353564023971558,1.0455923080444336,0.7129535675048828,-0.17550803529695425,0.002033118022269232,-0.47430238127708435,-10.485126495361328,3.4123222827911377,10.485126495361328,11.313098907470703,19.63593292236328,6.664724349975586,-9.260260581970215,6.667256832122803,9.287769317626953,11.973251342773438,18.648456573486328,-1.8627396821975708,8.05083179473877,2.233128309249878,10.326061248779297,10.96753978729248,26.245220184326172,1.7654221057891846,-7.804422378540039,3.7330734729766846,7.804932594299316,8.94180965423584,12.615863800048828,10.678969383239746,-8.861358642578125,10.678969383239746,8.86741828918457,14.560221672058105,17.0172061920166,1.6724414825439453,-1.3583976030349731,3.2868542671203613,4.145068168640137,5.8067708015441895,11.445642471313477,-0.1077943965792656,-5.940877914428711,2.886399745941162,5.945388317108154,6.903465747833252,11.598749160766602,10.6588716506958,-9.667418479919434,10.6588716506958,9.667418479919434,14.805957794189453,16.413692474365234,3.163259983062744,-6.723095893859863,3.3329474925994873,6.723451614379883,8.305830001831055,12.785157203674316
235.5,0.0,0.0,0.0,0.0,0.0,0,6.812862396240234,6.375338554382324,12.619680404663086,14.381589889526367,4.107240200042725,-1.8211697340011597,-2.101717233657837,6.741833686828613,3.177786111831665,2.780984453443817,229.09057612826174,0.4081961871090393,0.31834478192205823,241.34472525151398,-50.980166967459695,50.980166967459695,0.24889107048511505,0.036532520323608535,0.5449085831642151,0.35770589113235474,0.5075617283950618,0.49243827160493825,0.21662597358226776,0.0317966119358588,0.47814375162124634,0.3355763852596283,-5.394375443458557,3.6816298961639404,-3.584688186645508,-0.3334893794525083,0.00933802960986007,4.240325927734375,-0.0971471518278122,4.409444332122803,2.2659034729003906,5.391120433807373,9.00856876373291,-8.52817153930664,-5.114880561828613,8.528764724731445,5.241664886474609,10.236932754516602,17.063400268554688,-2.330657720565796,0.48671621084213257,3.4613349437713623,1.140344500541687,3.8550782203674316,7.144678115844727,3.1660313606262207,-1.3432807922363281,3.471059799194336,2.026181697845459,4.425185203552246,8.14581298828125,-9.68871784210205,-3.620321273803711,9.68871784210205,3.690002202987671,10.562610626220703,13.55755615234375,-0.04943650960922241,-1.7608691453933716,3.3312575817108154,2.432492971420288,4.5382843017578125,7.766413688659668,-3.094688653945923,-3.728991985321045,3.3863210678100586,3.8378958702087402,5.501954078674316,7.937314987182617,-6.613033294677734,-3.1051716804504395,7.338691234588623,4.033072471618652,9.027752876281738,12.553777694702148,6.507821083068848,-0.6315107345581055,6.772488117218018,2.662353515625,7.776844501495361,12.283316612243652
236.0,0.0,0.0,0.0,0.0,0.0,0,7.40374231338501,6.89540958404541,12.73482894897461,14.21479606628418,3.789048671722412,3.260465621948242,0.21333074569702148,5.303500652313232,5.510809421539307,3.2674372341279923,3.743500223880421,0.44132238749326647,0.3626505979631388,355.4747874206972,114.13006216918325,114.13006216918325,0.2955867350101471,0.03992395771957201,0.6494495868682861,0.40702545642852783,0.45109567901234565,0.5489043209876543,0.24114421010017395,0.032570579488380755,0.5300236940383911,0.3436853885650635,5.081635355949402,2.3150479793548584,0.5908799171447754,0.04430581604108058,0.0033914373959634744,4.736135959625244,4.003079891204834,5.388200283050537,5.395242691040039,7.939481258392334,14.113763809204102,5.3587422370910645,0.00840257853269577,5.6929826736450195,2.504960775375366,6.583346843719482,12.578264236450195,-3.279625654220581,1.099236011505127,6.620501518249512,2.650362968444824,7.4335856437683105,10.575837135314941,4.2780680656433105,5.182239532470703,5.061826229095459,6.21095609664917,8.291952133178711,16.048297882080078,6.821922779083252,2.187267303466797,6.952558517456055,3.239039897918701,8.277183532714844,12.697793006896973,1.8714795112609863,-3.474841833114624,3.369227886199951,3.773550510406494,5.810739517211914,8.76123332977295,3.2699530124664307,0.04145009443163872,3.7754313945770264,3.173790216445923,5.242535591125488,8.673806190490723,4.274782657623291,1.5528409481048584,6.536803245544434,3.1338682174682617,7.7249555587768555,11.484621047973633,2.01273250579834,-8.679697036743164,2.7190780639648438,8.679697036743164,9.329899787902832,14.491109848022461
236.5,0.0,0.0,0.0,0.0,0.0,0,6.63043737411499,5.4544267654418945,13.506814002990723,16.037485122680664,4.3486151695251465,-2.2996060848236084,0.5656929016113281,6.653262138366699,3.6054210662841797,2.3681631287331557,166.17989999780232,0.3571654470304458,0.08547731863404974,139.06471948858805,143.5899320678908,143.5899320678908,0.26688140630722046,0.04025094439443349,0.582529604434967,0.4080953598022461,0.529537037037037,0.47046296296296297,0.2270989567041397,0.034250971638727,0.5002437233924866,0.35932493209838867,-5.560071706771851,0.35236215591430664,-0.7733049392700195,-0.2771732793290891,0.00032698667486148053,-0.009684142656624317,2.5750350952148438,2.2056655883789062,5.232914924621582,5.996730327606201,11.437467575073242,-9.7582426071167,-1.3517624139785767,9.767803192138672,1.7886369228363037,10.049272537231445,18.013185501098633,-2.5307204723358154,0.11713656783103943,4.683785438537598,3.428410291671753,6.554506301879883,9.52502727508545,0.9385919570922852,-0.8573265671730042,1.9228206872940063,2.8733458518981934,3.8629584312438965,5.999832630157471,-9.738873481750488,0.7028838992118835,9.903342247009277,3.5592589378356934,11.00208854675293,17.67262840270996,-0.29190129041671753,1.2087935209274292,5.01223087310791,1.780692219734192,5.477815628051758,9.556538581848145,3.554704427719116,-1.092995285987854,4.016836643218994,1.744258999824524,4.659210205078125,7.366531848907471,-4.742180347442627,2.7526423931121826,6.69694185256958,2.938990831375122,7.973512172698975,14.127933502197266,1.8818501234054565,1.0368291139602661,3.0644032955169678,2.174076795578003,4.097842216491699,6.111067771911621
237.0,0.0,0.0,0.0,0.0,0.0,0,6.9218926429748535,6.663671493530273,10.883142471313477,12.30691146850586,3.0601863861083984,-1.4987242221832275,-0.6914882063865662,5.96057653427124,4.36171293258667,1.650554523101382,204.7678704482026,0.2384542217332073,0.1803060651040617,198.81153133023147,59.74681184164342,59.74681184164342,0.22268140316009521,0.03217059010811273,0.4941401481628418,0.3079882562160492,0.5940277777777778,0.40597222222222223,0.19096991419792175,0.027589258669372986,0.422446608543396,0.27796050906181335,0.8008818626403809,-1.2571811079978943,0.2914552688598633,0.09482874647001195,-0.008080354286320757,-9.848956108093262,-2.2680773735046387,9.848956108093262,2.5942485332489014,10.380881309509277,14.430437088012695,0.37972086668014526,-1.3999063968658447,3.1591906547546387,1.6095118522644043,3.7272818088531494,6.547457218170166,5.238523006439209,-3.7586002349853516,5.238523006439209,6.301219940185547,8.546813011169434,11.498756408691406,-8.401700019836426,-3.2923660278320312,8.401700019836426,3.472315549850464,9.272468566894531,14.112317085266113,-1.2111914157867432,2.7592620849609375,3.782907247543335,3.026472330093384,5.202441215515137,7.057867050170898,5.183252811431885,-2.0489044189453125,5.470026016235352,3.866056203842163,7.2559614181518555,9.278181076049805,-4.9177093505859375,-0.15800590813159943,4.9177093505859375,2.1416776180267334,5.550843715667725,8.005763053894043,-2.1963319778442383,3.4935665130615234,3.2169673442840576,3.6586132049560547,5.461075305938721,8.574488639831543,2.285874128341675,0.4496385455131531,2.715012311935425,5.794492244720459,6.8992695808410645,10.649181365966797
237.5,0.0,0.0,0.0,0.0,0.0,0,7.518215656280518,6.647844314575195,14.044296264648438,14.696486473083496,4.527541637420654,2.3636982440948486,0.01862102746963501,7.182476997375488,4.454976558685303,2.363771590446314,0.4513622736650666,0.3144059306774051,0.13507979750240368,8.642870553797968,169.8313392235665,169.8313392235665,0.2729393243789673,0.03630373223561748,0.6037606000900269,0.40978655219078064,0.5181018518518519,0.48189814814814813,0.2075090855360031,0.027600838739151732,0.4365485608577728,0.30823951959609985,3.862422466278076,0.7101092338562012,0.5963230133056641,-0.045226267601658016,0.004133142127504749,6.255369663238525,-2.9757096767425537,6.291594505310059,4.353353977203369,8.033944129943848,14.189905166625977,4.631421089172363,2.279021739959717,7.437985897064209,4.263757228851318,9.718401908874512,16.27020835876465,-3.4771597385406494,0.3327670693397522,3.7323899269104004,6.332002639770508,7.595450401306152,12.644025802612305,5.893298625946045,-0.5601767301559448,6.340702533721924,1.7925870418548584,7.076416015625,13.75141429901123,6.211526870727539,-0.5389565229415894,9.516626358032227,2.9060747623443604,10.433917045593262,14.241128921508789,-3.0911881923675537,-0.018230149522423744,3.2776436805725098,2.7762701511383057,4.688563346862793,7.776021480560303,2.958014488220215,1.545357584953308,4.186191558837891,2.045945167541504,4.995220184326172,12.349836349487305,6.404601573944092,0.12085045874118805,8.676661491394043,2.998533248901367,9.628939628601074,14.309222221374512,-4.512599945068359,-0.017334289848804474,4.616436958312988,2.502830982208252,5.493093490600586,9.647838592529297
238.0,0.0,0.0,0.0,0.0,0.0,0,7.567175388336182,7.001696586608887,13.074292182922363,15.548081398010254,3.8558499813079834,2.1657590866088867,1.4061603546142578,6.745237350463867,4.468074798583984,2.5822082340736685,32.99441653545038,0.34123805800164314,0.24788600510266548,35.688862326235345,27.04599177243739,27.04599177243739,0.27942419052124023,0.03692581964283749,0.6128271818161011,0.4018378257751465,0.5395061728395062,0.4604938271604938,0.21964271366596222,0.029025716118433936,0.4817453622817993,0.333221971988678,-0.19793915748596191,1.3875393271446228,0.04895973205566406,0.1128062076002618,0.000622087407220008,8.566755294799805,-3.8174164295196533,8.566795349121094,3.9095382690429688,10.316818237304688,15.56834602355957,1.7944859266281128,1.0695033073425293,3.7793304920196533,3.9862310886383057,5.992241382598877,10.724587440490723,-6.130504608154297,-1.786584496498108,6.130504608154297,2.409806251525879,6.979856967926025,9.204051971435547,6.480109691619873,0.4013676643371582,6.4880595207214355,3.056488513946533,7.907365322113037,18.6180419921875,4.383233547210693,1.5299688577651978,5.902899265289307,2.8446402549743652,7.13865327835083,15.93879222869873,-4.400386333465576,0.8343028426170349,5.416512489318848,2.0845324993133545,6.326578140258789,9.83580207824707,5.084130764007568,7.658960342407227,5.092036724090576,7.658960342407227,9.872319221496582,12.430624008178711,5.5764265060424805,2.950742244720459,5.664613723754883,3.316054344177246,7.406976222991943,13.001951217651367,-1.8624191284179688,3.81459903717041,3.2340054512023926,4.590100288391113,6.163771152496338,8.925979614257812
238.5,0.0,0.0,0.0,0.0,0.0,0,6.964726448059082,7.180242538452148,11.183286666870117,12.107831001281738,3.2608449459075928,0.21658873558044434,1.2259076833724976,4.992687702178955,5.715228080749512,1.2448937016998918,79.98059459509732,0.178742655721506,0.17915322867144798,69.17431845444041,33.48545612820507,33.48545612820507,0.24295350909233093,0.0348834194739432,0.5348540544509888,0.33764755725860596,0.4889197530864198,0.5110802469135802,0.21554139256477356,0.030947570335267068,0.4702790677547455,0.29905009269714355,-1.9491703510284424,-0.18025267124176025,-0.6024489402770996,-0.0687327764312175,-0.002042400168894287,-4.922713756561279,5.96581506729126,4.925153732299805,6.482158660888672,9.041769027709961,11.355698585510254,0.39673033356666565,0.1088382825255394,2.4372284412384033,3.4397857189178467,4.77548360824585,8.477705001831055,3.39304256439209,-1.0411131381988525,6.977107048034668,5.111563682556152,9.187369346618652,13.299094200134277,-3.480658531188965,7.107820987701416,3.517967462539673,7.1161699295043945,8.36178970336914,11.41124439239502,2.0393948554992676,-0.14057688415050507,3.0634777545928955,2.0923449993133545,4.065354347229004,6.457951068878174,2.5787341594696045,-2.5891213417053223,4.493541717529297,6.8857645988464355,9.12523365020752,12.032028198242188,-1.1657519340515137,5.236773490905762,2.0191972255706787,5.263282299041748,5.817728042602539,9.187188148498535,1.923365831375122,0.4341449737548828,3.5901594161987305,2.4496426582336426,4.65908145904541,7.9407830238342285,1.1871554851531982,-4.049411773681641,5.062669277191162,4.702470302581787,7.648725986480713,12.265130996704102
239.0,0.0,0.0,0.0,0.0,0.0,0,7.220038414001465,7.420378684997559,10.938939094543457,11.972070693969727,3.097734212875366,-1.576634407043457,-1.6258502006530762,5.7692365646362305,4.828214645385742,2.26476597652758,225.88045241189954,0.31367782921149434,0.24877601429868615,222.3381855757122,153.16386712127178,153.16386712127178,0.2869713306427002,0.03974650471937742,0.6332389116287231,0.4072289764881134,0.5020679012345679,0.4979320987654321,0.23814891278743744,0.03298443389735616,0.5216025114059448,0.3259667754173279,-1.7932231426239014,-2.8517578840255737,0.2553119659423828,0.06962278562723817,0.004863085245434218,3.2575294971466064,0.9791833758354187,6.905689239501953,1.9115440845489502,7.423843860626221,10.18320083618164,-4.71104621887207,0.2389555424451828,5.42589807510376,3.0753118991851807,6.599502086639404,11.711536407470703,-3.6934573650360107,-4.428143501281738,6.100890636444092,6.673072814941406,9.60212230682373,14.118581771850586,3.3872785568237305,-1.3794366121292114,6.678844451904297,3.099142074584961,7.88522481918335,10.64808464050293,-4.0620245933532715,-0.21902817487716675,4.202868461608887,3.5422890186309814,5.943478584289551,9.281974792480469,-2.824655532836914,-5.7308454513549805,4.35458517074585,5.850603103637695,7.756618499755859,10.913005828857422,1.9416812658309937,-2.8515408039093018,3.903244972229004,4.783585071563721,7.0411152839660645,11.104859352111816,-3.0763258934020996,0.4286365509033203,3.3169167041778564,4.359796047210693,6.048879146575928,9.567394256591797,-4.408690452575684,-1.6704329252243042,4.432053565979004,4.1944098472595215,6.679563999176025,10.833301544189453
239.5,0.0,0.0,0.0,0.0,0.0,0,6.07125997543335,5.96170711517334,10.123007774353027,10.982216835021973,2.925367832183838,-0.9154542684555054,-2.974381923675537,3.6644511222839355,4.722792625427246,3.1120739620904248,252.8926988840489,0.5125911218895371,0.3876987652232472,246.18901013650242,23.850824560790215,23.850824560790215,0.26172947883605957,0.04310957474816474,0.5742617845535278,0.37828171253204346,0.5203240740740741,0.47967592592592595,0.2024613916873932,0.033347502686283725,0.45070913434028625,0.29175645112991333,0.6611801385879517,-1.348531723022461,-1.1487784385681152,0.13892275092456105,0.0033630700287873225,1.0368393659591675,-3.5590178966522217,2.3828487396240234,3.790682077407837,4.896495819091797,7.583800315856934,-0.8397493362426758,-2.9901137351989746,2.65263295173645,3.075493097305298,4.406393051147461,9.530889511108398,-1.8813585042953491,-5.442214488983154,3.2017056941986084,5.56512975692749,6.589539051055908,9.741681098937988,1.1533368825912476,-3.166699171066284,1.9464998245239258,4.909326076507568,5.513237476348877,9.41923999786377,-2.2982068061828613,0.15292052924633026,3.267274856567383,3.299794912338257,5.245306968688965,8.502674102783203,-2.5252902507781982,-8.360634803771973,4.313662528991699,8.360634803771973,9.609147071838379,12.254013061523438,2.666644334793091,-5.556830406188965,2.7789387702941895,6.669341564178467,7.4259490966796875,10.973104476928711,-2.055158853530884,3.775815486907959,3.31941294670105,3.944282293319702,5.635982036590576,7.719816207885742,-3.496145725250244,-1.6226630210876465,4.523319721221924,2.265317440032959,5.319292068481445,7.738707065582275
240.0,0.0,0.0,0.0,0.0,0.0,0,6.340310573577881,5.886660099029541,12.050289154052734,13.638139724731445,3.7839744091033936,-0.8532775640487671,-3.5846469402313232,4.70999813079834,4.330836296081543,3.684803425885672,256.6106757985617,0.5811708090833021,0.46259981076949613,261.9945596859363,15.805549549433863,15.805549549433863,0.29040002822875977,0.04580216994996747,0.6354888081550598,0.4225229024887085,0.5064506172839506,0.49354938271604937,0.2147126942873001,0.0338646913161298,0.47317659854888916,0.31949543952941895,0.06217670440673828,-0.6102650165557861,0.26905059814453125,0.07490104554624893,0.0026925952018027263,3.177361011505127,1.0233584642410278,3.1773622035980225,2.429051637649536,4.247878551483154,7.625387668609619,-2.911451816558838,-2.8824477195739746,3.3882899284362793,3.591582775115967,5.280584812164307,13.871047019958496,1.4076615571975708,-4.66403341293335,4.408589839935303,5.4632182121276855,7.856251239776611,13.63795280456543,0.2349865734577179,-3.0981054306030273,2.4262337684631348,3.1422698497772217,4.2365875244140625,8.044305801391602,-0.981158971786499,-3.5244863033294678,5.487843036651611,4.831367015838623,7.827455520629883,13.484619140625,-2.955859899520874,-4.136237621307373,3.6730799674987793,4.176042556762695,5.949782371520996,10.182165145874023,-1.7227973937988281,-6.543692111968994,3.2212517261505127,6.543692111968994,7.683082103729248,11.777705192565918,-1.2465306520462036,-6.254887104034424,5.288594722747803,6.533167839050293,9.201083183288574,13.421122550964355,-2.6817076206207275,-2.1812937259674072,3.2233150005340576,2.8040411472320557,4.780090808868408,7.052590847015381
240.5,0.0,0.0,0.0,0.0,0.0,0,7.123058319091797,6.839973449707031,12.30034065246582,13.979883193969727,3.9530017375946045,-0.461477130651474,-3.5915517807006836,5.311032295227051,5.004489421844482,3.6210779245369142,262.6782043376853,0.5083599996410824,0.41122154454175697,260.268567901655,-1.725991784281291,1.725991784281291,0.2884632349014282,0.04049709850488902,0.6432012915611267,0.4534618556499481,0.5321141975308642,0.4678858024691358,0.24596528708934784,0.034530849185839554,0.5403429865837097,0.3696688413619995,0.3918004333972931,-0.0069048404693603516,0.782747745513916,-0.05137826622773917,-0.005305071445078448,-1.9742608070373535,-4.430013179779053,2.7031168937683105,4.751596450805664,5.8405890464782715,9.959455490112305,4.74631404876709,-3.1516573429107666,4.748307228088379,3.2884488105773926,6.4894537925720215,15.592808723449707,-3.7785520553588867,-4.281472682952881,3.8302831649780273,7.085183143615723,8.379744529724121,15.203771591186523,-1.875744104385376,-3.6787681579589844,2.945923328399658,4.219489574432373,5.46604585647583,11.428682327270508,3.9451358318328857,-2.7065722942352295,4.413548469543457,4.4436140060424805,7.135848522186279,11.73521900177002,-1.8847564458847046,-0.5533934235572815,4.7235493659973145,4.199882507324219,6.873819351196289,9.910764694213867,-3.197787046432495,-3.6788878440856934,4.291489124298096,5.70408296585083,7.55280876159668,10.869485855102539,1.1162875890731812,-3.157813549041748,3.996161460876465,4.363406181335449,6.487735271453857,8.598098754882812,-1.2499316930770874,-6.685389041900635,6.350646495819092,6.862678050994873,9.881482124328613,15.639286994934082
241.0,0.0,0.0,0.0,0.0,0.0,0,6.15507173538208,5.969931602478027,10.247817993164062,12.108749389648438,3.1725423336029053,-1.0730804204940796,-1.95744788646698,4.146437644958496,5.076798439025879,2.2322866789643747,241.26827822695572,0.3626743561951036,0.33279883048883535,240.36526346794557,-19.903304433709422,19.903304433709422,0.3161804974079132,0.05136909196708073,0.7040217518806458,0.4641062021255493,0.44950617283950617,0.5504938271604938,0.25063663721084595,0.040720337189530796,0.5670953989028931,0.3863680958747864,-0.6116032898426056,1.6341038942337036,-0.9679865837097168,-0.07842271405292162,0.010871993462191705,-0.46517544984817505,-2.002600908279419,3.5927011966705322,2.5972301959991455,4.913125038146973,7.600708484649658,-1.7829169034957886,-0.6181970238685608,3.0390408039093018,3.154750108718872,4.644161701202393,9.003743171691895,5.251586437225342,4.977282524108887,5.431942462921143,5.156604766845703,8.15112590789795,13.594575881958008,-3.9300966262817383,-1.034847378730774,4.491693496704102,2.855027675628662,5.592389106750488,8.60732650756836,-0.5216335654258728,-4.220707416534424,3.034470796585083,5.023557186126709,6.2417707443237305,9.437139511108398,0.36810004711151123,0.9352865219116211,2.127786874771118,2.6054694652557373,3.749835729598999,7.127341270446777,-3.9254229068756104,-6.161746025085449,4.1955084800720215,6.332779884338379,8.177229881286621,12.415879249572754,-0.8813050389289856,-6.403614521026611,2.1118319034576416,6.515675067901611,7.274126052856445,11.356910705566406,-3.7708587646484375,-3.087888717651367,3.858882427215576,4.221278190612793,6.651881694793701,10.278579711914062
241.5,0.0,0.0,0.0,0.0,0.0,0,5.671736240386963,5.0659966468811035,10.597676277160645,12.954891204833984,3.9096264839172363,-1.8003900051116943,-0.9276309609413147,3.8063466548919678,5.3724846839904785,2.025315622366794,207.2592848511331,0.3570891763169533,0.30400941814272975,212.25968186510332,-28.10558160284225,28.10558160284225,0.3078776001930237,0.05428276860230892,0.679983377456665,0.43970954418182373,0.4601851851851852,0.5398148148148149,0.24303998053073883,0.04285106489068542,0.5460293889045715,0.36894625425338745,-0.7273095846176147,1.0298169255256653,-0.4833354949951172,-0.028789412346105603,0.0029136766352281934,0.2794935405254364,-2.077946186065674,2.8610639572143555,2.685058355331421,4.277544021606445,8.393383979797363,-2.837895393371582,-1.2224650382995605,3.4928905963897705,2.3398587703704834,4.656859874725342,7.912501811981201,-1.8862470388412476,4.677395820617676,2.916543960571289,5.06647253036499,6.682913303375244,12.63971996307373,-3.4891419410705566,2.898503065109253,4.927408695220947,3.7145557403564453,6.501523017883301,11.640996932983398,-1.4500732421875,-1.2114529609680176,4.6137285232543945,3.7907397747039795,6.4898576736450195,9.810247421264648,-1.0486745834350586,-0.25499796867370605,2.927410364151001,2.635756015777588,4.311490535736084,7.369412422180176,-1.5775593519210815,-1.8039342164993286,2.9168636798858643,2.7730815410614014,4.541053295135498,9.4911527633667,-2.7109439373016357,-4.9863739013671875,2.8405117988586426,5.518898963928223,6.540299892425537,14.310737609863281,-1.4824669361114502,-4.367407321929932,2.4287960529327393,6.178459167480469,7.0440826416015625,16.047405242919922
242.0,0.0,0.0,0.0,0.0,0.0,0,6.364779472351074,5.815156936645508,11.855379104614258,14.482139587402344,4.0230607986450195,0.009552891366183758,-1.759363055229187,4.317779064178467,5.9124250411987305,1.7593889899163384,270.31109836993517,0.27642575796368335,0.2193719877844066,272.41032840512673,60.150646540023416,60.150646540023416,0.31053584814071655,0.04878971859119099,0.6895527243614197,0.45730867981910706,0.47266975308641973,0.5273302469135802,0.27304843068122864,0.04289989762684899,0.6121130585670471,0.41216591000556946,1.809942896477878,-0.8317320942878723,0.6930432319641113,-0.08463743035832313,-0.005493050011117932,1.162619948387146,-2.389878988265991,2.0216798782348633,4.359060287475586,5.213255405426025,9.318184852600098,-1.3372488021850586,-1.4169788360595703,3.2242350578308105,3.198212146759033,4.888830661773682,8.571657180786133,-1.795182466506958,0.24240157008171082,3.3031888008117676,3.2289040088653564,5.0594964027404785,10.615323066711426,-0.3697097897529602,-3.6094415187835693,1.6129494905471802,5.737236499786377,6.469315528869629,13.960968017578125,-3.1267051696777344,-1.4951976537704468,3.518989324569702,5.289480686187744,7.20626974105835,11.10014820098877,3.4122703075408936,-0.05804950371384621,3.7255301475524902,2.1642043590545654,4.540482997894287,6.522576332092285,-1.943212866783142,-3.9763236045837402,2.1049721240997314,4.380896091461182,5.231972694396973,9.741990089416504,-2.1905734539031982,-3.7389307022094727,3.4359636306762695,7.937089920043945,9.338597297668457,15.595416069030762,6.273719787597656,0.6081320643424988,6.6146440505981445,5.921962738037109,9.334796905517578,15.55808162689209
242.5,0.0,0.0,0.0,0.0,0.0,0,7.62182092666626,6.586272239685059,14.951278686523438,19.495567321777344,5.153078556060791,0.3858972489833832,2.6883184909820557,4.569498538970947,7.50933313369751,2.7158742599260703,81.8312245925825,0.35632879413685964,0.1893867809402064,91.00051706917847,178.59018866405177,178.59018866405177,0.29000091552734375,0.03804876554682096,0.6348345279693604,0.39803242683410645,0.4413425925925926,0.5586574074074074,0.24914409220218658,0.03268825939510774,0.5487901568412781,0.38223305344581604,0.3763443576171994,4.447681546211243,1.2570414543151855,-0.029985206844200224,-0.010740953044370026,4.634438991546631,13.978933334350586,4.636091709136963,13.97905158996582,14.943140029907227,23.008535385131836,-3.5877702236175537,1.3913062810897827,3.698310613632202,2.6594879627227783,4.753952980041504,9.465616226196289,-1.4242396354675293,3.7706947326660156,2.578934907913208,4.852357864379883,6.246801376342773,9.939216613769531,4.434847354888916,8.935527801513672,4.564593315124512,8.935527801513672,10.770292282104492,19.08950424194336,-1.6359920501708984,-2.4513211250305176,4.653836250305176,3.1551318168640137,6.017665863037109,9.684290885925293,-0.40129944682121277,1.322919249534607,3.409252405166626,3.219066619873047,5.380432605743408,8.748154640197754,-1.1978212594985962,6.42435884475708,2.6639981269836426,6.517682075500488,7.360382080078125,14.777544975280762,0.4239625334739685,-5.155681610107422,4.3837151527404785,5.484341144561768,7.881970405578613,12.858549118041992,2.2269484996795654,-4.021873950958252,2.7862660884857178,4.063539505004883,5.241750240325928,9.12238597869873
243.0,0.0,0.0,0.0,0.0,0.0,0,7.044665336608887,6.281215190887451,13.793243408203125,16.188316345214844,4.6372456550598145,0.37255918979644775,2.004023790359497,5.200900077819824,6.318787574768066,2.03836005215679,79.46862153449453,0.28934803212923127,0.21752969422821203,73.28193616224651,-17.718580906931948,17.718580906931948,0.3228120803833008,0.0458236153365773,0.718550443649292,0.48386940360069275,0.49376543209876544,0.5062345679012346,0.2708362936973572,0.03844558148764367,0.5891695022583008,0.4512256383895874,-0.013338059186935425,-0.6842947006225586,-0.577155590057373,0.02814291328800564,0.007774849789756337,1.9251500368118286,5.249584197998047,2.385740041732788,5.2495856285095215,6.123549461364746,16.565631866455078,-1.9168819189071655,-4.01413106918335,4.989762306213379,4.260896682739258,6.916943550109863,16.000926971435547,-3.85170578956604,0.6636216044425964,4.321165084838867,2.9880213737487793,5.5080485343933105,10.6847505569458,5.126280307769775,7.125907897949219,5.815690994262695,7.448750019073486,11.207780838012695,17.20185661315918,2.009714126586914,2.8943026065826416,5.373435020446777,6.479501724243164,9.370843887329102,14.696081161499023,-2.7418973445892334,2.0126359462738037,3.7170543670654297,2.422659397125244,4.752780914306641,8.2892484664917,2.5426230430603027,5.756618976593018,3.2350194454193115,5.7567901611328125,7.052455425262451,10.114660263061523,1.103979229927063,0.953547477722168,4.282513618469238,7.223761081695557,8.937664031982422,14.089216232299805,-0.8442297577857971,-2.6058740615844727,1.7315616607666016,2.8179237842559814,3.5319206714630127,5.65859842300415
243.5,0.0,0.0,0.0,0.0,0.0,0,7.133916854858398,6.865946292877197,12.62286376953125,14.102300643920898,4.194269180297852,-1.8639118671417236,3.550640821456909,4.469908237457275,5.694151401519775,4.01013936060431,117.69726451530184,0.5621230864042509,0.512087897820969,120.27147665108029,46.98954048883377,46.98954048883377,0.3084736168384552,0.04324042175904451,0.677912712097168,0.4395449757575989,0.49484567901234566,0.5051543209876543,0.2580753266811371,0.03617581978539051,0.5692350268363953,0.4129660725593567,-2.2364710569381714,1.546617031097412,0.08925151824951172,0.294558203592757,-0.00258319357753279,-0.5173564553260803,1.7483429908752441,0.8252657651901245,2.4869608879089355,2.829049587249756,5.869377136230469,2.5696334838867188,2.681110143661499,2.906484603881836,4.013253211975098,5.299813270568848,10.127586364746094,-4.111036777496338,4.793123722076416,4.658121109008789,4.79624605178833,7.174832820892334,10.74586009979248,-0.5347084999084473,9.453155517578125,1.8996825218200684,9.453155517578125,9.71397590637207,15.271439552307129,0.9456815719604492,6.744116306304932,4.444507122039795,7.315160274505615,9.23005199432373,12.615535736083984,-4.6767354011535645,-0.4707629978656769,4.679098129272461,3.6127500534057617,6.250296592712402,10.875406265258789,0.7392401695251465,7.3426127433776855,1.5488903522491455,7.347394943237305,7.613138198852539,13.309666633605957,-3.7595291137695312,3.678544282913208,4.931892395019531,3.8947627544403076,7.033162593841553,11.760408401489258,-7.430395603179932,-4.0144758224487305,7.430395603179932,4.389379978179932,9.060931205749512,14.977093696594238
244.0,0.0,0.0,0.0,0.0,0.0,0,6.227573871612549,5.993756294250488,10.878829002380371,12.117500305175781,3.6637144088745117,-2.202903985977173,-1.8361599445343018,4.099770545959473,5.2127814292907715,2.8677986877300725,219.8118120626768,0.46050014770639625,0.3278424810931618,225.15413967683673,104.88266302575641,104.88266302575641,0.2786604166030884,0.04474621700227474,0.5962148904800415,0.38193947076797485,0.5001080246913581,0.499891975308642,0.23086383938789368,0.03707122662470929,0.5040715336799622,0.3492039740085602,-0.3389921188354492,-5.386800765991211,-0.9063429832458496,-0.1842454167278072,0.0015057952432302318,0.8860576152801514,-1.5366790294647217,1.2971535921096802,2.661416530609131,3.168610095977783,5.950915336608887,0.9749445915222168,2.930910587310791,4.903829097747803,3.4878640174865723,6.321648597717285,9.22900390625,-3.321021318435669,-7.792243003845215,3.79984450340271,7.822966575622559,9.079090118408203,11.785470962524414,-0.7053518295288086,2.6126351356506348,2.414576768875122,3.351195812225342,4.288881301879883,8.503876686096191,-2.028102397918701,-1.7083452939987183,3.1288530826568604,2.345862865447998,4.262413024902344,8.031877517700195,-4.648563385009766,-6.438690185546875,4.7202911376953125,6.439551830291748,8.191143989562988,11.098954200744629,-2.560012102127075,0.6000024676322937,2.912663221359253,4.501684188842773,5.8893961906433105,9.910940170288086,-3.5719921588897705,1.0337512493133545,4.457059860229492,2.9691522121429443,5.9380202293396,10.099864959716797,-4.852094650268555,-6.226780414581299,4.865040302276611,6.425353527069092,8.908957481384277,12.887238502502441
244.5,0.0,0.0,0.0,0.0,0.0,0,6.751495838165283,5.8989458084106445,10.267956733703613,12.722350120544434,5.0536675453186035,2.802013874053955,2.0280942916870117,4.091708183288574,6.5127363204956055,3.458966349411959,35.89697447647724,0.512325924850445,0.40351762751541115,29.5747739113255,164.42063423448877,164.42063423448877,0.28343334794044495,0.04198081621518879,0.6134722232818604,0.40187567472457886,0.4953549382716049,0.5046450617283951,0.2619076371192932,0.038792529034267685,0.5440487265586853,0.45623457431793213,5.004917860031128,3.8642542362213135,0.5239219665527344,0.07567514642224937,-0.002765400787085953,2.282305955886841,2.4115231037139893,3.8418381214141846,3.2700281143188477,5.720529079437256,11.448832511901855,7.371277332305908,10.12911319732666,7.3712992668151855,11.943699836730957,14.789794921875,32.22450256347656,3.1302127838134766,-1.4521852731704712,3.1647040843963623,3.14518141746521,4.816686153411865,8.229738235473633,1.1074309349060059,-0.546265184879303,4.270602226257324,3.473562240600586,6.2566657066345215,10.515201568603516,5.415402412414551,2.506848096847534,5.511512756347656,4.154681205749512,7.429121494293213,10.91549015045166,2.8022000789642334,2.6477251052856445,2.9863033294677734,3.6809587478637695,5.1112165451049805,7.581381320953369,-0.3746569752693176,-0.23921294510364532,2.3297653198242188,4.652716159820557,5.598815441131592,8.614020347595215,3.4563019275665283,-0.9309868812561035,4.419867515563965,3.901561975479126,6.263550281524658,9.078174591064453,0.02765101194381714,3.726288080215454,1.7280977964401245,4.119018077850342,4.777083873748779,6.869204521179199
245.0,0.0,0.0,0.0,0.0,0.0,0,6.621636867523193,6.366442680358887,11.733962059020996,13.23631477355957,3.5336880683898926,0.5571178197860718,0.7600306272506714,3.9627599716186523,6.304088115692139,0.9423517493389796,53.75783012925221,0.1423140181487276,0.0999393704370195,47.20735116033935,17.63257724901385,17.63257724901385,0.26968586444854736,0.040727969400329446,0.5937842130661011,0.4073764979839325,0.5233487654320987,0.47665123456790126,0.243165984749794,0.03672293616998261,0.5140246748924255,0.40160951018333435,-2.2448960542678833,-1.2680636644363403,-0.12985897064208984,-0.30357825707839164,-0.0012528468148593416,-1.7174785137176514,2.3063693046569824,3.8485443592071533,6.056588172912598,7.731666564941406,11.688444137573242,2.2716987133026123,-2.342397451400757,2.3502538204193115,4.054466247558594,5.24810266494751,11.15500259399414,4.6557159423828125,2.9855856895446777,4.743196487426758,4.573192596435547,7.6656880378723145,12.554072380065918,-2.046276569366455,2.902954578399658,2.737504243850708,3.8751237392425537,5.111088275909424,9.043768882751465,0.8535176515579224,-1.072426199913025,2.7746951580047607,4.092648983001709,5.430081844329834,7.886749267578125,1.9097203016281128,-1.6983689069747925,2.0837936401367188,5.338642597198486,6.062987327575684,11.044351577758789,-1.641568899154663,4.8947906494140625,2.4273746013641357,7.307863712310791,8.071125030517578,14.104911804199219,-0.17728881537914276,0.9113576412200928,5.504167556762695,2.3552684783935547,6.261995315551758,9.450910568237305,0.9060206413269043,-2.0475902557373047,2.129310131072998,7.482965469360352,8.011993408203125,13.33572006225586
245.5,0.0,0.0,0.0,0.0,0.0,0,7.527998924255371,7.097939491271973,13.41335391998291,16.0631046295166,4.450854301452637,1.123358130455017,-4.647897243499756,4.892128944396973,5.448216438293457,4.7817237765676115,283.5873457100887,0.6351918783039138,0.5168958399271004,289.1265759595909,-118.08077520074846,118.08077520074846,0.3039415180683136,0.04037480355027738,0.6749294996261597,0.47975102066993713,0.5160185185185185,0.48398148148148146,0.27524176239967346,0.03656240238696587,0.5665022134780884,0.5404730439186096,0.5662403106689453,-5.407927870750427,0.9063620567321777,0.4169564694900809,-0.00035316585005206597,3.6891720294952393,-2.104389190673828,3.708542823791504,5.22244119644165,7.274240016937256,13.09292221069336,5.077372074127197,-7.763510227203369,5.367728233337402,7.765146255493164,9.687647819519043,18.760902404785156,0.16857405006885529,-4.849313259124756,2.9947397708892822,4.991189956665039,6.045225143432617,10.580587387084961,4.593432426452637,-3.327829360961914,4.885077476501465,4.637234210968018,8.084067344665527,11.271017074584961,1.2818851470947266,-6.816684722900391,3.5497889518737793,7.037353515625,8.230073928833008,14.741558074951172,-0.4880746006965637,-2.365905523300171,3.9797921180725098,3.6812446117401123,5.869278907775879,8.461981773376465,0.5041481256484985,-6.672181129455566,3.747267246246338,6.672181129455566,8.09322738647461,11.44370174407959,-2.5826096534729004,-3.983259439468384,3.7989273071289062,4.994588851928711,7.220430374145508,9.691838264465332,-2.1336750984191895,-3.9480056762695312,4.851264953613281,4.916118144989014,7.247800350189209,15.901714324951172
246.0,0.0,0.0,0.0,0.0,0.0,0,7.42100191116333,6.821789264678955,13.67832088470459,15.719411849975586,4.249880313873291,0.652199387550354,1.918399691581726,4.726294040679932,6.8329548835754395,2.026233307835482,71.22347959211272,0.27304039698297905,0.13663056166890514,68.45525470848982,139.32867874889888,139.32867874889888,0.3035873472690582,0.04090920740812205,0.6601155400276184,0.43937090039253235,0.4334104938271605,0.5665895061728395,0.24207673966884613,0.03262048843892688,0.5217887163162231,0.352378785610199,-0.4711587429046631,6.566296935081482,-0.10699701309204102,-0.3802652782581953,0.000534403857844673,5.806941032409668,4.014559268951416,6.285940170288086,5.33284330368042,8.595466613769531,13.242310523986816,2.229097604751587,3.561741352081299,4.097885608673096,4.09438943862915,6.172296047210693,10.412656784057617,-0.04541225731372833,10.968542098999023,2.74904727935791,10.995598793029785,11.731703758239746,17.16796112060547,3.214280128479004,-0.8808683156967163,5.230441093444824,3.0588042736053467,6.485339641571045,9.684613227844238,0.12151170521974564,-2.420250654220581,4.100549697875977,2.7713372707366943,5.43251371383667,9.536039352416992,0.7525337934494019,5.669092655181885,2.659747838973999,6.5753936767578125,7.496738433837891,12.662698745727539,-1.074833869934082,-2.2929883003234863,3.391899585723877,2.682934045791626,4.746954441070557,8.408735275268555,-3.8311967849731445,-6.3936357498168945,3.995999813079834,6.748812198638916,8.115528106689453,15.822731971740723,-1.303126573562622,5.039404392242432,3.5501255989074707,6.034757137298584,8.012480735778809,12.924895286560059
246.5,0.0,0.0,0.0,0.0,0.0,0,6.596563339233398,5.648588180541992,13.644411087036133,15.63696575164795,4.416222095489502,2.932312488555908,-0.9646480679512024,6.027792453765869,4.141785621643066,3.086908230826263,341.7902532666683,0.46795703642633407,0.28295927542111043,324.9009299584863,-103.5543247500035,103.5543247500035,0.288542240858078,0.04374129107510685,0.6128158569335938,0.4503351151943207,0.5301851851851852,0.4698148148148148,0.2330741137266159,0.03533265223237434,0.501676619052887,0.36446720361709595,2.280113101005554,-2.8830477595329285,-0.8244385719299316,0.1463287137522053,0.0028320836669848,-3.4377682209014893,-0.8337507247924805,3.4395060539245605,1.9691870212554932,4.140793800354004,7.7593841552734375,3.0876564979553223,0.6201153993606567,6.2526445388793945,3.152052164077759,7.642136096954346,17.344829559326172,2.52600359916687,-4.955921173095703,4.003630638122559,6.366809844970703,8.388432502746582,14.687688827514648,0.40700432658195496,-2.4786691665649414,3.2750697135925293,2.695997953414917,4.664053916931152,10.450761795043945,6.606949806213379,1.5664092302322388,7.359299182891846,2.0171453952789307,7.9918413162231445,17.453962326049805,0.8191424012184143,-2.8040573596954346,2.447376251220703,3.239433526992798,4.437130928039551,7.296652793884277,2.8900034427642822,-0.6828904151916504,4.208675861358643,1.472461223602295,4.831472396850586,12.420902252197266,10.444408416748047,2.1655032634735107,10.444408416748047,2.8577568531036377,11.116353988647461,15.028279304504395,3.0474109649658203,-1.278571367263794,4.016259670257568,4.18350076675415,6.156857967376709,9.389321327209473
247.0,0.0,0.0,0.0,0.0,0.0,0,6.732815265655518,6.824956893920898,10.537497520446777,11.733524322509766,3.2225778102874756,-1.3585245609283447,-2.1445958614349365,5.4990458488464355,4.362501621246338,2.5386768978208725,237.64720795685014,0.3770602337436482,0.3024969841410466,233.0738921502589,-91.8270378082274,91.8270378082274,0.2575872838497162,0.03825847515900348,0.5459612011909485,0.4076051712036133,0.5066358024691358,0.4933641975308642,0.2018318921327591,0.029977335511487988,0.44092851877212524,0.3262237310409546,-4.290837049484253,-1.1799477934837341,0.13625192642211914,0.019537708719936153,-0.005482815916103376,-5.941440105438232,-0.4665205776691437,5.946967124938965,1.6192864179611206,6.511036396026611,15.825998306274414,-0.0751814916729927,-5.825509071350098,2.7073476314544678,5.837718963623047,6.879647731781006,12.872486114501953,4.136410236358643,-0.6834698915481567,4.178028106689453,4.063032150268555,6.193610191345215,9.865767478942871,-7.499521255493164,2.248058557510376,7.499521255493164,3.3865559101104736,8.888728141784668,11.766382217407227,-1.3371014595031738,-5.15498685836792,3.210200786590576,5.244274616241455,6.795823574066162,10.597816467285156,3.4454939365386963,-1.0370272397994995,3.738980293273926,4.0860137939453125,5.818490505218506,8.654927253723145,-6.2920145988464355,0.5073426365852356,6.2920145988464355,1.698961853981018,6.597747325897217,9.412261009216309,-2.5412046909332275,-3.666828155517578,3.2970752716064453,3.666828155517578,5.429128170013428,10.06032657623291,3.8778390884399414,-5.222423553466797,3.9885406494140625,5.608452796936035,7.48112678527832,11.000715255737305
247.5,0.0,0.0,0.0,0.0,0.0,0,6.472935199737549,6.248331069946289,10.425439834594727,12.828895568847656,3.2239131927490234,-0.7950809001922607,-2.303258180618286,4.7891011238098145,4.839406490325928,2.436627153348578,250.95541096474102,0.37643311390594075,0.2823038679858944,252.95494268126689,19.881050531007986,19.881050531007986,0.24245283007621765,0.03745639113298353,0.5314995050430298,0.34787824749946594,0.5201234567901235,0.47987654320987655,0.20215845108032227,0.03123133688364161,0.44155335426330566,0.3107145428657532,0.563443660736084,-0.1586623191833496,-0.25988006591796875,-0.02019311615515218,-0.0008020840260199447,-1.1335885524749756,0.949340283870697,2.6758980751037598,1.4495058059692383,3.2477869987487793,6.526322364807129,-0.5750073194503784,-6.7921905517578125,2.0253376960754395,6.806399822235107,7.481666564941406,14.163215637207031,-0.4964144825935364,-0.3581688702106476,3.0765206813812256,4.549084663391113,5.706220626831055,8.747049331665039,-3.422701358795166,2.9272191524505615,6.324062824249268,4.097360134124756,8.086376190185547,10.783782958984375,-1.0141056776046753,-7.885481834411621,3.4897007942199707,7.885481834411621,9.187280654907227,14.209980964660645,3.784456729888916,-2.972083806991577,4.15378999710083,3.331998586654663,6.0447540283203125,8.672574043273926,-6.403918266296387,0.3449087142944336,6.4041242599487305,2.340447425842285,7.064801216125488,10.9232816696167,-0.6392366290092468,-4.539133548736572,4.120561599731445,4.540539741516113,6.642195701599121,10.541131019592285,2.7447879314422607,-2.403733253479004,2.779571771621704,3.5127031803131104,4.7953267097473145,6.8540730476379395
248.0,0.0,0.0,0.0,0.0,0.0,0,6.139124870300293,5.674853324890137,11.416000366210938,13.401352882385254,3.5660009384155273,1.8247320652008057,-1.1463773250579834,3.835695505142212,5.572146892547607,2.1549543106941025,327.8611461266087,0.35101978803514605,0.31945974739103095,346.15788324340656,93.2029405621397,93.2029405621397,0.266406774520874,0.043394903468210344,0.5896087288856506,0.3684558570384979,0.48932098765432097,0.510679012345679,0.22672583162784576,0.03693128898442924,0.4989146292209625,0.33085793256759644,2.6198129653930664,1.1568808555603027,-0.33381032943725586,0.03715587940513654,0.0059385123352268115,2.9632747173309326,2.6897835731506348,3.0914359092712402,3.9023096561431885,5.489096164703369,8.189143180847168,-0.5109697580337524,1.4970179796218872,2.6715776920318604,2.4769649505615234,3.9439918994903564,6.0569562911987305,2.4304380416870117,-0.8483080863952637,2.8409154415130615,5.7998151779174805,6.7034807205200195,9.495453834533691,5.580261707305908,1.8784735202789307,5.983066558837891,3.6654789447784424,7.716528415679932,12.71664810180664,0.8843078017234802,-0.9966616630554199,3.2206997871398926,4.512698173522949,5.957942485809326,10.545469284057617,1.4436750411987305,-1.7389057874679565,2.3191123008728027,3.978405475616455,5.121120929718018,9.829392433166504,2.6638195514678955,-0.9685163497924805,4.274500370025635,2.5397489070892334,5.433975696563721,10.530921936035156,1.4421906471252441,-6.709637641906738,3.3318557739257812,7.512643814086914,9.300399780273438,14.851140022277832,-0.47440919280052185,-5.120641231536865,1.901436686515808,5.1232147216796875,5.585586071014404,12.784618377685547
248.5,0.0,0.0,0.0,0.0,0.0,0,7.111851692199707,6.44302225112915,13.107463836669922,14.61793327331543,4.179897308349609,0.656086266040802,2.4123239517211914,4.794164180755615,6.2302656173706055,2.499951206830867,74.78512955240059,0.3515190297869707,0.29429674859209304,94.95230955957447,108.79442631616791,108.79442631616791,0.27905070781707764,0.03923741391932104,0.5967313051223755,0.3710660934448242,0.4622067901234568,0.5377932098765432,0.20966345071792603,0.02948084835163772,0.46237489581108093,0.2938046455383301,-1.1686457991600037,3.558701276779175,0.9727268218994141,-0.025162998798937908,-0.004157489548889302,0.02783355675637722,-3.32189679145813,2.3433284759521484,7.617040157318115,8.406848907470703,13.556001663208008,5.066184043884277,6.839381694793701,6.391478061676025,6.840773105621338,9.626173973083496,17.1070613861084,0.05313181132078171,5.591189384460449,6.350996017456055,5.591189384460449,8.977750778198242,12.2324857711792,-0.2291688472032547,0.36065056920051575,2.1008431911468506,5.7725067138671875,6.613649845123291,11.514012336730957,1.7699202299118042,7.311957359313965,5.236169815063477,7.332180023193359,9.451069831848145,15.369179725646973,0.511579155921936,3.2856857776641846,2.4395828247070312,3.7412338256835938,4.905666351318359,8.044076919555664,-0.9164831042289734,0.7224640846252441,2.192007303237915,2.1060285568237305,3.2729105949401855,5.495257377624512,-0.35322725772857666,5.128434181213379,4.002476215362549,5.129015922546387,7.084624767303467,10.537480354309082,-0.024992607533931732,-4.206949710845947,1.5765761137008667,5.002453327178955,5.667972087860107,13.651209831237793
249.0,0.0,0.0,0.0,0.0,0.0,0,4.9905686378479,4.668375015258789,8.995323181152344,10.037982940673828,2.97349214553833,2.4683825969696045,-1.0893354415893555,4.001599311828613,3.2334299087524414,2.698066779997316,336.18738999070894,0.5406331373814773,0.35873542691610183,336.30671138567885,-118.64559817389562,118.64559817389562,0.25177618861198425,0.05045039081361432,0.5441709756851196,0.34882575273513794,0.5216049382716049,0.4783950617283951,0.1913873553276062,0.03834980156897255,0.4198809564113617,0.26578953862190247,1.8122963309288025,-3.501659393310547,-2.1212830543518066,0.06443867832400879,0.011212976894293278,1.7588050365447998,0.13324038684368134,4.754103660583496,2.152920722961426,5.413354873657227,8.920660018920898,2.145021677017212,1.710096836090088,2.848897933959961,2.234567165374756,4.123326301574707,8.536993980407715,2.4303553104400635,-1.62119722366333,3.911677837371826,2.3391740322113037,4.889956474304199,8.963750839233398,3.093907117843628,-1.7384190559387207,3.907766580581665,2.3920114040374756,4.895259380340576,8.301961898803711,0.8259862065315247,-1.7745323181152344,2.038878917694092,4.051323890686035,4.749239444732666,8.965476036071777,3.223389148712158,-0.6501079797744751,3.70847225189209,1.6525447368621826,4.578996181488037,8.732669830322266,5.12209939956665,-1.3413629531860352,5.177135467529297,3.121948719024658,6.450101852416992,11.293184280395508,0.4157925844192505,-3.714857339859009,2.34065842628479,4.141082763671875,5.145824432373047,8.395833969116211,3.200087785720825,-0.806879460811615,3.370021343231201,2.1481478214263916,4.669058799743652,8.077228546142578
249.5,0.0,0.0,0.0,0.0,0.0,0,5.906797885894775,5.509190559387207,10.841167449951172,12.175737380981445,3.41207218170166,-0.24738164246082306,3.600285053253174,3.509709596633911,4.603388786315918,3.6087740496884564,93.93071114721695,0.610952688648122,0.560845356582006,95.61957666597661,119.31286528029773,119.31286528029773,0.24468062818050385,0.041423558327809744,0.5337319374084473,0.3475643992424011,0.47626543209876543,0.5237345679012345,0.2103606015443802,0.035613300132278716,0.46937236189842224,0.3063054382801056,-2.7157642394304276,4.689620494842529,0.916229248046875,0.20210992966590413,-0.009026832485804576,2.417646646499634,9.034581184387207,3.1336095333099365,9.034581184387207,9.789457321166992,13.147342681884766,0.28638511896133423,2.3359146118164062,2.0489587783813477,2.353323459625244,3.5094902515411377,7.524612903594971,0.04495621100068092,2.9052634239196777,1.901978611946106,3.0587618350982666,3.7756896018981934,6.490113735198975,-0.35968634486198425,6.594117164611816,2.3603227138519287,8.23080062866211,8.978683471679688,13.63150405883789,1.7697314023971558,3.6125597953796387,2.3230652809143066,3.6533749103546143,4.623361587524414,8.374922752380371,-1.9060105085372925,3.130483627319336,3.201854944229126,3.3981716632843018,4.868930339813232,9.220197677612305,-2.5178956985473633,-0.06865914165973663,4.628213405609131,5.616373538970947,7.902128219604492,11.234121322631836,1.2494549751281738,2.7220120429992676,2.7703933715820312,3.723149299621582,5.126389026641846,7.48396635055542,-3.211016893386841,2.1362931728363037,3.276684045791626,2.848440647125244,4.587052822113037,7.192267417907715
250.0,0.0,0.0,0.0,0.0,0.0,0,6.274369239807129,5.6411943435668945,11.977540969848633,13.273781776428223,4.047770977020264,-2.408223867416382,0.8814876079559326,5.9615068435668945,3.6926987171173096,2.564480960852271,159.89574457200573,0.4087233095212455,0.26450376026326533,160.65074141715908,65.03116475118247,65.03116475118247,0.299387663602829,0.047715970234493525,0.69888836145401,0.46702295541763306,0.5086574074074074,0.4913425925925926,0.2584429979324341,0.04119026899190101,0.5977507829666138,0.417121946811676,-2.1608422249555588,-2.718797445297241,0.3675713539123535,-0.29634159631874063,0.006292411906683781,-4.246317386627197,-0.1796630173921585,6.29689884185791,1.5915595293045044,6.618605136871338,11.55927848815918,-6.402568340301514,-0.9002681970596313,6.402616024017334,1.4252185821533203,6.693668842315674,16.762054443359375,-4.2116827964782715,0.5571579337120056,4.686679840087891,2.305530548095703,5.580185413360596,9.022968292236328,-1.1850683689117432,-1.1371663808822632,3.029634952545166,1.8683176040649414,3.862847328186035,7.582833290100098,-3.6018710136413574,3.782665491104126,5.960387229919434,4.317548751831055,8.220269203186035,13.164780616760254,-6.906277179718018,0.22495050728321075,6.943165302276611,1.6223663091659546,7.260096073150635,11.275755882263184,0.9845966696739197,3.606274366378784,2.9074714183807373,5.116233825683594,6.9652204513549805,12.612147331237793,2.297536849975586,3.807058334350586,5.046382904052734,3.8437278270721436,6.77584981918335,10.80413818359375,1.597633957862854,-1.8276207447052002,3.5426182746887207,2.1178455352783203,4.492581367492676,8.28253173828125
250.5,0.0,0.0,0.0,0.0,0.0,0,5.782182693481445,5.133129119873047,11.327301025390625,12.922986030578613,3.678765058517456,1.7933661937713623,-0.6899651288986206,4.707763195037842,4.5947465896606445,1.9215135138890056,338.9566751595686,0.33231629226368575,0.23512784022871183,329.76024677166316,169.1095053545041,169.1095053545041,0.2905622124671936,0.050251293952276094,0.6407572627067566,0.3966207206249237,0.47129629629629627,0.5287037037037037,0.22244630753993988,0.03847098593403649,0.49645301699638367,0.31001871824264526,4.201590061187744,-1.5714527368545532,-0.4921865463256836,-0.0293759200345535,0.0025353237177825685,5.682213306427002,-3.070521831512451,5.6831207275390625,3.616037368774414,7.022938251495361,12.160364151000977,0.7967875599861145,-0.7910020351409912,1.3739423751831055,1.5514730215072632,2.344025135040283,5.605471134185791,-0.5498432517051697,0.264946311712265,2.946364402770996,2.759228229522705,4.366257667541504,7.349816799163818,5.309469223022461,4.424400806427002,5.957335948944092,4.562893390655518,8.72891616821289,12.08171558380127,-0.9236276745796204,0.49521613121032715,2.1396028995513916,2.8568036556243896,3.864267110824585,7.185740947723389,0.03677276521921158,-0.4254925549030304,2.5930681228637695,3.2295949459075928,4.584936141967773,6.995057106018066,6.572327613830566,2.7042593955993652,7.480082035064697,3.4367053508758545,8.684317588806152,14.155152320861816,-1.6723155975341797,-2.5653271675109863,3.149165630340576,2.670250415802002,4.614823818206787,8.352314949035645,0.8885113000869751,-7.246165752410889,2.128286361694336,7.290487766265869,7.82915735244751,12.734875679016113
251.0,0.0,0.0,0.0,0.0,0.0,0,6.493202209472656,5.808707237243652,12.305272102355957,13.96051025390625,3.9431090354919434,-0.7178901433944702,-2.9563252925872803,4.071869850158691,5.645744800567627,3.042240209709648,256.350945613361,0.4685269473467888,0.32257641856219915,259.92221146319366,-69.8380353084695,69.8380353084695,0.2779269218444824,0.042802745097985956,0.6101550459861755,0.4026757478713989,0.43689814814814815,0.5631018518518518,0.2506653368473053,0.038604264915291786,0.5419168472290039,0.396509051322937,-2.5112563371658325,-2.2663601636886597,0.7110195159912109,0.08744857833348732,-0.007448548854290138,3.634110689163208,2.6438562870025635,4.349092960357666,3.4454281330108643,5.929896831512451,9.291143417358398,-0.018889397382736206,-3.251741886138916,1.8529691696166992,4.186182498931885,5.0375261306762695,11.236695289611816,-0.053149133920669556,1.5221859216690063,1.4541280269622803,2.639223575592041,3.252126693725586,5.374155044555664,-1.2703585624694824,-5.407507419586182,2.9366250038146973,5.735172748565674,6.943521976470947,12.754101753234863,-2.449169635772705,-3.9654428958892822,4.213962554931641,6.50563383102417,8.886123657226562,12.696366310119629,0.5085433721542358,-0.6179192662239075,1.9734752178192139,2.487931251525879,3.533074378967285,5.327832221984863,-3.8016247749328613,-7.792657375335693,3.8175461292266846,8.060005187988281,9.820603370666504,15.877181053161621,-3.9568872451782227,-3.8352272510528564,5.379491806030273,4.558412075042725,8.59703254699707,13.043893814086914,0.9464129209518433,-5.9024739265441895,1.9346400499343872,5.90260648727417,6.438914775848389,10.766093254089355
251.5,0.0,0.0,0.0,0.0,0.0,0,5.71942663192749,5.135067939758301,10.955842018127441,13.113757133483887,3.7424285411834717,-2.672433853149414,-1.7619636058807373,5.05702543258667,3.301164388656616,3.201002725382669,213.39728263599577,0.5596719621358106,0.49212784167941837,218.66106053806308,-41.26115092513058,41.26115092513058,0.2730814218521118,0.04774628501769876,0.5844578146934509,0.436370849609375,0.5246759259259259,0.47532407407407407,0.22779399156570435,0.03982810977344879,0.47468864917755127,0.38479891419410706,-1.9545437097549438,1.194361686706543,-0.773775577545166,0.1695514231172192,0.004943539919712803,-0.08974173665046692,-1.6817967891693115,3.162654399871826,2.8484268188476562,4.652288436889648,7.816018581390381,-4.8736724853515625,-2.0504305362701416,4.876835823059082,2.5819034576416016,5.763734817504883,16.264575958251953,1.6470321416854858,-3.529336929321289,3.1400861740112305,3.9959325790405273,5.811389446258545,9.663268089294434,0.07508579641580582,-2.04520845413208,2.100928783416748,2.6395788192749023,3.7781012058258057,6.733884334564209,-7.13491678237915,0.4384290874004364,7.214215278625488,2.3021600246429443,7.927741050720215,13.19729232788086,-1.9724419116973877,-3.1736512184143066,2.910521984100342,3.2313473224639893,4.950325012207031,6.991142272949219,-0.8539639711380005,-1.3097257614135742,2.3486855030059814,2.637768030166626,3.887004852294922,5.945098876953125,-9.070134162902832,0.43765372037887573,9.113961219787598,1.3896055221557617,9.324518203735352,14.292991638183594,-1.7791519165039062,-2.9436051845550537,2.8962900638580322,3.7075860500335693,5.379734039306641,9.701096534729004
252.0,0.0,0.0,0.0,0.0,0.0,0,5.437366485595703,4.669201850891113,12.347818374633789,14.456198692321777,4.092953205108643,-1.42474365234375,1.6741125583648682,4.463474273681641,4.643497943878174,2.1983055595091354,130.39924947184878,0.4042960071447704,0.23787248043139167,114.31397108347218,-104.3470894545909,104.3470894545909,0.2513827979564667,0.04623244587061892,0.5517919063568115,0.3826574385166168,0.5568827160493827,0.4431172839506173,0.2126545011997223,0.03910982690853099,0.49493348598480225,0.3369656205177307,1.247690200805664,3.4360761642456055,-0.2820601463317871,-0.2542553612480267,-0.0015138391470798374,-4.411543846130371,2.6403379440307617,4.422698974609375,4.984841346740723,6.946258544921875,14.613399505615234,1.3070266246795654,-2.208137273788452,2.400153875350952,2.6245672702789307,3.807870388031006,7.153232574462891,2.217165231704712,1.2107057571411133,2.837244749069214,2.561180830001831,4.0552473068237305,7.393187046051025,-6.740907669067383,4.850863933563232,6.7666449546813965,6.836836814880371,10.868990898132324,15.79079818725586,1.6293834447860718,-0.23405271768569946,3.058664321899414,1.7809594869613647,3.942352533340454,6.700916767120361,-0.3470708429813385,0.9309760928153992,1.6365132331848145,1.621712565422058,2.5503532886505127,4.516252040863037,-5.4362921714782715,3.4097814559936523,5.917713642120361,4.50291109085083,7.943091869354248,13.015251159667969,0.6771238446235657,1.3548153638839722,2.3490171432495117,3.0248756408691406,4.060636520385742,6.717933177947998,-1.7175767421722412,3.1117231845855713,2.9549505710601807,3.3470535278320312,4.761495113372803,7.021892547607422
252.5,0.0,0.0,0.0,0.0,0.0,0,6.682873725891113,6.691405296325684,11.36085033416748,12.836437225341797,3.4949429035186768,1.4039348363876343,-1.4114049673080444,4.2998948097229,5.86713171005249,1.9907528743077567,314.847973601925,0.2978887460637009,0.27036433354345796,308.4494867151534,-165.8644843683188,165.8644843683188,0.28860345482826233,0.04318552519174735,0.6366531252861023,0.4323238730430603,0.551358024691358,0.44864197530864197,0.23865081369876862,0.03571080163663344,0.5198326110839844,0.3996675908565521,2.8286784887313843,-3.0855175256729126,1.2455072402954102,0.03249185311206629,-0.0030469206788715716,4.462026596069336,-3.184471607208252,4.463873863220215,3.3975255489349365,6.40342903137207,10.410204887390137,1.1774202585220337,-7.5693359375,3.6439108848571777,7.569421768188477,8.635476112365723,14.293830871582031,1.1305406093597412,-1.342370629310608,4.7339701652526855,2.762599229812622,5.941073894500732,9.664251327514648,2.9504690170288086,-0.5161371231079102,4.191467761993408,5.064481258392334,7.300275802612305,10.72707748413086,1.4137732982635498,-5.641294479370117,3.0539393424987793,5.722886085510254,6.733483791351318,10.77062702178955,0.4903516173362732,3.5279030799865723,3.7858707904815674,4.181725978851318,6.237411975860596,8.387213706970215,0.3358832597732544,-0.8920494318008423,3.4322140216827393,2.793276071548462,4.714689254760742,7.2765302658081055,1.2099403142929077,-4.049614906311035,3.2830376625061035,4.870397090911865,6.315017223358154,11.103869438171387,-0.5349921584129333,6.964725494384766,2.5268874168395996,6.968434810638428,7.8650054931640625,12.579015731811523
253.0,0.0,0.0,0.0,0.0,0.0,0,7.69987154006958,7.348684310913086,13.551912307739258,14.913028717041016,4.275390625,1.905149221420288,-2.9702980518341064,4.538292407989502,6.67222785949707,3.5287765688135906,302.6761131705166,0.4582903169812756,0.3638256887701849,289.98457038745187,-18.46491632770153,18.46491632770153,0.30911344289779663,0.040145267507896085,0.6715821623802185,0.4486668109893799,0.4434567901234568,0.5565432098765432,0.253837525844574,0.03296645814896569,0.537316620349884,0.4041578769683838,0.5012143850326538,-1.558893084526062,1.0169978141784668,0.09346135522672694,-0.003040257683851265,3.598848819732666,-5.115778923034668,4.06384801864624,7.217739582061768,8.712769508361816,13.148983001708984,1.431249976158142,0.8712435960769653,2.119551181793213,4.487938404083252,5.301552772521973,10.842327117919922,2.2505381107330322,5.508951187133789,3.5376081466674805,6.079765796661377,7.644169807434082,12.12265682220459,4.037064552307129,-6.553564548492432,4.9026288986206055,7.257509708404541,9.379685401916504,15.214560508728027,2.891353130340576,-3.9598796367645264,3.597656726837158,5.399086952209473,7.014761447906494,11.85604190826416,-1.791944146156311,2.82507061958313,4.4131340980529785,3.483248233795166,6.109994888305664,10.618585586547852,4.551870346069336,-8.044123649597168,5.000253677368164,8.044336318969727,9.855828285217285,15.397814750671387,2.865978240966797,-7.851272106170654,3.880786657333374,7.852791786193848,9.131688117980957,15.766246795654297,-2.6886143684387207,-4.413329601287842,3.6868364810943604,4.451056957244873,6.14839506149292,9.62498950958252
253.5,0.0,0.0,0.0,0.0,0.0,0,7.274508953094482,6.706780433654785,12.918468475341797,16.91221809387207,4.607786655426025,4.784482479095459,-1.2347668409347534,3.8994362354278564,5.876108169555664,4.941246982720396,345.52901332674344,0.6792550555070048,0.6355098453839992,344.9491081846166,54.96453779716472,54.96453779716472,0.28036627173423767,0.038540915270172046,0.6111674904823303,0.4424281120300293,0.5199537037037038,0.4800462962962963,0.24333065748214722,0.033449766245578855,0.5548277497291565,0.40583541989326477,2.879333257675171,1.735531210899353,-0.42536258697509766,0.27168415661381434,-0.0016043522377240382,0.1924615204334259,-3.0249621868133545,1.4888060092926025,3.165076494216919,3.7323246002197266,8.480223655700684,5.9759297370910645,-1.5252219438552856,5.975998401641846,6.283435344696045,8.982792854309082,19.905248641967773,4.824345588684082,-0.4661944508552551,4.824345588684082,2.0470316410064697,5.4818315505981445,10.001535415649414,4.098546028137207,-2.1938934326171875,4.332151889801025,2.9706478118896484,5.847845077514648,11.144911766052246,6.621599197387695,-5.6329193115234375,6.621599197387695,6.320371150970459,9.415943145751953,16.996231079101562,5.167055130004883,1.0395971536636353,5.167055130004883,3.2729015350341797,6.441067218780518,8.507883071899414,4.285286903381348,0.6197579503059387,4.440133094787598,3.8127565383911133,6.444089412689209,10.495394706726074,6.5130934715271,-5.158807277679443,6.779725551605225,7.928071975708008,11.073480606079102,18.8614444732666,5.382023811340332,5.229742527008057,5.387381553649902,5.315871715545654,8.051204681396484,11.668319702148438
254.0,0.0,0.0,0.0,0.0,0.0,0,8.127714157104492,7.693911552429199,14.162860870361328,16.338293075561523,4.500242710113525,2.2388386726379395,4.477849006652832,5.587233066558838,5.480074405670166,5.006349001865628,63.43582741867635,0.615960269406072,0.49970706407092785,71.73971869143712,86.79061050682054,86.79061050682054,0.2768986225128174,0.034068445702206775,0.601405143737793,0.391365110874176,0.48787037037037034,0.5121296296296296,0.25489363074302673,0.03136104376396883,0.5646077394485474,0.36715492606163025,-2.5456438064575195,5.7126158475875854,0.8532052040100098,-0.13580278131307139,-0.004472469567965272,6.53919792175293,-1.0395740270614624,7.0184807777404785,2.656658172607422,7.905097484588623,12.474681854248047,1.7964982986450195,3.381596565246582,3.8206188678741455,4.300276279449463,6.254044532775879,13.651616096496582,-0.17342105507850647,3.919717788696289,3.0978922843933105,4.537232875823975,6.038553714752197,9.43665885925293,8.461639404296875,2.2278361320495605,8.514863014221191,2.6203174591064453,9.272612571716309,13.659955978393555,0.5247244834899902,10.009212493896484,3.243769884109497,10.009212493896484,11.011737823486328,19.810060501098633,-1.9254413843154907,7.0819525718688965,2.764225482940674,7.139996528625488,8.11218547821045,11.95789909362793,6.71897554397583,1.044235348701477,7.183352947235107,2.007432699203491,7.755295276641846,15.103466033935547,1.3661032915115356,10.124811172485352,2.4893646240234375,10.141006469726562,10.634058952331543,19.067886352539062,-3.1587276458740234,3.5508549213409424,3.709834098815918,4.178096294403076,6.1658430099487305,10.001167297363281
254.5,0.0,0.0,0.0,0.0,0.0,0,8.395577430725098,8.166913986206055,13.510947227478027,14.665239334106445,3.648871421813965,-0.12189862877130508,-3.579057216644287,5.5434441566467285,6.3439507484436035,3.5811324794972155,268.04932477725885,0.42654987212570145,0.37096135126384366,275.0580407783449,-156.68167791309224,156.68167791309224,0.2903478741645813,0.03458342704559845,0.62480628490448,0.4173436462879181,0.5379012345679013,0.46209876543209877,0.26067447662353516,0.031049019287289488,0.581852912902832,0.39513859152793884,-2.3607373014092445,-8.05690622329712,0.26786327362060547,-0.1287457128070842,0.0005149813433916739,-2.145334243774414,-9.93130111694336,6.558073043823242,9.93130111694336,12.652018547058105,14.860642433166504,3.920344352722168,2.222092390060425,3.9964160919189453,6.350865364074707,7.960358142852783,13.098115921020508,-0.9127461314201355,-1.5221861600875854,4.558480739593506,6.514986991882324,8.281279563903809,14.27444839477539,-2.558054208755493,-7.147654056549072,6.39484167098999,7.147654056549072,10.799836158752441,14.16874885559082,1.660726547241211,-2.1733367443084717,3.5378406047821045,5.5277557373046875,7.36046028137207,11.134932518005371,1.450998306274414,-2.7437808513641357,2.563297986984253,3.722904682159424,5.182652473449707,8.44214916229248,-3.8057963848114014,-4.958835601806641,5.817345142364502,5.526375770568848,9.799860954284668,14.83971881866455,-0.9705976843833923,-3.063398599624634,3.109361410140991,6.221693992614746,7.467315196990967,11.970174789428711,2.263371706008911,-2.893113613128662,2.702606439590454,5.056093692779541,6.056423664093018,8.603860855102539
255.0,0.0,0.0,0.0,0.0,0.0,0,6.975103378295898,6.710506439208984,10.410943984985352,12.592022895812988,3.148519277572632,-0.45651745796203613,-3.2859508991241455,5.295493125915527,4.417816638946533,3.3175113414845923,262.0905212705031,0.4756218168475519,0.4101349208655084,266.870561303517,-8.18747947482791,8.18747947482791,0.26114001870155334,0.03743886894569354,0.5551000237464905,0.37808290123939514,0.47501543209876546,0.5249845679012346,0.22709247469902039,0.032557573676696976,0.4724796414375305,0.3695162236690521,-0.33461882919073105,0.2931063175201416,-1.4204740524291992,0.03917356960166474,0.002855441900095089,3.4987690448760986,-7.474828720092773,3.7919938564300537,7.489662170410156,8.841361045837402,13.220887184143066,-5.6037445068359375,-1.878148078918457,5.731790542602539,4.720264434814453,7.7189836502075195,14.331088066101074,0.43426579236984253,1.737059473991394,4.210532188415527,4.285583972930908,6.327032566070557,9.104395866394043,5.149862289428711,-4.77136754989624,5.168857574462891,4.970068454742432,7.534578800201416,12.250762939453125,-6.312414169311523,-4.6936492919921875,6.452823162078857,4.868578910827637,8.548677444458008,12.027584075927734,1.344048023223877,-3.1350574493408203,4.101623058319092,4.052672863006592,6.089324951171875,8.856242179870605,3.6390581130981445,-0.5185851454734802,3.9167604446411133,2.1992504596710205,4.751855373382568,7.4315900802612305,-5.345471382141113,-5.436730861663818,5.345471382141113,5.437094211578369,7.843324661254883,9.97465991973877,-0.913030207157135,-3.402252435684204,3.140505313873291,3.4474008083343506,5.120789051055908,7.279147624969482
255.5,0.0,0.0,0.0,0.0,0.0,0,5.1000471115112305,4.832697868347168,8.466179847717285,9.975120544433594,2.9574949741363525,1.9021782875061035,-0.9888243675231934,3.3485608100891113,4.352969169616699,2.143841381088465,332.53287963658414,0.42035717204447715,0.3339450882868986,328.4095452542292,61.538983950712236,61.538983950712236,0.25541773438453674,0.050081436253128234,0.5532863140106201,0.3843678832054138,0.5008796296296296,0.4991203703703704,0.21818901598453522,0.042781756409721816,0.46950697898864746,0.37121152877807617,2.3586957454681396,2.297126531600952,-1.875056266784668,-0.07618983257860978,0.012642567307434696,1.2234562635421753,0.7979261875152588,1.6973638534545898,4.099034786224365,4.6654276847839355,7.351395130157471,1.0350635051727295,1.8694415092468262,1.3220160007476807,2.814988851547241,3.513974905014038,7.363351821899414,5.335360050201416,-2.4437005519866943,5.629803657531738,2.5931975841522217,6.714531898498535,9.763930320739746,-0.6803337931632996,-0.8715083599090576,2.703287124633789,1.976699948310852,3.6306488513946533,5.566085338592529,3.2250778675079346,1.3799192905426025,3.259437084197998,2.1683318614959717,4.267950534820557,7.30941104888916,1.5350903272628784,-3.696377754211426,2.868525505065918,3.7444405555725098,5.041290283203125,7.0276288986206055,-1.7374944686889648,0.5725609660148621,2.593515157699585,3.0770020484924316,4.61459493637085,6.7973737716674805,4.739050388336182,0.1770593822002411,4.740257740020752,3.0767855644226074,6.026748180389404,8.965524673461914,2.4443342685699463,-6.684739589691162,2.834735631942749,6.6882734298706055,7.425257205963135,12.51451587677002
256.0,0.0,0.0,0.0,0.0,0.0,0,6.161525726318359,6.319520473480225,10.475001335144043,11.759469032287598,3.316556453704834,0.2817019820213318,-2.089190721511841,5.146297454833984,4.246821880340576,2.108097217285273,277.67932326841697,0.3421388323156293,0.29838288004769287,275.827026473454,-52.58251878077522,52.58251878077522,0.2608165144920349,0.04232985201183704,0.5901545286178589,0.37988877296447754,0.4653395061728395,0.5346604938271605,0.2188604325056076,0.03552048740951924,0.49992305040359497,0.32422709465026855,-1.6204763054847717,-1.1003663539886475,1.061478614807129,-0.03556220823920575,-0.007751584241291194,-4.202944278717041,0.1575017273426056,4.241954803466797,1.0735762119293213,4.668441295623779,12.268373489379883,1.1962394714355469,0.15863746404647827,2.3908278942108154,3.4664392471313477,4.411009788513184,8.538086891174316,1.1277695894241333,-5.88065767288208,1.6205281019210815,5.88065767288208,6.366871356964111,10.26739501953125,-0.13518832623958588,0.5265108346939087,4.451179027557373,1.8641680479049683,5.068098068237305,9.48825454711914,1.748837947845459,-0.9491842985153198,6.116884231567383,2.7364115715026855,7.034430503845215,10.10429573059082,-1.7315574884414673,-5.861814022064209,3.5078537464141846,5.861814022064209,7.06220817565918,10.27250862121582,0.5025913715362549,2.1067757606506348,4.316305160522461,3.700758457183838,6.166256427764893,9.738163948059082,3.8884098529815674,-4.869996070861816,6.9595136642456055,5.125760555267334,8.950023651123047,12.691146850585938,0.14115984737873077,-4.190489768981934,3.130363941192627,4.425047397613525,5.7263946533203125,9.197870254516602
256.5,0.0,0.0,0.0,0.0,0.0,0,7.681737899780273,6.854866981506348,15.14760684967041,16.45299530029297,4.621667385101318,-2.5053467750549316,-1.2317047119140625,7.07001256942749,4.7528910636901855,2.7917483698624146,206.18013547962516,0.36342666285740743,0.2892616054669385,216.11457983380782,-59.712446639646174,59.712446639646174,0.30793994665145874,0.04008727069078942,0.6754855513572693,0.47557100653648376,0.4532253086419753,0.5467746913580247,0.2548398971557617,0.03317476686991419,0.5339697599411011,0.45052242279052734,-2.7870487570762634,0.8574860095977783,1.520212173461914,-0.009121274580754346,-0.0022425813210476195,-1.1403855085372925,2.14243221282959,2.278059244155884,4.445559978485107,5.382524013519287,9.279293060302734,-4.535377502441406,-4.091545104980469,4.619506359100342,4.319663047790527,6.505876541137695,16.69513702392578,1.7228562831878662,3.3348608016967773,4.5336713790893555,3.6785080432891846,6.201663494110107,9.316682815551758,-1.7930774688720703,-2.5267746448516846,3.348829507827759,3.6174449920654297,5.419050693511963,8.999072074890137,-7.956091403961182,-3.2429888248443604,9.464125633239746,4.814537525177002,11.565949440002441,15.907889366149902,4.627788543701172,-1.0787628889083862,5.717679023742676,2.8728413581848145,6.921578884124756,10.90407657623291,-3.121978521347046,-4.895092010498047,4.269959449768066,4.9391865730285645,6.864083290100098,10.8643798828125,-13.075824737548828,1.4600179195404053,13.25402545928955,3.8654465675354004,14.457493782043457,19.11909294128418,2.7239699363708496,-2.187490701675415,4.752319812774658,2.5239953994750977,5.817421913146973,8.85682487487793
257.0,0.0,0.0,0.0,0.0,0.0,0,6.768913745880127,6.30225133895874,12.731267929077148,15.330120086669922,4.184057235717773,-0.5835000872612,1.6259987354278564,4.312145233154297,6.461082935333252,1.727525467090664,109.74085041765234,0.2552145782832756,0.21807042201396074,138.17895572667612,-77.9356241071317,77.9356241071317,0.2453896701335907,0.03625243917910861,0.5463093519210815,0.36161601543426514,0.5740740740740741,0.42592592592592593,0.2178141474723816,0.03217859223370383,0.4813152849674225,0.3635963499546051,1.9218466877937317,2.857703447341919,-0.9128241539001465,-0.07119118345297779,-0.0038348315116808127,3.2297801971435547,-6.140514373779297,4.657936096191406,6.263570308685303,7.985679626464844,15.746756553649902,-0.22326070070266724,-0.9916820526123047,0.7279279828071594,2.854792833328247,3.038410186767578,8.232417106628418,0.25845468044281006,-0.8438474535942078,5.002133369445801,5.347896099090576,7.687902927398682,14.713518142700195,-0.7692417502403259,0.8264092206954956,3.8867604732513428,2.0009384155273438,4.523730278015137,7.4566874504089355,-2.0632286071777344,5.1907219886779785,2.36472487449646,5.7941179275512695,6.687231063842773,9.092682838439941,-0.7130179405212402,1.993096113204956,3.238837957382202,4.279508590698242,5.926050186157227,10.389501571655273,-2.5168776512145996,-0.645991325378418,3.2480721473693848,4.07595682144165,5.862939357757568,8.780117988586426,-1.8309327363967896,10.250386238098145,3.5640435218811035,10.250386238098145,11.203556060791016,16.517324447631836,-0.623175859451294,4.99540901184082,4.390218257904053,5.971706867218018,8.004725456237793,14.482136726379395
257.5,0.0,0.0,0.0,0.0,0.0,0,6.536876201629639,6.220163822174072,11.99952220916748,13.978523254394531,4.055735111236572,-2.0938737392425537,1.771543025970459,5.474678993225098,4.656710147857666,2.7427489729747716,139.7667719707763,0.41958098767282853,0.3347635636076202,144.99182744565013,6.812871718974009,6.812871718974009,0.260577917098999,0.0398627523604141,0.5821647047996521,0.42298027873039246,0.5582716049382717,0.4417283950617284,0.2193869948387146,0.03356143737624773,0.4900449216365814,0.3785409927368164,-1.5103736519813538,0.14554429054260254,-0.23203754425048828,0.11669314159365948,0.0036103131813054953,-3.0869579315185547,-4.609797954559326,3.1410558223724365,4.627275466918945,5.855649948120117,8.378087997436523,-3.128577709197998,0.35752052068710327,3.2054126262664795,0.8101865649223328,3.382791519165039,8.58828353881836,5.868279457092285,5.968990325927734,5.8684868812561035,5.9739508628845215,8.684244155883789,14.938922882080078,-0.9709959626197815,-1.9084885120391846,1.9298936128616333,2.979404926300049,3.9057834148406982,6.051015377044678,-7.912038803100586,0.25747179985046387,7.920424461364746,2.0096588134765625,8.324050903320312,14.19864273071289,1.1903905868530273,6.091704845428467,3.213320255279541,6.107178211212158,7.305624961853027,12.095891952514648,0.11419795453548431,1.1094298362731934,2.9393820762634277,1.9409620761871338,3.791882276535034,6.09904146194458,-9.372732162475586,2.2834675312042236,9.372732162475586,2.8083910942077637,10.089720726013184,14.56216812133789,-1.5464297533035278,6.393587589263916,3.0202879905700684,6.403202056884766,7.492135524749756,11.350079536437988
258.0,0.0,0.0,0.0,0.0,0.0,0,6.215021133422852,5.587248802185059,12.079292297363281,13.521797180175781,4.093112468719482,2.4371347427368164,-0.015751561149954796,5.505411624908447,4.373857498168945,2.4371856445362363,359.6296940859857,0.3921443857092702,0.3086708682857729,347.11042644728553,-157.8814009983646,157.8814009983646,0.2885648310184479,0.04643021775684717,0.6544337272644043,0.43771106004714966,0.4989043209876543,0.5010956790123456,0.24860750138759613,0.0400010645256831,0.5608594417572021,0.38728490471839905,4.53100848197937,-1.7872945871204138,-0.3218550682067871,-0.026092695321847326,0.006567465396433068,2.3547093868255615,-3.387615442276001,2.756817579269409,3.460388660430908,4.688070774078369,9.054330825805664,1.1449373960494995,-0.4096929728984833,1.7872395515441895,0.9849283695220947,2.144172430038452,6.924261569976807,-4.466306209564209,1.8276220560073853,4.505902290344238,2.64936900138855,5.9867095947265625,10.890327453613281,4.590457439422607,-3.0568907260894775,4.591111660003662,3.4410457611083984,6.294904708862305,12.634449005126953,3.5173146724700928,-0.12939099967479706,5.765282154083252,3.431762218475342,7.166768550872803,12.503094673156738,-1.159263014793396,2.0276453495025635,4.661354064941406,3.0043673515319824,6.1311469078063965,10.932843208312988,4.9644856452941895,-0.7759434580802917,4.9645843505859375,2.6484060287475586,5.951377868652344,10.29427433013916,8.19371223449707,0.7710418105125427,8.243035316467285,2.9343700408935547,9.01951789855957,13.750662803649902,2.7941651344299316,2.9914603233337402,5.6892242431640625,5.676219463348389,8.552523612976074,15.926347732543945
258.5,0.0,0.0,0.0,0.0,0.0,0,6.890100002288818,6.330307960510254,12.328754425048828,14.384479522705078,4.20731258392334,1.9885592460632324,-1.440704107284546,4.797353267669678,6.0108537673950195,2.455605057791283,324.07680391663064,0.35639614185215845,0.3455606262558488,315.9783040392948,-31.13212240799072,31.13212240799072,0.335827112197876,0.048740520942482234,0.7639217972755432,0.4780767858028412,0.43578703703703703,0.564212962962963,0.261089563369751,0.03789343048570983,0.5711535811424255,0.40753135085105896,-0.448575496673584,-1.424952546134591,0.6750788688659668,0.03688975797007593,0.0023103031856350625,-1.2665644884109497,-0.5173451900482178,2.212824821472168,1.9666931629180908,3.368523120880127,8.313193321228027,2.522486448287964,-1.8152716159820557,3.005889654159546,3.9971911907196045,5.44215202331543,10.522388458251953,3.4536049365997314,7.266569137573242,3.466935873031616,7.7296953201293945,8.771034240722656,14.945598602294922,4.035098552703857,-1.4772893190383911,4.290511608123779,2.9953596591949463,5.746757984161377,11.69173812866211,4.00632381439209,-0.19709227979183197,4.086670875549316,4.711108207702637,6.893271446228027,10.06619644165039,1.3032569885253906,0.9822849035263062,3.6153013706207275,5.336555004119873,6.744250297546387,10.982080459594727,5.929767608642578,-6.407314300537109,7.395460605621338,6.41064453125,10.814772605895996,19.102142333984375,-0.2915806174278259,-3.471306800842285,3.2259836196899414,4.655049800872803,6.12759256362915,9.33917236328125,-1.7953593730926514,-7.32957124710083,2.822575569152832,7.37548828125,8.102543830871582,13.572807312011719
259.0,0.0,0.0,0.0,0.0,0.0,0,6.483465671539307,6.59584379196167,11.671777725219727,12.977595329284668,3.993708372116089,-2.9452505111694336,0.4766090512275696,4.951043128967285,4.9568681716918945,2.983564438931369,170.8079133306521,0.46018049451984067,0.3303885601249507,179.34225881531506,-136.63604522397975,136.63604522397975,0.2843874394893646,0.043863484443862386,0.6507861018180847,0.43079400062561035,0.5317438271604938,0.46825617283950616,0.23758502304553986,0.03664475119282634,0.5260591506958008,0.4038172960281372,-4.933809757232666,1.9173131585121155,-0.4066343307495117,-0.01517206613089811,-0.004877036498619848,3.187168836593628,-0.5543924570083618,3.8391430377960205,0.6204407811164856,4.054100513458252,14.403440475463867,-0.4682145118713379,-1.2323429584503174,2.577364444732666,2.929208755493164,4.045878887176514,10.898006439208984,-1.6229684352874756,-3.8131184577941895,2.0440096855163574,4.501414775848389,5.130630016326904,7.62370491027832,-5.530979633331299,-0.35193684697151184,5.729443550109863,1.8932639360427856,6.310554504394531,11.564349174499512,-2.9935617446899414,-1.2197883129119873,4.431390285491943,3.652857542037964,6.271753311157227,10.410579681396484,-2.9575884342193604,1.3502016067504883,3.625917911529541,4.103527545928955,6.066355228424072,9.725682258605957,-6.976739406585693,-1.9379719495773315,6.991863250732422,2.872241258621216,8.013435363769531,11.231390953063965,-4.9571213722229,2.5912837982177734,5.567135810852051,3.5374419689178467,7.433938980102539,12.214136123657227,-4.1872477531433105,9.457548141479492,4.299532413482666,9.457548141479492,11.024538040161133,13.369812965393066
259.5,0.0,0.0,0.0,0.0,0.0,0,6.875288963317871,6.15095329284668,13.235313415527344,15.416338920593262,4.343440055847168,0.5536933541297913,-2.3681085109710693,6.178459644317627,4.695443630218506,2.431977436190787,283.1600558274249,0.3537273050145612,0.2475863365812323,259.02132651021316,79.6790676948981,79.6790676948981,0.26115676760673523,0.03798483685780526,0.5571616291999817,0.38726726174354553,0.4802314814814815,0.5197685185185185,0.2216971069574356,0.03224549191965268,0.47103914618492126,0.38055282831192017,3.498943865299225,-2.844717562198639,0.39182329177856445,-0.08280222354371841,-0.005878647586057127,1.685985803604126,-1.1563305854797363,3.4300637245178223,4.367447853088379,6.029469966888428,9.082326889038086,-3.9944140911102295,-3.678359031677246,4.0493903160095215,4.554549694061279,6.272392749786377,15.846522331237793,-3.7614405155181885,-0.5728004574775696,4.02123498916626,3.045250177383423,5.4471211433410645,8.175580978393555,4.812582492828369,-2.298703908920288,6.193793296813965,3.970553159713745,7.737096309661865,13.701038360595703,-4.32343053817749,-4.426150798797607,4.922061443328857,4.587667465209961,7.315515518188477,12.282695770263672,1.4408732652664185,-0.4886120855808258,3.0894649028778076,2.1723921298980713,4.290851593017578,8.054200172424316,6.077427387237549,-4.642005920410156,7.856842517852783,5.918479919433594,10.284760475158691,17.488357543945312,-4.000144004821777,-1.5077482461929321,4.033123970031738,2.076843738555908,4.929062843322754,7.628396511077881,7.045799732208252,-2.542266607284546,7.077895641326904,4.631911277770996,9.571330070495605,12.656475067138672
260.0,0.0,0.0,0.0,0.0,0.0,0,7.249101161956787,6.466437339782715,13.852213859558105,18.207988739013672,4.898064613342285,-1.0476511716842651,-3.9465572834014893,5.533862113952637,5.40777063369751,4.08324471085199,255.1331752004329,0.5632760006552011,0.4346255419448555,270.0677405441898,11.046414033976646,11.046414033976646,0.2551884353160858,0.0352027643720228,0.5441257357597351,0.4003028869628906,0.591929012345679,0.408070987654321,0.2303851842880249,0.031781202573897216,0.4847432076931,0.44219785928726196,-1.6013445258140564,-1.57844877243042,0.373812198638916,0.18703920536362317,-0.0027820724857824594,5.730992794036865,-2.324258327484131,6.337772369384766,4.298079490661621,8.060760498046875,11.28148078918457,-4.113124847412109,-9.789782524108887,4.712777614593506,9.793411254882812,11.0773286819458,21.489032745361328,1.0166101455688477,-7.068763732910156,1.949870228767395,7.068763732910156,7.557994842529297,11.328374862670898,-0.15358704328536987,-0.982879638671875,2.6451263427734375,1.7264225482940674,3.366866111755371,5.985507488250732,-4.9232258796691895,-7.258033752441406,5.451663494110107,7.266784191131592,9.517269134521484,18.254846572875977,2.7462568283081055,-3.791792631149292,2.786832571029663,3.8415164947509766,5.196277141571045,7.5316481590271,-4.47929048538208,-1.8047723770141602,5.342426776885986,2.476191997528076,6.369470119476318,11.903961181640625,-6.839474678039551,-5.442615509033203,7.073226451873779,5.442615509033203,9.204166412353516,14.518881797790527,1.5859827995300293,2.943885564804077,2.4904966354370117,3.5583434104919434,4.891774654388428,7.808073997497559
260.5,0.0,0.0,0.0,0.0,0.0,0,7.6480255126953125,7.56281852722168,13.291189193725586,14.90859317779541,4.3828654289245605,0.73232102394104,-3.4299392700195312,6.332679271697998,5.029733657836914,3.5072464239240686,282.05217159851975,0.4585819461640429,0.3519837927335055,281.0626969530854,10.994956408895575,10.994956408895575,0.27281540632247925,0.035671346833018994,0.6256264448165894,0.4146050214767456,0.4727314814814815,0.5272685185185185,0.2549213469028473,0.0333316505218296,0.5816574096679688,0.4407426714897156,1.7799721956253052,0.516618013381958,0.3989243507385254,-0.08264174921134998,0.0004685824609961947,1.678322434425354,1.525056004524231,5.776473522186279,2.5624358654022217,6.641692638397217,11.733444213867188,1.6434519290924072,-1.4176533222198486,1.8678067922592163,2.259652614593506,3.407092809677124,7.027251243591309,0.40251559019088745,-2.328284502029419,5.311150074005127,2.812119960784912,6.404473304748535,8.893346786499023,-2.479973316192627,-1.3083971738815308,4.584138870239258,4.731247901916504,7.190342903137207,11.179483413696289,4.676011085510254,-8.373929977416992,4.683810710906982,8.374011039733887,10.086730003356934,17.429153442382812,0.5487694144248962,-3.94221568107605,5.995960712432861,4.332993984222412,7.997680187225342,12.209094047546387,-6.987485885620117,-4.508307933807373,7.768363952636719,5.237485408782959,10.239982604980469,14.73178768157959,5.905715465545654,-8.086820602416992,5.942203998565674,8.086820602416992,10.641736030578613,13.060114860534668,1.2035623788833618,-2.4288997650146484,4.699490070343018,3.3893396854400635,6.222507476806641,11.346182823181152
261.0,0.0,0.0,0.0,0.0,0.0,0,8.812743186950684,8.763788223266602,16.143733978271484,18.887699127197266,5.624247074127197,2.8327550888061523,-4.0179924964904785,7.278300762176514,5.670463562011719,4.916173826769243,305.18450700365867,0.5578483024501136,0.3585695046586158,291.71618091282716,10.653483959741777,10.653483959741777,0.2988860309123993,0.03391520558998746,0.6862297058105469,0.487506628036499,0.5068827160493827,0.49311728395061727,0.237327441573143,0.02693002730347733,0.5122032165527344,0.46931755542755127,2.1004340648651123,-0.5880532264709473,1.164717674255371,0.006585711925110316,-0.0017561412430315351,1.2834365367889404,-5.4263691902160645,2.2736639976501465,5.432968616485596,6.2710862159729,12.624133110046387,7.557252407073975,-6.932740688323975,7.558394432067871,6.945248603820801,10.579254150390625,21.458070755004883,-1.26910400390625,2.674873113632202,1.919622778892517,4.2587971687316895,4.997619152069092,8.285040855407715,5.620704174041748,-6.988997936248779,6.500555515289307,7.027884006500244,10.571823120117188,14.228670120239258,6.453564643859863,-6.2372846603393555,8.22474193572998,6.275318145751953,10.726154327392578,18.422945022583008,-3.889965534210205,-0.9925187230110168,4.086024284362793,3.638856887817383,5.864706039428711,9.470540046691895,6.6747636795043945,-4.169961452484131,6.820059299468994,5.1863179206848145,10.113081932067871,15.57737922668457,8.26615047454834,-3.4092459678649902,11.06505298614502,3.501568555831909,12.450011253356934,15.238593101501465,-5.202007293701172,-4.679685115814209,5.423030376434326,4.782648086547852,7.740952491760254,12.410345077514648
261.5,0.0,0.0,0.0,0.0,0.0,0,7.312146186828613,6.8232741355896,13.836397171020508,15.033564567565918,4.540684700012207,0.5099431872367859,2.341336250305176,6.802612781524658,4.697642803192139,2.396225676183759,77.71286478761301,0.3277048372610611,0.25753136987251485,101.17817489603587,169.46199398320869,169.46199398320869,0.3135099709033966,0.04287522705616796,0.737401008605957,0.47997143864631653,0.510895061728395,0.48910493827160495,0.2499801069498062,0.03418696322197889,0.5791397094726562,0.41493868827819824,-2.3228119015693665,6.359328746795654,-1.5005970001220703,-0.10103813478610096,0.008960021466180502,3.401815891265869,-2.5779924392700195,3.7323286533355713,3.20267653465271,5.7436299324035645,11.113076210021973,5.592528343200684,3.6830854415893555,5.86110258102417,4.283556938171387,8.536168098449707,15.68458366394043,-2.055229663848877,2.4419472217559814,2.1647708415985107,3.0469088554382324,4.186136245727539,9.35696792602539,0.20976325869560242,-0.3894437551498413,6.57651948928833,1.9093464612960815,7.236610412597656,12.71868896484375,4.247520446777344,5.207489013671875,6.4155683517456055,5.882162570953369,10.501888275146484,14.965217590332031,-2.578195333480835,3.066615104675293,3.410583257675171,3.4242265224456787,5.1284942626953125,8.35743522644043,-6.709510326385498,1.6826235055923462,6.839559555053711,4.655930995941162,8.641905784606934,11.898382186889648,6.060734748840332,3.55946946144104,6.989417552947998,4.676057815551758,9.416924476623535,15.764379501342773,-3.5799386501312256,4.3982343673706055,3.8290998935699463,4.740853309631348,6.417556285858154,11.771413803100586
262.0,0.0,0.0,0.0,0.0,0.0,0,5.767693996429443,5.642021656036377,10.882184028625488,12.01500415802002,3.519955635070801,-2.218555212020874,2.479907989501953,3.155491590499878,4.962592124938965,3.327451106354623,131.81619400216275,0.5769118660619859,0.44343060025965014,137.97925279108009,36.801077895044216,36.801077895044216,0.2823978066444397,0.04896198686290819,0.6403619050979614,0.4192589819431305,0.5065586419753086,0.49344135802469136,0.2282518744468689,0.039574192912102804,0.5030117630958557,0.3502444922924042,-2.72849839925766,0.13857173919677734,-1.54445219039917,0.1858992303871353,0.006086759806740227,-3.3800833225250244,3.704763412475586,3.401620626449585,4.02992582321167,5.688287734985352,8.996862411499023,-5.294765472412109,4.680341720581055,5.298115253448486,5.147192001342773,7.841485023498535,12.607914924621582,-0.3740699589252472,-0.7197275161743164,1.0362685918807983,1.5134650468826294,2.117384910583496,7.488968849182129,-2.403090238571167,4.5819993019104,2.571707010269165,4.659695148468018,5.515141487121582,8.196991920471191,-1.9261800050735474,2.980886936187744,3.402186632156372,4.548938274383545,6.470780372619629,11.199285507202148,-2.3231804370880127,0.6778669953346252,3.0621023178100586,4.1130876541137695,5.827971935272217,8.437819480895996,-1.7721468210220337,0.5300618410110474,2.1436657905578613,3.6845638751983643,4.508138656616211,7.811173439025879,-1.7785340547561646,-0.9647079706192017,3.6763150691986084,3.4609220027923584,5.473752498626709,10.152594566345215,-0.7149466276168823,6.847686767578125,1.8728070259094238,8.06920051574707,8.466302871704102,12.965734481811523
262.5,0.0,0.0,0.0,0.0,0.0,0,6.54518985748291,6.298534393310547,10.969956398010254,12.733161926269531,3.3212292194366455,0.10905466228723526,3.6514341831207275,4.080798149108887,4.885928630828857,3.6530623472682637,88.28929819607539,0.5581293173782931,0.5137780154126713,87.3821415302275,-50.597111260852586,50.597111260852586,0.29627442359924316,0.04526597161953222,0.6633104085922241,0.42195138335227966,0.47876543209876543,0.5212345679012346,0.22833043336868286,0.03488522158336145,0.5083796381950378,0.3220178186893463,2.3276098743081093,1.1715261936187744,0.7774958610534668,0.07034741515302118,-0.003696015243375969,-0.0794026106595993,-0.3817445635795593,2.9814453125,1.8095556497573853,3.819462776184082,6.987167835235596,-0.38334375619888306,6.009735107421875,2.557213544845581,6.095408916473389,7.062932014465332,14.47671890258789,1.6862590312957764,6.912653923034668,2.436852216720581,6.912657737731934,7.4727630615234375,10.274752616882324,-0.9914542436599731,2.3024587631225586,4.459150791168213,2.8040316104888916,5.7431793212890625,8.371557235717773,1.8273378610610962,3.1141107082366943,2.9891655445098877,4.050811767578125,5.473503589630127,9.449997901916504,0.2977598309516907,6.347052574157715,2.037292718887329,6.347052574157715,6.905300617218018,9.464241027832031,0.26846224069595337,1.9467628002166748,4.19346284866333,2.6119916439056396,5.247025489807129,9.370322227478027,0.44926804304122925,-0.8766820430755615,2.4779648780822754,6.716166973114014,7.495239734649658,12.752492904663086,-2.0933947563171387,7.488562107086182,5.478076934814453,7.488562107086182,9.687304496765137,13.216708183288574
263.0,0.0,0.0,0.0,0.0,0.0,0,4.947683811187744,4.4813055992126465,9.614141464233398,10.64669132232666,3.0326037406921387,1.3880600929260254,-0.6868341565132141,3.871976613998413,4.035542964935303,1.5486936366263744,333.6730644372511,0.3130138658263601,0.19863651723390452,310.6289353001468,-136.7532062300807,136.7532062300807,0.28016865253448486,0.056626212708813885,0.6343422532081604,0.41011738777160645,0.5497067901234568,0.4502932098765432,0.2160242795944214,0.043661689828330526,0.46203967928886414,0.33564266562461853,1.2790054306387901,-4.338268339633942,-1.597506046295166,-0.3151414981787668,0.011360241089281665,-0.7950972318649292,1.816249132156372,1.3157892227172852,2.488662004470825,2.979527473449707,6.25109338760376,-1.284155011177063,-0.2024037390947342,2.333953380584717,1.528700351715088,2.992591142654419,6.365556716918945,2.0219743251800537,-5.405292987823486,2.605879783630371,5.480745315551758,6.585248947143555,10.712151527404785,1.512771725654602,0.8641809225082397,3.8694655895233154,2.3646252155303955,4.982038974761963,8.118985176086426,1.497673511505127,-1.6470918655395508,3.762718677520752,2.6563925743103027,5.132359027862549,8.69013786315918,2.3101119995117188,-3.7444851398468018,2.632864475250244,3.7473936080932617,4.8385210037231445,7.591191291809082,4.671335697174072,4.815756797790527,5.514800548553467,4.816000461578369,7.753533363342285,11.000469207763672,2.362520933151245,-1.1004709005355835,4.247087478637695,3.1668262481689453,6.038065433502197,10.680246353149414,0.19540365040302277,-1.5779491662979126,2.137218475341797,2.096346616744995,3.2272677421569824,4.992161750793457
263.5,0.0,0.0,0.0,0.0,0.0,0,9.310811996459961,9.024120330810547,16.08846664428711,17.668550491333008,4.939136981964111,-2.5585851669311523,-4.282933235168457,6.409860610961914,6.716406345367432,4.988975361068709,239.14629113528855,0.5358260227964601,0.47227528152657694,233.2006697430615,-77.4282655570853,77.4282655570853,0.3358362913131714,0.03606949161591569,0.7758529782295227,0.5107061266899109,0.4700308641975309,0.5299691358024692,0.2585279941558838,0.02776642536523696,0.5808181166648865,0.42415279150009155,-3.9466452598571777,-3.596099078655243,4.363128185272217,0.2736387642926724,-0.020556721092898196,-6.032036781311035,1.5275976657867432,6.032036781311035,4.637080669403076,7.85639762878418,11.214612007141113,-2.7174246311187744,-1.2499455213546753,3.8254382610321045,1.8803521394729614,4.544788360595703,10.60563850402832,5.052097320556641,0.2818008065223694,8.594414710998535,4.258277416229248,10.367448806762695,17.8802433013916,-7.399414539337158,-0.19413574039936066,7.399414539337158,5.24707555770874,9.465117454528809,12.544366836547852,-4.083577632904053,-10.558090209960938,5.386465072631836,10.561141967773438,12.263712882995605,16.729324340820312,1.6173397302627563,-1.1965229511260986,5.314467430114746,2.585200309753418,6.328207492828369,11.364583969116211,-7.032454967498779,-9.649468421936035,7.032454967498779,9.649468421936035,12.215104103088379,19.17363739013672,-2.749786853790283,-14.19898509979248,4.107858657836914,14.19898509979248,15.044147491455078,18.138757705688477,0.3179929554462433,-3.3086447715759277,3.761118173599243,3.5700080394744873,5.712382793426514,10.149443626403809
264.0,0.0,0.0,0.0,0.0,0.0,0,8.257596969604492,8.136299133300781,13.791751861572266,15.062273979187012,3.9146029949188232,1.2031960487365723,0.27367380261421204,7.090176105499268,5.6319499015808105,1.2339279079154595,12.814234467067877,0.14942941783880256,0.09571756452805726,46.97366810496978,173.77299836190832,173.77299836190832,0.2898023724555969,0.03509523877552947,0.6300941109657288,0.4206046164035797,0.4721141975308642,0.5278858024691359,0.23995813727378845,0.029059072403022492,0.5276114344596863,0.3541819453239441,3.7617812156677246,4.556607037782669,-1.0532150268554688,-0.3765577169985197,-0.0009742528403862208,0.9820548295974731,4.677494049072266,2.2321527004241943,4.9379096031188965,5.8793206214904785,9.2739896774292,-0.7509453892707825,-1.9010202884674072,3.445888042449951,4.183226108551025,5.927600860595703,10.526076316833496,11.346458435058594,-0.6983850598335266,11.346458435058594,1.5983120203018188,11.52918815612793,15.161187171936035,-3.133209705352783,4.669402122497559,4.880016803741455,4.836617469787598,7.521883010864258,11.703828811645508,-2.4876062870025635,0.035563066601753235,4.300092697143555,2.8745555877685547,5.426480770111084,8.153674125671387,9.29548168182373,-1.654386043548584,9.29548168182373,4.128113269805908,10.498064041137695,14.138750076293945,-8.727458953857422,5.151140213012695,8.73013973236084,5.491708755493164,10.498174667358398,15.963957786560059,-1.784124493598938,-0.26352670788764954,3.228090524673462,4.939393043518066,6.696815490722656,11.1244535446167,6.088111400604248,-7.553218364715576,6.088111400604248,7.831299781799316,10.340851783752441,13.3511962890625
264.5,0.0,0.0,0.0,0.0,0.0,0,6.2741522789001465,5.373950004577637,13.264497756958008,14.451236724853516,4.261951446533203,-2.7760097980499268,-1.395423173904419,5.6529011726379395,3.99004864692688,3.106997945467405,206.6874084845947,0.49520601467009007,0.35020848877431165,202.08116714116622,155.10749903619643,155.10749903619643,0.273776650428772,0.043635633090042196,0.6035425066947937,0.42364320158958435,0.49878086419753087,0.5012191358024691,0.23624180257320404,0.03765317678286256,0.5398209095001221,0.37209683656692505,-3.979205846786499,-1.669096976518631,-1.9834446907043457,0.2544909242462544,0.008540394314512728,-1.1710622310638428,-0.5428133010864258,2.1818864345550537,2.1955559253692627,3.3262577056884766,5.172583103179932,-3.6043763160705566,-2.1653056144714355,3.915736198425293,2.9258809089660645,4.998900890350342,14.291909217834473,-2.998535394668579,0.08026904612779617,3.9326767921447754,3.4948318004608154,5.981377601623535,9.707297325134277,-0.31244903802871704,-0.5663009285926819,2.182352066040039,2.5315425395965576,3.5697882175445557,5.946084976196289,-7.189402103424072,-2.849285840988159,7.223954200744629,4.833920478820801,9.261319160461426,15.190532684326172,1.3762619495391846,-1.4806077480316162,5.244071006774902,3.643886089324951,7.402620315551758,10.960543632507324,2.342618227005005,-2.0028789043426514,3.414415121078491,2.7198193073272705,5.088074207305908,7.484890460968018,-11.251972198486328,-3.9856016635894775,11.251972198486328,4.117156982421875,12.196532249450684,15.897629737854004,-2.1751692295074463,0.9537171125411987,2.943254232406616,3.187068223953247,4.642495155334473,7.133068084716797
265.0,0.0,0.0,0.0,0.0,0.0,0,6.003960132598877,5.930238246917725,10.231328010559082,11.098675727844238,3.258725166320801,-0.9046787023544312,-1.7179818153381348,3.949396848678589,5.224862575531006,1.9416243386211995,242.22898388469116,0.32339061148641357,0.29670806811508793,222.75649770187857,20.675330560712354,20.675330560712354,0.2907150089740753,0.04842053480253566,0.6496555805206299,0.4288102090358734,0.5479012345679012,0.45209876543209876,0.23388464748859406,0.03895505689047568,0.5135239958763123,0.35564884543418884,1.8713310956954956,-0.3225586414337158,-0.27019214630126953,-0.053500420659223724,0.004784901712493461,-1.265806794166565,-5.835586071014404,2.113173723220825,5.842954158782959,6.491729259490967,11.472846031188965,-1.8497189283370972,-0.8492767810821533,2.7936196327209473,1.8255780935287476,3.540738105773926,8.110445022583008,0.5250087380409241,-2.200122594833374,4.693803310394287,3.0859146118164062,5.902957916259766,9.192976951599121,-0.9295679926872253,-5.119861125946045,4.51185941696167,5.549667835235596,7.5269551277160645,11.006692886352539,-3.545959949493408,-0.3008127212524414,4.113701343536377,3.122074604034424,5.682175636291504,9.124526977539062,-1.1975960731506348,-0.45318201184272766,1.89946448802948,2.1557798385620117,3.253472328186035,5.8367509841918945,0.19924242794513702,-7.684019088745117,3.053269386291504,7.684019088745117,8.501230239868164,10.759981155395508,-2.2116074562072754,2.5446434020996094,3.6332454681396484,5.919012546539307,7.309090614318848,10.312167167663574,2.133897542953491,4.4363813400268555,2.48376202583313,4.781199932098389,5.8272929191589355,10.866825103759766
265.5,0.0,0.0,0.0,0.0,0.0,0,5.49898099899292,5.281899452209473,9.334997177124023,10.705917358398438,2.8928439617156982,-2.0444843769073486,3.146355152130127,2.9375007152557373,3.98734974861145,3.7522615994562565,123.0155909343559,0.6823558037649964,0.5650716956863178,125.85041999480752,-96.90607770707105,96.90607770707105,0.28470829129219055,0.05177472691205969,0.6287305951118469,0.41578611731529236,0.5133179012345679,0.4866820987654321,0.22168219089508057,0.040313314525430216,0.4780843257904053,0.3475901186466217,-1.1398056745529175,4.864336967468262,-0.504979133605957,0.26836362757122983,0.0033541921095240346,-2.9647791385650635,-0.8567651510238647,3.5927793979644775,1.929611325263977,4.411476135253906,8.337169647216797,-3.279545307159424,6.625197410583496,3.2821028232574463,6.774509429931641,7.761390209197998,12.563335418701172,-2.2546725273132324,4.126692295074463,2.55480694770813,4.224127292633057,5.6200270652771,8.1779203414917,-2.5096771717071533,-0.5132787227630615,3.0320751667022705,1.9733034372329712,4.011390209197998,8.087864875793457,-2.140672445297241,4.126379489898682,2.8379600048065186,4.241743564605713,5.504763126373291,8.278841972351074,-1.0746160745620728,4.083867073059082,3.076137065887451,4.083902359008789,5.401435375213623,7.888080596923828,-1.475218653678894,-0.09214843809604645,1.9475963115692139,2.7402820587158203,3.7110531330108643,6.811735153198242,-1.8703064918518066,3.8663125038146973,3.0918970108032227,4.284061431884766,5.490817070007324,10.869094848632812,-0.8308733701705933,6.950938701629639,2.216010093688965,6.951227188110352,7.5784759521484375,10.954632759094238
266.0,0.0,0.0,0.0,0.0,0.0,0,5.64553165435791,5.779401779174805,9.45516300201416,10.362085342407227,2.9597246646881104,2.2205183506011963,1.3840636014938354,3.959622383117676,4.255238056182861,2.6165499800953054,31.935556913788993,0.46347273211647533,0.34206103814505107,32.204390548958365,-93.64602944584917,93.64602944584917,0.22451354563236237,0.03976835479980006,0.5031877160072327,0.3525979220867157,0.5825925925925926,0.4174074074074074,0.19920001924037933,0.0352845393758572,0.43854624032974243,0.33979737758636475,4.265002727508545,-1.7622915506362915,0.14655065536499023,-0.2230106575412667,-0.012006372112259633,0.037617847323417664,2.186843156814575,1.2809122800827026,2.5156548023223877,2.9840493202209473,6.637857437133789,3.997570753097534,-0.8662133812904358,4.102231502532959,2.420947790145874,5.0977582931518555,9.690171241760254,1.6389667987823486,-3.203272581100464,3.5600390434265137,3.5061194896698,5.182735443115234,10.724833488464355,1.3644862174987793,5.5391411781311035,3.745600700378418,5.557190895080566,7.323373317718506,10.346025466918945,5.939846992492676,0.4712637960910797,5.939846992492676,2.4803903102874756,6.574161052703857,8.463872909545898,1.1594693660736084,-2.0666069984436035,2.3589115142822266,2.8750343322753906,4.031660079956055,6.723256587982178,0.3537093698978424,5.660869121551514,4.028893947601318,5.662619590759277,7.428767204284668,11.359054565429688,6.562654495239258,4.284034729003906,6.5733962059021,4.296422958374023,8.008613586425781,9.790775299072266,-1.0696570873260498,0.4505140483379364,1.8080612421035767,3.3449206352233887,4.178664207458496,6.102579593658447
266.5,0.0,0.0,0.0,0.0,0.0,0,5.669071674346924,5.180201530456543,10.662132263183594,12.468329429626465,3.51999568939209,0.6567803621292114,-0.09534022957086563,5.0451531410217285,4.316795349121094,0.6636642249309537,351.7404642164654,0.11706753116812686,0.19117883345290718,355.46708644479094,-36.737304104167436,36.737304104167436,0.24366527795791626,0.04298150543395291,0.5573147535324097,0.3840482532978058,0.49322530864197534,0.5067746913580247,0.19981230795383453,0.03524603042363589,0.45464226603507996,0.3476106822490692,-1.5637379884719849,-1.479403831064701,0.023540019989013672,-0.1508822046921439,0.003213150634152853,-4.240692615509033,3.9639852046966553,4.8016557693481445,3.9868879318237305,6.419106960296631,13.28216552734375,1.8124721050262451,-2.3038175106048584,3.1742074489593506,4.913628578186035,6.14475679397583,13.401396751403809,-1.2953336238861084,3.8173165321350098,2.046246290206909,3.8401713371276855,4.592037677764893,6.802793502807617,-3.696258783340454,2.2153849601745605,4.895558834075928,2.8656554222106934,5.941336154937744,11.077919006347656,4.871837615966797,-1.0850958824157715,4.876412868499756,2.5002970695495605,5.954008102416992,9.258522033691406,0.6702325940132141,-0.9356808662414551,2.5018014907836914,2.6385726928710938,4.0021772384643555,6.7895941734313965,-2.461982488632202,-1.4448966979980469,3.4323644638061523,1.7709795236587524,4.303725242614746,8.380632400512695,5.642448902130127,-0.6429439187049866,5.642448902130127,1.044852375984192,5.823503017425537,9.36772632598877,4.608299732208252,-4.442314147949219,5.618245601654053,4.44917631149292,7.8409929275512695,11.352558135986328
267.0,0.0,0.0,0.0,0.0,0.0,0,5.904448986053467,5.592454433441162,9.975683212280273,12.910073280334473,3.487035036087036,2.4741663932800293,-3.341987371444702,4.383842468261719,3.242448568344116,4.158170142326091,306.5135777447324,0.7042435546734076,0.6462273536195625,310.40556917463783,-45.061517270153104,45.061517270153104,0.2288132905960083,0.038752685031878314,0.5352072715759277,0.3840298652648926,0.5772685185185186,0.4227314814814815,0.21945896744728088,0.03716840145409839,0.5146731734275818,0.39252856373786926,1.8173860311508179,-3.2466471418738365,0.23537731170654297,0.4550485201666553,-0.004228820402074597,-0.15669026970863342,-1.1418986320495605,2.196357488632202,1.8064378499984741,3.021303176879883,8.92870807647705,4.150093078613281,-6.294033527374268,4.195190906524658,6.2947211265563965,7.886472225189209,14.408234596252441,1.5476672649383545,-5.55260705947876,1.9871680736541748,5.612924098968506,6.135391712188721,9.022865295410156,0.34012579917907715,-1.8891633749008179,4.298063278198242,2.0350210666656494,5.00802755355835,7.832785606384277,5.617922782897949,-4.419127941131592,6.350691795349121,4.423627853393555,8.038932800292969,15.346670150756836,2.2690718173980713,-2.4295504093170166,2.7006995677948,2.7904722690582275,4.185894012451172,5.87717866897583,-1.4458116292953491,-3.4408555030822754,4.26986837387085,3.457582712173462,5.793103218078613,10.25876522064209,6.207273006439209,-3.0773181915283203,6.628094673156738,3.0802981853485107,7.970458984375,13.234807014465332,3.737846612930298,-1.8333314657211304,4.033706188201904,2.2983691692352295,5.100455284118652,6.929379463195801
267.5,0.0,0.0,0.0,0.0,0.0,0,7.761260509490967,7.113626480102539,14.014076232910156,15.362009048461914,4.892120361328125,4.039275169372559,-2.4175243377685547,5.898446083068848,5.217103481292725,4.707458743060102,329.09928962244385,0.6065327580878802,0.5136484654913219,341.8345947055997,31.429025530961894,31.429025530961894,0.28496864438056946,0.03671679456130831,0.6547699570655823,0.517885684967041,0.5287654320987655,0.4712345679012346,0.23529815673828125,0.03031699891190931,0.5200991630554199,0.4712844491004944,1.5651087760925293,0.9244630336761475,1.8568115234375,-0.1325788881282406,-0.002035890470570005,-1.7027196884155273,-0.29789847135543823,2.880777359008789,1.8865691423416138,3.5972955226898193,11.409494400024414,5.530860424041748,-8.574437141418457,5.546427249908447,8.590547561645508,10.345827102661133,21.809627532958984,5.284475803375244,-0.009213595651090145,5.580193042755127,2.9641313552856445,6.780334949493408,10.642129898071289,-0.7979375720024109,1.1196110248565674,4.0887651443481445,2.323565721511841,5.264305114746094,9.608955383300781,8.071216583251953,-4.389695644378662,8.071218490600586,4.619326114654541,9.541436195373535,15.807456970214844,6.895703315734863,-2.8981218338012695,6.999055862426758,3.027987241744995,7.987777233123779,12.04406452178955,-1.002568244934082,1.1222494840621948,5.335422039031982,2.115281820297241,5.924450874328613,8.473703384399414,7.467766761779785,0.07247474789619446,7.467766761779785,2.2460176944732666,8.056257247924805,13.20346450805664,6.606677532196045,-7.902687072753906,7.760848045349121,7.902687072753906,12.353659629821777,14.373613357543945
268.0,0.0,0.0,0.0,0.0,0.0,0,7.089330196380615,7.1482133865356445,13.259583473205566,14.848278045654297,4.299553871154785,-3.7201082706451416,-0.9341537356376648,4.959018230438232,5.425961017608643,3.83560278797586,194.09604662948954,0.5410388120917385,0.4475044057618953,199.414565863849,-142.42002884175074,142.42002884175074,0.31813523173332214,0.04487521078091863,0.7638038396835327,0.5545814633369446,0.5358950617283951,0.4641049382716049,0.24747416377067566,0.03490797042985113,0.5511032938957214,0.4917888641357422,-7.7593834400177,1.48337060213089,-0.6719303131103516,-0.06614405972942661,0.008158416219610318,-1.889676570892334,2.7410497665405273,2.1767489910125732,2.770028591156006,4.34365701675415,11.979696273803711,-4.132474422454834,-0.7409695982933044,4.56248664855957,3.4436850547790527,6.333416938781738,13.718733787536621,-2.250488758087158,-4.55866813659668,2.251854181289673,4.558737754821777,5.1259050369262695,10.988138198852539,-8.351545333862305,4.4341325759887695,8.444583892822266,4.50565767288208,10.919648170471191,16.06959342956543,-5.046064853668213,-3.379798173904419,5.462005138397217,4.073398590087891,8.101970672607422,12.693358421325684,-2.8400895595550537,-6.531887054443359,2.9561126232147217,6.534872055053711,7.436999320983887,11.46511459350586,-5.772261142730713,5.48571252822876,6.220794200897217,5.520427703857422,9.33901596069336,13.444412231445312,-1.1736241579055786,-1.9518442153930664,4.615492820739746,3.2852466106414795,6.814795970916748,9.12330436706543,-2.024750232696533,-3.9051101207733154,3.0020599365234375,3.9055163860321045,5.3885626792907715,6.970852375030518
268.5,0.0,0.0,0.0,0.0,0.0,0,6.335175037384033,5.9381279945373535,13.113716125488281,14.397592544555664,4.283616542816162,-1.6722545623779297,0.20278628170490265,6.083385467529297,4.317253112792969,1.6845051491288179,173.08577582085977,0.26589717556160786,0.11499379003172852,189.92679227307408,-9.487773590774907,9.487773590774907,0.33225134015083313,0.052445478734956946,0.79386305809021,0.5039348602294922,0.48430555555555554,0.5156944444444445,0.24621662497520447,0.038865001307347095,0.5730081796646118,0.3979507088661194,2.047853708267212,1.1369400173425674,-0.754155158996582,-0.3325106157301668,0.007570267954038319,0.6037266850471497,0.7230304479598999,1.1093826293945312,2.248356580734253,2.7087960243225098,6.500824451446533,-4.822726726531982,2.5818891525268555,5.842825889587402,2.8400096893310547,6.719837188720703,15.366291999816895,0.6440771222114563,2.0635576248168945,4.242191791534424,3.3904337882995605,6.012270450592041,13.566082000732422,0.5256980657577515,3.0119097232818604,4.402773857116699,3.6654183864593506,6.223230361938477,9.667278289794922,-5.589604377746582,-3.785114288330078,6.590578556060791,4.509239196777344,8.647965431213379,14.43535041809082,2.775071382522583,-0.20998843014240265,4.122082710266113,1.8313668966293335,4.8061418533325195,8.450074195861816,-1.5630815029144287,2.751126766204834,6.64033317565918,4.845273494720459,8.700849533081055,11.967808723449707,-8.27212905883789,-2.172473430633545,8.27231216430664,3.3207035064697266,9.184507369995117,14.05327033996582,0.6486781239509583,-3.1388611793518066,1.8575420379638672,3.3588647842407227,4.0129780769348145,6.690857410430908
269.0,0.0,0.0,0.0,0.0,0.0,0,6.893460750579834,6.793437957763672,13.465455055236816,15.26809310913086,5.002791404724121,-2.458712577819824,1.6974966526031494,6.56398868560791,4.531556606292725,2.9877688039619636,145.3787775956127,0.43342073191765856,0.25641470302111097,146.3343567103761,-43.59243556269797,43.59243556269797,0.26665186882019043,0.03868185223451213,0.641898512840271,0.46351128816604614,0.5085030864197531,0.49149691358024694,0.21875742077827454,0.031734044329741015,0.5137752890586853,0.39469262957572937,-0.7864580154418945,1.4947103708982468,0.5582857131958008,0.14142091298938245,-0.013763626500444819,5.008691310882568,4.721499919891357,5.010840892791748,4.730199813842773,7.166140079498291,14.105127334594727,-0.6886705160140991,-0.8513252139091492,2.192410945892334,1.5135948657989502,2.739373207092285,6.397221088409424,-0.8756358623504639,0.12755782902240753,0.8764305114746094,0.5300288200378418,1.0434777736663818,5.322288513183594,1.9534293413162231,4.2153215408325195,4.831850051879883,5.093628406524658,7.465179920196533,11.210927963256836,-4.125056266784668,-3.3046071529388428,6.177976131439209,3.5064380168914795,7.563602447509766,13.828704833984375,-7.0480523109436035,3.8037376403808594,7.0513811111450195,4.0549468994140625,8.232056617736816,14.682500839233398,-1.3461227416992188,1.209177017211914,6.677916526794434,4.106821537017822,8.401472091674805,11.426382064819336,-4.281119346618652,-1.9159750938415527,5.427061557769775,2.346642017364502,6.349987983703613,13.491299629211426,-10.725878715515137,7.272083282470703,10.725878715515137,7.2857985496521,13.079852104187012,19.30049705505371
269.5,0.0,0.0,0.0,0.0,0.0,0,6.259956359863281,5.8017497062683105,11.265801429748535,12.616251945495605,3.691962242126465,-1.4835028648376465,-1.3928650617599487,4.698911666870117,5.157228946685791,2.0349088014584464,223.19513849546843,0.3250675698804535,0.1971248191365716,219.25492140533692,72.9205646949608,72.9205646949608,0.31813180446624756,0.05082012323374605,0.727906346321106,0.46688157320022583,0.4858024691358025,0.5141975308641975,0.26754477620124817,0.042739073258973664,0.6026135683059692,0.4243142902851105,0.9752097129821777,-3.090361714363098,-0.6335043907165527,-0.059289883884539374,0.012138270999233924,2.9238808155059814,-2.1599254608154297,3.253689765930176,3.089439630508423,4.914762496948242,10.070098876953125,-0.30930349230766296,1.6665312051773071,1.5512614250183105,2.9022629261016846,3.4968504905700684,7.724613666534424,-4.791917324066162,-1.1189460754394531,5.187375545501709,1.9108284711837769,6.147449016571045,10.582151412963867,1.7330929040908813,-5.017287254333496,3.2649483680725098,5.111241340637207,6.599348068237305,11.771228790283203,0.047294143587350845,-1.1549644470214844,3.1862688064575195,2.3515093326568604,4.5248847007751465,6.559756278991699,-3.6803171634674072,0.9378483295440674,6.729874134063721,2.6830501556396484,7.7522430419921875,11.431488990783691,-3.8441383838653564,-6.9618024826049805,4.25600004196167,7.991298675537109,9.6557035446167,15.37741470336914,-2.764986515045166,-2.0474159717559814,3.0699222087860107,5.099893569946289,6.485803127288818,11.66772747039795,-2.665130376815796,3.3201754093170166,4.5794291496276855,4.036088943481445,6.762561321258545,8.997793197631836
270.0,0.0,0.0,0.0,0.0,0.0,0,6.057399749755859,5.655940055847168,10.859236717224121,11.970943450927734,3.4499990940093994,-1.9181196689605713,-1.1084519624710083,5.285381317138672,3.968813419342041,2.2153665199147614,210.0229591056024,0.36572896150762557,0.3213593293460099,227.43536224239378,8.180440837056864,8.180440837056864,0.30738022923469543,0.05074457542652833,0.6894201040267944,0.4545779824256897,0.47358024691358025,0.5264197530864198,0.2462952882051468,0.04066022678375268,0.5406866073608398,0.40064993500709534,-0.4346168041229248,0.28441309928894043,-0.20255661010742188,0.12423451020943832,-7.554780721772542e-05,-0.560938835144043,-1.5455013513565063,2.825265645980835,2.212881326675415,3.969897747039795,11.222891807556152,1.0452648401260376,-0.1372341513633728,3.541055679321289,3.333949565887451,5.203754901885986,11.561507225036621,0.889270544052124,1.6416136026382446,4.119588375091553,1.8912568092346191,4.817209720611572,8.112798690795898,-7.360846042633057,0.5692771673202515,7.371589660644531,2.080726385116577,7.985398769378662,16.231565475463867,-0.23968563973903656,-2.7171831130981445,4.128686904907227,3.5762109756469727,6.312067985534668,10.37614917755127,-2.013439178466797,-3.4606378078460693,3.621811628341675,3.5376992225646973,5.504662990570068,9.061197280883789,-6.559757709503174,2.2042627334594727,6.559757709503174,4.154189586639404,8.19320297241211,11.641837120056152,-0.1616077721118927,-2.496837615966797,5.103858947753906,3.6077404022216797,7.095252990722656,10.783626556396484,-2.3013384342193604,-4.033827781677246,3.117201328277588,4.059393405914307,5.435145854949951,7.904679298400879
270.5,0.0,0.0,0.0,0.0,0.0,0,5.760364055633545,5.776664733886719,10.06649398803711,11.033191680908203,3.2365801334381104,-0.9953538775444031,-0.20865143835544586,4.006462574005127,5.15472936630249,1.016988084625614,191.83922021132005,0.17654927272018786,0.17190539110966468,192.7029777006306,-34.73238454176317,34.73238454176317,0.3097775876522064,0.05377742289948254,0.6816896200180054,0.4562720060348511,0.49925925925925924,0.5007407407407407,0.26500651240348816,0.046005159368209834,0.5976988077163696,0.40956318378448486,0.9227657914161682,0.8998005241155624,-0.29703569412231445,-0.14945393823634523,0.0030328474729542157,-0.44769611954689026,-1.8098548650741577,2.191176176071167,2.9265267848968506,3.938009738922119,8.604816436767578,-2.619487762451172,3.536902666091919,3.954047203063965,4.152164936065674,6.04710054397583,11.599397659301758,-1.0190680027008057,0.3996216356754303,2.9109294414520264,1.4077348709106445,3.3872721195220947,6.950929641723633,2.5302071571350098,-5.293485641479492,3.6719815731048584,5.43218469619751,6.992442607879639,10.730133056640625,-3.897120714187622,-0.3872678279876709,4.556009292602539,4.114402770996094,6.622910499572754,10.1219482421875,-1.182568073272705,3.4644951820373535,2.300718307495117,3.804642677307129,4.809170246124268,8.065559387207031,0.9790216684341431,-4.276180744171143,3.651528835296631,4.373435020446777,6.359591484069824,10.16010856628418,-2.5633137226104736,-2.447540044784546,4.020759105682373,4.833802223205566,6.840970993041992,9.784204483032227,-0.7381588816642761,4.935445785522461,2.1860907077789307,6.267636299133301,6.84580659866333,11.378515243530273
271.0,0.0,0.0,0.0,0.0,0.0,0,5.850771427154541,4.673861503601074,12.811827659606934,15.412399291992188,4.375633239746094,1.8186793327331543,-0.33157169818878174,5.231297969818115,4.753281116485596,1.8486574334771988,349.6676263914224,0.31596815163505254,0.19905098529721774,22.499605333853307,-170.2033723667773,170.2033723667773,0.3052627146244049,0.052174771523777426,0.6756596565246582,0.473987877368927,0.5030555555555556,0.49694444444444447,0.24730756878852844,0.04226921690557084,0.5309087038040161,0.41662171483039856,2.8140332102775574,-0.12292025983333588,0.0904073715209961,0.02714559418755305,-0.0016026513757051164,-0.8768873810768127,5.61406135559082,1.5924042463302612,5.696115016937256,6.114691734313965,11.844858169555664,1.9166640043258667,-4.0102081298828125,4.312953472137451,4.224135398864746,6.199162483215332,15.29155445098877,0.09284206479787827,1.4027341604232788,4.559466361999512,3.1369428634643555,5.859910011291504,9.295517921447754,1.1107968091964722,1.1876308917999268,2.2399559020996094,2.291181802749634,3.617760419845581,6.410732746124268,5.130537033081055,-2.619115114212036,6.500518321990967,3.728212356567383,8.161505699157715,15.885149002075195,1.0640537738800049,2.082761764526367,2.8945508003234863,2.473118543624878,4.30070161819458,6.0819993019104,1.826546549797058,-0.7949573993682861,2.9363813400268555,1.982884168624878,4.008270263671875,10.561293601989746,5.272436141967773,-6.1209821701049805,6.245561122894287,6.17470121383667,10.628291130065918,17.335803985595703,0.8311262130737305,0.27392899990081787,2.11887526512146,2.616029739379883,3.7666499614715576,5.487651824951172
271.5,0.0,0.0,0.0,0.0,0.0,0,6.952715873718262,6.544172286987305,11.891356468200684,13.749448776245117,3.631709575653076,2.464158058166504,1.8272780179977417,5.0225749015808105,5.185778617858887,3.067738562962084,36.55850734579332,0.4412288116875801,0.38292361375644995,31.379256925741103,8.879651591887807,8.879651591887807,0.2929692268371582,0.04213737336904968,0.6243828535079956,0.4613697826862335,0.480679012345679,0.519320987654321,0.2434130311012268,0.03500977179458356,0.4932040572166443,0.43003344535827637,0.6454787254333496,2.1588497161865234,1.1019444465637207,0.18387262845923222,-0.010037398154727747,-3.023014783859253,3.4919838905334473,4.135675430297852,3.596609592437744,5.697685718536377,9.956351280212402,4.0225725173950195,4.758141040802002,4.142817974090576,8.013751983642578,9.365509986877441,15.013705253601074,7.513057231903076,0.7663195729255676,7.513215065002441,3.2160377502441406,8.463045120239258,12.587911605834961,-0.9365342855453491,2.9610164165496826,4.606164455413818,4.315495491027832,6.688571929931641,11.886569023132324,4.176626205444336,3.7984678745269775,4.839595317840576,5.5966362953186035,7.876694679260254,14.195161819458008,4.771670818328857,0.7902303338050842,4.847833633422852,2.0301613807678223,5.431951999664307,10.437019348144531,-0.791140615940094,-1.1383284330368042,2.9515318870544434,2.7936670780181885,4.607084274291992,8.655373573303223,1.7919460535049438,0.2150002419948578,5.165754318237305,5.33017635345459,8.002448081970215,10.668238639831543,4.65224027633667,0.8026719689369202,4.65224027633667,4.087536334991455,6.441452980041504,8.294867515563965
272.0,0.0,0.0,0.0,0.0,0.0,0,5.53087854385376,5.318097114562988,9.550052642822266,10.858582496643066,3.0065577030181885,-0.9764704704284668,-0.5034406781196594,3.6876752376556396,4.982380390167236,1.0986114399569913,207.2743572478575,0.19863235673071025,0.17562392504059232,196.20058499685288,164.8213280711118,164.8213280711118,0.2591877281665802,0.04686193689656556,0.5528632402420044,0.35276615619659424,0.4396759259259259,0.560324074074074,0.22325144708156586,0.0403645469606468,0.46476081013679504,0.3628430962562561,-3.4406285285949707,-2.330718696117401,-1.421837329864502,-0.20729968871585763,0.004724563527515879,2.6454501152038574,-0.21171976625919342,2.840697765350342,4.147686958312988,5.521065711975098,10.372384071350098,-0.15522515773773193,4.216383934020996,1.8298014402389526,5.125105381011963,5.844010829925537,10.764067649841309,-5.011849403381348,0.49838852882385254,5.019515514373779,1.9097200632095337,5.611032485961914,7.817732810974121,2.653129816055298,-4.853865146636963,2.9396159648895264,5.190103054046631,6.299862384796143,9.2769775390625,-1.1240297555923462,3.3395557403564453,1.9634323120117188,3.6954615116119385,4.434540271759033,8.035131454467773,-3.043433666229248,0.38625481724739075,4.126611709594727,3.412688732147217,5.711571216583252,9.891898155212402,1.3922648429870605,-2.6509671211242676,2.4459128379821777,3.172334909439087,4.297388076782227,6.57215690612793,-1.7169244289398193,-0.11310811340808868,2.0463762283325195,1.9811326265335083,3.2603299617767334,5.57051420211792,-4.427616596221924,-5.141890048980713,4.488924026489258,6.633273601531982,8.798110008239746,12.210375785827637
272.5,0.0,0.0,0.0,0.0,0.0,0,7.202069282531738,6.189165115356445,14.11343002319336,15.066169738769531,4.54671573638916,3.0772385597229004,-0.8151663541793823,6.586527347564697,4.361903190612793,3.1833776619231933,345.1630247454531,0.4420087529072121,0.2061896447641732,5.703709053297231,169.50312405644434,169.50312405644434,0.2907741665840149,0.04037369189374243,0.6367753744125366,0.43081676959991455,0.5510956790123457,0.4489043209876543,0.23243725299835205,0.03227367185823179,0.5035461187362671,0.3703543245792389,4.053709030151367,-0.3117256760597229,1.6711907386779785,0.03056571972358088,-0.006488245002823127,5.300628185272217,-6.667084217071533,6.928937911987305,6.95139741897583,10.79593276977539,14.944104194641113,-0.834347128868103,-1.212226390838623,5.795800685882568,2.9193663597106934,6.91781759262085,14.213531494140625,-0.034843988716602325,2.923454761505127,1.5310331583023071,2.995636463165283,3.533033847808838,5.505293846130371,9.123038291931152,-5.275582790374756,9.132242202758789,5.569998741149902,11.715856552124023,15.753060340881348,0.895011842250824,-0.2785785496234894,5.911191940307617,1.762595772743225,6.397705078125,13.820538520812988,0.7116542458534241,2.4661178588867188,1.3210912942886353,3.362558126449585,3.786067485809326,7.223565101623535,9.452073097229004,-2.030104398727417,9.452073097229004,2.4095101356506348,10.307451248168945,15.372197151184082,3.602414846420288,2.2836527824401855,6.468471050262451,2.8952443599700928,7.968127250671387,13.437102317810059,-0.5204823017120361,0.4538533389568329,1.9616658687591553,2.452626943588257,3.396634101867676,5.929051399230957
273.0,0.0,0.0,0.0,0.0,0.0,0,6.940738201141357,5.701225757598877,14.153083801269531,16.60300064086914,4.7846879959106445,3.094339370727539,1.8302737474441528,6.395835876464844,4.1515703201293945,3.5951130902681996,30.6039307534711,0.5179727265432671,0.3438245365040624,32.63753458027958,26.933825526982332,26.933825526982332,0.27655038237571716,0.03984451430335263,0.6121252179145813,0.3992556929588318,0.52625,0.47375,0.2283637523651123,0.032901935333856,0.47725579142570496,0.3620496690273285,0.017100811004638672,2.645440101623535,-0.26133108139038086,0.13763489173988921,-0.0005291775903897983,11.118233680725098,3.0069518089294434,11.240846633911133,3.4845190048217773,12.620769500732422,20.545473098754883,-1.9877912998199463,-0.7758340835571289,2.5401418209075928,3.1711816787719727,4.297361850738525,9.184210777282715,3.0875022411346436,-2.3777589797973633,3.184446096420288,2.408660411834717,4.304383277893066,7.123459815979004,9.45013427734375,1.2328176498413086,10.034588813781738,1.6814260482788086,10.411651611328125,16.034690856933594,-0.8249399662017822,2.180751085281372,1.8785728216171265,2.975045919418335,3.814878225326538,6.674498081207275,-0.2957442104816437,-0.8835684657096863,2.1016170978546143,1.8803496360778809,3.1258656978607178,5.500792503356934,6.168797969818115,2.318359613418579,7.621155261993408,2.4035377502441406,8.587801933288574,15.396810531616211,2.396465301513672,4.5011491775512695,3.1429898738861084,4.9317708015441895,6.869906902313232,11.033649444580078,-1.2636053562164307,7.269598484039307,3.4983696937561035,7.269641399383545,8.434026718139648,12.359395980834961
273.5,0.0,0.0,0.0,0.0,0.0,0,5.644036293029785,5.231868743896484,10.364964485168457,11.968144416809082,3.5704774856567383,-1.2005081176757812,-1.6896247863769531,4.047984600067139,4.890933036804199,2.0726918872193263,234.60553668853674,0.36723574754099975,0.23293257960452288,231.29528765667123,-161.34224692360834,161.34224692360834,0.2735569179058075,0.04846830446064593,0.6195076107978821,0.3883421719074249,0.4985185185185185,0.5014814814814815,0.21429602801799774,0.03796857052710244,0.48153990507125854,0.3378550708293915,-4.29484748840332,-3.519898533821106,-1.2967019081115723,-0.11089195689953954,0.008623790157293296,0.11915971338748932,4.256622314453125,2.5524449348449707,4.527276992797852,5.473323345184326,10.414850234985352,1.5870884656906128,-3.9248123168945312,3.2320470809936523,3.961888074874878,5.4215006828308105,9.904888153076172,-3.515699863433838,-2.6773881912231445,4.736856460571289,2.9664862155914307,6.204690933227539,8.614084243774414,-2.1224606037139893,-1.5644291639328003,5.190718650817871,5.988379955291748,8.156203269958496,14.981210708618164,0.1298331767320633,-1.6776024103164673,2.493272066116333,3.960573434829712,5.211541652679443,10.478069305419922,-0.6625933051109314,-3.796269416809082,2.2596168518066406,4.092720031738281,5.045294284820557,8.56998062133789,-1.97160005569458,-1.0973448753356934,3.175971031188965,2.3950700759887695,4.159799575805664,10.908889770507812,-1.7846516370773315,0.04638398811221123,2.571702718734741,2.5474722385406494,4.1124491691589355,8.096820831298828,-2.583648443222046,-4.771783828735352,2.8539881706237793,5.897420406341553,7.011524677276611,10.322723388671875
274.0,0.0,0.0,0.0,0.0,0.0,0,6.8927459716796875,6.144377708435059,13.249112129211426,15.227255821228027,4.305737495422363,-0.1408046931028366,-0.6114052534103394,4.901097297668457,6.452512741088867,0.6274092328755971,257.0310837780048,0.09102456922878652,0.07881266110941373,234.30259648988766,3.0073088332164275,3.0073088332164275,0.29286912083625793,0.04248946349540652,0.6382067799568176,0.42128264904022217,0.4829475308641975,0.5170524691358025,0.25093787908554077,0.036406077303660245,0.5617848038673401,0.3743789792060852,1.0597034245729446,1.0782195329666138,1.2487096786499023,-0.15411991849510914,-0.005978840965239408,6.207860469818115,-3.456286907196045,6.207860946655273,6.283278942108154,8.991382598876953,17.7036075592041,-0.5644554495811462,0.9132719039916992,2.6881701946258545,4.687574863433838,5.730607509613037,10.753236770629883,-0.32929110527038574,4.647507190704346,2.414278745651245,7.230586051940918,7.919987678527832,14.480533599853516,4.360513687133789,-4.6907148361206055,4.644589424133301,6.36525821685791,8.1947603225708,13.594301223754883,-1.1005101203918457,-1.0458629131317139,2.5626931190490723,4.190554141998291,5.191989898681641,8.830375671386719,-3.087960720062256,5.287289142608643,4.8026604652404785,5.303326606750488,7.856517791748047,11.445216178894043,-0.5058078765869141,-3.5115294456481934,2.435267210006714,3.8332624435424805,5.035350322723389,8.519590377807617,-3.677130699157715,-4.383660316467285,4.963625431060791,6.4838128089904785,8.350529670715332,14.144913673400879,-2.570460081100464,0.7373399138450623,4.129532814025879,1.8145971298217773,4.763587951660156,7.244898796081543
274.5,0.0,0.0,0.0,0.0,0.0,0,7.235697269439697,6.376621246337891,14.98776912689209,16.85094451904297,4.723325729370117,1.9960436820983887,2.402442216873169,6.739760875701904,4.414162635803223,3.1234466517389663,50.278861572102706,0.431671825869635,0.25058166414574273,61.133928468923045,-173.16866802096462,173.16866802096462,0.27080535888671875,0.037426292363582594,0.5855645537376404,0.3877856135368347,0.4918827160493827,0.5081172839506173,0.23833034932613373,0.03293812710968516,0.5142158269882202,0.3702585697174072,2.1368483752012253,3.0138474702835083,0.34295129776000977,0.171769003036329,-0.005063171131823925,9.266887664794922,2.0555379390716553,9.333438873291016,2.4052674770355225,9.826653480529785,17.58534812927246,-2.1255080699920654,2.8982036113739014,3.145336866378784,3.340503454208374,4.863187789916992,8.3051118850708,-0.1706221103668213,1.041641116142273,2.5708062648773193,5.8122758865356445,6.634781837463379,9.83043384552002,10.08249282836914,5.997325897216797,10.100851058959961,6.012011528015137,12.195759773254395,17.92165756225586,-2.01535964012146,4.544651031494141,5.038582801818848,4.602272033691406,7.338685989379883,10.051596641540527,0.17445874214172363,-0.5176220536231995,1.326296329498291,3.3725826740264893,3.8585565090179443,6.75499963760376,6.073943614959717,5.5970964431762695,6.782714366912842,5.655324459075928,9.359111785888672,14.416561126708984,-2.6239099502563477,2.100663661956787,6.357195854187012,3.142550468444824,7.526557922363281,11.614107131958008,-0.6979893445968628,-2.0955183506011963,2.065619707107544,2.2533175945281982,3.5179848670959473,4.834493160247803
275.0,0.0,0.0,0.0,0.0,0.0,0,6.8295135498046875,6.169013977050781,12.049101829528809,13.752839088439941,4.375744819641113,1.5452258586883545,4.894640922546387,5.10720682144165,3.6552164554595947,5.13276073035018,72.479224067393,0.7515558308683593,0.7227186837024796,72.86996435910861,11.736035890185576,11.736035890185576,0.29691800475120544,0.04347571157304245,0.5913302898406982,0.6303693652153015,0.4789814814814815,0.5210185185185185,0.27434003353118896,0.04016977071072125,0.5189715623855591,0.7490375638008118,-0.4508178234100342,2.4921987056732178,-0.40618371963500977,0.47213701955673687,0.0060494192094598526,5.032320022583008,4.229211807250977,5.491763114929199,4.233731746673584,7.403982639312744,11.813925743103027,-2.518099308013916,7.897855281829834,5.851046085357666,7.916199207305908,11.002391815185547,17.449363708496094,-2.0849568843841553,4.568525314331055,2.370431900024414,4.76448392868042,5.7033891677856445,8.849575996398926,5.922568321228027,5.50233268737793,6.063259601593018,5.50233268737793,8.633748054504395,11.93478012084961,3.0153629779815674,5.740074634552002,3.078160047531128,5.7402777671813965,6.883242130279541,12.107853889465332,-1.021091103553772,3.487938404083252,2.2625627517700195,3.506688356399536,4.351593017578125,6.512141227722168,3.20562744140625,7.226599216461182,3.237373113632202,7.239343643188477,8.22346019744873,14.482193946838379,0.2725673317909241,3.7209103107452393,2.0753273963928223,3.7806077003479004,4.621303081512451,7.924233436584473,2.0827343463897705,1.6783170700073242,2.90146803855896,3.068042039871216,4.642510890960693,6.557540416717529
275.5,0.0,0.0,0.0,0.0,0.0,0,5.569932460784912,5.273659706115723,10.431230545043945,11.57489013671875,3.458256959915161,0.6877503991127014,-1.6032108068466187,4.735825538635254,4.184776782989502,1.7445015054936084,293.21851624893964,0.3131997592027847,0.16857221468655492,262.40954285618886,-170.46042150291976,170.46042150291976,0.2839207649230957,0.050973816280219214,0.6083856821060181,0.49411138892173767,0.4565740740740741,0.543425925925926,0.2753243148326874,0.04943044953249564,0.5147574543952942,0.7086539268493652,-0.8574754595756531,-6.497851729393005,-1.2595810890197754,-0.5541464690159247,0.007498104707176767,1.113685965538025,-0.5769771337509155,3.0421175956726074,2.675743818283081,4.460814952850342,6.996339797973633,2.084543466567993,-4.027313232421875,3.6839592456817627,4.461081504821777,6.824836730957031,12.697220802307129,-2.832796335220337,1.4605612754821777,3.312490224838257,3.3585610389709473,5.260913848876953,7.658013343811035,-1.3399125337600708,-1.4613560438156128,2.776116371154785,3.887355089187622,5.212355613708496,8.430150985717773,0.39703169465065,-1.0369688272476196,2.274611473083496,2.7362754344940186,3.730563163757324,7.797280311584473,1.1289286613464355,-0.23563718795776367,3.6529619693756104,2.5934829711914062,4.972421646118164,7.987387180328369,-2.1319098472595215,-2.0535707473754883,3.0121994018554688,3.950681447982788,5.573127269744873,9.775832176208496,0.45337480306625366,-1.337874174118042,3.085057497024536,2.804171085357666,4.329330921173096,9.309328079223633,7.316807746887207,-5.159762382507324,7.316807746887207,5.2706522941589355,9.765026092529297,12.326517105102539
